Module,Submodule,Key,English,Marathi,Hindi,Odiya,Telugu,Kannada,Tamil,Gujarati,Urdu
COMMON,,LANGUAGE,Language,भाषा,भाषा,ଭାଷା,భాష,ಭಾಷೆ,மொழி,ભાષા,زبان
COMMON,,LOADING,Loading,लोड होत आहे,लोडिंग,ଲୋଡ୍ ହେଉଛି (Loading),లోడ్ అవుతోంది / నింపుతోంది,ಲೋಡ್ ಆಗುತ್ತಿದೆ,ஏற்றுகிறது,લોડ કરી રહ્યા છીએ,لوڈ نگ۔
COMMON,,MARK,Mark,मार्क,मार्क,ଚିହ୍ନ (ମାର୍କ),మార్క్ / గుర్తు,ಗುರುತು,குறிக்க,ચિન્હ /નિશાની,نشان
COMMON,,MARK_MY_ATTENDANCE,Mark My Attendance,माझी उपस्थिती चिन्हांकित करा,मेरी उपस्थिति दर्ज करें.,ମୋର ଉପସ୍ଥିତି ଚିହ୍ନିତ କରନ୍ତୁ,నా హాజరును గుర్తించండి,ನನ್ನ ಹಾಜರಾತಿಯನ್ನು ಗುರುತಿಸಿ,எனது வருகையைக் குறிக்கவும்,મારી હાજરીને માર્ક કરો,میری حاضری کو نشان زد کریں۔
COMMON,,MARK_CENTER_ATTENDANCE,Mark Center Attendance,केंद्र उपस्थिती चिन्हांकित करा,केंद्र पर उपस्थिति दर्ज करें,କେନ୍ଦ୍ର ର ଉପସ୍ଥିତି ଚିହ୍ନିତ କର,సెంటర్ హాజరును గుర్తించండి,ಕೇಂದ್ರದ ಹಾಜರಾತಿಯನ್ನು ಗುರುತಿಸಿ,சென்டர் வருகையை குறிக்கவும்.,માર્ક કેન્દ્ર હાજરી,سنٹر کی حاضری کا اندراج کریں۔
COMMON,,MARK_ATTENDANCE,Mark Attendance,उपस्थिती चिन्हांकित करा,उपस्थिति दर्ज करें,ଉପସ୍ଥିତି ଚିହ୍ନିତ କର,హాజరును గుర్తించండి,ಹಾಜರಾತಿಯನ್ನು ಗುರುತಿಸಿ,வருகையை குறி,માર્ક હાજરી,حاضری کو نشان زد کریں
COMMON,,UPDATE_ATTENDANCE,Update Attendance,उपस्थिती अद्यतनित करा,उपस्थिति अपडेट करें,ଉପସ୍ଥିତି ଅପଡେଟ କର,హాజరును అప్‌డేట్ చేయండి,ಹಾಜರಾತಿಯನ್ನು ನವೀಕರಿಸಿ,வருகையை புதுப்பி,હાજરી અપડેટ કરો,حاضری کو اپ ڈیٹ کریں۔
COMMON,,SAVE,Save,जतन करा,सेव करें,ସେଭ କର,సేవ్ చేయండి / భద్రపరచండి,ಉಳಿಸಿ,சேமி,સાચવો,محفوظ کریں
COMMON,,SEARCH,Search..,शोधा..,खोजें..,ସନ୍ଧାନ କରନ୍ତୁ..,వెతకండి / శోధించండి,ಹುಡುಕಿ,தேடு..,શોધો..,تلاش کریں..
COMMON,,UPDATE,Update,अपडेट करा,अपडेट करें,ଅପଡେଟ,అప్‌డేట్ చేయండి,ನವೀಕರಿಸಿ,புதுப்பிக்க,અપડેટ કરો,اپ ڈیٹ
COMMON,,MODIFY,Modify,सुधारित करा,संशोधित करें,ସଂଶୋଧିତ କର,మార్చండి / సవరించండి,ಮಾರ್ಪಡಿಸಿ,திருத்து,ફેરફાર કરો,ترمیم کریں
COMMON,,CLEAR_ALL,Clear All,सर्व काढा,सब हटाएं,ସବୁ ସଫା କର,అన్నింటినీ క్లియర్ చేయండి,ಎಲ್ಲವನ್ನೂ ತೆರವುಗೊಳಿಸಿ,அனைத்தையும் நீக்கு,બધા સાફ કરો,سب مٹا دیں
COMMON,,SEARCH_STUDENT,Search Learner,विद्यार्थी शोधा,छात्र खोजें,ଶିକ୍ଷାର୍ଥୀ  ଖୋଜ,అభ్యాసకుడిని వెతకండి,ಕಲಿಯುವವರನ್ನು ಹುಡುಕಿ,மாணவரைத் தேடு,લર્નર શોધો,طلباء کو تلاش کریں
COMMON,,SORT_BY,Sort by,क्रमवारी लावा,इसके अनुसार क्रमबद्ध करें,ଶ୍ରେଣୀଭୂକ୍ତ କର,దీని ప్రకారం క్రమబద్ధీకరించండి,ವಿಂಗಡಿಸಿ,வரிசைப்படுத்து,દ્વારા સૉર્ટ કરો,ترتیب دیں
COMMON,,APPLY,Apply,लागू करा,अप्लाई करें,ପ୍ରୟୋଗ,దరఖాస్తు చేయండి / వర్తింపజేయండి,ಅನ್ವಯಿಸು,விண்ணப்பி,અરજી કરો,لاگو کریں
COMMON,,A_TO_Z,A to Z,A TO Z,A TO Z,Aଏ ରୁ Z,A నుండి Z వరకు,A ಇಂದ Z,A முதல் Z வரை,A TO Z,A سے Z تک
COMMON,,Z_TO_A,Z to A,Z TO A,Z TO A,Z ରୁ A,Z నుండి A వరకు,Z ಇಂದ A,Z முதல் A வரை,Z TO A,A سے Z تک
COMMON,,HIGH_TO_LOW,High to Low,उच्च ते कमी,अधिक से कम,ଉଚ୍ଚ ରୁ ନିମ୍ନ,ఎక్కువ నుండి తక్కువ వరకు,ಹೆಚ್ಚಿನಿಂದ ಕಡಿಮೆ,அதிகம் முதல் குறைவு வரை,ઉચ્ચ થી નીચું,زیاده سے کم
COMMON,,LOW_TO_HIGH,Low to High,कमी ते उच्च,कम से अधिक,ନିମ୍ନ ରୁ ଉଚ୍ଚ,తక్కువ నుండి ఎక్కువ వరకు,ಕಡಿಮೆಯಿಂದ ಹೆಚ್ಚು,குறைவு முதல் அதிகம் வரை,નીચા થી ઉચ્ચ,کم سے زیادہ
COMMON,,NAMES,Names,नावे,नाम,ନାମ,పేర్లు,ಹೆಸರುಗಳು,பெயர்கள்,નામો,نام
COMMON,,CLASS_MISSED,Classes Missed,चुकलेले वर्ग,छूटी हुई कक्षाएं,କ୍ଲାସେସ୍ ମିସ କରିଛି,కోల్పోయిన తరగతులు,ತಪ್ಪಿಸಿದ ತರಗತಿಗಳು,தவறிய வகுப்புகள்,વર્ગો ચૂકી ગયા,چھٹی ہوئی کلاسیں۔
COMMON,,ATTENDANCE,Attendance,उपस्थिति,उपस्थिति,ଉପସ୍ଥିତି,హాజరు,ಹಾಜರಾತಿ,வருகை,હાજરી,حاضری
COMMON,,ATTENDANCE_REPORT,Attendance Report,उपस्थिती अहवाल,उपस्थिति विवरण,ଉପସ୍ଥିତି ବିବରଣୀ,హాజరు నివేదిక,ಹಾಜರಾತಿ ವರದಿ,வருகை ரிப்போர்ட்,હાજરી અહેવાલ,حاضری کی رپورٹ
COMMON,,ASSESSMENT_REPORT,Assessment Report,मूल्यांकन अहवाल,मूल्यांकन रिपोर्ट,ମୂଲ୍ୟାଙ୍କନ ରିପୋର୍ଟ,మూల్యాంకన నివేదిక,ಮೌಲ್ಯಮಾಪನ ವರದಿ,மதிப்பீட்டு ரிப்போர்ட்,મૂલ્યાંકન રીપોર્ટ,امتحان کی رپورٹ
COMMON,,BASIC_DETAILS,Basic Details,मूलभूत तपशील,मूल जानकारी,ସାଧାରଣ ତଥ୍ୟ,ప్రాథమిక వివరాలు,ಮೂಲ ವಿವರಗಳು,அடிப்படை விவரங்கள்,મૂળભૂત વિગતો,بنیادی تفصیلات
COMMON,,DOB,Date of Birth,जन्मतारीख,जन्म तारीख,ଜନ୍ମ ତାରିଖ,పుట్టిన తేదీ,ಜನ್ಮ ದಿನಾಂಕ,பிறந்த தேதி,જન્મ તારીખ,تاریخ پیدائش
COMMON,,LOGOUT,Log out,बाहेर पडा,लॉग आउट,ଲଗ ଆଉଟ,నిష్క్రమణ,ಲಾಗ್ ಔಟ್ ಮಾಡಿ,வெளியேறு,લોગ આઉટ કરો,لاگ آؤٹ
COMMON,,OVERALL_ATTENDANCE,Overall Attendance,एकूण उपस्थिती,कुल उपस्थिति,ସର୍ବମୋଟ ଉପସ୍ଥିତି,అభ్యాసకుల హాజరు,ಒಟ್ಟಾರೆ ಹಾಜರಾತಿ,ஒட்டுமொத்த வருகைப்பதிவு,ઓવરઓલ હાજરી,کل حاضری
COMMON,,NO_DATA_FOUND,No Data Found,कोणताही माहिती आढळली नाही,कोई डेटा नहीं मिला,କୌଣସି ତଥ୍ୟ ମିଳିଲା ନାହି,డేటా కనుగొనబడలేదు,ಯಾವುದೇ ಡೇಟಾ ಕಂಡುಬಂದಿಲ್ಲ,தகவல் எதுவும் கிடைக்கவில்லை,કોઈ ડેટા મળ્યો નથી,کوئی ڈیٹا موجود نہیں ہے
COMMON,,LOCATION,Location,स्थान,स्थान,ସ୍ଥାନ,స్థానం,ಸ್ಥಳ,இருப்பிடம்,સ્થાન,جگہ
COMMON,,LATEST_EDUCATION,Latest Education,नवीनतम शिक्षण,नवीनतम शिक्षा,ନବୀନତମ ଶିକ୍ଷା,తాజా విద్య,ಇತ್ತೀಚಿನ ಶಿಕ್ಷಣ,கடைசியாக படித்தது,લેટેસ્ટ શિક્ષણ,جدید تعلیم
COMMON,,MARITAL_STATUS,Marital Status,वैवाहिक स्थिती,वैवाहिक स्थिती,ବୈବାହିକ ସ୍ଥିତି,వైవాహిక స్థితి,ವೈವಾಹಿಕ ಸ್ಥಿತಿ,திருமண நிலை,વૈવાહિક સ્થિતિ,ازدواجی حیثیت
COMMON,,DROPOUT_YEAR,Dropout Year,ड्रॉपआउट वर्ष,पढ़ाई छोड़ने का वर्ष,ଶିକ୍ଷା ଛାଡିଥିବା ବର୍ଷ,బడి మానేసిన సంవత్సరం,ಡ್ರಾಪ್ಔಟ್ ವರ್ಷ,கல்வி இடைநிறுத்திய ஆண்டு,ડ્રોપઆઉટ વર્ષ,ڈراپ آؤٹ سال
COMMON,,EMPLOYMENT_STATUS,Employment Status,रोज़गार स्थिति,रोज़गार स्थिति,ରୋଜଗାର ସ୍ଥିତି,ఉద్యోగ స్థితి,ಉದ್ಯೋಗ ಸ್ಥಿತಿ,வேலை பற்றிய தகவல்,રોજગાર સ્થિતિ,ملازمت کی حیثیت
COMMON,,ENROLLMENT_DATE,Enrollment Date,नावनोंदणी तारीख,नामांकन की तारीख,ନାମାଙ୍କନ ତାରିଖ,నమోదు తేదీ,ದಾಖಲಾತಿ ದಿನಾಂಕ,சேர்க்கை தேதி,નોંધણી તારીખ,اندراج کی تاریخ
COMMON,,AS_OF_LAST_SIX_MONTH,As of last six month,गेल्या सहा महिन्यांपासून,पिछले छह महीने से,ପୂର୍ବ ଛ ମାସ ଅନୁସାରେ,గత ఆరు నెలల నాటికి,ಕಳೆದ ಆರು ತಿಂಗಳಿಂದ,கடந்த 6 மாதங்கள் வரை,છેલ્લા છ મહિનાથી,پچھلے چھ ماہ سے
COMMON,,AS_OF_TODAY,As of today,आजपर्यंत,आज तक,ଆଜି ଅନୁସାରେ,ఈ రోజు నాటికి,ಇಂದಿನಿಂದ,இன்று வரை,આજથી,آج تک
COMMON,,AS_OF_LAST_WEEK,As of last week,गेल्या आठवड्याप्रमाणे,पिछले सप्ताह तक,ଗତ ସପ୍ତାହରୁ,గత వారం నాటికి,ಕಳೆದ ವಾರದಂತೆ,கடந்த வாரம் வரை,ગયા અઠવાડિયાની જેમ,گزشتہ ہفتے تک
COMMON,,LAST_SEVEN_DAYS,Last 7 Days,शेवटचे ७ दिवस,पिछले 7 दिन,ପୂର୍ବ ସାତ ଦିନ,గత 7 రోజులు,ಕಳೆದ 7 ದಿನಗಳು,கடந்த 7 நாட்கள்,છેલ્લા 7 દિવસ,آخری 7 دن
COMMON,,LAST_MONTH,Last Month,गेल्या महिन्यात,पिछला महीना,ପୂର୍ବ ମାସ,గత నెల,ಕಳೆದ ತಿಂಗಳು,கடந்த மாதம்,ગયા મહીને,پچھلے مہینے
COMMON,,LAST_SIX_MONTHS,Last Six Months,शेवटचे सहा महिने,पिछले छह महीने,ଗତ ଛ ମାସ,గత ఆరు నెలలు,ಕಳೆದ ಆರು ತಿಂಗಳುಗಳು,கடைசி 6 மாதங்கள்,છેલ્લા છ મહિના,گزشتہ 6 ماہ
COMMON,,CUSTOM_RANGE,Custom Range,सानुकूल श्रेणी,कस्टम सीमा,ଅନୁକୂଳିତ/କଷ୍ଟମ ସୀମା,అనుకూల పరిధి,ಕಸ್ಟಮ್ ಶ್ರೇಣಿ,விருப்ப வரம்பு,કસ્ટમ શ્રેણી,حسب ضرورت رینج
COMMON,,NONE,None,काहीही नाही,कोई नहीं,କିଛି ନାହି,ఏదీ లేదు,ಯಾವುದೂ ಇಲ್ಲ,எதுவுமில்லை,કોઈ નહિ,کوئی نہیں
COMMON,,LEARNERS,Learners,शिकणारे,लर्नर,ଶିକ୍ଷାର୍ଥୀ,అభ్యాసకులు,ಕಲಿಯುವವರು,மாணவர்கள்,શીખનારાઓ,طلباء
COMMON,,LEARNER_NAME,Learner Name,शिकणाऱ्याचे नाव,लर्नर का नाम,ଶିକ୍ଷାର୍ଥୀ ନାମ,అభ్యాసకుడి పేరు,ಕಲಿಯುವವರ ಹೆಸರು,மாணவர் பெயர்,શીખનારનું નામ,طلباء کا نام
COMMON,,DATE_RANGE,Date Range,तारीख श्रेणी,तिथि सीमा,ସମୟ ସୀମା,తేదీ పరిధి,ದಿನಾಂಕ ಶ್ರೇಣಿ,தேதி வரம்பு,તારીખ શ્રેણી,تاریخ کی حد
COMMON,,SELECT_AN_OPTION,Select an option,एक पर्याय निवडा,कोई विकल्प चुनें,ଏକ ବିକଳ୍ପ ବାଛ,ఒక ఎంపికను ఎంచుకోండి,ಒಂದು ಆಯ್ಕೆಯನ್ನು ಆರಿಸಿ,ஒரு விருப்பத்தைத் தேர்ந்தெடு,એક વિકલ્પ પસંદ કરો,ایک اختیار منتخب کریں
COMMON,,AND,and,आणि,और,ଏବଂ,మరియు,ಮತ್ತು,மற்றும்,અને,اور
COMMON,,MORE,more,अधिक,अधिक,ଅଧିକ,ఇంకా,ಹೆಚ್ಚು,மேலும்,વધુ,مزید
COMMON,,CLOSE,Close,बंद,बंद करें,ବନ୍ଦ କରନ୍ତୁ,మూసివేయి,ಮುಚ್ಚಿ,மூடு,બંધ,بند
COMMON,,CANCEL,Cancel,रद्द करा,कैंसिल करें,ରଦ୍ଦ କରନ୍ତୁ,రద్దు చేయి,ರದ್ದುಮಾಡಿ,ரத்துசெய்,રદ કરો,منسوخ کریں۔
COMMON,,OK,OK,ठीक आहे,ओके,ଠିକ ଅଛି,సరే,ಓಕೆ,சரி,ઓકે,ٹھیک ہے
COMMON,,FROM_TO_DATE,From - To dates,पासून - पर्यंत तारीख,से - तक की तारीख,ତାରିଖ: ରୁ - ପର୍ଯ୍ୟନ୍ତ,నుండి - వరకు తేదీలు,ಇಂದ - ದಿನಾಂಕದವರೆಗೆ,முதல் - வரை,થી - તારીખો સુધી,شروع سے - تاریخوں تک
COMMON,,REMOVE,Remove,काढून टाका,हटाएं,ହଟାନ୍ତୁ,తొలగించు,ತೆಗೆದುಹಾಕಿ,நீக்கு,દુર કરો,ہٹا دیں۔
COMMON,,SEND_REQUEST,Send Request,विनंती पाठवा,रिक्वेस्ट भेजें,ଅନୁରୋଧ ପଠାନ୍ତୁ,అభ్యర్థన పంపు,ವಿನಂತಿಯನ್ನು ಕಳುಹಿಸಿ,கோரிக்கையை அனுப்பு,વિનંતી મોકલો,درخواست بھیجیں۔
COMMON,,MARK_DROP_OUT,Mark as Drop Out,ड्रॉप आउट म्हणून चिन्हांकित करा,ड्रॉप आउट के रूप में चिह्नित करें,ଡ୍ରପଆଉଟ  ଚିହ୍ନିତ କରନ୍ତୁ,డ్రాప్ ఔట్‌గా గుర్తించు,ಡ್ರಾಪ್ ಔಟ್ ಎಂದು ಗುರುತಿಸಿ,இடைநிற்றல் என குறி,ડ્રોપ આઉટ તરીકે માર્ક કરો,ڈراپ آؤٹ کے بطور نشان زد کریں۔
COMMON,,MARK_ALL_AS,Mark All As,सर्व चिन्हांकित करा,सभी को चिह्नित करें,ସମସ୍ତଙ୍କୁ ଚିହ୍ନିତ କର,అన్నిటినీ ఇలా గుర్తించు,ಎಲ್ಲವನ್ನೂ ಹೀಗೆ ಗುರುತಿಸಿ,அனைத்தையும் இவ்வாறு குறிக்கவும்,બધાને આ રીતે માર્ક કરો,سب کو نشان زد کریں
COMMON,,UNMARK_DROP_OUT,Unmark as Drop Out,ड्रॉप आउट म्हणून काढून टाका,ड्रॉप आउट के रूप में हटाएं,ଡ୍ରପ ଆଉଟ ଭାବରେ ଅଚିହ୍ନିତ କରନ୍ତୁ,డ్రాప్ ఔట్ గుర్తింపు తొలగించు,ಡ್ರಾಪ್ ಔಟ್ ಎಂದು ಗುರುತು ತೆಗೆಯಿರಿ,டிராப்-அவுட் ஐ நீக்கு,ડ્રોપ આઉટ તરીકે અનમાર્ક કરો,ڈراپ آؤٹ کے نشان کو ہٹائیں
COMMON,,SOMETHING_WENT_WRONG,Something went wrong,काहीतरी चूक झाली,कुछ गलत हो गया,କିଛି ଭୁଲ ହେଲା,ఏదో లోపం జరిగింది,ಏನೋ ತಪ್ಪಾಗಿದೆ,ஏதோ தவறாகிவிட்டது.,કંઈક ખોટું થયું,کچھ تو غلط ہے۔
COMMON,,NO_GO_BACK,"No, go back","नाही, परत जा","नहीं, वापस जाएँ","ନାହିଁ, ପଛକୁ ଯାଆନ୍ତୁ","వద్దు, వెనుకకు వెళ్ళు","ಇಲ್ಲ, ಹಿಂತಿರುಗಿ","இல்லை, பின் செல்.","ના, પાછા જાઓ",نہیں، واپس جائیں
COMMON,,YES,Yes,होय,हाँ,ହଁ,అవును,ಹೌದು,ஆம்,હા,جی ہاں
COMMON,,REVIEW_ATTENDANCE,Review Attendance,उपस्थिती पुनरावलोकन,उपस्थिति देखें,ଉପସ୍ଥିତି ପରୀକ୍ଷା କରନ୍ତୁ,హాజరును సమీక్షించండి,ಹಾಜರಾತಿಯನ್ನು ಪರಿಶೀಲಿಸಿ,வருகை சரிபார்,હાજરીની સમીક્ષા કરો,حاضری کا جائزہ لیں۔
COMMON,,ADD_NEW,Add New,नवीन जोडा,नया जोड़ें,ନୂତନ ଯୋଗ କରନ୍ତୁ,కొత్తది జత చేయి,ಹೊಸದನ್ನು ಸೇರಿಸಿ,புதியதைச் சேர்,નવું ઉમેરો,نیا شامل کریں۔
COMMON,,ADD,ADD,जोडा,जोड़ें,ଯୋଗ କରନ୍ତୁ,జత చేయి,ಸೇರಿಸಿ,சேர்,ઉમેરો,شامل کریں۔
COMMON,,ADD_CENTER,Add Centers to your view,तुमच्या दृश्यात केंद्रे जोडा,केंद्र जोड़ें,ଆପଣଙ୍କର ଦୃଶ୍ୟରେ କେନ୍ଦ୍ରଗୁଡିକୁ ଯୋଗ କରନ୍ତୁ,మీ వీక్షణకు కేంద్రాలను జత చేయి,ನಿಮ್ಮ ವೀಕ್ಷಣೆಗೆ ಕೇಂದ್ರಗಳನ್ನು ಸೇರಿಸಿ,உங்கள் பார்வையில் மையங்களைச் சேர்க்கவும்.,તમારા દૃશ્યમાં કેન્દ્રો ઉમેરો,اپنے نقطہ نظر میں سنٹرزشامل کریں۔
COMMON,,REMOVE_FROM_CENTER,Remove From Center,केंद्रातून काढून टाका,केंद्र से हटाएं,କେନ୍ଦ୍ରରୁ ବିସର୍ଜନ କରନ୍ତୁ,కేంద్రం నుండి తొలగించు,ಕೇಂದ್ರದಿಂದ ತೆಗೆದುಹಾಕಿ,மையத்திலிருந்து அகற்று,કેન્દ્રમાંથી દૂર કરો,سنٹر سے ہٹا دیں۔
COMMON,,DROP_OUT,Drop Out,गैरहजर,ड्रॉपआउट,ଡ୍ରପ ଆଉଟ,డ్రాప్ ఔట్ (మధ్యలో ఆపేసిన),ಡ್ರಾಪ್ ಔಟ್,இடைநிற்றல்,ડ્રોપ આઉટ,ڈراپ آؤٹ
COMMON,,REASON_FOR_DROPOUT,Reason for Dropout,बाहेर पडण्याचे कारण,ड्रॉपआउट का कारण,ବାଡ୍ରପ ଆଉଟର କାରଣ,డ్రాప్ ఔట్‌కు కారణం,ಡ್ರಾಪ್‌ಔಟ್‌ಗೆ ಕಾರಣ,இடைநிற்றலுக்கான காரணம்,ડ્રોપ આઉટ થવાનું કારણ,ڈراپ آؤٹ کی وجہ
COMMON,,REASON_FOR_DELETION,Reason for Deletion,हटवण्याचे कारण,हटाने का कारण,ହଟାଇବାର କାରଣ,తొలగింపుకు కారణం,ಅಳಿಸುವಿಕೆಗೆ ಕಾರಣ,நீக்குவதற்கான காரணம்,કાઢી નાખવાનું કારણ,حذف کرنے کی وجہ
COMMON,,SURE_LOGOUT,Are you sure you want to Logout?,आपण खात्रीने लॉगआउट करायचे आहे का?,क्या आप वाकई लोगआउट करना चाहते हैं?,ଆପଣ ନିଶ୍ଚିତ କି ଲଗଅଉଟ୍ କରିବାକୁ ଚାହାଁନ୍ତି ?,లాగౌట్ చేయాలా?,ನೀವು ಲಾಗ್‌ಔಟ್ ಮಾಡಲು ಖಚಿತವಾಗಿ ಬಯಸುವಿರಾ?,நீங்கள் நிச்சயமாக வெளியேற விரும்புகிறீர்களா?,શું તમે ખરેખર લોગઆઉટ કરવા માંગો છો?,کیا آپ واقعی لاگ آؤٹ کرنا چاہتے ہیں؟
COMMON,,SURE_UPDATE,Are you sure you want to update this attendance?,आपण खात्रीने ही हजेरी अद्ययावत करायची आहे का?,क्या आप इस उपस्थिति को अपडेट करना चाहते हैं?,ଆପଣ ନିଶ୍ଚିତ କି ଏହି ଉପସ୍ଥିତିକୁ ଅପଡେଟ  କରିବାକୁ ଚାହାଁନ୍ତି ?,ఈ హాజరును అప్‌డేట్ చేయాలనుకుంటున్నారా అని మీకు ఖచ్చితంగా తెలుసా?,ಈ ಹಾಜರಾತಿಯನ್ನು ನವೀಕರಿಸಲು ನೀವು ಖಚಿತವಾಗಿ ಬಯಸುವಿರಾ?,இந்த வருகைப் பதிவை நிச்சயமாகப் புதுப்பிக்க விரும்புகிறீர்களா?,શું તમે ખરેખર આ હાજરી અપડેટ કરવા માંગો છો?,کیا آپ واقعی اس حاضری کو اپ ڈیٹ کرنا چاہتے ہیں؟
COMMON,,SURE_MARK,Are you sure you want to mark this attendance?,तुम्हाला खात्री आहे का की तुम्ही ही उपस्थिती चिन्हांकित करू इच्छिता?,क्या आप सुनिश्चित हैं कि आप इस उपस्थिति को चिह्नित करना चाहते हैं?,ଆପଣ ନିଶ୍ଚିତ କି ଆପଣ ଏହି ଉପସ୍ଥାନକୁ ଚିହ୍ନିତ କରିବାକୁ ଚାହୁଁଛନ୍ତି,ఈ హాజరును గుర్తించాలనుకుంటున్నారా అని మీకు ఖచ్చితంగా తెలుసా?,ಈ ಹಾಜರಾತಿಯನ್ನು ಗುರುತಿಸಲು ನೀವು ಖಚಿತವಾಗಿ ಬಯಸುವಿರಾ?,இந்த வருகையை நீங்கள் நிச்சயமாகக் குறிக்க விரும்புகிறீர்களா?,શું તમે ખરેખર આ હાજરીને ચિહ્નિત કરવા માંગો છો?,کیا آپ واقعی اس طالب علم کو ہٹانا چاہتے ہیں؟
COMMON,,SURE_REMOVE,Are you sure you want to remove this learner?,आपण खात्रीने या शिकणाऱ्याला काढून टाकायचे आहे का?,क्या आप वाकई इस लर्नर को हटाना चाहते हैं?,ଆପଣ ନିଶ୍ଚିତ କି ଏହି ଶିକ୍ଷାର୍ଥୀକୁ ବିସର୍ଜନ କରିବାକୁ ଚାହାଁନ୍ତି ?,ఈ అభ్యాసకుడిని తొలగించాలనుకుంటున్నారా అని మీకు ఖచ్చితంగా తెలుసా?,ಈ ಕಲಿಯುವವರನ್ನು ತೆಗೆದುಹಾಕಲು ನೀವು ಖಚಿತವಾಗಿ ಬಯಸುವಿರಾ?,இந்தப் மாணவரை நீக்க விரும்புகிறீர்களா?,શું તમે ખરેખર આ લર્નર ને દૂર કરવા માંગો છો?,کیا آپ واقعی اس صارف کے  سنٹر کو دوبارہ تفویض کرنا چاہتے ہیں؟
COMMON,,SURE_CLOSE,Are you sure you want to close without saving?,आपण खात्रीने बंद करायचे आहे का?,क्या आप बिना सेव किए बंद करना चाहते हैं?,ଆପଣ ନିଶ୍ଚିତ କି ବନ୍ଦ କରିବାକୁ ଚାହାଁନ୍ତି ?,సేవ్ చేయకుండా మూసివేయాలనుకుంటున్నారా అని మీకు ఖచ్చితంగా తెలుసా?,ನೀವು ಖಚಿತವಾಗಿ ಮುಚ್ಚಲು ಬಯಸುವಿರಾ?,நீங்கள் நிச்சயமாக மூட விரும்புகிறீர்களா?,શું તમે ખરેખર બંધ કરવા માંગો છો?,کیا آپ واقعی بند کرنا چاہتے ہیں؟
COMMON,,LEARNER_LIST,Learners List,शिकणाऱ्यांची यादी,लर्नरों की सूची,ଶିକ୍ଷାର୍ଥୀଙ୍କର ସୂଚୀ,అభ్యాసకుల జాబితా,ಕಲಿಯುವವರ ಪಟ್ಟಿ,மாணவர்கள் பட்டியல்,લર્નર નું લીસ્ટ,طلباء کی فہرست
COMMON,,FACILITATOR_LIST,Facilitators List,मार्गदर्शकांची यादी,फेसीलिटेटरों की सूची,ଫେସିଲିଟରଙ୍କର ସୂଚୀ,ఫెసిలిటేటర్ల జాబితా,ಫೆಸಿಲಿಟೇಟರ್ ಪಟ್ಟಿ,பெசிலிடேட்டர் பட்டியல்,ફેસીલીટેટર નું લીસ્ટ,فیسلیٹیٹر کی فہرست
COMMON,,FILTERS,Filters,फिल्टर,फिल्टर्स,ଫିଲ୍ଟର୍ସ,వడపోతలు (ఫిల్టర్స్),ಫಿಲ್ಟರ್,பில்டர்கள்,ફિલ્ટર્સ,فلٹرز
COMMON,,MANAGE_USERS,Manage Users,वापरकर्त्यांचे व्यवस्थापन करा,उपयोगकर्ताओं का प्रबंधन,ବ୍ୟବହାରକାରୀଗୁଡିକୁ ମାନେଜ୍ କରନ୍ତୁ,వినియోగదారులను నిర్వహించు,ಬಳಕೆದಾರರನ್ನು ನಿರ್ವಹಿಸಿ,யூசர் மேலாண்மை,વપરાશકર્તાઓ મેનેજ કરો,صارفین کا انتظام کریں
COMMON,,FACILITATORS,Facilitators,मार्गदर्शक,फेसीलिटेटर,ଫେସିଲେଟଟର,ఫెసిలిటేటర్లు,ಫೆಸಿಲಿಟೇಟರ್,பெசிலிடேட்டர்,ફેસીલીટેટર્સ,فیسلیٹیٹر
COMMON,,CENTERS_ASSIGNED,Centers Assigned in {{block}},मध्ये नियुक्त केंद्रे,{{block}} में केंद्र आवंटित किए गए,{{block}} ରେ ଆସାଇନ୍ କରାଯାଇଥିବା କେନ୍ଦ୍ର,$\{\text{బ్లాక్}\}$ లో కేటాయించిన కేంద్రాలు,{{block}} ನಲ್ಲಿ ನಿಯೋಜಿಸಲಾದ ಸೆಂಟರ್ ಗಳು,{{block}} இல் ஒதுக்கப்பட்ட மையங்கள்,{{block}} માં સેન્ટર્સ સોંપેલ,بلاک میں تفویض کردہ سنٹرز
COMMON,,REASSIGN_CENTERS,Re-assign Center,केंद्र पुन्हा नियुक्त करा,केंद्रों को पुनः आवंटित करें,କେନ୍ଦ୍ର ପୁନଃ-ସଂସ୍ଥାପନ କରନ୍ତୁ,కేంద్రాన్ని తిరిగి కేటాయించు,ಕೇಂದ್ರವನ್ನು ಮರು ನಿಯೋಜಿಸಿ,மையத்தை மறுவிதமாக ஒதுக்கு,સેન્ટર ફરીથી સોંપો,سنٹر کو دوبارہ تفویض کریں۔
COMMON,,ADD_OR_REASSIGN_CENTERS,Add or Re-assign Centers,केंद्रे जोडा किंवा पुन्हा नियुक्त करा,केंद्र जोड़ें या पुनः असाइन करें,କେନ୍ଦ୍ର ଗୁଡିକ ଯୋଡନ୍ତୁ କିମ୍ବା ପ୍ଲାନ ନ୍ୟସ୍ତ କରନ୍ତୁ,కేంద్రాలను జత చేయి లేదా తిరిగి కేటాయించు,ಕೇಂದ್ರಗಳನ್ನು ಸೇರಿಸಿ ಅಥವಾ ಮರು ನಿಯೋಜಿಸಿ,மையங்களைச் சேர்க்கவும் அல்லது மீண்டும் ஒதுக்கவும்,સેન્ટર ઉમેરો અથવા ફરીથી સોંપો,سنٹرز شامل یا دوبارہ تفویض کریں
COMMON,,REASSIGN_BLOCKS_REQUEST,Request to Re-assign Blocks,ब्लॉक पुन्हा नियुक्त करण्याची विनंती,ब्लॉक को पुनः आवंटित करने का अनुरोध करें,ବ୍ଲକ୍ ପୁନଃ-ସଂସ୍ଥାପନ ପାଇଁ ଅନୁରୋଧ,బ్లాక్‌లను తిరిగి కేటాయించడానికి అభ్యర్థన,ಬ್ಲಾಕ್ ಅನ್ನು ಮರು ನಿಯೋಜಿಸಲು ವಿನಂತಿಸಿ,ஒன்றியதை மீண்டும் ஒதுக்க கோரிக்கை,બ્લોક ફરીથી સોંપવાની વિનંતી,بلاکس کو دوبارہ تفویض کرنے کی درخواست
COMMON,,ASSIGN,Assign,नियुक्त करा,आवंटित करें,ନିୟୋଜନ କରନ୍ତୁ,కేటాయించు,ನಿಯೋಜಿಸಿ,ஒதுக்கு,સોંપો,تفویض کریں۔
COMMON,,SEARCH_FACILITATORS,Search Facilitators..,मार्गदर्शकांचा शोध घ्या..,फेसीलिटेटर खोजें,ଫେସିଲିଟରମାନେ ଖୋଜନ୍ତୁ,ఫెసిలిటేటర్లను శోధించు,ಫೆಸಿಲಿಟೇಟರ್ ಅನ್ನು ಹುಡುಕಿ..,பெசிலிடேட்டர்களை தேடு,ફેસિલીટેટર્સ શોધો,فیسلیٹیٹر تلاش کریں..
COMMON,,ADD_LEARNER,Add Learners,शिकणारे जोडा,लर्नर को जोड़ें,ଶିକ୍ଷାର୍ଥୀଙ୍କୁ ଯୋଗ କରନ୍ତୁ,అభ్యాసకులను జత చేయి,ಕಲಿಯುವವರನ್ನು ಸೇರಿಸಿ,மாணவர்களைச் சேர்,લર્નર્સ ઉમેરો,طلباء کو شامل کریں۔
COMMON,,DESELECT_ALL,Deselect All,सर्व अननिवड करा,सभी को अचयनित करें,ସମସ୍ତଙ୍କୁ ବିରୋଧ କରନ୍ତୁ,అన్ని ఎంపికలను తీసివేయి,ಎಲ್ಲವನ್ನೂ ಆಯ್ಕೆ ರದ್ದುಮಾಡಿ,அனைத்து தேர்வையும் நீக்கு,બધાને નાપસંદ કરો,سبھی کو غیر منتخب کریں۔
COMMON,,SELECT_ALL,Select All,सर्व निवडा,सभी को चयनित करें,ସମସ୍ତଙ୍କୁ ଚୟନ କରନ୍ତୁ,అన్నిటినీ ఎంచుకోండి,ಎಲ್ಲವನ್ನೂ ಆಯ್ಕೆಮಾಡಿ,அனைத்தையும் தேர்ந்தெடு,બધું સિલેક્ટ કરો,سبھی کو منتخب کریں۔
COMMON,,LEARNER_MARKED_DROPOUT,Learner marked as dropout,शिकणारा शाळा सोडलेला म्हणून चिन्हांकित,लर्नर को ड्रॉप आउट के रूप में चिह्नित किया गया,ଶିକ୍ଷାର୍ଥୀକୁ ଡ୍ରପ୍ ଆଉଟ୍ ଭାବେ ଚିହ୍ନିତ କରାଯାଇଛି,అభ్యాసకుడు డ్రాప్ ఔట్‌గా గుర్తించబడ్డాడు,ಕಲಿಯುವವರನ್ನು ಡ್ರಾಪ್ಔಟ್ ಎಂದು ಗುರುತಿಸಲಾಗಿದೆ,மாணவர் டிராப்-அவுட் ஆக குறிக்கப்பட்டார்,લર્નર ડ્રોપઆઉટ તરીકે ચિહ્નિત થયેલ છે,طلباء کو ڈراپ آؤٹ کے بطور نشان زد کیا گیا۔
COMMON,,LEARNER_UNMARKED_DROPOUT,Learner un-marked as dropout,शिकणारा शाळा सोडलेला म्हणून चिन्हांकित केलेला नाही,लर्नर को ड्रॉपआउट के रूप में अनचिह्नित किया गया,ଶିକ୍ଷାର୍ଥୀକୁ ଡ୍ରପ୍ ଆଉଟ୍ ଭାବେ ଅଚିହ୍ନିତ କରାଯାଇଛି,అభ్యాసకుడి డ్రాప్ ఔట్ గుర్తింపు తొలగించబడింది,ಕಲಿಯುವವರನ್ನು ಡ್ರಾಪ್ಔಟ್ ಎಂದು ಗುರುತಿಸಲಾಗಿಲ್ಲ,மாணவர் டிராப்-அவுட் நீக்கப்பட்டது,લર્નરને ડ્રોપઆઉટ તરીકે અન-માર્ક કરેલ,طلباء کے ڈراپ آؤٹ کے نشان کو ہٹا دیا گیا
COMMON,,LEARNER_REMOVED,Learner has been removed,शिकणाऱ्याला काढून टाकले आहे,लर्नर को हटा दिया गया है,ଶିକ୍ଷାର୍ଥୀ କୁ ହଟାଇ ଦିଆଯାଇଛି,అభ్యాసకుడు తొలగించబడ్డాడు,ಕಲಿಯುವವರನ್ನು ತೆಗೆದುಹಾಕಲಾಗಿದೆ.,மாணவர் அகற்றப்பட்டார்.,શીખનારને દૂર કરવામાં આવ્યો છે,طلباء کو ہٹا دیا گیا ہے۔
COMMON,,DROPPED_OUT,Dropped Out,शाळा सोडली,ड्राप हो गए,ଡ୍ରପଆଉଟ ହୋଇଛନ୍ତି,డ్రాప్ ఔట్ అయినారు,ಡ್ರಾಪ್ ಔಟ್,டிராப்-அவுட் ஆனவர்,ડ્રોપ આઉટ,ڈراپ آؤٹ
COMMON,,DELETE_USER,Delete User Permanently,वापरकर्त्याला कायमचे हटवा,उपयोगकर्ता को स्थायी रूप से हटाएं,ବ୍ୟବହାରକାରୀଙ୍କୁ ସ୍ଥାୟୀଭାବେ ବିଲୋପ କରନ୍ତୁ,వినియోగదారుడిని శాశ్వతంగా తొలగించు,ಬಳಕೆದಾರರನ್ನು ಶಾಶ್ವತವಾಗಿ ಅಳಿಸಿ,பயனரை நிரந்தரமாக நீக்கு,વપરાશકર્તાને કાયમ માટે કાઢી નાખો,صارف کو مستقل طور پر حذف کریں۔
COMMON,,DELETE_USER_FROM_CENTER,Delete user from Center as well as SCP,केंद्रातून वापरकर्ता हटवा,केंद्र से उपयोगकर्ता को हटाएं,କେନ୍ଦ୍ରରୁ ବ୍ୟବହାରକାରୀଙ୍କୁ ବିଲୋପ୍ କରନ୍ତୁ,సెంటర్ నుండి వినియోగదారుని తొలగించు,ಬಳಕೆದಾರರನ್ನು ಕೇಂದ್ರದಿಂದ ಅಳಿಸಿ,மையத்திலிருந்து பயனரை நீக்கு.,સેન્ટર માંથી વપરાશકર્તાને કાઢી નાખો,صارف کو حذف کریں۔
COMMON,,DELETE_USER_WITH_REASON,Delete User,वापरकर्ता हटवा,उपयोगकर्ता हटाएँ,ବ୍ୟବହାରକାରୀକୁ ହଟାନ୍ତୁ,వినియోగదారుని తొలగించు,ಬಳಕೆದಾರರನ್ನು ಅಳಿಸಿ,பயனரை நீக்கு,વપરાશકર્તા કાઢી નાખો,صارف کو حذف کردیا گیا ہے!
COMMON,,USER_DELETED_PERMANENTLY,User successfully deleted!,वापरकर्ता यशस्वीरित्या हटवला गेला आहे!,उपयोगकर्ता सफलतापूर्वक हटाया गया!,ବ୍ୟବହାରକାରୀ ସଫଳତାର ସହିତ ହଟାଗଲା!,వినియోగదారుని విజయవంతంగా తొలగించారు,ಬಳಕೆದಾರರನ್ನು ಯಶಸ್ವಿಯಾಗಿ ಅಳಿಸಲಾಗಿದೆ!,பயனர் வெற்றிகரமாக நீக்கப்பட்டார்!,વપરાશકર્તા સફળતાપૂર્વક કાઢી નાખ્યો!,صارف کامیابی سے حذف کر دیا گیا!
COMMON,,CANNOT_REASSIGN_TODAY_ATTENDANCE_MARKED,Cannot re-assign learner as attendance has already been marked for today,आजची उपस्थिती आधीच नोंदवलेली असल्यामुळे शिकणाऱ्याला पुनःनियुक्त करता येणार नाही,"आज की उपस्थिति पहले ही चिह्नित की जा चुकी है, इसलिए शिक्षार्थी को पुनः आवंटित नहीं किया जा सकता",ଆଜି ପାଇଁ ଉପସ୍ଥାନ ଚିହ୍ନିତ ହୋଇଥିବାରୁ ଶିକ୍ଷାର୍ଥୀଙ୍କୁ ପୁନଃ ନ୍ୟସ୍ତ କରିପାରିବ ନାହିଁ,"అభ్యాసకుడిని తిరిగి కేటాయించలేరు, ఎందుకంటే నేటి హాజరు ఇప్పటికే గుర్తించబడింది",ಇಂದಿನ ಹಾಜರಾತಿಯನ್ನು ಈಗಾಗಲೇ ಗುರುತಿಸಲಾಗಿರುವುದರಿಂದ ಕಲಿಯುವವರನ್ನು ಮರು ನಿಯೋಜಿಸಲು ಸಾಧ್ಯವಿಲ್ಲ.,"இன்றைக்கான வருகை ஏற்கனவே குறிக்கப்பட்டுள்ளதால், மாணவரை மீண்டும் ஒதுக்க முடியாது.",લર્નર ને ફરીથી સોંપી શકાતું નથી કારણ કે હાજરી પહેલાથી જ આજ માટે ચિહ્નિત કરવામાં આવી છે,لرنر کو دوبارہ تفویض نہیں کیا جا سکتا کیونکہ آج کی حاضری پہلے ہی نشان زد کی جا چکی ہے
COMMON,,CANNOT_DELETE_TODAY_ATTENDANCE_MARKED,Cannot delete learner as attendance has already been marked for today,विद्यार्थ्याची उपस्थिती हटवू शकत नाही कारण आजची उपस्थिती आधीच चिन्हांकित केली गेली आहे,"आज के लिए उपस्थिति पहले ही दर्ज हो चुकी है, इसलिए छात्र को हटाया नहीं जा सकता","ଆଜି ପାଇଁ ଉପସ୍ଥାନ ରେକର୍ଡ ହୋଇସାରିଛି, ତେଣୁ ବିଦ୍ୟାର୍ଥୀଙ୍କୁ  ଅପସାରଣ କରାଯାଇପାରିବ ନାହିଁ","అభ్యాసకుడిని తొలగించలేరు, ఎందుకంటే నేటి హాజరు ఇప్పటికే గుర్తించబడింది",ಇಂದಿನ ಹಾಜರಾತಿಯನ್ನು ಈಗಾಗಲೇ ಗುರುತಿಸಲಾಗಿರುವುದರಿಂದ ಕಲಿಯುವವರನ್ನು ಅಳಿಸಲು ಸಾಧ್ಯವಿಲ್ಲ.,இன்றைக்கு வருகைப்பதிவு ஏற்கனவே குறிக்கப்பட்டுள்ளதால் மாணவரை நீக்க முடியாது,લર્નર ને કાઢી શકતા નથી કારણ કે હાજરી પહેલાથી જ આજ માટે ચિહ્નિત કરવામાં આવી છે,لرنر کو حذف نہیں کیا جا سکتا کیونکہ آج کی حاضری پہلے ہی نشان زد کی جا چکی ہے
COMMON,,CANNOT_DROPOUT_TODAY_ATTENDANCE_MARKED,Cannot mark learner as dropout as attendance has already been marked for today,विद्यार्थ्याला ड्रॉपआउट म्हणून चिन्हांकित करू शकत नाही कारण आजची उपस्थिती आधीच चिन्हांकित केली गेली आहे,"आज के लिए उपस्थिति पहले ही दर्ज हो चुकी है, इसलिए छात्र को ड्रॉपआउट के रूप में चिह्नित नहीं किया जा सकता","ଆଜିର ଉପସ୍ଥାନ ରେକର୍ଡ ହୋଇସାରିଛି, ତେଣୁ ବିଦ୍ୟାର୍ଥୀଙ୍କୁ  ଡ୍ରପଆଉଟ୍ ଭାବରେ ଚିହ୍ନିତ କରାଯାଇପାରିବ ନାହିଁ","అభ్యాసకుడిని డ్రాపౌట్‌గా గుర్తించలేరు, ఎందుకంటే నేటి హాజరు ఇప్పటికే గుర్తించబడింది",ಇಂದಿನ ಹಾಜರಾತಿಯನ್ನು ಈಗಾಗಲೇ ಗುರುತಿಸಲಾಗಿರುವುದರಿಂದ ಕಲಿಯುವವರನ್ನು ಡ್ರಾಪ್ಔಟ್ ಎಂದು ಗುರುತಿಸಲು ಸಾಧ್ಯವಿಲ್ಲ.,இன்றைக்கு வருகைப்பதிவு ஏற்கனவே குறிக்கப்பட்டுள்ளதால் மாணவரை டிராப்-அவுட் செய்ய முடியாது.,લર્નર ને કાઢી શકતા નથી કારણ કે હાજરી પહેલાથી જ આજ માટે ચિહ્નિત કરવામાં આવી છે,لرنر کو ڈراپ آؤٹ کے طور پر نشان زد نہیں کیا جا سکتا کیونکہ آج کی حاضری پہلے ہی نشان زد کی جا چکی ہے
COMMON,,OBSERVATIONS_FORMS,Observations and Forms,निरीक्षणे आणि फॉर्म,अवलोकन और फॉर्म,ଅବଲୋକନ ଏବଂ ଫର୍ମ,పరిశీలనలు మరియు ఫారమ్‌లు,ವೀಕ್ಷಣೆಗಳು ಮತ್ತು ರೂಪಗಳು,கவனிப்புகள் மற்றும் படிவங்கள்,અવલોકનો અને સ્વરૂપો,مشاہدات اور فارم
COMMON,,OTHER_REASON,Other Reason,इतर कारण,अन्य कारण,ଅନ୍ୟ କାରଣ,ఇతర కారణం,ಇತರ ಕಾರಣ,மற்ற காரணம்,અન્ય કારણ,دوسری وجہ
COMMON,,OTHER_REASON_PLACEHOLDER,Enter Other Reason,इतर कारण प्रविष्ट करा,अन्य कारण दर्ज करें,ଅନ୍ୟ କାରଣ ଦାଖଲ କରନ୍ତୁ,ఇతర కారణాన్ని నమోదు చేయండి,ಇತರ ಕಾರಣವನ್ನು ನಮೂದಿಸಿ,மற்ற காரணத்தை உள்ளிடவும்,અન્ય કારણ દાખલ કરો,دوسری وجہ درج کریں۔
COMMON,,BACK,Back,मागे,वापस,ପଛକୁ,వెనుకకు,ಹಿಂದೆ,பின் செல்லவும்,પાછળ,واپس
COMMON,,SEND_CREDENTIALS,Send Credentials,प्रमाणपत्रे पाठवा,क्रेडेंशियल्स भेजें,ସଂସ୍ଥାପନୀୟ ବିବରଣୀ ପଠାନ୍ତୁ,ఆధారాలను పంపండి,ರುಜುವಾತುಗಳನ್ನು ಕಳುಹಿಸಿ,லாகின் விவரங்களை அனுப்பவும்,ઓળખપત્રો મોકલો,اسناد بھیجیں۔
COMMON,,CREDENTIALS_EMAILED,The login credentials will be emailed to the Facilitator at,वापरकर्त्याला लॉगिन प्रमाणपत्रे ई-मेल केली जातील येथे,लॉगिन क्रेडेंशियल्स उपयोगकर्ता को ईमेल द्वारा भेजे जाएंगे,ଲଗଇନ୍ ସଂସ୍ଥାପନୀୟ ବିବରଣୀ ବ୍ୟବହାରକାରୀକୁ ଇମେଲ୍ ମାଧ୍ୟମରେ ପଠାଯିବ,లాగిన్ ఆధారాలు ఫెసిలిటేటర్‌కు ఇమెయిల్ చేయబడతాయి,ಲಾಗಿನ್ ರುಜುವಾತುಗಳನ್ನು ಬಳಕೆದಾರರಿಗೆ ಈ ವಿಳಾಸಕ್ಕೆ ಇಮೇಲ್ ಮಾಡಲಾಗುತ್ತದೆ,லாகின் விவரங்கள் பயிற்சியாளர் மின்னஞ்சலுக்கு அனுப்பப்படும்,લોગિન ઓળખપત્રો વપરાશકર્તાને પર ઈમેલ કરવામાં આવશે,لاگ ان کی اسناد فیسلیٹیٹر کو ای میل پر بھیج دی جائیں گی۔
COMMON,,CREDENTIALS_EMAILED_OF_LEARNER,The login credentials have been send to your email,लॉगिन क्रेडेन्शियल्स तुमच्या ईमेलवर पाठवण्यात आले आहेत,लॉगिन क्रेडेंशियल्स आपके ईमेल पर भेज दिए गए हैं,ଆପଣଙ୍କ ଇମେଲକୁ ଲଗଇନ୍ ପରିଚୟ ପତ୍ର ପଠାଯାଇଛି,లాగిన్ ఆధారాలు మీ ఇమెయిల్‌కు పంపబడ్డాయి,ಲಾಗಿನ್ ರುಜುವಾತುಗಳನ್ನು ನಿಮ್ಮ ಇಮೇಲ್‌ಗೆ ಕಳುಹಿಸಲಾಗಿದೆ.,லாகின் விவரங்கள் உங்கள் மின்னஞ்சலுக்கு அனுப்பப்பட்டுள்ளன,લૉગિન ઓળખપત્રો તમારા ઇમેઇલ પર મોકલવામાં આવ્યા છે,لاگ ان کی اسناد آپ کے ای میل پر بھیج دی گئی ہیں
COMMON,,NEW,New {{role}},नवीन {{role}},नया,ନୂତନ {{role}},కొత్త {{role}},ಹೊಸ {{role}},புதிய {{role}},નવું {{role}},نئی{{ ذمہ داری}}
COMMON,,USER_CREDENTIAL_SEND_SUCCESSFULLY,User credentials sent successfully!,वापरकर्ता प्रमाणपत्रे यशस्वीरित्या पाठवली गेली आहेत!,उपयोगकर्ता क्रेडेंशियल्स सफलतापूर्वक भेजे गए!,ବ୍ୟବହାରକାରୀଙ୍କର ସଂସ୍ଥାପନୀୟ ବିବରଣୀ ସଫଳତାର ସହିତ ପଠାଗଲା!,వినియోగదారు ఆధారాలు విజయవంతంగా పంపబడ్డాయి!,ಬಳಕೆದಾರ ರುಜುವಾತುಗಳನ್ನು ಯಶಸ್ವಿಯಾಗಿ ಕಳುಹಿಸಲಾಗಿದೆ!,பயனர் உள்நுழைவு விவரங்கள் வெற்றிகரமாக அனுப்பப்பட்டன,વપરાશકર્તા ઓળખપત્રો સફળતાપૂર્વક મોકલ્યા!,صارف کی اسناد کامیابی سے بھیج دی گئیں!
COMMON,,USER_CREDENTIAL_SEND_FAILED,User credentials failed to send!,वापरकर्ता क्रेडेन्शियल्स पाठवण्यात अयशस्वी!,उपयोगकर्ता क्रेडेंशियल्स भेजने में विफल!,ବ୍ୟବହାରକାରୀ ପରିଚୟ ପତ୍ର ପଠାଇବାରେ ବିଫଳ,వినియోగదారు ఆధారాలు పంపడంలో విఫలమైంది!,ಬಳಕೆದಾರ ರುಜುವಾತುಗಳನ್ನು ಕಳುಹಿಸಲು ವಿಫಲವಾಗಿದೆ!,பயனர் சான்றுகளை அனுப்புவது தோல்வியுற்றது!,વપરાશકર્તા ઓળખપત્રો મોકલવામાં નિષ્ફળ થયા!,صارف کی اسناد بھیجنے میں ناکام!
COMMON,,CENTER_SESSIONS,Center Sessions,केंद्र सत्रे,सेंटर सत्र,କେନ୍ଦ୍ର ସେସନ୍,సెంటర్ సెషన్స్,ಕೇಂದ್ರ ಅಧಿವೇಶನಗಳು,மைய அமர்வுகள்,સેન્ટર સત્ર,سنٹر کے سیشنز
COMMON,,SCHEDULE_NEW,Schedule New,नवीन अनुसूची करा,शेड्यूल नया,ନୂତନ ସୂଚୀ ତିଆରି କରନ୍ତୁ,కొత్తది షెడ్యూల్ చేయండి,ಹೊಸದನ್ನು ನಿಗದಿಪಡಿಸಿ,புதிய அட்டவணை,નવું શેડ્યૂલ કરો,نیا شیڈول
COMMON,,UPCOMING_EXTRA_SESSION,Upcoming Extra Sessions (Next {{days}} days),येणारी अतिरिक्त सत्रे,आगामी अतिरिक्त सत्र,ଆସନ୍ତାକାଲି ଅତିରିକ୍ତ ସେସନ୍,రాబోయే అదనపు సెషన్స్ (తరువాత {{days}} రోజులు),ಮುಂಬರುವ ಹೆಚ್ಚುವರಿ ಅವಧಿಗಳು,வரவிருக்கும் கூடுதல் அமர்வுகள்,આગામી વધારાના સત્રો,اگلے {{دنوں}}  آنے والےدنوں میں اضافی سیشنز
COMMON,,NO_SESSIONS_SCHEDULED,No sessions scheduled,कोणतीही सत्रे निर्धारित नाहीत,कोई सत्र निर्धारित नहीं है,କୌଣସି ସେସନ୍ ନିର୍ଦ୍ଧାରିତ ନାହିଁ,సెషన్స్ షెడ్యూల్ చేయబడలేదు,ಯಾವುದೇ ಅವಧಿಗಳನ್ನು ನಿಗದಿಪಡಿಸಲಾಗಿಲ್ಲ.,எந்த அமர்வுகளும் திட்டமிடப்படவில்லை.,કોઈ સત્રો શેડ્યૂલ કરેલ નથી,کوئی سیشنز شیڈول نہیں کیے گئے
COMMON,,TO_BE_TAUGHT,What is going to be taught:,काय शिकवले जाणार आहे:,क्या सिखाया जाएगा:,କଣ ପାଠାଯିବ:,ఏమి బోధించబోతున్నారు:,ಏನು ಕಲಿಸಲಾಗುವುದು:,என்ன கற்பிக்கப்பட உள்ளது:,શું શીખવવામાં આવશે:,کیا پڑھایا جائے گا:
COMMON,,SELECT_TOPIC,"Select Topic, Sub-topic","विषय, उपविषय निवडा","विषय, उप-विषय चुनें","ବିଷୟ, ଉପବିଷୟ ଚୟନ କରନ୍ତୁ","టాపిక్, సబ్-టాపిక్‌ను ఎంచుకోండి","ವಿಷಯ, ಉಪ-ವಿಷಯವನ್ನು ಆಯ್ಕೆಮಾಡಿ","தலைப்பு, துணைத் தலைப்பை தேர்ந்தெடு","વિષય, ઉપ-વિષય પસંદ કરો",موضوع، ذیلی موضوع منتخب کریں
COMMON,,PAGE_NOT_FOUND,Page not found,पृष्ठ सापडले नाही,पृष्ठ नहीं मिला,ପୃଷ୍ଠା ଖୋଜିପାରିବ ନହିଁ,పేజీ కనుగొనబడలేదు,ಪುಟ ಕಂಡುಬಂದಿಲ್ಲ.,பக்கம் கிடைக்கவில்லை.,પેઝ મળ્યું નથી,صفحہ نظر نہیں آرہا
COMMON,,ACCESS_DENIED,Access Denied,प्रवेश नाकारला,अनुमति नहीं है,ପ୍ରବେଶ ନିଷେଧ,ప్రాప్యత నిరాకరించబడింది,ಪ್ರವೇಶ ನಿರಾಕರಿಸಲಾಗಿದೆ,அணுகல் மறுக்கப்பட்டது,ઍક્સેસ નકારી,رسائی مسترد
COMMON,,YOU_DONT_HAVE_PERMISSION_TO_ACCESS_THIS_PAGE,You don't have access to this page,आपल्याला या पृष्ठाचा प्रवेश नाही,आपको इस पेज की अनुमति नहीं है,ଆପଣଙ୍କୁ ଏହି ପୃଷ୍ଠା ପ୍ରବେଶ କରିବା ଅଧିକାର ନାହି,ఈ పేజీకి మీకు ప్రాప్యత లేదు,ಈ ಪುಟಕ್ಕೆ ನಿಮಗೆ ಪ್ರವೇಶವಿಲ್ಲ.,இந்தப் பக்கத்தை அணுக உங்களுக்கு அனுமதி இல்லை,તમારી પાસે આ પેઝ ની ઍક્સેસ નથી,آپ کو اس صفحہ کی اجازت حاصل نہیں ہے
COMMON,,NEW_LEARNER,New Learner,नवीन शिकणारा,नया लर्नर,ନୂତନ ଶିକ୍ଷାର୍ଥୀ,కొత్త అభ్యాసకుడు,ಹೊಸದಾಗಿ ಕಲಿಯುವವರು,புதிய மாணவர்,નવું લર્નર,نیا طالب علم
COMMON,,EDIT_LEARNER,Edit Learner,विद्यार्थी संपादित करा,लर्नर जानकारी सुधारें,ଶିକ୍ଷାର୍ଥୀ ସଂପାଦନ କରନ୍ତୁ,అభ్యాసకుడిని సవరించండి,ಕಲಿಯುವವರನ್ನು ಸಂಪಾದಿಸಿ,மாணவரின் தகவல்களை திருத்தவும்,લર્નરને સંપાદિત કરો,طالب علم میں ترمیم کریں
COMMON,,NEW_FACILITATOR,New Facilitator,नवीन मार्गदर्शक,नया फसिलिटेटर,ନୂତନ ଫେସିଲିଟର,కొత్త ఫెసిలిటేటర్,ಹೊಸ ಫೆಸಿಲಿಟೇಟರ್,புதிய பெசிலிடேட்டர்,નવું ફેસિલીટેટર,نیا فیسلیٹیٹر
COMMON,,EDIT_FACILITATOR,Edit Facilitator,समन्वयक संपादित करा,फसिलिटेटर जानकारी सुधारें,ଫ୍ୟାସିଲିଟେଟର୍‌କୁ ସମ୍ପାଦନ କରନ୍ତୁ,ఫెసిలిటేటర్‌ను సవరించండి,ಫೆಸಿಲಿಟೇಟರ್ ಅನ್ನು ಸಂಪಾದಿಸಿ,பெசிலிடேட்டர் தகவல்களை திருத்தவும்,ફેસિલિટેટર સંપાદિત કરો,فیسلیٹیٹر میں ترمیم کریں
COMMON,,SUBMIT,Submit,सादर करा,सबमिट करें,ଦାଖଲ କରନ୍ତୁ,సమర్పించండి,ಸಲ್ಲಿಸಿ,சமர்ப்பி,સબમિટ કરો,جمع کریں
COMMON,,FACILITATOR_ADDED_SUCCESSFULLY,Facilitator added successfully!,फॅसिलिटेटर यशस्वीरित्या जोडले!,फसिलिटेटर सफलतापूर्वक जोड़ा गया!,ଫ୍ୟାସିଲିଟେଟର୍ ସଫଳତାର ସହିତ ଯୋଡାଗଲେ,ఫెసిలిటేటర్ ప్రొఫైల్ విజయవంతంగా నవీకరించబడింది!,ಫೆಸಿಲಿಟೇಟರ್ ಅನ್ನು ಯಶಸ್ವಿಯಾಗಿ ಸೇರಿಸಲಾಗಿದೆ!,பெசிலிடேட்டர் வெற்றிகரமாகச் சேர்க்கப்பட்டார்!,ફેસિલિટેટર સફળતાપૂર્વક ઉમેરાયા!,فیسلیٹیٹر کو کامیابی سے شامل کیا گیا!
COMMON,,LEARNER_UPDATED_SUCCESSFULLY,Learner profile updated successfully!,लर्नर प्रोफाइल यशस्वीरित्या अपडेट केले!,लर्नर प्रोफ़ाइल सफलतापूर्वक अपडेट की गई!,ଶିକ୍ଷାର୍ଥୀ  ପ୍ରୋଫାଇଲ୍ ସଫଳତାର ସହିତ ଅପଡେଟ୍ ହେଲା,అభ్యాసకుడి ప్రొఫైల్ విజయవంతంగా నవీకరించబడింది!,ಕಲಿಯುವವರ ಪ್ರೊಫೈಲ್ ಅನ್ನು ಯಶಸ್ವಿಯಾಗಿ ನವೀಕರಿಸಲಾಗಿದೆ!,கற்றவர் விவரம் வெற்றிகரமாக புதுப்பிக்கப்பட்டது!,લર્નર પ્રોફાઇલ સફળતાપૂર્વક અપડેટ થઈ!,طالب علم پروفائل کوکامیابی سے اپ ڈیٹ کردیا گیا ہے!
COMMON,,FACILITATOR_UPDATED_SUCCESSFULLY,Facilitator profile updated successfully!,फॅसिलिटेटर प्रोफाइल यशस्वीरित्या अपडेट केले!,सुविधा प्रदाता प्रोफ़ाइल सफलतापूर्वक अपडेट किया गया!,ଫ୍ୟାସିଲିଟେଟର୍ ପ୍ରୋଫାଇଲ୍ ସଫଳତାର ସହିତ ଅପଡେଟ୍ ହେଲା,ఫెసిలిటేటర్ ప్రొఫైల్ విజయవంతంగా నవీకరించబడింది!,ಫೆಸಿಲಿಟೇಟರ್ ಪ್ರೊಫೈಲ್ ಅನ್ನು ಯಶಸ್ವಿಯಾಗಿ ನವೀಕರಿಸಲಾಗಿದೆ!,பெசிலிடேட்டர் சுயவிவரம் வெற்றிகரமாக புதுப்பிக்கப்பட்டது!,ફેસિલિટેટર પ્રોફાઇલ સફળતાપૂર્વક અપડેટ થઈ!,فیسلیٹیٹر پروفائل کوکامیابی سے اپ ڈیٹ کردیا گیا ہے!
COMMON,,PLEASE_SELECT_THE_CENTER,Please select the center.,कृपया केंद्र निवडा,कृपया सेंटर चुनें,ଦୟାକରି କେନ୍ଦ୍ର ଚୟନ କରନ୍ତୁ,దయచేసి సెంటర్‌ను ఎంచుకోండి,ದಯವಿಟ್ಟು ಕೇಂದ್ರವನ್ನು ಆಯ್ಕೆಮಾಡಿ,தயவுசெய்து மையத்தைத் தேர்ந்தெடுக்கவும்,કૃપા કરીને કેન્દ્ર પસંદ કરો,براہ کرم سینٹر منتخب کریں
COMMON,,CREATE,Create,तयार करा,नया बनाएं,ସୃଷ୍ଟି କରନ୍ତୁ,సృష్టించండి,ರಚಿಸಿ,உருவாக்கவும்,બનાવો,بنائیں
COMMON,,OKAY,Okay,ठीक आहे,ठीक है,ଠିକ ଅଛି,సరే,ಸರಿ,சரி,ઓકે,ٹھیک ہے
COMMON,,HELD_EVERY_WEEK_ON,Held every week on {{days}},दर आठवड्याला {{days}} रोजी आयोजित,हर हफ्ते पर आयोजित होता है,ପ୍ରତି ସପ୍ତାହରେ {{ଦିନ}} ରେ ଅନୁଷ୍ଠିତ ହୁଏ,ప్రతి వారం {{days}} న నిర్వహించబడుతుంది,ಪ್ರತಿ ವಾರ {{ದಿನಗಳು}} ರಂದು ನಡೆಯಲಿದೆ,ஒவ்வொரு வாரமும் {{நாட்கள்}} அன்று நடைபெறும்.,દર અઠવાડિયે {{દિવસો}} ના રોજ યોજાય છે,( دن ) ہر ہفتے  کو منعقد ہوتا ہے
COMMON,,SESSION_SCHEDULED_SUCCESSFULLY,Session has been scheduled successfully!,सत्र यशस्वीपणे शेड्यूल केले गेले आहे!,सत्र सफलतापूर्वक निर्धारित कर दिया गया है!,ସେସନ୍ ସଫଳତାର ସହିତ ନିର୍ଦ୍ଧାରିତ  ହୋଇଛି!,సెషన్ విజయవంతంగా షెడ్యూల్ చేయబడింది!,ಸೆಶನ್ ವನ್ನು ಯಶಸ್ವಿಯಾಗಿ ನಿಗದಿಪಡಿಸಲಾಗಿದೆ!,அமர்வு வெற்றிகரமாக திட்டமிடப்பட்டது!,સત્ર સફળતાપૂર્વક સુનિશ્ચિત કરવામાં આવ્યું છે!,سیشن کامیابی سے شیڈول کیا گیا!
COMMON,,CENTER,Center,केंद्र,सेंटर,ସେଣ୍ଟର,సెంటర్,ಸೆಂಟರ್,மையம்,સેન્ટર,سنٹر
COMMON,,AND_COUNT_MORE,and {{count}} more,आणि {{count}} अधिक,और अधिक,ଏବଂ {{ଗଣନା}} ଅଧିକ,మరియు {{count}} మరిన్ని,ಮತ್ತು ಇನ್ನೂ {{count}},மற்றும் {{count}} மேலும்,અને {{count}} વધુ,(اور مزید( گنتی
COMMON,,RETURN_TO_LOGIN,Return to Login,लॉगिनवर परत जा,लॉगिन पेज पर वापस जाएं,ଲଗଇନ୍ କୁ ଫେରନ୍ତୁ,లాగిన్‌కి తిరిగి వెళ్లండి,ಲಾಗಿನ್‌ಗೆ ಹಿಂತಿರುಗಿ,உள்நுழைவிற்கு திரும்பவும்,લોગિન પર પાછા ફરો,لاگ ان پر واپس جائیں
COMMON,,NO_CENTER_FOUND,No Center found,कोणतेही केंद्र सापडले नाही,कोई सेंटर नहीं मिला,କିଛି ସେଣ୍ଟର ମିଳିଲା  ନାହିଁ,సెంటర్ కనుగొనబడలేదు,ಯಾವುದೇ ಕೇಂದ್ರ ಕಂಡುಬಂದಿಲ್ಲ。,எந்த மையமும் கிடைக்கவில்லை,કોઈ સેન્ટર મળ્યું નથી,کوئی سنٹر نہیں ملا
COMMON,,FILTER_BY,Filter By,फिल्टर करा,फ़िल्टर करें,ଫିଲ୍ଟର ଦ୍ବାରା,దీని ద్వారా ఫిల్టర్ చేయండి,ಫಿಲ್ಟರ್ ಮಾಡಿ,பில்டர் செய்,દ્વારા ફિલ્ટર કરો,فلٹر کے ذریعے
COMMON,,ALL,All,सर्व,सभी,ସମସ୍ତ,అన్నీ,ಎಲ್ಲವೂ,அனைத்தும்,બધા,سب
COMMON,,ACTIVE,Active,सक्रिय / चालू,सक्रिय,ସକ୍ରିୟ,యాక్టివ్,ಸಕ್ರಿಯ,ஆக்டிவ்,સક્રિય,متحرک
COMMON,,NA,N.A.,लागू नाही,लागू नहीं,ଲାଗୁ ହୋଇନାହିଁ ( N.A.),వర్తించదు (N.A),N.A.,எதுவுமில்லை,N.A.,این اے
COMMON,,SORT_BY_NAMES,Sort by Names,नावानुसार क्रमवारी लावा,नाम के अनुसार क्रमबद्ध करें,ନାମ ଅନୁଯାୟୀ ସର୍ଟ କରନ୍ତୁ,పేర్ల ద్వారా క్రమబద్ధీకరించండి,ಹೆಸರುಗಳ ಪ್ರಕಾರ ವಿಂಗಡಿಸಿ,பெயர்களின்படி வரிசைப்படுத்து,નામો દ્વારા સૉર્ટ કરો,ناموں کے ذریعے ترتیب دیں
COMMON,,INCORRECT_DATA_ENTRY,Incorrect Data Entry,चुकीची डेटा नोंद,गलत डाटा भरा गया,ଭୁଲ ତଥ୍ୟ ପ୍ରବେଶ,తప్పు డేటా ఎంట్రీ,ತಪ್ಪಾದ ಡೇಟಾ ನಮೂದು,தவறான தகவல் பதிவு,ખોટી ડેટા એન્ટ્રી,غلط ڈیٹا انٹری
COMMON,,DUPLICATED_USER,Duplicated User,डुप्लिकेट वापरकर्ता,उपयोगकर्ता पहले से मौजूद है,ନକଲ ବ୍ୟବହାରକାରୀ,నకిలీ వినియోగదారు,ನಕಲಿ ಬಳಕೆದಾರ,போலியான பயனர்,ડુપ્લિકેટ યુઝર,ڈپلیکیٹ صارف
COMMON,,RESIGNATION,Resignation,राजीनामा,इस्तीफ़ा दे दिया,ପଦତ୍ୟାଗ,రాజీనామా,ರಾಜೀನಾಮೆ,பணிவிலகல்,રાજીનામું,استعفیٰ
COMMON,,SUPPORT_REQUEST,Support Request,समर्थन विनंती,सपोर्ट रिक्वेस्ट,ସମର୍ଥନ ଅନୁରୋଧ,మద్దతు అభ్యర్థన,ಬೆಂಬಲ ಕೋರಿಕೆ,உதவி கோரிக்கை,આધાર વિનંતી,مدد کی درخواست
COMMON,,WE_ARE_HERE_TO_HELP,We’re Here to Help,आम्ही तुमच्या मदतीसाठी येथे आहोत,हम आपकी मदद के लिए यहाँ हैं,ଆମେ ଆପଣଙ୍କୁ ସାହାଯ୍ୟ କରିବା ପାଇଁ ଏଠାରେ ଅଛୁ,మేము సహాయం చేయడానికి ఇక్కడ ఉన్నాము,ನಾವು ನಿಮ್ಮ ಸಹಾಯಕ್ಕಾಗಿ ಇಲ್ಲಿದ್ದೇವೆ,உங்களுக்கு உதவ நாங்கள் இருக்கிறோம்,અમે તમારી મદદ માટે અહીં છીએ,ہم  مدد کے لیے موجود ہیں
COMMON,,SUBMIT_YOUR_REQUEST_FOR_ISSUES,Submit your request and let us assist you with any issues or concerns.,तुमची विनंती सादर करा आणि कोणत्याही समस्यांबाबत किंवा चिंतांबाबत आम्हाला तुमची मदत करू द्या.,"अपनी समस्या या सवाल भेजें, हम आपकी मदद करेंगे।",ଆପଣଙ୍କର ଅନୁରୋଧ ଦାଖଲ କରନ୍ତୁ ଏବଂ କୌଣସି ସମସ୍ୟା କିମ୍ବା ଚିନ୍ତାରେ ଆମକୁ ଆପଣଙ୍କୁ ସାହାଯ୍ୟ କରିବାକୁ ଦିଅନ୍ତୁ।,మీ అభ్యర్థనను సమర్పించండి మరియు ఏవైనా సమస్యలు లేదా ఆందోళనలతో మేము మీకు సహాయం చేస్తాము,ನಿಮ್ಮ ಕೋರಿಕೆಯನ್ನು ಸಲ್ಲಿಸಿ ಮತ್ತು ಯಾವುದೇ ಸಮಸ್ಯೆ ಅಥವಾ ಕಾಳಜಿಯಲ್ಲಿ ನಮಗೆ ನಿಮಗೆ ಸಹಾಯ ಮಾಡಲು ಅವಕಾಶ ನೀಡಿ。,உங்கள் கோரிக்கையை சமர்ப்பிக்கவும் உங்கள் கேள்விகள் மற்றும் சிக்கல்களுக்கு நாங்கள் உதவுவோம்,તમારી વિનંતી સબમિટ કરો અને અમને કોઈપણ સમસ્યા અથવા ચિંતામાં તમારી સહાય કરવા દો.,اپنی درخواست جمع کریں اور ہمیں کسی بھی مسئلے یا تشویش میں آپ کی مدد کرنے دیں۔
COMMON,,INSTALL,Install Now,आता स्थापित करा,अभी इंस्टॉल करें,ଏବେ ସ୍ଥାପନ କରନ୍ତୁ,ఇప్పుడే ఇన్‌స్టాల్ చేయండి,ಈಗ ಸ್ಥಾಪಿಸಿ,இன்ஸ்டால் செய்யுங்கள்,હવે ઇન્સ્ટોલ કરો,ابھی انسٹال کریں
COMMON,,INSTALL_APP_MESSAGE,"For Easy Access, Install the App Now","सुलभ प्रवेशासाठी, आता अॅप स्थापित करा","आसान पहुँच के लिए, ऐप अभी इंस्टॉल करें","ସହଜ ପ୍ରବେଶ ପାଇଁ, ଏବେ ଆପ୍ ସ୍ଥାପନ କରନ୍ତୁ","సులభంగా యాక్సెస్ కోసం, యాప్‌ను ఇప్పుడే ఇన్‌స్టాల్ చేయండి","ಸುಲಭ ಪ್ರವೇಶಕ್ಕಾಗಿ, ಈಗ ಆಪ್ ಸ್ಥಾಪಿಸಿ","எளிதாக பயன்படுத்த, இப்போது அப்ளிகேஷனை இன்ஸ்டால் செய்யுங்கள்.","સરળ ઍક્સેસ માટે, હવે ઍપ ઇન્સ્ટોલ કરો",آسان رسائی کے لیے،ابھی ایپ انسٹال کریں
COMMON,,INSTALL_APP_DESCRIPTION,Get access to the Pratham Learning Management Portal (LMP) at your fingertips by installing on your device.,प्रथम लर्निंग मॅनेजमेंट पोर्टल (LMP) तुमच्या डिव्हाइसवर स्थापित करून तुमच्या बोटांवर मिळवा.,अपने डिवाइस पर ऐप इंस्टॉल करें और प्रथम लर्निंग पोर्टल (LMP) तक तुरंत पहुँच पाएं।,"ପ୍ରଥମ ଲର୍ଣ୍ଣିଂ ମ୍ୟାନେଜମେଣ୍ଟ ପୋର୍ଟାଲ (LMP) କୁ ଆପଣଙ୍କ ଆଙ୍ଗୁଳି ତଳେ ପାଆନ୍ତୁ, ଆପଣଙ୍କ ଡିଭାଇସରେ ସ୍ଥାପନ କରନ୍ତୁ ।",మీ పరికరంలో ఇన్‌స్టాల్ చేయడం ద్వారా ప్రథమ్ లెర్నింగ్ మేనేజ్‌మెంట్ పోర్టల్ (LMP)కి మీ వేలికొనల వద్ద ప్రాప్యత పొందండి.,ನಿಮ್ಮ ಡಿವೈಸ್‌ನಲ್ಲಿ ಸ್ಥಾಪಿಸುವ ಮೂಲಕ ಪ್ರಥಮ ಲರ್ನಿಂಗ್ ಮ್ಯಾನೇಜ್‌ಮೆಂಟ್ ಪೋರ್ಟಲ್ (LMP) ಅನ್ನು ನಿಮ್ಮ ಬೆರಳತುದಿಯಲ್ಲಿ ಪಡೆಯಿರಿ।,"உங்கள் சாதனத்தில் இன்ஸ்டால் செய்து, பிரதம் லெர்னிங் மேனேஜ்மென்ட் போர்டல் (LMP) ஐ விரைவில் அணுகுங்கள்.",પ્રથમ લર્નિંગ મેનેજમેન્ટ પોર્ટલ (LMP) ને તમારા ડિવાઇસ પર ઇન્સ્ટોલ કરીને તમારી આંગળીના ટેરવે મેળવો.,پہلا لرننگ مینجمنٹ پورٹل (LMP) اپنی انگلیوں پر حاصل کریں، اپنے ڈیوائس پر انسٹال کرکے۔
COMMON,,RELOAD,Update Now,आता अद्यतनित करा,अभी अपडेट करें,ଏବେ ଅପଡେଟ କରନ୍ତୁ,ఇప్పుడే అప్‌డేట్ చేయండి,ಈಗ ನವೀಕರಿಸಿ,இப்போது அப்டேட் செய்.,હવે અપડેટ કરો,ابھی اپ ڈیٹ کریں
COMMON,,UPDATE_AVAILABLE,New Update Available!,नवीन अद्यतन उपलब्ध आहे!,नया अपडेट उपलब्ध है!,ନୂଆ ଅପଡେଟ ଉପଲବ୍ଧ!,కొత్త అప్‌డేట్ అందుబాటులో ఉంది!,ಹೊಸ ನವೀಕರಣ ಲಭ್ಯವಿದೆ!,புதிய அப்டேட் கிடைக்கிறது!,નવું અપડેટ ઉપલબ્ધ છે!,نیا اپ ڈیٹ دستیاب ہے!
COMMON,,RELOAD_TO_UPDATE,Get the latest features and improvements—update now to enjoy a smoother experience and stay up-to-date!,नवीनतम वैशिष्ट्ये आणि सुधारणांचा लाभ घेण्यासाठी आता अद्यतनित करा आणि एक सुरळीत अनुभव घ्या!,नए फीचर्स और सुधार पाने के लिए अभी अपडेट करें और बेहतर अनुभव लें!,ନବୀନତମ ସୁବିଧା ଏବଂ ଉନ୍ନତିଗୁଡ଼ିକର ଲାଭ ଉଠାଇବା ପାଇଁ ଏବେ ଅପଡେଟ କରନ୍ତୁ ଏବଂ ଏକ ସୁଗମ ଅନୁଭବର ଆନନ୍ଦ ନିଅନ୍ତୁ!,తాజా ఫీచర్లు మరియు మెరుగుదలలను పొందండి—సున్నితమైన అనుభవాన్ని ఆస్వాదించడానికి మరియు ఎప్పటికప్పుడు అప్‌డేట్‌గా ఉండటానికి ఇప్పుడే అప్‌డేట్ చేయండి!,ಇತ್ತೀಚಿನ ವೈಶಿಷ್ಟ್ಯಗಳು ಮತ್ತು ಸುಧಾರಣೆಗಳನ್ನು ಪಡೆಯಲು ಈಗ ನವೀಕರಿಸಿ ಮತ್ತು ಸುಗಮ ಅನುಭವವನ್ನು ಆನಂದಿಸಿ!,"சமீபத்திய அம்சங்கள் மற்றும் மேம்பாடுகளைப் பயன்படுத்த, இப்போது அப்டேட் செய்து தடையற்ற அனுபவத்தை அனுபவிக்கவும்!",નવીનતમ સુવિધાઓ અને સુધારાઓનો લાભ લેવા માટે હવે અપડેટ કરો અને સીમલેસ અનુભવનો આનંદ માણો!,تازہ ترین خصوصیات اور بہتریوں سے فائدہ اٹھانے کے لیے ابھی اپ ڈیٹ کریں اور ایک ہموار تجربے کا لطف اٹھائیں!
COMMON,,NO_ASSIGNED_BOARDS,No assigned Board for selected Center,निवडलेल्या केंद्रासाठी कोणतेही बोर्ड नियुक्त केलेले नाहीत,चुने गए सेंटर लिए कोई बोर्ड नहीं जोड़ा गया है,ମନୋନୀତ କେନ୍ଦ୍ର ପାଇଁ କୌଣସି ବୋର୍ଡ ନିୟୁକ୍ତ ହୋଇନାହିଁ,ఎంచుకున్న సెంటర్‌కు బోర్డు ఏదీ కేటాయించబడలేదు,ಆಯ್ಕೆಮಾಡಿದ ಕೇಂದ್ರಕ್ಕೆ ಯಾವುದೇ ಬೋರ್ಡ್‌ಗಳನ್ನು ನಿಯೋಜಿಸಲಾಗಿಲ್ಲ,தேர்ந்த மையத்திற்கு எந்த Board-லும் நியமிக்கப்பட்டில்லை.,પસંદ કરેલ કેન્દ્ર માટે કોઈ બોર્ડ નિયુક્ત નથી,منتخب کردہ سینٹر کے لیے کوئی بورڈ تفویض نہیں
COMMON,,YOU_HAVE_UNSAVED_CHANGES,You have unsaved changes. Are you sure you want to go back?,तुमच्याकडे न जतन केलेले बदल आहेत. तुम्हाला खरोखर मागे जायचे आहे का?,कुछ बदलाव सेव नहीं हुए हैं। क्या आप वाकई वापस जाना चाहते हैं?,"ଆପଣଙ୍କ ପାଖରେ ସଂରକ୍ଷିତ ହେବାର ଅପେକ୍ଷାରେ ପରିବର୍ତ୍ତନଗୁଡିକ ଅଛି। ଆପଣ ନିଶ୍ଚିତ କି, ପଛକୁ ଯିବାକୁ ଚାହାଁଛନ୍ତି?",మీరు సేవ్ చేయని మార్పులు చేశారు. మీరు వెనక్కి వెళ్లాలని ఖచ్చితంగా అనుకుంటున్నారా?,ನೀವು ಉಳಿಸದಿರುವ ಬದಲಾವಣೆಗಳನ್ನು ಹೊಂದಿದ್ದೀರಿ. ನೀವು ನಿಜವಾಗಿಯೂ ಹಿಂದಿರುಗಲು ಬಯಸುವಿರಾ?,உங்களிடம் சேமிக்கப்படாத மாற்றங்கள் உள்ளன. நீங்கள் பின்செல்ல விரும்புகிறீர்களா?,તમારી પાસે અસેવ કરેલા ફેરફારો છે. શું તમે ખરેખર પાછા જવા માંગો છો?,آپ کے پاس غیر محفوظ شدہ تبدیلیاں ہیں۔ کیا آپ واقعی واپس جانا چاہتے ہیں؟
COMMON,,ATTENDANCE_IS_USUALLY,Attendance is usually auto-marked after the first session of the day.,हजेरी सामान्यतः दिवसाच्या पहिल्या सत्रानंतर स्वयंचलितपणे चिन्हांकित केली जाते.,दिन के पहले सत्र के बाद उपस्थिति अपने-आप दर्ज हो जाती है।,ଉପସ୍ଥିତି ସାଧାରଣତଃ ଦିନର ପ୍ରଥମ ସେସନ ପରେ ସ୍ୱୟଂଚାଳିତ ଭାବେ ଚିହ୍ନିତ ହୁଏ।,రోజు మొదటి సెషన్ తర్వాత హాజరు సాధారణంగా ఆటో-మార్క్ చేయబడుతుంది.,ಹಾಜರಾತಿಯನ್ನು ಸಾಮಾನ್ಯವಾಗಿ ದಿನದ ಮೊದಲ ಸೆಷನ್‌ನ ನಂತರ ಸ್ವಯಂಚಾಲಿತವಾಗಿ ಗುರುತಿಸಲಾಗುತ್ತದೆ।,வருகை பொதுவாக நாளின் முதல் அமர்வுக்குப் பிறகு தானாகவே குறிக்கப்படுகிறது.,હાજરી સામાન્ય રીતે દિવસના પ્રથમ સત્ર પછી આપમેળે ચિહ્નિત થાય છે.,حاضری عام طور پر دن کے پہلے سیشن کے بعد خودکار طور پر نشان زد کی جاتی ہے۔
COMMON,,ARE_YOU_SURE_MANUALLY,Are you sure you want to mark attendance manually?,तुम्हाला खरोखर स्वहस्ते हजेरी चिन्हांकित करायची आहे का?,क्या आप वाकई उपस्थिति खुद से दर्ज करना चाहते हैं?,ଆପଣ ପ୍ରକୃତରେ ମାନୁଆଲ ଭାବେ ଉପସ୍ଥିତି ଚିହ୍ନିତ କରିବାକୁ ଚାହୁଁଛନ୍ତି କି?,మీరు మాన్యువల్‌గా హాజరును మార్క్ చేయాలనుకుంటున్నారా?,ನೀವು ನಿಜವಾಗಿಯೂ ಹಾಜರಾತಿಯನ್ನು ಕೈಯಾರೆ ಗುರುತಿಸಲು ಬಯಸುವಿರಾ?,வருகையை manual ஆக குறிக்க உறுதியாக இருக்கிறீர்களா?,શું તમે ખરેખર મેન્યુઅલી હાજરી ચિહ્નિત કરવા માંગો છો?,کیا آپ واقعی دستی طور پر حاضری نشان زد کرنا چاہتے ہیں؟
COMMON,,USE_MANUAL,"Use manual marking only for technical issues, sessions on other platforms, or if not conducted online.","तांत्रिक समस्यांसाठी, इतर प्लॅटफॉर्मवर सत्रांसाठी किंवा ऑनलाइन आयोजित नसल्यासच स्वहस्ते चिन्हांकन वापरा.",तकनीकी दिक्कत या ऑफ़लाइन क्लास होने पर ही खुद उपस्थिति दर्ज करें।,"ମାନୁଆଲ ମାର୍କିଂ କେବଳ ଟେକ୍ନିକାଲ ସମସ୍ୟା, ଅନ୍ୟ ପ୍ଲାଟଫର୍ମରେ ସେସନ, କିମ୍ବା ଅନଲାଇନରେ ଆୟୋଜିତ ନ ହେଲେ ବ୍ୟବହାର କରନ୍ତୁ।","సాంకేతిక సమస్యలు, లేదా ఇతర ప్లాట్‌ఫారమ్‌లలోని సెషన్ల కోసం లేదా ఆన్‌లైన్‌లో నిర్వహించబడకపోతే మాత్రమే మాన్యువల్ మార్కింగ్‌ను ఉపయోగించండి.","ತಾಂತ್ರಿಕ ಸಮಸ್ಯೆಗಳು, ಇತರ ಪ್ಲಾಟ್‌ಫಾರ್ಮ್‌ಗಳಲ್ಲಿ ಸೆಷನ್‌ಗಳು, ಅಥವಾ ಆನ್‌ಲೈನ್‌ನಲ್ಲಿ ನಡೆಯದಿದ್ದರೆ ಮಾತ್ರ ಕೈಯಾರೆ ಗುರುತಿಸುವಿಕೆಯನ್ನು ಬಳಸಿ।","தொழில்நுட்ப பிரச்சினைகள், வேறு platforms-ல் நடந்த செஷன்கள் அல்லது ஆன்லைனில் நடைபெறாதவை மட்டுமே manual marking பயன்படுத்தவும்.","મેન્યુઅલ માર્કિંગનો ઉપયોગ ફક્ત ટેકનિકલ સમસ્યાઓ, અન્ય પ્લેટફોર્મ પર સત્રો, અથવા ઓનલાઇન ન યોજાયેલ હોય ત્યારે જ કરો.",دستی نشان دہی کا استعمال صرف تکنیکی مسائل، دیگر پلیٹ فارمز پر سیشنز، یا آن لائن منعقد نہ ہونے کی صورت میں کریں۔
COMMON,,NOTE_MANUALLY,Note: Manually marked attendance will override auto-attendance if it is later recorded.,टीप: स्वहस्ते चिन्हांकित हजेरी स्वयंचलित हजेरीला ओव्हरराइड करेल जर ती नंतर नोंदवली गेली तर.,"नोट: अगर बाद में ऑटो उपस्थिति दर्ज होती है, तो आपके द्वारा भरी गई उपस्थिति फाइनल मानी जाएगी।",ନୋଟ: ମାନୁଆଲ ଭାବେ ଚିହ୍ନିତ ଉପସ୍ଥିତି ପରେ ରେକର୍ଡ ହେଲେ ସ୍ୱୟଂଚାଳିତ ଉପସ୍ଥିତିକୁ ଓଭରରାଇଡ କରିବ।,"గమనిక: మాన్యువల్‌గా మార్క్ చేసిన హాజరు, తర్వాత రికార్డ్ చేయబడితే ఆటో-హాజరును భర్తీ చేస్తుంది (override చేస్తుంది).","ಗಮನಿಸಿ: ಕೈಯಾರೆ ಗುರುತಿಸಿದ ಹಾಜರಾತಿಯು ಸ್ವಯಂಚಾಲಿತ ಹಾಜರಾತಿಯನ್ನು ಮೀರಿಸುತ್ತದೆ, ಒಂದು ವೇಳೆ ಇದನ್ನು ನಂತರ ದಾಖಲಿಸಿದರೆ।",குறிப்பு: பின்னர் பதிவு செய்யப்பட்டால் manual marking செய்யப்பட்ட வருகை சுய வருகையை மாற்றும்.,નોંધ: મેન્યુઅલી ચિહ્નિત હાજરી આપમેળે હાજરીને ઓવરરાઇડ કરશે જો તે પછીથી નોંધાય.,نوٹ: دستی طور پر نشان زد کی گئی حاضری خودکار حاضری کو اوور رائیڈ کر دے گی اگر یہ بعد میں درج کی جاتی ہے۔
COMMON,,YES_MANUALLY,"Yes, Mark Manually","होय, स्वहस्ते चिन्हांकित करा","हाँ, खुद दर्ज करें","ହଁ, ମାନୁଆଲ ଭାବେ ଚିହ୍ନିତ କରନ୍ତୁ","అవును, మాన్యువల్‌గా మార్క్ చేయండి","ಹೌದು, ಕೈಯಾರೆ ಗುರುತಿಸಿ","ஆம், manual ஆக குறி","હા, મેન્યુઅલી ચિહ્નિત કરો",ہاں، دستی طور پر نشان زد کریں
COMMON,,NO_CENTER_AND_BATCH_FOUND,No Center & Batch Found,कोणतेही केंद्र आणि बॅच सापडले नाही,कोई सेंटर या बैच नहीं मिला,କୌଣସି କେନ୍ଦ୍ର ଏବଂ ବ୍ୟାଚ ମିଳିଲା ନାହିଁ,సెంటర్ & బ్యాచ్ కనుగొనబడలేదు,ಯಾವುದೇ ಕೇಂದ್ರ ಮತ್ತು ಬ್ಯಾಚ್ ಕಂಡುಬಂದಿಲ್ಲ,எந்த மையமும் மற்றும் குழுவும் கிடைக்கவில்லை.,કોઈ કેન્દ્ર અને બેચ મળ્યું નથી,کوئی سینٹر اور بیچ نہیں ملا
COMMON,,NO_BATCH_FOUND,No Batch Found,कोणताही बॅच सापडला नाही,कोई बैच नहीं मिला,କୌଣସି ବ୍ୟାଚ ମିଳିଲା ନାହିଁ,"అవును, మాన్యువల్‌గా గుర్తించండి",ಯಾವುದೇ ಬ್ಯಾಚ್ ಕಂಡುಬಂದಿಲ್ಲ,எந்த குழுவும் கிடைக்கவில்லை,કોઈ બેચ મળ્યું નથી,کوئی بیچ نہیں ملا
COMMON,,BATCH,Batch,बॅच,बैच,ବ୍ୟାଚ,బ్యాచ్ కనుగొనబడలేదు,ಬ್ಯಾಚ್,குழு,બેચ,بیچ
COMMON,,BATCHES,Batches,बॅचेस,बैचेस,ବ୍ୟାଚଗୁଡ଼ିକ,బ్యాచ్‌లు,ಬ್ಯಾಚ್‌ಗಳು,குழுக்கள்,બેચો,بیچز
COMMON,,BATCH_SESSIONS,Batch Sessions,बॅच सत्रे,बैच सत्र,ବ୍ୟାଚ ସେସନ,బ్యాచ్ సెషన్స్,ಬ್ಯಾಚ್ ಸೆಷನ್‌ಗಳು,குழு அமர்வுகள்,બેચ સત્રો,بیچ سیشنز
COMMON,,NOT_ABLE_CREATE_LEARNER,Not able to create learner,शिकणारा तयार करण्यात अक्षम,लर्नर जोड़ा नहीं जा सका,ଶିକ୍ଷାର୍ଥୀ ସୃଷ୍ଟି କରିବାରେ ଅସମର୍ଥ,లెర్నర్‌ను సృష్టించలేకపోతున్నారు,ಕಲಿಯುವವರನ್ನು ರಚಿಸಲು ಸಾಧ್ಯವಿಲ್ಲ,மாணவரை உருவாக்க முடியவில்லை,શીખનાર બનાવવામાં અસમર્થ,طالب علم بنانے میں ناکام
COMMON,,NOT_ABLE_CREATE_FACILITATOR,Not Able To Create Facilitator,सुविधादाता तयार करण्यात अक्षम,फैसिलिटेटर जोड़ा नहीं जा सका,ଶିକ୍ଷକ ସୃଷ୍ଟି କରିବାରେ ଅସମର୍ଥ,ఫెసిలిటేటర్‌ను సృష్టించలేకపోతున్నారు,ಸುಗಮಕಾರರನ್ನು ರಚಿಸಲು ಸಾಧ್ಯವಿಲ್ಲ,பெசிலிடேட்டரை உருவாக்க முடியவில்லை,સુવિધાકર્તા બનાવવામાં અસમર્થ,فیسلیٹیٹر بنانے میں ناکام
COMMON,,LEARNER_CREATED_SUCCESSFULLY,Leaner has been Successfully Created!,शिकणारा यशस्वीरित्या तयार झाला आहे!,लर्नर सफलतापूर्वक बनाया गया!,ଶିକ୍ଷାର୍ଥୀ ସଫଳତାର ସହିତ ସୃଷ୍ଟି କରାଯାଇଛି!,లెర్నర్ విజయవంతంగా సృష్టించబడింది!,ವಿದ್ಯಾರ್ಥಿ ಅನ್ನು ಯಶಸ್ವಿಯಾಗಿ ರಚಿಸಲಾಗಿದೆ!,மாணவர் வெற்றிகரமாக உருவாக்கப்பட்டார்!,લર્નર  સફળતાપૂર્વક બનાવવામાં આવ્યું છે,طالب علم کو کامیابی کے ساتھ بنایا گیا ہے!
COMMON,,FACILITATOR_COUNT,Facilitators Total count: {{count}},सुविधा देणारे एकूण संख्या: {{count}},फैसिलिटेटर  कुल संख्या: {{count}},ଫେସିଲେଟଟରଙ୍କ  ମୋଟ ସଂଖ୍ୟା: {{count}},ఫెసిలిటేటర్ల మొత్తం సంఖ్య: {{count}},ಅನುಕೂಲಕರು ಒಟ್ಟು ಸಂಖ್ಯೆ: {{count}},பெசிலிடேட்டர் மொத்த எண்ணிக்கை: {{count}},સુવિધાકર્તાઓ કુલ સંખ્યા: {{count}},فیسلیٹیٹرز کی کل تعداد: {{count}}
COMMON,,LEARNER_COUNT,Learners Total count: {{count}},शिक्षकांची एकूण संख्या: {{count}},लर्नर्स कुल संख्या: {{count}},ଶିକ୍ଷାର୍ଥୀଙ୍କ ମୋଟ ସଂଖ୍ୟା: {{count}},లెర్నర్ల మొత్తం సంఖ్య: {{count}},ಕಲಿಕಾದಾರರು ಒಟ್ಟು ಸಂಖ್ಯೆ: {{count}},மொத்த மாணவர்  எண்ணிக்கை: {{count}},શીખનારાઓ કુલ સંખ્યા: {{count}},طلباء کی کل تعداد: {{count}}
COMMON,,FILTER_BY_ATTENDANCE_PERCENTAGE,Filters By Attendance Percentage,उपस्थितीच्या टक्केवारीनुसार फिल्टर,उपस्थिति प्रतिशत के अनुसार फ़िल्टर करें,ଉପସ୍ଥିତି ପ୍ରତିଶତ ଅନୁସାରେ ଫିଲ୍ଟର,హాజరు శాతం ద్వారా ఫిల్టర్లు,ಹಾಜರಾತಿ ಶೇಕಡಾವಾರು ಪ್ರಕಾರ ಫಿಲ್ಟರ್‌ಗಳು,வருகை சதவீதத்தின் அடிப்படையில் பில்டர்கள்,હાજરી ટકાવારી દ્વારા ફિલ્ટર,حاضری فیصد کے لحاظ سے فلٹرز
COMMON,,MORE_THAN,More than {{range}} %,{{range}} % पेक्षा जास्त,{{range}} % से अधिक,{{range}} % ରୁ ଅଧିକ,{{range}} % కంటే ఎక్కువ,{{range}} ಕ್ಕಿಂತ ಹೆಚ್ಚು %,{{range}} க்கும் அதிகமாக %,{{range}} % થી વધુ,{حد}} % سے زیادہ
COMMON,,BETWEEN,Between {{lowerLimit}} - {{upperLimit}} %,{{lowerLimit}} - {{upperLimit}} % दरम्यान,{{lowerLimit}} - {{upperLimit}} % के बीच,{{lowerLimit}} - {{upperLimit}} % ମଧ୍ୟରେ,{{lowerLimit}} - {{upperLimit}} % మధ్య,{{lowerLimit}} ನಡುವೆ - {{upperLimit}} %,{{lowerLimit}} - {{upperLimit}} க்கு இடையில் %,{{lowerLimit}} - {{upperLimit}} % ની વચ્ચે,{{ نچلی حد}} - {{ اوپری حد}} % کے درمیان
COMMON,,LESS_THAN,Less than {{range}} %,{{range}} % पेक्षा कमी,{{range}} % से कम,{{range}} % ରୁ କମ୍,{{range}} % కంటే తక్కువ,{{range}} ಕ್ಕಿಂತ ಕಡಿಮೆ %,{{range}} க்கும் குறைவாக %,{{range}} % કરતા ઓછો,{حد} % سے کم
COMMON,,MODIFY_CENTER_ATTENDANCE,Modify Center Attendance,केंद्र उपस्थिती सुधारित करा,केंद्र की उपस्थिति बदलें,କେନ୍ଦ୍ର ଉପସ୍ଥାନ ପରିବର୍ତ୍ତନ କରନ୍ତୁ,సెంటర్ హాజరును సవరించండి,ಕೇಂದ್ರ ಹಾಜರಾತಿಯನ್ನು ಮಾರ್ಪಡಿಸಿ,மைய வருகையை மாற்றவும்,કેન્દ્ર હાજરીમાં ફેરફાર કરો,سنٹر حاضری میں ترمیم کریں۔
COMMON,,SURE_REASSIGN_CENTER,Are you sure you want to re-assign center of this user?,आपण खात्रीने या वापरकर्त्यास केंद्र पुन्हा नियुक्त करायचे आहे का?,क्या आप वाकई इस उपयोगकर्ता का केंद्र पुनः असाइन करना चाहते हैं?,ଆପଣ ନିଶ୍ଚିତ କି ଏହି ୟୁଜରଙ୍କର ସେଣ୍ଟର୍ ପୁନଃନିର୍ଦ୍ଧାରଣ କରିବାକୁ ଚାହାଁଛନ୍ତି?,మీరు ఈ వినియోగదారు కేంద్రాన్ని మళ్లీ కేటాయించాలనుకుంటున్నారా?,ಈ ಬಳಕೆದಾರರ ಕೇಂದ್ರವನ್ನು ಮರು ನಿಯೋಜಿಸಲು ನೀವು ಖಚಿತವಾಗಿ ಬಯಸುವಿರಾ?,இந்த பயனரின் மையத்தை மீண்டும் ஒதுக்க விரும்புகிறீர்களா?,શું તમે ખરેખર આ વપરાશકર્તાનું કેન્દ્ર ફરીથી સોંપવા માંગો છો?,کیا آپ واقعی اس صارف کے مرکز کو دوبارہ تفویض کرنا چاہتے ہیں؟
COMMON,,TEST_REPORT,Test Report,चाचणी अहवाल,परीक्षा रिपोर्ट,ପରୀକ୍ଷା ରିପୋର୍ଟ,పరీక్ష నివేదిక,ಪರೀಕ್ಷಾ ವರದಿ,தேர்வு அறிக்கை,ટેસ્ટ રિપોર્ટ,ٹیسٹ رپورٹ
COMMON,,REASSIGN_BLOCKS,Reassign Blocks,केंद्रे जोडा किंवा पुन्हा नियुक्त करा,केंद्र जोड़ें या पुनः असाइन करें,କେନ୍ଦ୍ରଗୁଡିକ ଯୋଡନ୍ତୁ କିମ୍ବା ପୁନ ନ୍ୟସ୍ତ କରନ୍ତୁ,బ్లాక్‌లను మళ్లీ కేటాయించండి,ಸೆಂಟರ್ ಗಳನ್ನು ಸೇರಿಸಿ ಅಥವಾ ಮರು ನಿಯೋಜಿಸಿ,வட்டங்களை மீண்டும் ஒதுக்கவும்,સેન્ટર્સ ઉમેરો અથવા ફરીથી સોંપો,بلاک دوبارہ تفویض کریں
COMMON,,SELECT_CENTER,Select Center,केंद्र निवडा.,केंद्र चुनें,କେନ୍ଦ୍ର ବାଛନ୍ତୁ,కేంద్రాన్ని ఎంచుకోండి,ಕೇಂದ್ರವನ್ನು ಆಯ್ಕೆಮಾಡಿ,சென்டரைத் தேர்ந்தெடுக்கவும்,સેન્ટર પસંદ કરો,مرکز منتخب کریں
COMMON,,NO_VILLAGES,No Villages,गावे नाहीत,कोई गाँव नहीं,କୌଣସି ଗ୍ରାମ ନାହିଁ,గ్రామాలు లేవు,ಗ್ರಾಮಗಳಿಲ್ಲ,கிராமங்கள் இல்லை,કોઈ ગામ નથી,کوئی گاؤں نہیں
COMMON,,ALL_VILLAGES,All Villages,सर्व गावे,सभी गाँव,ସମସ୍ତ ଗ୍ରାମ,అన్ని గ్రామాలు,ಎಲ್ಲಾ ಗ್ರಾಮಗಳು,அனைத்து கிராமங்கள்,બધા ગામ,تمام گاؤں
COMMON,,USERS_&VILLAGES,Users & Villages,वापरकर्ते आणि गावे,उपयोगकर्ता और गाँव,ଉପଭୋକ୍ତା ଏବଂ ଗାଁ,వినియోగదారులు & గ్రామాలు,ಬಳಕೆದಾರರು ಮತ್ತು ಗ್ರಾಮಗಳು,பயனர்கள் மற்றும் கிராமங்கள்,વપરાશકર્તાઓ અને ગામો,صارفین اور گاؤں
COMMON,,NEW_BATCH,New Batch,नवीन बॅच,नया बैच,ନୂତନ ବ୍ୟାଚ୍,కొత్త బ్యాచ్,ಹೊಸ ಬ್ಯಾಚ್,புதிய குழு,નવો બેચ,نیا بیچ
COMMON,,REASSIGN_BATCH,Re-assign Batch,बॅच पुनःनेमणूक करा,बैच फिर से असाइन करें,ବ୍ୟାଚ୍ ପୁନଃ ଆସାଇନ  କରନ୍ତୁ,బ్యాచ్‌ను మళ్లీ కేటాయించండి,ಬ್ಯಾಚ್ ಮರುನಿಯೋಜಿಸಿ,குழுவை மீண்டும் ஒதுக்கவும்,બેચ ફરીથી નિયુક્ત કરો,بیچ دوبارہ تفویض کریں
COMMON,,NOT_ABLE_UPDATE_FACILITATOR,Not Able To Update Facilitator,सुविधादार अपडेट करता येत नाही,फैसिलिटेटर  को अपडेट नहीं कर पा रहे हैं,ଫେସିଲେଟଟର ଅପଡେଟ  କରିପାରିଲେ ନାହିଁ,సులభతరం చేసే వ్యక్తిని అప్‌డేట్ చేయలేకపోతున్నారు,ಫೆಸಿಲಿಟೇಟರ್ ಅನ್ನು ನವೀಕರಿಸಲು ಸಾಧ್ಯವಾಗುತ್ತಿಲ್ಲ,ஃபெசிலிடேட்டரைப் புதுப்பிக்க முடியவில்லை.,ફેસિલિટેટર અપડેટ થઈ શકતા નથી,فیسلیٹیٹر کو اپڈیٹ نہیں کیا جا سکا
COMMON,,HI,"Hi, {{name}}","नमस्कार, {{name}}","नमस्ते, {{name}}","ନମସ୍କାର, {{name}}","హాయ్, '{{name}}'","ನಮಸ್ಕಾರ, {{name}}","வணக்கம், {{name}}","નમસ્તે, {{name}}",ہیلو، {{name}}
COMMON,,FAQS,FAQ's,नेहमी विचारले जाणारे प्रश्न (FAQ's),अक्सर पूछे जाने वाले प्रश्न (FAQ's),ସାଧାରଣ ପ୍ରଶ୍ନୋତ୍ତର (FAQ's),తరచుగా అడిగే ప్రశ్నలు,ಪದೇ ಪದೇ ಕೇಳಲಾಗುವ ಪ್ರಶ್ನೆಗಳು (FAQ),அடிக்கடி கேட்கப்படும் கேள்விகள் (FAQ),વારંવાર પૂછાતા પ્રશ્નો (FAQ's),اکثر پوچھے جانے والے سوالات (FAQ's)
COMMON,,PLEASE_SELECT_AT_LEAST_ONE_BATCH,Please select at least one batch,कृपया किमान एक बॅच निवडा.,कृपया कम से कम एक बैच का चयन करें,ଦୟାକରି ଅତି କମରେ ଗୋଟିଏ ବ୍ୟାଚ୍ ଚୟନ କରନ୍ତୁ,దయచేసి కనీసం ఒక బ్యాచ్‌ని ఎంచుకోండి.,ದಯವಿಟ್ಟು ಕನಿಷ್ಠ ಒಂದು ಬ್ಯಾಚ್ ಅನ್ನು ಆಯ್ಕೆ ಮಾಡಿ.,குறைந்தது ஒரு தொகுப்பையாவது தேர்ந்தெடுக்கவும்.,કૃપા કરીને ઓછામાં ઓછી એક બેચ પસંદ કરો,براہ کرم کم از کم ایک بیچ منتخب کریں
COMMON,,PLEASE_SEARCH_AND_SELECT_USER,Please search and select a user,कृपया वापरकर्ता शोधा आणि निवडा.,कृपया उपयोगकर्ता खोजें और चुनें,ଦୟାକରି ସନ୍ଧାନ କରନ୍ତୁ ଏବଂ ଜଣେ ଉପଯୋଗକର୍ତ୍ତା ଚୟନ କରନ୍ତୁ।,దయచేసి శోధించి వినియోగదారుని ఎంచుకోండి.,ದಯವಿಟ್ಟು ಹುಡುಕಿ ಮತ್ತು ಬಳಕೆದಾರರನ್ನು ಆಯ್ಕೆ ಮಾಡಿ.,தயவுசெய்து தேடி ஒரு பயனரைத் தேர்ந்தெடுக்கவும்.,કૃપા કરીને વપરાશકર્તા શોધો અને પસંદ કરો.,براہ کرم صارف تلاش کریں اور منتخب کریں
COMMON,,PLEASE_SELECT_CENTER,Please select a center,कृपया एक केंद्र निवडा.,कृपया एक केंद्र चुनें,ଦୟାକରି ଏକ କେନ୍ଦ୍ର ଚୟନ କରନ୍ତୁ।,దయచేసి ఒక కేంద్రాన్ని ఎంచుకోండి.,ದಯವಿಟ್ಟು ಕೇಂದ್ರವನ್ನು ಆಯ್ಕೆಮಾಡಿ.,தயவுசெய்து ஒரு மையத்தைத் தேர்ந்தெடுக்கவும்.,કૃપા કરીને એક કેન્દ્ર પસંદ કરો.,براہ کرم ایک مرکز منتخب کریں
COMMON,,REASSIGN,Re-assign,पुन्हा नियुक्त करा,पुनः असाइन करें,ପୁନଃ ନିଯୁକ୍ତି,మళ్లీ కేటాయించు,ಮರುನಿಯೋಜಿಸಿ,மீண்டும் ஒதுக்கு,ફરીથી સોંપો,دوبارہ تفویض
COMMON,,REASSIGN_LEARNER_TO_BATCH,Reassign Learner to Batch,शिकणाऱ्याला बॅचमध्ये पुन्हा नियुक्त करा,शिक्षार्थी को बैच में पुनः असाइन करें,ଶିକ୍ଷାର୍ଥୀଙ୍କୁ ବ୍ୟାଚ୍‌କୁ ପୁନଃ ନିଯୁକ୍ତି କରନ୍ତୁ,అభ్యాసకుడిని బ్యాచ్‌కు మళ్లీ కేటాయించు,ಕಲಿಯುವವರನ್ನು ಬ್ಯಾಚ್‌ಗೆ ಮರುನಿಯೋಜಿಸಿ,கற்பவரைத் தொகுப்பிற்கு மீண்டும் ஒதுக்கு,શીખનારને બેચમાં ફરીથી સોંપો,طالب علم کو بیچ میں دوبارہ تفویض کریں
COMMON,,LOADING_ELLIPSIS,Loading...,लोड होत आहे...,लोड हो रहा है...,ଲୋଡ୍ ହେଉଛି...,లోడ్ అవుతోంది...,ಲೋಡ್ ಆಗುತ್ತಿದೆ...,ஏற்றுகிறது...,લોડ થઈ રહ્યું છે...,لوڈ ہو رہا ہے...
COMMON,,SELECT_BATCH_WIDGET_TITLE,Select batch,बॅच निवडा,बैच चुनें,ବ୍ୟାଚ୍ ବାଛନ୍ତୁ,బ్యాచ్ ఎంచుకోండి,ಬ್ಯಾಚ್ ಆಯ್ಕೆಮಾಡಿ,தொகுப்பைத் தேர்ந்தெடுக்கவும்,બેચ પસંદ કરો,بیچ منتخب کریں
COMMON,,PLEASE_SELECT_BATCH,Please select a batch,कृपया एक बॅच निवडा,कृपया एक बैच चुनें,ଦୟାକରି ଏକ ବ୍ୟାଚ୍ ବାଛନ୍ତୁ,దయచేసి ఒక బ్యాచ్ ఎంచుకోండి,ದಯವಿಟ್ಟು ಒಂದು ಬ್ಯಾಚ್ ಆಯ್ಕೆಮಾಡಿ,தயவுசெய்து ஒரு தொகுப்பைத் தேர்ந்தெடுக்கவும்,કૃપા કરીને એક બેચ પસંદ કરો,براہ کرم ایک بیچ منتخب کریں
LOGIN_PAGE,,USERNAME,Username,वापरकर्ता नाव,उपयोगकर्ता नाम,ଉପଯୋଗକର୍ତା ନାମ,యూజర్‌నేమ్,ಬಳಕೆದಾರಹೆಸರು,பயனர் பெயர்,વપરાશકર્તા નામ,صارف کا نام
LOGIN_PAGE,,PASSWORD,Password,पासवर्ड,पासवर्ड,ପାସୱାର୍ଡ,పాస్‌వర్డ్,ಪಾಸ್ ವರ್ಡ್,கடவுச்சொல்,પાસવર્ડ,پاس ورڈ
LOGIN_PAGE,,LOGIN,Login,लॉगिन करा,लॉग इन करें,ପ୍ରବେଶ,Login,ಲಾಗಿನ್,உள்நுழைவு,લોગ ઇન,لاگ ان کریں
LOGIN_PAGE,,USERNAME_PLACEHOLDER,Enter username,वापरकर्ता नाव प्रविष्ट करा,उपयोगकर्ता नाम दर्ज करें,ଉପଯୋଗକର୍ତା ନାମ ଏଣ୍ଟର କର,యూజర్‌నేమ్ నమోదు చేయండి,ಬಳಕೆದಾರಹೆಸರನ್ನು ನಮೂದಿಸಿ,பயனர் பெயரை உள்ளிடு,વપરાશકર્તા નામ દાખલ કરો,صارف کا نام درج کریں
LOGIN_PAGE,,PASSWORD_PLACEHOLDER,Enter password,पासवर्ड प्रविष्ट करा,पासवर्ड दर्ज करें,ପାସୱାର୍ଡ ଏଣ୍ଟର କର,పాస్‌వర్డ్ నమోదు చేయండి,ಪಾಸ್‌ವರ್ಡ್ ನಮೂದಿಸಿ,கடவுச்சொல்லை உள்ளிடு,પાસવર્ડ દાખલ કરો,پاس ورڈ درج کریں
LOGIN_PAGE,,USERNAME_PASSWORD_NOT_CORRECT,The username or password you entered is incorrect,आपण प्रविष्ट केलेले वापरकर्ता नाव किंवा पासवर्ड चुकीचा आहे,आपका यूजरनेम या पासवर्ड गलत है,ଆପଣଙ୍କ ବ୍ୟବହାରକୃତ ନାମ କିମ୍ବା ପାସ୍‌ୱାର୍ଡ ଭୁଲ ଅଛି,మీరు నమోదు చేసిన యూజర్‌నేమ్ లేదా పాస్‌వర్డ్ తప్పు,ನೀವು ನಮೂದಿಸಿದ ಬಳಕೆದಾರಹೆಸರು ಅಥವಾ ಪಾಸ್‌ವರ್ಡ್ ತಪ್ಪಾಗಿದೆ.,நீங்கள் உள்ளிட்ட பயனர் பெயர் அல்லது கடவுச்சொல் தவறானது.,તમે દાખલ કરેલ વપરાશકર્તા નામ અથવા પાસવર્ડ ખોટો છે,صارف کا نام یا پاس ورڈ غلط ہے
LOGIN_PAGE,,FORGOT_PASSWORD,Forgot Password?,पासवर्ड विसरलात का?,पासवर्ड भूल गए?,ପାସ୍‌ୱାର୍ଡ ଭୁଲିଛନ୍ତି?,పాస్‌వర్డ్ మర్చిపోయారా?,ಪಾಸ್ವರ್ಡ್ ಮರೆತಿರಾ?,கடவுச்சொல்லை மறந்துவிட்டீர்களா?,પાસવર્ડ ભૂલી ગયા છો?,پاس ورڈ بھول گئے؟
LOGIN_PAGE,,REMEMBER_ME,Remember Me,मला लक्षात ठेवा,याद रखें,ମୋତେ ମନ ରଖ,నన్ను గుర్తుంచుకో,ನನ್ನನ್ನು ನೆನಪಿನಲ್ಲಿಡಿ,எனக்கு நினைவூட்டு,મને યાદ રાખો,مجھے یاد رکھیں
LOGIN_PAGE,,CONFIRM_PASSWORD,Confirm password,पासवर्डची खात्री करा,पासवर्ड की पुष्टि करें,ପାସୱାର୍ଡ ନିଶ୍ଚିତ କରନ୍ତୁ,పాస్‌వర్డ్‌ను నిర్ధారించండి,ಪಾಸ್‌ವರ್ಡ್ ದೃಢೀಕರಿಸಿ,கடவுச்சொல்லை உறுதிப்படுத்தவும்,પાસવર્ડની પુષ્ટિ કરો,پاس ورڈ کی تصدیق کریں
LOGIN_PAGE,,RESET_PASSWORD,Reset Password,पासवर्ड रीसेट करा,पासवर्ड रीसेट करें,ପାସୱାର୍ଡ ପୁନଃ  ସେଟ୍ କରନ୍ତୁ,పాస్‌వర్డ్‌ను రీసెట్ చేయండి,ಪಾಸ್ವರ್ಡ್ ಮರುಹೊಂದಿಸಿ,கடவுச்சொல்லை ரீசெட் செய்ய,પાસવર્ડ રીસેટ કરો,پاس ورڈ ری دبارہ بنائیں
LOGIN_PAGE,,CREATE_NEW,"Create a new, strong password that you don't use for other websites",असा नवीन आणि मजबूत पासवर्ड तयार करा जो तुम्ही इतर वेबसाइट्ससाठी वापरत नाही,"एक नया, मजबूत पासवर्ड बनाएं जिसे आप अन्य वेबसाइटों पर उपयोग न करें","ଏକ ନୂତନ, ଶକ୍ତିଶାଳୀ ପାସୱାର୍ଡ ସୃଷ୍ଟି କରନ୍ତୁ ଯାହାକୁ ଆପଣ ଅନ୍ୟ ୱେବସାଇଟରେ ବ୍ୟବହାର କରନ୍ତି ନାହିଁ","మీరు ఇతర వెబ్‌సైట్‌లకు ఉపయోగించని కొత్త, బలమైన పాస్‌వర్డ్‌ను సృష్టించండి","ನೀವು ಇತರ ವೆಬ್‌ಸೈಟ್‌ಗಳಿಗೆ ಬಳಸದ ಹೊಸ, ಬಲಿಷ್ಠ ಪಾಸ್‌ವರ್ಡ್ ಅನ್ನು ರಚಿಸಿ.","பிற வலைத்தளங்களுக்கு நீங்கள் பயன்படுத்தாத புதிய, வலிமையான கடவுச்சொல்லை உருவாக்கவும்","નવો, મજબૂત પાસવર્ડ બનાવો જેનો તમે અન્ય વેબસાઇટ્સ માટે ઉપયોગ કરતા નથી",ایک نیا، مضبوط پاس ورڈ بنائیں جو آپ دیگر ویب سائٹس کے لیے استعمال نہیں کرتے
LOGIN_PAGE,,NOT_MATCH,Passwords do not match,पासवर्ड जुळत नाही,पासवर्ड मेल नहीं खा रहे हैं,ପାସୱାର୍ଡ ମେଳ ଖାଉ ନାହିଁ,పాస్‌వర్డ్‌లు సరిపోలడం లేదు,ಪಾಸ್‌ವರ್ಡ್‌ಗಳು ಹೊಂದಿಕೆಯಾಗುತ್ತಿಲ್ಲ.,கடவுச்சொற்கள் பொருந்தவில்லை,પાસવર્ડ મેળ ખાતા નથી,پاس ورڈز میل نہیں کھاتے
LOGIN_PAGE,,CHARACTERS_LONG,Passwords must be at least 8 characters long,पासवर्ड किमान 8 अक्षराचा असणे आवश्यक आहे,पासवर्ड कम से कम 8 अक्षरों का होना चाहिए,ପାସୱାର୍ଡ ଅତିକମରେ 8 ଅକ୍ଷର ଲମ୍ବା ହେବା ଜରୁରୀ,పాస్‌వర్డ్‌లు కనీసం 8 అక్షరాలు పొడవు ఉండాలి,ಪಾಸ್‌ವರ್ಡ್‌ಗಳು ಕನಿಷ್ಠ 8 ಅಕ್ಷರಗಳಷ್ಟು ಉದ್ದವಿರಬೇಕು.,கடவுச்சொற்கள் குறைந்தது 8 எழுத்துக்குறிகள் நீளமாக இருக்க வேண்டும்,પાસવર્ડ ઓછામાં ઓછા 8 અક્ષર લાંબા હોવા જોઈએ,پاس ورڈ کم از کم 8 حر في طویل ہونا چاہیے
LOGIN_PAGE,,OLD_PASSWORD,Old Password,जुना पासवर्ड,पुराना पासवर्ड,ପୁରୁଣା ପାସୱାର୍ଡ,పాత పాస్‌వర్డ్,ಹಳೆಯ ಪಾಸ್‌ವರ್ಡ್,பழைய கடவுச்சொல்,જૂનો પાસવર્ડ,پرانا پاس ورڈ
LOGIN_PAGE,,NEW_PASSWORD,New Password,नवीन पासवर्ड,नया पासवर्ड,ନୂତନ ପାସୱାର୍ଡ,కొత్త పాస్‌వర్డ్,ಹೊಸ ಪಾಸ್‌ವರ್ಡ್,புதிய கடவுச்சொல்,નવો પાસવર્ડ,نیا پاس ورڈ
LOGIN_PAGE,,CONFIRM_NEW_PASSWORD,Confirm New Password,नवीन पासवर्डची खात्री करा,नया पासवर्ड पुष्टि करें,ନୂତନ ପାସୱାର୍ଡ ନିଶ୍ଚିତ କରନ୍ତୁ,కొత్త పాస్‌వర్డ్‌ను నిర్ధారించండి,ಹೊಸ ಪಾಸ್‌ವರ್ಡ್ ಅನ್ನು ದೃಢೀಕರಿಸಿ,புதிய கடவுச்சொல்லை உறுதிப்படுத்தவும்,નવા પાસવર્ડની પુષ્ટિ કરો,نئے پاس ورڈ کی تصدیق کریں
LOGIN_PAGE,,TROUBLE_LOGIN,Trouble with logging in?,लॉगिनसाठी समस्या येत आहे का?,लॉगिन में समस्या हो रही है?,ଲଗ୍ ଇନ୍ କରିବାରେ ଅସୁବିଧା ହେଉଛି କି?,లాగిన్ చేయడంలో సమస్య ఉందా?,ಲಾಗಿನ್ ಆಗುವಲ್ಲಿ ತೊಂದರೆ ಇದೆಯೇ?,உள்நுழைவதில் சிக்கலா?,લૉગ ઇન કરવામાં મુશ્કેલી?,لاگ ان کرنے میں پریشانی ہو رہی ہے؟
LOGIN_PAGE,,ENTER_USERNAME_TO_GET_LINK,"Enter your username, we’ll send you a link to get back into your account.","तुमचे वापरकर्ता नाव एंटर करा, तुमच्या खात्यात परत येण्यासाठी आम्ही तुम्हाला एक लिंक पाठवू","अपना उपयोगकर्ता नाम दर्ज करें, हम आपको आपके खाते में वापस जाने के लिए एक लिंक भेजेंगे","ଆପଣଙ୍କର ଉପଯୋଗକର୍ତ୍ତା ନାମ ପ୍ରବେଶ କରନ୍ତୁ, ଆମେ ଆପଣଙ୍କ ଖାତାକୁ ଫେରିବା ପାଇଁ ଆପଣଙ୍କୁ ଏକ ଲିଙ୍କ୍ ପଠାଇବୁ","మీ యూజర్‌నేమ్‌ను నమోదు చేయండి, మీ ఖాతాలోకి తిరిగి రావడానికి మేము మీకు లింక్‌ను పంపుతాము","ನಿಮ್ಮ ಬಳಕೆದಾರಹೆಸರನ್ನು(username) ನಮೂದಿಸಿ, ನಿಮ್ಮ ಖಾತೆಗೆ ಹಿಂತಿರುಗಲು ನಾವು ನಿಮಗೆ ಲಿಂಕ್ ಕಳುಹಿಸುತ್ತೇವೆ.","உங்கள் பயனர்பெயரை உள்ளிடவும், உங்கள் கணக்கில் மீண்டும் உள்நுழைய ஒரு link அனுப்புவோம்.","તમારું વપરાશકર્તા નામ દાખલ કરો, અમે તમને તમારા એકાઉન્ટમાં પાછા આવવા માટે એક લિંક મોકલીશું",اپنا صارف کا نام درج کریں، ہم آپ کو آپ کے اکاؤنٹ میں واپس آنے کے لیے ایک لنک بھیجیں گے۔
LOGIN_PAGE,,ENTER_USERNAME,Enter Username,वापरकर्तानाव प्रविष्ट करा,उपयोगकर्ता नाम दर्ज करें,ଉପଯୋଗକର୍ତ୍ତା ନାମ ପ୍ରବେଶ କରନ୍ତୁ,యూజర్‌నేమ్ నమోదు చేయండి,ಬಳಕೆದಾರಹೆಸರನ್ನು(username) ನಮೂದಿಸಿ,பயனர்பெயரை உள்ளிடவும்,વપરાશકર્તા નામ દાખલ કરો,صارف کا نام درج کریں
LOGIN_PAGE,,BACK_TO_LOGIN,Back to Login,लॉगिनवर परत जा,लॉगिन पर वापस जाएं,ଲଗଇନ୍ କୁ ଫେରନ୍ତୁ,లాగిన్‌కు తిరిగి వెళ్లండి,ಲಾಗಿನ್‌ಗೆ ಹಿಂತಿರುಗಿ,உள்நுழைவுக்குத் திரும்பு,લોગિન પર પાછા જાઓ,لاگ ان پر واپس جائیں
LOGIN_PAGE,,CREATE_STRONG_PASSWORD,Create a strong password,एक मजबूत पासवर्ड तयार करा,एक मजबूत पासवर्ड बनाएं,ଏକ ଶକ୍ତିଶାଳୀ ପାସୱାର୍ଡ ସୃଷ୍ଟି କରନ୍ତୁ,బలమైన పాస్‌వర్డ్‌ను సృష్టించండి,ಬಲವಾದ ಪಾಸ್‌ವರ್ಡ್ ರಚಿಸಿ,வலிமையான கடவுச்சொல்லை உருவாக்கவும்,મજબૂત પાસવર્ડ બનાવો,ایک مضبوط پاس ورڈ بنائیں
LOGIN_PAGE,,YOUR_PASSWORD_NEED,Your password needs to:,तुमच्या पासवर्डमध्ये हे असणे आवश्यक आहे:,आपका पासवर्ड होना चाहिए:,ଆପଣଙ୍କର ପାସୱାର୍ଡ ହେବା ଉଚିତ:,మీ పాస్‌వర్డ్ ఈ విధంగా ఉండాలి:,ನಿಮ್ಮ ಪಾಸ್‌ವರ್ಡ್‌ಗೆ ಇವುಗಳ ಅಗತ್ಯವಿದೆ:,உங்கள் கடவுச்சொல் இதற்கு தேவை:,તમારા પાસવર્ડની જરૂર છે:,آپ کے پاس ورڈ کو ضرورت ہے:
LOGIN_PAGE,,INCLUDE_BOTH,Include both upper case and lower case,कॅपिटल आणि स्मॉल अक्षरे दोन्ही समाविष्ट करा,बड़े और छोटे अक्षर शामिल करें,ବଡ଼ ଅକ୍ଷର ଏବଂ ଛୋଟ ଅକ୍ଷର ଅନ୍ତର୍ଭୂକ୍ତ କରନ୍ତୁ,అప్పర్ కేస్ మరియు లోయర్ కేస్ రెండూ కలిగి ఉండాలి,ದೊಡ್ಡಕ್ಷರ ಮತ್ತು ಸಣ್ಣಕ್ಷರ ಎರಡನ್ನೂ ಸೇರಿಸಿ,பெரிய எழுத்து மற்றும் சிறிய எழுத்துக்களை சேர்க்கவும்,અપરકેસ અને લોઅરકેસ બંનેનો સમાવેશ કરો,بڑے اور چھوٹے حروف شامل کریں
LOGIN_PAGE,,INCLUDE_NUMBER,Include at least one number,किमान एक नंबर असावा,कम से कम एक संख्या शामिल करें,ଅତିକମରେ ଗୋଟିଏ ସଂଖ୍ୟା ଅନ୍ତର୍ଭୂକ୍ତ କରନ୍ତୁ,కనీసం ఒక సంఖ్యను కలిగి ఉండాలి,ಕನಿಷ್ಠ ಒಂದು ಸಂಖ್ಯೆಯನ್ನು ಸೇರಿಸಿ,குறைந்தது ஒரு எண்ணையாவது சேர்க்கவும்,ઓછામાં ઓછો એક નંબર શામેલ કરો,کم از کم ایک نمبر شامل کریں
LOGIN_PAGE,,INCLUDE_SPECIAL,Include at least one special character,किमान एक विशेष वर्ण असावा,कम से कम एक विशेष अक्षर शामिल करें,ଅତିକମରେ ଗୋଟିଏ ବିଶେଷ ଚରିତ୍ର ଅନ୍ତର୍ଭୂକ୍ତ କରନ୍ତୁ,కనీసం ఒక ప్రత్యేక అక్షరాన్ని కలిగి ఉండాలి,ಕನಿಷ್ಠ ಒಂದು ವಿಶೇಷ ಅಕ್ಷರವನ್ನು ಸೇರಿಸಿ,குறைந்தது ஒரு சிறப்பு எழுத்தை சேர்க்கவும்,ઓછામાં ઓછું એક વિશિષ્ટ પાત્ર શામેલ કરો,کم از کم ایک خاص علامت شامل کریں
LOGIN_PAGE,,MUST_BE_AT,Must be at least 8 characters long,किमान 8 वर्ण असणे आवश्यक आहे,कम से कम 8 अक्षरों का होना चाहिए,ଅତିକମରେ 8 ଅକ୍ଷର ହେବା ଜରୁରୀ |,కనీసం 8 అక్షరాలు పొడవు ఉండాలి,ಕನಿಷ್ಠ 8 ಅಕ್ಷರಗಳಷ್ಟು ಉದ್ದವಿರಬೇಕು.,குறைந்தது 8 எழுத்துக்குறிகள் நீளமாக இருக்க வேண்டும்,ઓછામાં ઓછા 8 અક્ષર લાંબા હોવા જોઈએ,کم از کم 8 حروف طویل ہونا چاہیے
LOGIN_PAGE,,OTHER_SETTING,Other settings,इतर सेटिंग्ज,अन्य सेटिंग्स,ଅନ୍ୟ ସେଟିଂସମୂହ |,ఇతర సెట్టింగ్‌లు,ಇತರ ಸೆಟ್ಟಿಂಗ್‌ಗಳು,பிற அமைப்புகள்,અન્ય સેટિંગ્સ,دیگر ترتیبات
LOGIN_PAGE,,WELCOME,Welcome!,स्वागत आहे!,स्वागत है!,ସ୍ୱାଗତ,స్వాగతం!,ಸ್ವಾಗತ!,வருக!,સ્વાગત છે!,خوش آمدید!
LOGIN_PAGE,,PLEASE_RESET_YOUR_PASSWORD,Please reset your password to ensure your account is secure,तुमचे खाते सुरक्षित असल्याची खात्री करण्यासाठी कृपया तुमचा पासवर्ड रीसेट करा,कृपया अपने खाते की सुरक्षा सुनिश्चित करने के लिए अपना पासवर्ड रीसेट करें,ଆପଣଙ୍କ ଖାତାର ସୁରକ୍ଷା ନିଶ୍ଚିତ କରିବାକୁ ଦୟାକରି ଆପଣଙ୍କର ପାସୱାର୍ଡ ପୁନ ସେଟ୍ କରନ୍ତୁ |,మీ ఖాతా సురక్షితంగా ఉందని నిర్ధారించుకోవడానికి దయచేసి మీ పాస్‌వర్డ్‌ను రీసెట్ చేయండి,ನಿಮ್ಮ ಖಾತೆ ಸುರಕ್ಷಿತವಾಗಿದೆ ಎಂದು ಖಚಿತಪಡಿಸಿಕೊಳ್ಳಲು ದಯವಿಟ್ಟು ನಿಮ್ಮ ಪಾಸ್‌ವರ್ಡ್ ಅನ್ನು ಮರುಹೊಂದಿಸಿ.,உங்கள் கணக்கு பாதுகாப்பாக இருக்க கடவுச்சொல்லை மாற்றவும்,તમારું એકાઉન્ટ સુરક્ષિત છે તેની ખાતરી કરવા કૃપા કરીને તમારો પાસવર્ડ રીસેટ કરો,براہ کرم اپنے اکاؤنٹ کو محفوظ رکھنے کے لیے اپنا پاس ورڈ ری سیٹ کریں
LOGIN_PAGE,,DO_IT_LATER,I’ll do it later,मी नंतर करतो,मैं बाद में करूंगा,ମୁଁ ଏହା ପରେ କରିବି |,నేను తర్వాత చేస్తాను,ನಾನು ಅದನ್ನು ನಂತರ ಮಾಡುತ್ತೇನೆ.,பின்னர் செய்கிறேன்,હું પછીથી કરીશ,میں بعد میں کروں گا
LOGIN_PAGE,,SUCCESSFULLY_RESET,Your password has been successfully reset,तुमचा पासवर्ड यशस्वीपणे रीसेट झाला आहे,आपका पासवर्ड सफलतापूर्वक रीसेट कर दिया गया है,ଆପଣଙ୍କର ପାସୱାର୍ଡ ସଫଳତାର ସହିତ ପୁନଃ  ସେଟ୍ ହୋଇଛି |,మీ పాస్‌వర్డ్ విజయవంతంగా రీసెట్ చేయబడింది,ನಿಮ್ಮ ಪಾಸ್‌ವರ್ಡ್ ಅನ್ನು ಯಶಸ್ವಿಯಾಗಿ ಮರುಹೊಂದಿಸಲಾಗಿದೆ.,உங்கள் கடவுச்சொல் வெற்றிகரமாக மாற்றப்பட்டது,તમારો પાસવર્ડ સફળતાપૂર્વક રીસેટ કરવામાં આવ્યો છે,آپ کا پاس ورڈ کامیابی سے ری سیٹ ہو گیا ہے
LOGIN_PAGE,,LINK_EXPIRED,Link has been expired,लिंकची मुदत संपली आहे,लिंक की अवधि समाप्त हो गई,ଲିଙ୍କ୍‌ର ଅଭିଦି  ସମାପ୍ତ ହୋଇଛି।,లింక్ గడువు ముగిసింది,ಲಿಂಕ್ ಅವಧಿ ಮುಗಿದಿದೆ。,இணைப்பு காலாவதியாகிவிட்டது,લિંક સમાપ્ત થઈ ગઈ છે,لنک کی میعاد ختم ہو چکی ہے
LOGIN_PAGE,,WE_SEND_AN_EMAIL,We sent an email to {{maskEmail}} with a link to reset your password,आम्ही {{maskEmail}} वर तुमचा पासवर्ड रीसेट करण्यासाठी लिंकसह ईमेल पाठवला आहे,हमने {{maskEmail}} पर आपके पासवर्ड को रीसेट करने के लिए एक लिंक भेजा है| जिससे आप अपना पासवर्ड रिसेट कर सकते है |,ଆପଣଙ୍କର ପାସୱାର୍ଡକୁ {{maskEmail}} କୁ ପୁନଃ  ସେଟ୍ କରିବାକୁ ଆମେ ଏକ ଲିଙ୍କ୍ ପଠାଇଛୁ | ଯାହା ସହିତ ଆପଣ ଆପଣଙ୍କର ପାସୱାର୍ଡ ପୁନଃ  ସେଟ୍ କରିପାରିବେ |,మీ పాస్‌వర్డ్‌ను రీసెట్ చేయడానికి లింక్‌తో మేము {{maskEmail}} కు ఒక ఇమెయిల్ పంపాము,ನಿಮ್ಮ ಪಾಸ್‌ವರ್ಡ್ ಅನ್ನು ಮರುಹೊಂದಿಸಲು ಲಿಂಕ್ ಹೊಂದಿರುವ ಇಮೇಲ್ ಅನ್ನು ನಾವು {{maskEmail}} ಗೆ ಕಳುಹಿಸಿದ್ದೇವೆ.,உங்கள் கடவுச்சொல்லை மீட்டமைப்பதற்கான இணைப்புடன் {{maskEmail}}க்கு மின்னஞ்சலை அனுப்பினோம்,અમે તમારો પાસવર્ડ રીસેટ કરવા માટેની લિંક સાથે {{maskEmail}} પર એક ઈમેલ મોકલ્યો છે,ہم نے {{maskEmail}} پر ایک ای میل بھیجی ہے جس میں آپ کے پاس ورڈ کو ری سیٹ کرنے کے لیے لنک شامل ہے
LOGIN_PAGE,,NO_USERNAME,Username not found,वापरकर्ता नाव सापडले नाही,उपयोगकर्ता नाम नहीं मिला,ଉପଯୋଗକର୍ତ୍ତା ନାମ ମିଳିଲା ନାହିଁ,యూజర్‌నేమ్ కనుగొనబడలేదు,ಬಳಕೆದಾರಹೆಸರು ಕಂಡುಬಂದಿಲ್ಲ.,பயனர் பெயர் கிடைக்கவில்லை,વપરાશકર્તા નામ મળ્યું નથી,صارف کا نام نہیں ملا
LOGIN_PAGE,,PASSWORD_SAME_AS_OLD,Password same as old,पासवर्ड पूर्वीच्या पासवर्डसारखाच आहे,पासवर्ड पुराना पासवर्ड जैसा ही है,ପୁରୁଣା ପରି ପାସୱାର୍ଡ,పాస్‌వర్డ్ పాత దానిలాగే ఉంది,ಪಾಸ್‌ವರ್ಡ್ ಹಳೆಯಂತೆಯೇ ಇದೆ,கடவுச்சொல் பழையது போலவே உள்ளது,પાસવર્ડ જુના જેવો જ,پاس ورڈ پرانے جیسا ہے
LOGIN_PAGE,,CURRENT_PASSWORD_NOT,Current Password Not Matched,सध्याचा पासवर्ड जुळलेला नाही,वर्तमान पासवर्ड मेल नहीं खाता,ସାମ୍ପ୍ରତିକ ପାସୱାର୍ଡ ମେଳ ଖାଉନାହିଁ,ప్రస్తుత పాస్‌వర్డ్ సరిపోలలేదు,ಪ್ರಸ್ತುತ ಪಾಸ್‌ವರ್ಡ್ ಹೊಂದಿಕೆಯಾಗುತ್ತಿಲ್ಲ,தற்போதைய கடவுச்சொல் பொருந்தவில்லை.,વર્તમાન પાસવર્ડ મેળ ખાતો નથી,موجودہ پاس ورڈ مماثل نہیں ہے۔
LOGIN_PAGE,,learningResources2-app,Learning Resources 2 App,वर्तमान पासवर्ड जुळला नाही,वर्तमान पासवर्ड मेल नहीं खाया,ଶିକ୍ଷା ସାମଗ୍ରୀ 2 ଆପ୍ଲିକେସନ୍,లెర్నింగ్ రిసోర్సెస్ 2 యాప్,ಪ್ರಸ್ತುತ ಪಾಸ್‌ವರ್ಡ್ ಹೊಂದಿಕೆಯಾಗುತ್ತಿಲ್ಲ,தற்போதைய கடவுச்சொல் பொருந்தவில்லை,વર્તમાન પાસવર્ડ મેળ ખાતો નથી,لرننگ ریسورسز 2 ایپ
DASHBOARD,,DASHBOARD,Dashboard,डॅशबोर्ड,डैशबोर्ड,ଦାଶବୋର୍ଡ,డాష్‌బోర్డ్,ಡ್ಯಾಶ್‌ಬೋರ್ಡ್,டாஷ்போர்டு,ડેશબોર્ડ,ڈیش بورڈ
DASHBOARD,,WORKSPACE,Workspace,कार्यक्षेत्र,वर्कस्पेस,କାର୍ଯ୍ୟକ୍ଷେତ୍ର,వర్క్‌స్పేస్,ಕಾರ್ಯಸ್ಥಳ,பணியிடம்,વર્કસ્પેસ,ورک اسپیس
DASHBOARD,,DAY_WISE_ATTENDANCE,Day-Wise Attendance,दिवस-आधारित हजेरी,दिनानुसार उपस्थिति,ଦିନ-ଅନୁସାରେ ଉପସ୍ଥିତି,రోజువారీ హాజరు,ದಿನನಿತ್ಯದ ಹಾಜರಾತಿ,நாள் வாரியான வருகை,દિવસ મુજબની હાજરી,دن وار حاضری
DASHBOARD,,HISTORY,History,इतिहास,इतिहास,ଇତିହାସ,చరిత్ర,ಇತಿಹಾಸ,பழைய குறிப்புகள்,ઈતિહાસ,تاریخ
DASHBOARD,,MY_CLASSES,My Classes,माझे वर्ग,मेरी कक्षाएँ,ମୋର ଶ୍ରେଣୀ ଗୁଡିକ,నా తరగతులు,ನನ್ನ ತರಗತಿಗಳು,எனது வகுப்புகள்,મારા વર્ગો,میری کلاسز
DASHBOARD,,ADD_NEW_CLASS,Add New Class,नवीन वर्ग जोडा,नई कक्षा जोड़ें,ନୂତନ ଶ୍ରେଣୀ ଯୋଗ କର,కొత్త తరగతిని జోడించండి,ಹೊಸ ತರಗತಿಯನ್ನು ಸೇರಿಸಿ,புதிய வகுப்பைச் சேர்,નવા વર્ગો ઉમેરો,نئی کلاس شامل کریں
DASHBOARD,,NEW_REMOTE_CLASS,New Remote Class,नवीन दूरस्थ वर्ग,नई रिमोट कक्षा,ନୂତନ ରିମୋଟ କ୍ଳାସ,కొత్త రిమోట్ తరగతి,ಹೊಸ ರಿಮೋಟ್ ಕ್ಲಾಸ್,புதிய ரிமோட் வகுப்பு,નવો રિમોટ ક્લાસ,نئی ریموٹ کلاس
DASHBOARD,,NEW_PHYSICAL_CLASS,New Physical Class,नवीन शारीरिक वर्ग,नई ऑफ़लाइन कक्षा,ନୂତନ ଫିଜିକାଲ କ୍ଳାସ,కొత్త భౌతిక తరగతి,ಹೊಸ ದೈಹಿಕ ತರಗತಿ,புதிய நேரடி வகுப்பு,નવો ફીસીકલ વર્ગ,نئی فزیکل کلاس
DASHBOARD,,CLASS,Class,वर्ग,कक्षा,ଶ୍ରେଣୀ,తరగతి,ತರಗತಿ,வகுப்பு,ક્લાસ,کلاس
DASHBOARD,,NOT_MARKED,Not Marked,चिन्हांकित नाही,मार्क नहीं किया है,ଚିହ୍ନିତ କରାଯାଇ ନାହି,మార్క్ చేయబడలేదు,ಗುರುತಿಸಲಾಗಿಲ್ಲ,குறிக்கப்படவில்லை,ચિહ્નિત નથી,نشان زدہ نہیں
DASHBOARD,,FUTURE_DATE_CANT_MARK,Future date can't be marked,भविष्यातील तारीख चिन्हांकित केली जाऊ शकत नाही,भविष्य की तारीख मार्क नहीं की जा सकती,ଭବିଷ୍ୟ ଦିନାଙ୍କ ଚିହ୍ନିତ କରାଯାଇ ପାରିବ ନାହି,భవిష్యత్తు తేదీని మార్క్ చేయలేము,ಭವಿಷ್ಯದ ದಿನಾಂಕವನ್ನು ಗುರುತಿಸಲಾಗುವುದಿಲ್ಲ.,எதிர்கால தேதியைக் குறிக்க முடியாது.,ફ્યુચર ડેટ ચિહ્નિત કરી શકાતી નથી,مستقبل کی تاریخ نشان زد نہیں کی جا سکتی
DASHBOARD,,PERCENT_ATTENDANCE,{{percent_students}}% Attendance,{{percent_students}}% उपस्थिती,{{percent_students}}% उपस्थिति,{{percent_students}}% ଉପସ୍ଥିତି,{{percent_students}}% హాజరు,{{percent_students}}% ಹಾಜರಾತಿ,{{percent_students}}% வருகை,{{percent_students}}% હાજરી,{{percent_students}}% حاضری
DASHBOARD,,PRESENT_STUDENTS,({{present_students}}/{{total_students}} present),({{present_students}}/{{total_students}} उपस्थित),({{present_students}}/{{total_students}} मौजूद हैं),({{present_students}}/{{total_students}} ଉପସ୍ଥିତ),{{present_students}}/{{total_students}} మంది హాజరు,({{present_students}}/{{total_students}} ಹಾಜರಿರುವವರು),({{present_students}}/{{total_students}} மாணவர்கள் வருகை),({{present_students}}/{{total_students}} હાજર),({{present_students}}/{{total_students}} موجود)
DASHBOARD,,OVERVIEW,Overview,विहंगावलोकन,मुख्य बिंदु,ସମୀକ୍ଷା/ଅବଲୋକନ,స్థూలదృష్టి,ಅವಲೋಕನ,கண்ணோட்டம்,ઓવરવ્યૂ,جائزہ
DASHBOARD,,MORE_DETAILS,More Details,अधिक तपशील,अधिक विवरण,ଅଧିକ ତଥ୍ୟ,మరిన్ని వివరాలు,ಹೆಚ್ಚಿನ ವಿವರಗಳಿಗಾಗಿ,கூடுதல் தகவல்கள்,વધુ વિગતો,مزید تفصیلات
DASHBOARD,,MENU,Menu,मेनू,मेनू,ମେନ୍ୟୁ,మెనూ,ಮೆನು,மெனு,મેનુ,مینو
DASHBOARD,,EXTRA_CLASS,Extra class,अतिरिक्त वर्ग,अतिरिक्त क्लास,ଅତିରିକ୍ତ ଶ୍ରେଣୀ,అదనపు తరగతి,ಹೆಚ್ಚುವರಿ ತರಗತಿ,கூடுதல் வகுப்பு,વધારાનો વર્ગ,اضافی کلاس
DASHBOARD,,CENTER_ATTENDANCE,Center Attendance,केंद्र हजेरी,केंद्र उपस्थिति,ସେଣ୍ଟର/କେନ୍ଦ୍ର ଉପସ୍ଥିତି,సెంటర్ హాజరు,ಸೆಂಟರ್ ಹಾಜರಾತಿ,மைய வருகை,સેન્ટર હાજરી,سنٹرکی حاضری
DASHBOARD,,MY_TIMETABLE,My Timetable,माझी वेळापत्रक,मेरा टाइमटेबल,ମୋର ସମୟ ସାରଣୀ,నా టైమ్‌టేబుల్,ನನ್ನ ವೇಳಾಪಟ್ಟಿ,எனது கால அட்டவணை,મારું સમયપત્રક,میرا نظام اوقات
DASHBOARD,,MY_TEACHING_CENTERS,My Teaching Centers,माझी शिक्षण केंद्रे,मेरे टीचिंगकेंद्र,ମୋର ଶିକ୍ଷଣୀୟ କେନ୍ଦ୍ର/ସେଣ୍ଟର,నా టీచింగ్ సెంటర్‌లు,ನನ್ನ ಬೋಧನಾ ಕೇಂದ್ರಗಳು,எனது கற்பித்தல் மையங்கள்,મારા ટીચિંગ વર્ગ,میرے تدریسی سنٹرز
DASHBOARD,,TEACHING_CENTERS,Teaching Centers,शिक्षण केंद्रे,टीचिंग केंद्र,ଶିକ୍ଷା କେନ୍ଦ୍ର,టీచింగ్ సెంటర్‌లు,ಬೋಧನಾ ಕೇಂದ್ರಗಳು,கற்பித்தல் மையங்கள்,ટીચિંગ સેન્ટર્સ,تدریسی سنٹرز
DASHBOARD,,UPCOMING_EXTRA_SESSION,Upcoming Extra Sessions,येणारी अतिरिक्त सत्रे,आगामी अतिरिक्त सत्र,ଆଗାମୀ ଅତିରିକ୍ତ ଅଧିବେଶନ,రాబోయే అదనపు సెషన్‌లు,ಮುಂಬರುವ ಹೆಚ್ಚುವರಿ ಸೆಶನ್ ಗಳು,வரவிருக்கும் கூடுதல் அமர்வுகள்,આગામી વધારાના સત્રો,آنے والے اضافی سیشنز
DASHBOARD,,BACK_TO_TOP,Back to Top,शीर्षस्थानी परत,वापस ऊपर जाएं,ଉପରକୁ ଫେରିଯାଇ,పైకి తిరిగి వెళ్లండి,ಮೇಲಕ್ಕೆ ಹಿಂತಿರುಗಿ,மேலே திரும்பு,બેક ટુ ટોપ,اوپر واپس جائیں
DASHBOARD,,LAST_SEVEN_DAYS_RANGE,Last 7 Days {{date_range}},मागील 7 दिवस {{date_range}},पिछले 7 दिन {{date_range}},ଗତ 7 ଦିନ {{date_range}},గత 7 రోజులు {{date_range}},ಕಳೆದ 7 ದಿನಗಳು {{date_range}},கடந்த 7 நாட்கள் {{date_range}},છેલ્લા 7 દિવસ {{date_range}},پچھلے 7 دن {{date_range}}
DASHBOARD,,AS_OF_TODAY_DATE,"As of Today, {{day_date}}","आजच्या तारखेपर्यंत, {{day_date}}","आज तक, {{day_date}}",ଆଜି ଅନୁସାରେ {{day_date}},"నేటి వరకు, {{day_date}}","ಇಂದಿನಿಂದ, {{ದಿನ_ದಿನಾಂಕ}}",இன்றைய நிலவரப்படி{{day_date}},"આજથી, {{day_date}}",آج تک، {{day_date}}
DASHBOARD,,AS_OF_YESTERDAY_DATE,"As of Yesterday, {{day_date}}","कालच्या तारखेपर्यंत, {{day_date}}","कल तक, {{day_date}}",ଗତକାଲି ଅନୁସାରେ {{day_date}},"నిన్న వరకు, {{day_date}}","ನಿನ್ನೆ ವರೆಗೆ, {{day_date}}","நேற்று வரை, {{day_date}}","ગઈકાલ સુધી, {{day_date}}",کل تک، {{day_date}}
DASHBOARD,,LEARNER,Learners,शिकणारे,लर्नर्स,ଶିକ୍ଷାର୍ଥୀ,లెర్నర్‌లు,ಕಲಿಯುವವರು,மாணவர்கள்,લ્ર્નર્સ,طلباء
DASHBOARD,,ATTENDANCE_COMPARISON,Attendance Comparison,हजेरी तुलना,उपस्थिति तुलना,ଉପସ୍ଥିତି ତୁଳନା,హాజరు పోలిక,ಹಾಜರಾತಿ ಹೋಲಿಕೆ,வருகை ஒப்பீடு,હાજરીની સરખામણી,حاضری کا موازنہ
DASHBOARD,,CENTER_TYPE,Center Type,केंद्र प्रकार,केंद्र प्रकार,କେନ୍ଦ୍ର ପ୍ରକାର,సెంటర్ రకం,ಸೆಂಟರ್ ಟೈಪ್,மைய வகை,સેન્ટર પ્રકાર,سنٹر کی قسم
DASHBOARD,,REMOTE_AVERAGE_ATTENDANCE,Remote Average Attendance,दूरस्थ सरासरी उपस्थिती,दूरस्थ ( दूरसंचार)  औसत उपस्थिति,ରିମୋଟ ହାରାହାରି ଉପସ୍ଥାନ |,రిమోట్ సగటు హాజరు,ರಿಮೋಟ್ ಸರಾಸರಿ ಹಾಜರಾತಿ,ரிமோட் சராசரி வருகை,રીમોટ સરેરાશ હાજરી,ریموٹ اوسط حاضری
DASHBOARD,,REGULAR_AVERAGE_ATTENDANCE,Regular Average Attendance,नियमित सरासरी उपस्थिती,नियमित औसत उपस्थिति,ନିୟମିତ ହାରାହାରି ଉପସ୍ଥାନ |,రెగ్యులర్ సగటు హాజరు,ನಿಯಮಿತ ಸರಾಸರಿ ಹಾಜರಾತಿ,ரெகுலர் சராசரி வருகை,નિયમિત સરેરાશ હાજરી,باقاعدہ اوسط حاضری
DASHBOARD,,BLOCK,Block,ब्लॉक,ब्लॉक,ବ୍ଲକ,బ్లాక్,ಬ್ಲಾಕ್,ஒன்றியம்,બ્લોક,بلاک
DASHBOARD,,ATTENDANCE,Attendance (%),उपस्थिती (%),उपस्थिति (%),ଉପସ୍ଥାନ (%),హాజరు (%),ಹಾಜರಾತಿ (%),வருகை (%),હાજરી (%),حاضری (%)
DASHBOARD,,VILLAGES_AND_YOUTH,Villages and Youth,गावे आणि तरुण,गाँव और युवा,ଗାଁଗୁଡିକ  ଓ ଯୁବକ,గ్రామాలు మరియు యువత,ಗ್ರಾಮಗಳು ಮತ್ತು ಯುವಕರು,கிராமங்கள் மற்றும் இளைஞர்கள்,ગામો અને યુવાનો,گاؤں اور نوجوان
DASHBOARD,,USERS_&_VILLAGES,Users & Villages,वापरकर्ते आणि गावे,उपयोगकर्ता और गाँव,ଉପଯୋଗକର୍ତ୍ତା ଏବଂ ଗାଁ,వినియోగదారులు & గ్రామాలు,ಬಳಕೆದಾರರು ಮತ್ತು ಗ್ರಾಮಗಳು,பயனர்கள் மற்றும் கிராமங்கள்,વપરાશકર્તાઓ અને ગામો,صارفین اور گاؤں
DASHBOARD,,VILLAGES,Villages,गावे,गाँव,ଗାଁ,గ్రామాలు,ಗ್ರಾಮಗಳು,கிராமங்கள்,ગામો,گاؤں
DASHBOARD,,YOUTH_VOLUNTEERS,Youth/Volunteers,युवक/स्वयंसेवक,युवा / स्वयंसेवक,ଯୁବକ/ସ୍ୱେଚ୍ଛାସେବୀ,యువత/వాలంటీర్లు,ಯುವಕರು/ಸ್ವಯಂಸೇವಕರು,இளைஞர்கள்/தன்னார்வலர்கள்,યુવા/સ્વયંસેવકો,نوجوان / رضاکار
DASHBOARD,,SEARCH_VILLAGES,Search Villages,गावे शोधा,गाँव खोजें,ଗାଁ ଖୋଜନ୍ତୁ,గ్రామాలను వెతకండి,ಗ್ರಾಮಗಳನ್ನು ಹುಡುಕಿ,கிராமங்களைத் தேடு,ગામો શોધો,گاؤں تلاش کریں
DASHBOARD,,BLOCK_AVERAGE_ATTENDANCE,Block Average Attendance,ब्लॉक सरासरी हजेरी,ब्लॉक औसत उपस्थिति,ବ୍ଲକ ହାରାହାର ଉପସ୍ଥିତି,బ్లాక్ సగటు హాజరు,ಬ್ಲಾಕ್ ಸರಾಸರಿ ಹಾಜರಾತಿ,வட்டத்தின் சராசரி வருகை,બ્લોકની સરેરાશ હાજરી,بلاک کی اوسط حاضری
DASHBOARD,,USERS_&VILLAGES,Users & Villages,वापरकर्ते आणि गावे,उपयोगकर्ता और गाँव,ଉପଭୋକ୍ତା ଏବଂ ଗାଁ,వినియోగదారులు & గ్రామాలు,ಬಳಕೆದಾರರು ಮತ್ತು ಗ್ರಾಮಗಳು,பயனர்கள் மற்றும் கிராமங்கள்,વપરાશકર્તાઓ અને ગામો,صارفین اور گاؤں
ATTENDANCE,,TOTAL_STUDENTS,Total: {{count}},शिकणाऱ्यांची एकूण संख्या: {{count}},कुल छात्रों की संख्या: {{count}},ମୋଟ ଶିକ୍ଷାର୍ଥୀ ସଂଖ୍ୟା: {{count}},మొత్తం: {{count}},ಒಟ್ಟು ಕಲಿಯುವವರ ಸಂಖ್ಯೆ: {{count}},மொத்த கற்பவர்களின் எண்ணிக்கை: {{count}},શીખનારાઓની કુલ સંખ્યા: {{count}},کل: {{count}}
ATTENDANCE,,ACTIVE_STUDENTS,Active: {{count}},सक्रिय शिकणारे: {{count}},सक्रिय शिक्षार्थी: {{count}},ସକ୍ରିୟ ଶିକ୍ଷାର୍ଥୀ: {{count}},యాక్టివ్: {{count}},ಆಕ್ಟಿವ್ ಆಗಿ ಕಲಿಯುವವರು: {{count}},செயல்படும் கற்பவர்கள்: {{எண்ணிக்கை}},સક્રિય શીખનારા: {{count}},متحرک: {{count}}
ATTENDANCE,,DROPOUT_STUDENTS,Dropout: {{count}},ड्रॉपआउट शिकणारे: {{count}},ड्रॉपआउट छात्र: {{count}},ଡ୍ରପଆଉଟ ହୋଇଥିବା ବିଦ୍ୟାର୍ଥୀ : {{count}},డ్రాపౌట్: {{count}},ಶಾಲೆ ಬಿಡುವ ವಿದ್ಯಾರ್ಥಿಗಳು: {{count}},இடைநிற்றல் கற்பவர்கள்: {{count}},ડ્રોપઆઉટ લર્નર્સ: {{count}},ڈراپ آؤٹ: {{count}}
ATTENDANCE,,PRESENT_STUDENTS,Present: {{count}},उपस्थित शिकणारे: {{count}},उपस्थित छात्र: {{count}},ଉପସ୍ଥିତ ବିଦ୍ୟାର୍ଥୀ : {{count}},హాజరు: {{count}},ಪ್ರಸ್ತುತ ಕಲಿಯುವವರು: {{count}},வருகை புரிந்த கற்பவர்கள்: {{count}},વર્તમાન વિદ્યાર્થીઓ: {{count}},حاضر: {{count}}
ATTENDANCE,,PRESENT,Present,उपस्थित,उपस्थित,ଉପସ୍ଥିତ,హాజరు,ಪ್ರಸ್ತುತ,வருகை புரிந்துள்ளார்.,હાજર,حاضر
ATTENDANCE,,ABSENT,Absent,अनुपस्थित,अनुपस्थित,ଅନୁପସ୍ଥିତ,గైరుహాజరు,ಗೈರುಹಾಜರಿ,வருகை புரியவில்லை.,ગેરહાજર,غیر حاضر
ATTENDANCE,,HALF_DAY,Half Day,अर्धा दिवस,आधा दिन,ଅଧାଦିନ,సగం రోజు,ಅರ್ಧ ದಿನ,அரை நாள்,અડધો દિવસ,آدھا دن
ATTENDANCE,,ON_LEAVE,On Leave,रजा,छुट्टी पर,ଛୁଟିରେ,సెలవులో ఉన్నారు,ರಜೆಯಲ್ಲಿದೆ,விடுப்பு,રજા પર,چھٹی پر
ATTENDANCE,,MARK_ALL,Mark All,सर्व चिन्हांकित करा,सभी को चिन्हित करें,ସମସ୍ତଙ୍କୁ ଚିହ୍ନିତ କର,అన్నింటినీ మార్క్ చేయండి,ಎಲ್ಲವನ್ನೂ ಗುರುತಿಸಿ,அனைத்தையும் குறி,બધા માર્ક,سب کو نشان زد کریں
ATTENDANCE,,CLEAR,Clear,स्वच्छ करा,साफ़ करें,ସଫା/କ୍ଲିଅର କର,క్లియర్ చేయండి,ತೆರವುಗೊಳಿಸಿ,அகற்று,સાફ કરો,صاف کریں
ATTENDANCE,,ATTENDANCE_MARKED_SUCCESSFULLY,Attendance marked successfully,उपस्थिती यशस्वीरित्या चिन्हांकित केली,उपस्थिति सफलतापूर्वक मार्क हुई,ଉପସ୍ଥିତି ସଫଳତା ପୂର୍ବକ ଚିହ୍ନିତ କରାଗଲା,హాజరు విజయవంతంగా మార్క్ చేయబడింది,ಹಾಜರಾತಿಯನ್ನು ಯಶಸ್ವಿಯಾಗಿ ಗುರುತಿಸಲಾಗಿದೆ,வருகை வெற்றிகரமாகக் குறிக்கப்பட்டது,હાજરી સફળતાપૂર્વક ચિહ્નિત કરવામાં આવી,حاضری کامیابی کے ساتھ نشان زد کی گئی
ATTENDANCE,,ATTENDANCE_MODIFIED_SUCCESSFULLY,Attendance modified successfully,उपस्थिती यशस्वीरित्या संपादित केली,उपस्थिति सफलतापूर्वक अपडेटकी गई,ଉପସ୍ଥିତି  ସଫଳତାର ସହିତ ସଂଶୋଧନ କରାଗଲା।,హాజరు విజయవంతంగా సవరించబడింది,ಹಾಜರಾತಿಯನ್ನು ಯಶಸ್ವಿಯಾಗಿ ಮಾರ್ಪಡಿಸಲಾಗಿದೆ,வருகை வெற்றிகரமாகப் புதுப்பிக்கப்பட்டது,હાજરી સફળતાપૂર્વક સુધારાઈ,حاضری کامیابی سے تبدیل کی گئی
ATTENDANCE,,ATTENDANCE_MARKED_UNSUCCESSFULLY,Attendance not marked,उपस्थिती चिन्हांकित केलेली नाही,उपस्थिति मार्क नहीं हुई,ଉପସ୍ଥିତି ଚିହ୍ନିତ ହୋଇନଥିବା,హాజరు మార్క్ చేయబడలేదు,ಹಾಜರಾತಿಯನ್ನು ಗುರುತಿಸಲಾಗಿಲ್ಲ,வருகை குறிக்கப்படவில்லை,હાજરી ચિહ્નિત નથી,حاضری نشان زد نہیں ہو سکی
ATTENDANCE,,MY_ATTENDANCE_HISTORY,My Attendance History,माझी उपस्थिती इतिहास,मेरी पूर्व उपस्थिति,ମୋ ଉପସ୍ଥିତି ଇତିହାସ,నా హాజరు చరిత్ర,ನನ್ನ ಹಾಜರಾತಿ ಇತಿಹಾಸ,எனது முந்தைய வருகைப் பதிவு,મારી હાજરી ની હિસ્ટરી,میری حاضری کی تاریخ
ATTENDANCE,,UPDATE_ATTENDANCE_ALERT,Are you sure you want to update this attendance?,तुम्हाला ही उपस्थिती अपडेट करायची आहे का?,क्या आप वाकई उपस्थिति अपडेट करना चाहते हैं?,ଆପଣ ନିଶ୍ଚିତ କି ଆପଣ ଏହି ଉପସ୍ଥିତିକୁ ଅପଡେଟ  କରିବାକୁ ଚାହୁଁଛନ୍ତି?,మీరు ఈ హాజరును అప్‌డేట్ చేయాలనుకుంటున్నారా అని ఖచ్చితంగా తెలుసా?,ನೀವು ಈ ಹಾಜರಾತಿಯನ್ನು ನವೀಕರಿಸಲು ಖಚಿತವಾಗಿ ಬಯಸುವಿರಾ?,இந்த வருகைப் பதிவை நிச்சயமாகப் புதுப்பிக்க விரும்புகிறீர்களா?,શું તમે ખરેખર આ હાજરી અપડેટ કરવા માંગો છો?,کیا آپ واقعی اس حاضری کو اپ ڈیٹ کرنا چاہتے ہیں؟
ATTENDANCE,,CLEAR_ATTENDANCE_ALERT,Are you sure you want to clear this attendance?,तुम्हाला ही उपस्थिती साफ करायची आहे का?,क्या आप वाकई यह उपस्थिति मिटाना चाहते हैं?,ଆପଣ ନିଶ୍ଚିତ କି ଆପଣ ଏହି ଉପସ୍ଥିତିକୁ clear କରିବାକୁ ଚାହୁଁଛନ୍ତି?,మీరు ఈ హాజరును క్లియర్ చేయాలనుకుంటున్నారా అని ఖచ్చితంగా తెలుసా?,ಈ ಹಾಜರಾತಿಯನ್ನು ತೆರವುಗೊಳಿಸಲು ನೀವು ಖಚಿತವಾಗಿ ಬಯಸುವಿರಾ?,இந்த வருகைப் பதிவை நிச்சயமாக அகற்ற விரும்புகிறீர்களா?,શું તમે ખરેખર આ હાજરી સાફ કરવા માંગો છો?,کیا آپ واقعی اس حاضری کو صاف کرنا چاہتے ہیں؟
ATTENDANCE,,YES,Yes,होय,हां,ହଁ,అవును,ಹೌದು,ஆம்,હા,ہاں
ATTENDANCE,,NO_GO_BACK,No Go Back,"नाही, मागे जा",नहीं वापस जाएं,ପଛକୁ ଯାଅ ନାହିଁ,"వద్దు, వెనక్కి వెళ్లండి",ಇಲ್ಲ ಹಿಂತಿರುಗಿ,திரும்பிச் செல்ல வேண்டாம்,ના પાછા જાઓ,نہیں، واپس جائیں
ATTENDANCE,,DAY_WISE_ATTENDANCE,Day-Wise Attendance,दिवसानुसार उपस्थिती,दिनानुसार उपस्थिति,ଦିନ-ଅନୁସାରେ ଉପସ୍ଥିତି,రోజువారీ హాజరు,ದಿನವಾರು ಹಾಜರಾತಿ,நாள் வாரியான வருகை,દિવસ મુજબની હાજરી,دن وار حاضری
ATTENDANCE,,ATTENDANCE_OVERVIEW,Attendance Overview,उपस्थितीचा आढावा,उपस्थिति सार,ଉପସ୍ଥିତି ସମୀକ୍ଷା /ଅବଲୋକନ କର,హాజరు స్థూల వీక్షణ,ಹಾಜರಾತಿ ಅವಲೋಕನ,வருகைப் பதிவு கண்ணோட்டம்,હાજરી નો ઓવરવ્યૂ,حاضری کا جائزہ
ATTENDANCE,,CENTER_ATTENDANCE,Center Attendance,केंद्राची उपस्थिती,केंद्र उपस्थिति,ସେଣ୍ଟର/କେନ୍ଦ୍ର ଉପସ୍ଥିତି,కేంద్రం హాజరు,ಕೇಂದ್ರ ಹಾಜರಾತಿ,மைய வருகை,સેન્ટર ની હાજરી,مرکز کی حاضری
ATTENDANCE,,LOW_ATTENDANCE_STUDENTS,Low Attendance Learners,कमी उपस्थिती असलेले शिकणारे,कम उपस्थिति वाले छात्र,କମ ଉପସ୍ଥିତ ଥିବା ଛାତ୍ର,తక్కువ హాజరు ఉన్న అభ్యాసకులు,ಕಡಿಮೆ ಹಾಜರಾತಿ ಕಲಿಯುವವರು,குறைந்த வருகைப் பதிவு மாணவர்கள்,લો અટેન્ડન્સ લર્નર્સ,کم حاضری والےطلباء
ATTENDANCE,,NO_CENTERS_ASSIGNED,No Centers Assigned,कोणतीही केंद्रे नियुक्त केलेली नाहीत,कोई केंद्र असाइन नहीं किया गया,କିଛି କେନ୍ଦ୍ର ନ୍ୟସ୍ତ ହୋଇନାହିଁ |,కేంద్రాలు ఏవీ కేటాయించబడలేదు,ಯಾವುದೇ ಕೇಂದ್ರಗಳನ್ನು ನಿಯೋಜಿಸಲಾಗಿಲ್ಲ,மையங்கள் எதுவும் ஒதுக்கப்படவில்லை,કોઈ સેન્ટર્સ સોંપેલ નથી,کوئی سنٹرز تفویض نہیں کیے گئے
ATTENDANCE,,NO_ATTENDANCE,0 %,0%,0 %,0%,Percentage,0 %,0 %,0 %,0 %
ATTENDANCE,,UNKNOWN,Unknown,अज्ञात,जानकारी नहीं,ଅଜ୍ଞାତ,Teliyani,ಅನೋನ್ (Unknown),தெரியாது,અજ્ઞાત,نامعلوم
ATTENDANCE,,CENTER_NAME,Center Name,केंद्राचे नाव,केंद्र का नाम,କେନ୍ଦ୍ର ନାମ,కేంద్రం పేరు,ಕೇಂದ್ರದ ಹೆಸರು,மையப் பெயர்,સેન્ટર નું નામ,سنٹر کا نام
ATTENDANCE,,ALL_CENTERS,All Centers,सर्व केंद्रे,सभी केंद्र,ସମସ୍ତ କେନ୍ଦ୍ର,అన్ని కేంద్రాలు,ಎಲ್ಲಾ ಕೇಂದ್ರಗಳು,அனைத்து மையங்கள்,બધા સેન્ટર્સ,تمام سنٹرز
ATTENDANCE,,NO_LEARNER_WITH_LOW_ATTENDANCE,None,कमी उपस्थिती असलेला कोणताही शिकणारा नाही,कम उपस्थिति वाले कोई लर्नर नहीं,କମ ଉପସ୍ଥିତି ଥିବା କୌଣସି ଶିକ୍ଷାର୍ଥୀ ନାହାନ୍ତି,ఏదీ లేదు,ಕಡಿಮೆ ಹಾಜರಾತಿ ಹೊಂದಿರುವ ಕಲಿಯುವವರಿಲ್ಲ,குறைந்த வருகையுடன் இருப்பவர் இல்லை,ઓછી હાજરી ધરાવનાર કોઈ શીખનાર નહીં,کوئی نہیں
ATTENDANCE,,ATTENDANCE_MARKED_OUT_OF_DAYS,Attendance marked: {{count}} out of last 7 days,उपस्थिती चिन्हांकित केली: {{count}} मागील 7 दिवसांत,उपस्थिति मार्क की गई: पिछले 7 दिनों में से {{count}} दिन,ଚିହ୍ନିତ ଉପସ୍ଥିତି: {{count}} ବିଗତ ସାତ ଦିନରୁ,హాజరు గుర్తించబడింది: గత 7 రోజుల్లో {{count}},ಹಾಜರಾತಿ: ಕಳೆದ 7 ದಿನಗಳಲ್ಲಿ {{count}} ಎಂದು ಗುರುತಿಸಲಾಗಿದೆ,வருகை குறிக்கப்பட்டது:கடந்த 7 நாட்களில் {{count}},હાજરી ચિહ્નિત: છેલ્લા 7 દિવસમાં {{count}},حاضری نشان زد: {{count}} پچھلے 7 دنوں میں سے
ATTENDANCE,,MARK_MANUAL_ATTENDANCE_CONFIRMATION,Are you sure you want to mark attendance manually?,तुम्हाला खरोखर स्वहस्ते हजेरी चिन्हांकित करायची आहे का?,क्या आप वाकई उपस्थिति मैन्युअली मार्क करना चाहते हैं?,ଆପଣ ପ୍ରକୃତରେ ମାନୁଆଲ ଭାବେ ଉପସ୍ଥିତି ଚିହ୍ନିତ କରିବାକୁ ଚାହୁଁଛନ୍ତି କି?,మీరు మాన్యువల్‌గా హాజరును గుర్తించాలనుకుంటున్నారా అని ఖచ్చితంగా తెలుసా?,ನೀವು ನಿಜವಾಗಿಯೂ ಹಾಜರಾತಿಯನ್ನು ಕೈಯಾರೆ ಗುರುತಿಸಲು ಬಯಸುವಿರಾ?,நீங்கள் உண்மையில் நேரடியாக வருகையை குறிக்க விரும்புகிறீர்களா?,શું તમે ખરેખર મેન્યુઅલી હાજરી ચિહ્નિત કરવા માંગો છો?,کیا آپ واقعی دستی طور پر حاضری نشان زد کرنا چاہتے ہیں؟
ATTENDANCE,,MANUAL_ATTENDANCE_INFO,"Attendance is usually auto-marked after the first session of the day. Use manual marking only for technical issues, sessions on other platforms, or if not conducted online.","हजेरी सामान्यतः दिवसाच्या पहिल्या सत्रानंतर स्वयंचलितपणे चिन्हांकित केली जाते. स्वहस्ते चिन्हांकनाचा उपयोग केवळ तांत्रिक समस्यांसाठी, इतर प्लॅटफॉर्मवर सत्रांसाठी किंवा ऑनलाइन आयोजित नसल्यास करा.",उपस्थिति दिन के पहले सत्र के बाद ऑटो-मार्क होती है। मैन्युअल मार्किंग केवल तकनीकी समस्याओं या अन्य प्लेटफ़ॉर्म पर किये गए ऑनलाइन सत्र या ऑफलाइन सत्रों के लिए करें।,"ଉପସ୍ଥିତି ସାଧାରଣତଃ ଦିନର ପ୍ରଥମ ସେସନ ପରେ ସ୍ୱୟଂଚାଳିତ ଭାବେ ଚିହ୍ନିତ ହୁଏ। ମାନୁଆଲ ମାର୍କିଂ କେବଳ ଟେକ୍ନିକାଲ ସମସ୍ୟା, ଅନ୍ୟ ପ୍ଲାଟଫର୍ମରେ ସେସନ, କିମ୍ବା ଅନଲାଇନରେ ଆୟୋଜିତ ନ ହେଲେ ବ୍ୟବହାର କରନ୍ତୁ।","రోజులోని మొదటి సెషన్ తర్వాత హాజరు సాధారణంగా ఆటో-మార్క్ చేయబడుతుంది. సాంకేతిక సమస్యలు, ఇతర ప్లాట్‌ఫారమ్‌లలోని సెషన్‌ల కోసం లేదా ఆన్‌లైన్‌లో నిర్వహించబడకపోతే మాత్రమే మాన్యువల్ మార్కింగ్‌ను ఉపయోగించండి.","ಹಾಜರಾತಿಯನ್ನು ಸಾಮಾನ್ಯವಾಗಿ ದಿನದ ಮೊದಲ ಸೆಷನ್‌ನ ನಂತರ ಸ್ವಯಂಚಾಲಿತವಾಗಿ ಗುರುತಿಸಲಾಗುತ್ತದೆ। ತಾಂತ್ರಿಕ ಸಮಸ್ಯೆಗಳು, ಇತರ ಪ್ಲಾಟ್‌ಫಾರ್ಮ್‌ಗಳಲ್ಲಿ ಸೆಷನ್‌ಗಳು, ಅಥವಾ ಆನ್‌ಲೈನ್‌ನಲ್ಲಿ ನಡೆಯದಿದ್ದರೆ ಮಾತ್ರ ಕೈಯಾರೆ ಗುರುತಿಸುವಿಕೆಯನ್ನು ಬಳಸಿ।","வருகை பொதுவாக நாளின் முதல் அமர்வுக்குப் பிறகு தானாகவே குறிக்கப்படுகிறது. தொழில்நுட்ப பிரச்சினைகள், பிற தளங்களில் அமர்வுகள் அல்லது ஆன்லைனில் நடத்தப்படாதபோது மட்டுமே நேரடியாக அடையாளம் காண பயன்படுத்தவும்.","હાજરી સામાન્ય રીતે દિવસના પ્રથમ સત્ર પછી આપમેળે ચિહ્નિત થાય છે. મેન્યુઅલ માર્કિંગનો ઉપયોગ ફક્ત ટેકનિકલ સમસ્યાઓ, અન્ય પ્લેટફોર્મ પર સત્રો, અથવા ઓનલાઇન ન યોજાયેલ હોય ત્યારે જ કરો.",حاضری عام طور پر دن کے پہلے سیشن کے بعد خودکار طور پر نشان زد کی جاتی ہے۔ دستی نشان دہی کا استعمال صرف تکنیکی مسائل، دیگر پلیٹ فارمز پر سیشنز، یا آن لائن منعقد نہ ہونے کی صورت میں کریں۔
ATTENDANCE,,MANUAL_ATTENDANCE_NOTE,Note: Manually marked attendance will override auto-attendance if it is later recorded.,टीप: स्वहस्ते चिन्हांकित हजेरी स्वयंचलित हजेरीला ओव्हरराइड करेल जर ती नंतर नोंदवली गेली तर.,नोट :मैन्युअली मार्क की गई उपस्थिति बाद में ऑटो-अपडेट को बदल देगी।,"ନୋଟ: ଯଦି ପରେ ସ୍ୱୟଂଚାଳିତ ଉପସ୍ଥିତି  ରେକର୍ଡ ହୁଏ, ତେବେ ହାତେ ଚିହ୍ନିତ ଉପସ୍ଥିତି  ସେଥିପରେ ମଧ୍ୟ ତାହାକୁ ଅତିକ୍ରମ କରିବ।।","గమనిక: మాన్యువల్‌గా గుర్తించబడిన హాజరు, ఆటో-హాజరు తర్వాత రికార్డ్ చేయబడితే, దాన్ని అధిగమిస్తుంది (Override చేస్తుంది).","ಗಮನಿಸಿ: ಕೈಯಾರೆ ಗುರುತಿಸಿದ ಹಾಜರಾತಿಯು ಸ್ವಯಂಚಾಲಿತ ಹಾಜರಾತಿಯನ್ನು ಮೀರಿಸುತ್ತದೆ, ಒಂದು ವೇಳೆ ಇದನ್ನು ನಂತರ ದಾಖಲಿಸಿದರೆ।","குறிப்பு: நேரடியாக அடையாளம் காணப்பட்ட வருகை, பிறகு தானாக அடையாளம் காணப்பட்டவரை மீறும்.",નોંધ: મેન્યુઅલી ચિહ્નિત હાજરી આપમેળે હાજરીને ઓવરરાઇડ કરશે જો તે પછીથી નોંધાય.,نوٹ: دستی طور پر نشان زد کی گئی حاضری خودکار حاضری کو اوور رائیڈ کر دے گی اگر یہ بعد میں درج کی جاتی ہے۔
ATTENDANCE,,NO_BATCHES_ASSIGNED,No Batches Assigned,कोणतेही बॅच नियुक्त केलेले नाहीत,कोई बैच असाइन नहीं किया गया,କୌଣସି ବ୍ୟାଚ ନିୟୁକ୍ତ ହୋଇନାହିଁ,బ్యాచ్‌లు ఏవీ కేటాయించబడలేదు,ಯಾವುದೇ ಬ್ಯಾಚ್‌ಗಳನ್ನು ನಿಯೋಜಿಸಲಾಗಿಲ್ಲ,எந்த குழுக்களும் ஒதுக்கப்படவில்லை,કોઈ બેચ નિયુક્ત નથી,کوئی بیچ تفویض نہیں
ATTENDANCE,,ABSENT_STUDENTS,Absent: {{count}},अनुपस्थित शिकणारे: {{count}},अनुपस्थित छात्र: {{count}},ଅନୁପସ୍ଥିତ ଛାତ୍ର: {{count}},గైర్హాజరు: '{{count}}',ಹಾಜರಿರದ ವಿದ್ಯಾರ್ಥಿಗಳು: {{count}},வராத மாணவர்கள்: {{count}},ગેરહાજર લર્નર {{count}},غیر حاضر: {{count}}
ATTENDANCE,,N/A,N/A,लागू नाही,लागू नहीं,ଉପଲବ୍ଧ ନାହି,వర్తించదు,ಉಪಲಬ್ಧ ಇಲ್ಲ,N/A,N/A,N/A
PROFILE,,EDIT_PROFILE,Edit Profile,प्रोफाइल संपादित करा,प्रोफ़ाइल एडिट करें,ପ୍ରୋଫାଇଲ ଏଡିଟ/ସମ୍ପାଦନ କର,ప్రొఫైల్‌ను సవరించండి,ಪ್ರೊಫೈಲ್ ಸಂಪಾದಿಸಿ,சுயவிவரத்தைத் திருத்து,પ્રોફાઇલ સંપાદિત કરો,پروفائل میں ترمیم کریں
PROFILE,,CONTACT_INFORMATION,Contact information,संपर्क माहिती,संपर्क जानकारी,ଯୋଗାଯୋଗ  ତଥ୍ୟ,సంప్రదింపు సమాచారం,ಸಂಪರ್ಕ ಮಾಹಿತಿ,தொடர்பு தகவல்,સંપર્ક માહિતી,رابطے کی معلومات
PROFILE,,OTHER_INFORMATION,Other Information,इतर माहिती,अन्य जानकारी,ଅନ୍ୟ ତଥ୍ୟ,ఇతర సమాచారం,ಇತರ ಮಾಹಿತಿ,பிற தகவல்,અન્ય માહિતી,دیگر معلومات
PROFILE,,PHONE,Phone,फोन,फ़ोन,ଫୋନ,ఫోన్,ದೂರವಾಣಿ,தொலைபேசி,ફોન,فون
PROFILE,,EMAIL_ID,Email ID,ईमेल आयडी,ईमेल आईडी,ଇମେଲ ଆଇ.ଡି.,ఇమెయిల్ ID,ಇಮೇಲ್ ಐಡಿ,மின்னஞ்சல் ஐடி,ઈમેઈલ આઈડી,ای میل آئی ڈی
PROFILE,,BIO,Bio,जीवित माहिती,बायो,ଜୀବନୀ,బయో,ಬಯೋ,பையோ,બાયો,بایو
PROFILE,,INTERVIEW_TEST_SCORES,Test Scores,टेस्ट स्कोअर,टेस्ट अंक,ପରୀକ୍ଷା ସ୍କୋର୍,పరీక్షా స్కోర్‌లు,ಪರೀಕ್ಷಾ ಅಂಕಗಳು,தேர்வு மதிப்பெண்கள்,ટેસ્ટ સ્કોર્સ,ٹیسٹ اسکورز
PROFILE,,UPDATE_PICTURE,Update Picture,चित्र अद्ययावत करा,फोटो अपडेट करें,ଛବି ଆପଡେଟ୍ କରନ୍ତୁ,చిత్రాన్ని అప్‌డేట్ చేయండి,ಚಿತ್ರವನ್ನು ನವೀಕರಿಸಿ,படத்தைப் புதுப்பி,અપડેટ પિક્ચર,تصویر اپ ڈیٹ کریں
PROFILE,,FULL_NAME,Full Name,पूर्ण नाव,पूरा नाम,ପୂର୍ଣ ନାମ,పూర్తి పేరు,ಪೂರ್ಣ ಹೆಸರು,முழு பெயர்,પૂરું નામ,پورا نام
PROFILE,,LOCATION,Location,स्थान,स्थान,ସ୍ଥାନ,స్థానం,ಸ್ಥಳ,இருப்பிடம்,લોકેશન,مقام
PROFILE,,HELD_ON,Held on:,**आयोजित: **,आयोजित:,ହେଲ୍ଡ ହେଉଛି:,నాడు జరిగింది,ನಡೆಸಲಾಗಿದೆ:,நடைபெற்ற தேதி:,પર યોજાયેલ:,منعقد ہوا:
PROFILE,,MY_PROFILE,My Profile,माझा प्रोफाइल,मेरी प्रोफ़ाइल,ମୋ ପ୍ରୋଫାଇଲ,నా ప్రొఫైల్,ನನ್ನ ಪ್ರೊಫೈಲ್,எனது சுயவிவரம்,મારું પ્રોફાઈલ,میری پروفائل
PROFILE,,VIEW_MORE,View More,अधिक पाहा,और देखें,ଅଧିକ ଦେଖନ୍ତୁ,మరింత చూడండి,ಇನ್ನಷ್ಟು ವೀಕ್ಷಿಸಿ,மேலும் காண்க,વધુ જુઓ,مزید دیکھیں
PROFILE,,VIEW_LESS,View Less,कमी पाहा,कम देखें,କମ୍ ଦେଖନ୍ତୁ,తక్కువ చూడండి,ಕಡಿಮೆ ವೀಕ್ಷಿಸಿ,குறைவாகப் காண்க,ઓછું જુઓ,کم دیکھیں
PROFILE,,DATA_RANGE,Data Range,डेटा श्रेणी,डेटा रेंज़,ଡାଟା ରେଞ୍ଜ,డేటా పరిధి,ಡೇಟಾ ಶ್ರೇಣಿ,தரவு வரம்பு,ડેટા રેન્જ,ڈیٹا رینج
PROFILE,,LEARNER_DETAILS,Learner Details,शिकणाऱ्यांची तपशील,लर्नर विवरण,ଶିକ୍ଷାର୍ଥୀ ବିବରଣୀ,అభ్యాసకుని వివరాలు,ಕಲಿಕಾ ವಿವರಗಳು,மாணவர் விவரங்கள்,લર્નર ની વિગત,طلباء کی تفصیلات
PROFILE,,VIEW_DAY_WISE,View Day-Wise,दिवसानुसार पहा,दिनवार देखें,ଦିନ-ଅନୁସାରେ ବିବରଣୀ ଦେଖନ୍ତୁ,రోజువారీ వీక్షణ,ದಿನವಾರು ವೀಕ್ಷಿಸಿ,நாள் வாரியாக காண்க,દિવસ મુજબ જુઓ,دن وار دیکھیں
PROFILE,,SUBMITTED_ON,Submitted On,**सादर केले: **,सबमिट किया गया,ଦାଖଲ  କରାଯାଇଛି,నాడు సమర్పించబడింది,ಸಲ್ಲಿಸಲಾಗಿದೆ,அன்று சமர்ப்பிக்கப்பட்டது,પર સબમિટ કર્યું,جمع کرایا گیا:
PROFILE,,MARK_OBTAINED,Mark Obtained,प्राप्त मार्क,प्राप्त अंक,ପ୍ରାପ୍ତ ଅଙ୍କ,పొందిన మార్కులు,ಪಡೆದ ಅಂಕ,மதிப்பெண் பெறப்பட்டது,માર્ક મેળવ્યા,حاصل کردہ نمبر
PROFILE,,TOTAL_QUESTIONS,Total Questions,एकूण प्रश्न,कुल प्रश्न,ମୋଟ ପ୍ରଶ୍ନ,మొత్తం ప్రశ్నలు,ಒಟ್ಟು ಪ್ರಶ್ನೆಗಳು,மொத்த கேள்விகள்,કુલ પ્રશ્નો,کل سوالات
PROFILE,,VIEW_FULL_PROFILE,View Full Profile,पूर्ण प्रोफाइल पहा,पूरी प्रोफ़ाइल देखें,ସପୂର୍ଣ ପ୍ରୋଫାଇଲ ଦେଖନ୍ତୁ,పూర్తి ప్రొఫైల్‌ను చూడండి,ಪೂರ್ಣ ಪ್ರೊಫೈಲ್ ವೀಕ್ಷಿಸಿ,முழு சுயவிவரத்தைக் காண்க,પૂરું પ્રોફાઈલ જુઓ,مکمل پروفائل دیکھیں
PROFILE,,SUBJECT,Subject,विषय,विषय,ବିଷୟ,విషయం (సబ్జెక్ట్),ವಿಷಯ,பாடம்,વિષય,موضوع
PROFILE,,POST_TEST,Post Test,पोस्ट टेस्ट,पोस्ट टेस्ट,ପୋଷ୍ଟ  ଟେଷ୍ଟ,ప్రీ టెస్ట్,ಪೋಸ್ಟ್ ಪರೀಕ್ಷೆ,பின் தேர்வு,પોસ્ટ ટેસ્ટ,پوسٹ ٹیسٹ
PROFILE,,PRE_TEST,Pre Test,प्रि टेस्ट,प्री टेस्ट,ପ୍ରି ଟେଷ୍ଟ,పోస్ట్ టెస్ట్,ಪೂರ್ವ ಪರೀಕ್ಷೆ,முன் தேர்வு,પ્રિ ટેસ્ટ,پری ٹیسٹ
PROFILE,,ENGLISH,English,इंग्रजी,अंग्रेजी,ଇଂରାଜୀ,ఇంగ్లీష్,ಇಂಗ್ಲಿಷ್,ஆங்கிலம்,ઈંગ્લીશ,انگریزی
PROFILE,,MATH,Math,गणित,गणित,ଗଣିତ,మ్యాథ్,ಗಣಿತ,கணக்கு,ગણિત,ریاضی
PROFILE,,TEST,Test,टेस्ट,टेस्ट,ପରୀକ୍ଷା,టెస్ట్,ಪರೀಕ್ಷೆ,தேர்வு,ટેસ્ટ,ٹیسٹ
PROFILE,,ENTER_NAME,Please Enter Full Name,कृपया पूर्ण नाव प्रविष्ट करा,कृपया पूरा नाम दर्ज करें,ପୂର୍ଣ ନାମ ଲେଖନ୍ତୁ,దయచేసి పూర్తి పేరును నమోదు చేయండి,ದಯವಿಟ್ಟು ಪೂರ್ಣ ಹೆಸರನ್ನು ನಮೂದಿಸಿ,தயவுசெய்து முழுப் பெயரை உள்ளிடவும்,કૃપા કરીને પૂરું નામ એન્ટર કરો,براہ کرم پورا نام درج کریں
PROFILE,,AT_REQUIRED_LETTER,At least one letter or underscore is required,किमान एक अक्षर किंवा अंडरस्कोर आवश्यक आहे,कम से कम एक अक्षर या अंडरस्कोर होना चाहिए,ଅତି କମ ରେ ଗୋଟିଏ ଅକ୍ଷର କିମ୍ବା ଅଣ୍ଡରସ୍କୋର ଆବଶ୍ୟକ,కనీసం ఒక అక్షరం లేదా అండర్‌స్కోర్ అవసరం,ಕನಿಷ್ಠ ಒಂದು ಅಕ್ಷರ ಅಥವಾ ಅಂಡರ್‌ಸ್ಕೋರ್ ಅಗತ್ಯವಿದೆ,குறைந்தது ஒரு எழுத்து அல்லது அடிக்கோடு தேவை,ઓછામાં ઓછો એક અક્ષર અથવા અન્ડરસ્કોર જરૂરી છે,کم از کم ایک حرف یا انڈراسکور ضروری ہے
PROFILE,,ENTER_NUMBER,Please enter a number,कृपया एक नंबर प्रविष्ट करा,कृपया एक नंबर दर्ज करें,ଦୟାକରି ଏକ ନମ୍ବର ଲେଖନ୍ତୁ/ଏଣ୍ଟର କରନ୍ତୁ,దయచేసి ఒక సంఖ్యను నమోదు చేయండి,ದಯವಿಟ್ಟು ಸಂಖ್ಯೆಯನ್ನು ನಮೂದಿಸಿ,தயவுசெய்து ஒரு எண்ணை உள்ளிடவும்,કૃપા કરીને નંબર દાખલ કરો,براہ کرم نمبر درج کریں
PROFILE,,ENTER_CHARACTER,Please enter at least one character,किमान एक अक्षर प्रविष्ट करा,कृपया कम से कम एक अक्षर दर्ज करें,ଦୟାକରି କୌଣସି ଏକ ଅକ୍ଷର ଲେଖନ୍ତୁ/ଏଣ୍ଟର କରନ୍ତୁ,దయచేసి కనీసం ఒక అక్షరాన్ని నమోదు చేయండి,ದಯವಿಟ್ಟು ಕನಿಷ್ಠ ಒಂದು ಅಕ್ಷರವನ್ನು ನಮೂದಿಸಿ,குறைந்தது ஒரு எழுத்தை உள்ளிடவும்,કૃપા કરીને ઓછામાં ઓછું એક અક્ષર દાખલ કરો,کم از کم ایک کردار درج کریں
PROFILE,,CONTACT_NUMBER,Phone Number,संपर्क क्रमांक,संपर्क नंबर,ଯୋଗାଯୋଗ  ନମ୍ବର,సంప్రదింపు సంఖ్య,ಸಂಪರ್ಕ ಸಂಖ್ಯೆ,தொடர்பு எண்,કોન્ટેક્ટ નંબર,رابطہ نمبر
PROFILE,,ENROLLMENT_NUMBER,User Name,नावनोंदणी क्रमांक,पंजीकरण नंबर,ପଞ୍ଜୀକରଣ ସଂଖ୍ୟା |,వినియోగదారు పేరు,ನೋಂದಣಿ ಸಂಖ್ಯೆ,சேர்க்கை எண்,એનરોલમેન્ટ નંબર,داخلہ نمبر
PROFILE,,SELECT_OPTION,Select Option,पर्याय निवडा,विकल्प चुनें,ପସନ୍ଦ ବାଛନ୍ତୁ,ఎంపికను ఎంచుకోండి,ಆಯ್ಕೆಯನ್ನು ಆರಿಸಿ,விருப்பத்தைத் தேர்ந்தெடுக்கவும்,ઓપ્શન સિલેક્ટ કરો,آپشن منتخب کریں
PROFILE,,HINDI,Hindi,हिंदी,हिंदी,ହିନ୍ଦୀ,హిందీ,ಹಿಂದಿ,இந்தி,હિન્દી,اردو
FIELDS,,DESIGNATION,Designation,पदवी,पद,ପଦବୀ,హోదా,ಪದನಾಮ,பதவி,હોદો,عہدہ
FIELDS,,YEAR_OF_JOINING_SCP,Year of joining SCP,SCP मध्ये सामील होण्याचा वर्ष,SCP में शामिल होने का वर्ष,SCP ରେ ଯୋଗଦାନ ବର୍ଷ,SCPలో చేరిన సంవత్సరం,SCP ಗೆ ಸೇರಿದ ವರ್ಷ,SCP-யில் சேர்ந்த ஆண்டு,SCP માં જોડાવાનું વર્ષ,SCP میں شمولیت کا سال
FIELDS,,MAIN_SUBJECT,My Main Subjects,माझे मुख्य विषय,मेरे मुख्य विषय,ମୋ ମୁଖ୍ୟ ବିଷୟ,నా ప్రధాన విషయాలు,ನನ್ನ ಮುಖ್ಯ ವಿಷಯಗಳು,எனது முதன்மைப் பாடங்கள்,મારો મુખ્ય વિષય,میرے اہم مضامین
FIELDS,,SUBJECTS_I_TEACH,Subjects I Teach,मी शिकवतो ते विषय,मैं जिन विषयों को पढ़ाता हूं,ମୁଁ ଶିକ୍ଷା ଦେଉଥିବା ବିଷୟଗୁଡ଼ିକ |,నేను బోధించే విషయాలు,ನಾನು ಕಲಿಸುವ ವಿಷಯಗಳು,நான் கற்பிக்கும் பாடங்கள்,મારા દ્વારા શીખવવામાં આવેલ વિષયો,وہ مضامین جو میں پڑھاتا ہوں
FIELDS,,GENDER,Gender,लिंग,लिंग,ଲିଙ୍ଗ,లింగం,ಲಿಂಗ,பாலினம்,જાતિ,صنف
FIELDS,,UNIT_NAME,Unit Name,युनिटचे नाव,यूनिट का नाम,ୟୁନିଟ ନାମ,యూనిట్ పేరు,ಘಟಕದ ಹೆಸರು,யூனிட் பெயர்,યુનિટ નું નામ,یونٹ کا نام
FIELDS,,UNIT_CODE,Unit Code,युनिट कोड,यूनिट कोड,ୟୁନିଟ କୋଡ,యూనిట్ కోడ్,ಘಟಕ ಕೋಡ್,யூனிட் குறியீடு,યુનિટ કોડ,یونٹ کوڈ
FIELDS,,ENROLLMENT_NUMBER,Enrollment Number,नोंदणी क्रमांक,नामांकन क्रमांक,ନାମଲେଖା ସଂଖ୍ୟା,నమోదు సంఖ్య,ದಾಖಲಾತಿ ಸಂಖ್ಯೆ,சேர்க்கை எண்,એનરોલ્મેન્ટ નંબર,داخلہ نمبر
FIELDS,,BLOCK_NAME,Block Name,ब्लॉकचे नाव,ब्लॉक नाम,ବ୍ଲକ୍ ନାମ,బ్లాక్ పేరు,ಬ್ಲಾಕ್ ಹೆಸರು,ஒன்றியம் பெயர்,બ્લોક નું નામ,بلاک کا نام
FIELDS,,STUDENT_TYPE,Type of Learner,शिकणाऱ्याचा प्रकार,छात्र प्रकार,ଶିକ୍ଷାର୍ଥୀ ପ୍ରକାର,అభ్యాసకుని రకం,ಪ್ರಕಾರ ಕಲಿಯುವವರು,மாணவரின் வகை,લર્નર ના પ્રકાર,طلباء کی قسم
FIELDS,,STATE_NAME,State Name,राज्याचे नाव,राज्य का नाम,ରାଜ୍ୟ ନାମ,రాష్ట్రం పేరు,ರಾಜ್ಯದ ಹೆಸರು,மாநிலம்,રાજ્ય નું નામ,ریاست کا نام
FIELDS,,SUPPORT_NEEDED,Support needed,आवश्यक समर्थन,सहायता चाहिए,ସହାୟତା ଆବଶ୍ୟକ,మద్దతు అవసరం,ಬೆಂಬಲದ ಅಗತ್ಯವಿದೆ,ஆதரவு தேவை,જરૂરી સપોર્ટ,مدد کی ضرورت
FIELDS,,CLASS,Class (Last passed grade),वर्ग (गेल्या वर्षी पास केलेला),कक्षा,ଶ୍ରେଣୀ (ଶେଷ ପାସ କରିଥିବା ଗ୍ରେଡ/ଶ୍ରେଣୀ),తరగతి (చివరిగా ఉత్తీర్ణత సాధించిన గ్రేడ్),ತರಗತಿ (ಕೊನೆಯದಾಗಿ ಉತ್ತೀರ್ಣರಾದ ತರಗತಿ),வகுப்பு (கடைசியாக தேர்ச்சி பெற்ற வகுப்பு),ક્લાસ (છેલે પાસ કરેલ ધોરણ),کلاس (آخری پاس شدہ درجہ)
FIELDS,,FATHER_NAME,Father’s Name,वडिलांचे नाव,पिता का नाम,ପିତାଙ୍କ ନାମ,తండ్రి పేరు,ತಂದೆಯ ಹೆಸರು,தந்தையின் பெயர்,પિતા નું નામ,والد کا نام
FIELDS,,MARITAL_STATUS,Marital Status,वैवाहिक स्थिती,वैवाहिक स्थिति,ବିବାହ ସ୍ଥିତି,వైవాహిక స్థితి,ವೈವಾಹಿಕ ಸ್ಥಿತಿ,திருமண நிலை,વૈવાહિક સ્તિથિ,ازدواجی حیثیت
FIELDS,,OWN_PHONE_CHECK,Does the Learner Own the Phone?,शिकणाऱ्याजवळ फोन आहे का?,क्या लर्नर के पास अपना फोन है?,ଶିକ୍ଷାର୍ଥୀଙ୍କ ଫୋନ ଆଛି କି?,అభ్యాసకునికి ఫోన్ ఉందా?,ಕಲಿಯುವವರು ಫೋನ್ ಹೊಂದಿದ್ದಾರೆಯೇ?,மாணவர் தொலைபேசியை சொந்தமாக வைத்திருக்கிறாரா?,શું લર્નર પાસે ફોન છે?,طلباء کے پاس فون ہے؟
FIELDS,,PHONE_TYPE_AVAILABLE,Type of Phone Available,उपलब्ध फोनचा प्रकार,उपलब्ध फोन का प्रकार,ଉପଲବ୍ଧ ଫୋନ୍ ପ୍ରକାର,అందుబాటులో ఉన్న ఫోన్ రకం,ಲಭ್ಯವಿರುವ ಫೋನ್ ಪ್ರಕಾರ,தொலைபேசி வகை,અવેલેબલ ફોન નો પ્રકાર,فون کی قسم دستیاب ہے
FIELDS,,DISTRICT_NAME,District Name,जिल्ह्याचे नाव,जिला नाम,ଜିଲ୍ଲା ନାମ,జిల్లా పేరు,ಜಿಲ್ಲೆಯ ಹೆಸರು,மாவட்டத்தின் பெயர்,જીલ્લા નું નામ,ضلع کا نام
FIELDS,,AGE,Age,वय,आयु,ବୟସ,వయస్సు,ವಯಸ್ಸು,வயது,ઉમર,عمر
FIELDS,,PRIMARY_WORK,Learner's Primary Work,शिकणाऱ्याचे प्राथमिक कार्य,लर्नर का प्राथमिक कार्य,ଶିକ୍ଷାର୍ଥୀଙ୍କ ପ୍ରାଥମିକ କାମ,అభ్యాసకుని ప్రాథమిక పని,ಕಲಿಯುವವರ ಪ್ರಾಥಮಿಕ ಕೆಲಸ,மாணவரின் முதன்மைப் பணி,લર્નર નું પ્રાથમિક કામ,طلباء کا بنیادی کام
FIELDS,,MOBILISATION_METHOD,How Was the Learner Mobilized?,शिकणाऱ्याला कसा मोबिलाइझ केला?,लर्नर को कैसे मोबिलाइज किया गया?,ଶିକ୍ଷାର୍ଥୀଙ୍କୁ କିପରି ମୋବିଲାଇଜ୍  କରାଯାଇଥିଲା?,అభ్యాసకుడు ఎలా సమీకరించబడ్డాడు?,ಕಲಿಯುವವರನ್ನು ಹೇಗೆ ಸಜ್ಜುಗೊಳಿಸಲಾಯಿತು?,மாணவர் எவ்வாறு அணிதிரட்டப்பட்டார்?,લર્નર ને કેવી રીતે મોબીલાઈઝ કરવામાં આવ્યા?,طلباء کو کس طرح متحرک کیا گیا؟
FIELDS,,MONTH_MOBILISATION,Month of Mobilisation,मोबिलायझेशनचा महिना,मोबिलाइजेशन का महीना,ମୋବିଲାଇଜ ମାସ,సమీకరించబడిన నెల,ಸಜ್ಜುಗೊಳಿಸಿದ ತಿಂಗಳು,அணிதிரட்டல் மாதம்,મોબીલાઈઝેશન નો મહિનો,متحرک ہونے کا مہینہ
FIELDS,,DROP_OUT_REASON,Reason for Drop Out From School,शाळेपासून ड्रॉपआउट होण्याचे कारण,स्कूल छोड़ने का कारण,ବିଦ୍ୟାଳୟ ଛଡିବା କାରଣ,పాఠశాల నుండి మానేయడానికి గల కారణం,ಶಾಲೆಯಿಂದ ಹೊರಗುಳಿಯಲು ಕಾರಣ,பள்ளியின் இடைநிற்றலுக்கான காரணம்,સ્કૂલ માંથી ડ્રોપઆઉટ થવાનું કારણ,اسکول سے چھوڑنے کی وجہ
FIELDS,,NUMBER_OF_CLUSTERS_I_TEACH,Number of Clusters I Teach,मी शिकवत असलेल्या क्लस्टर्सची संख्या,क्लस्टर की संख्या जो मैं पढ़ाता हूँ,ମୁଁ ପଢାଉଥିବା କ୍ଲଷ୍ଟର ସଂଖ୍ୟା,నేను బోధించే క్లస్టర్‌ల సంఖ్య,ನಾನು ಕಲಿಸುವ ಕ್ಲಸ್ಟರ್‌ಗಳ ಸಂಖ್ಯೆ,நான் கற்பிக்கும் கிளஸ்டர்களின் எண்ணிக்கை,મારા દ્વારા શિખવેલ ક્લસ્ટરોની સંખ્યા,میں جتنے کلسٹرز پڑھاتا ہوں
FIELDS,,NO_OF_CLUSTERS,Number of Clusters,मी शिकवणार्या क्लस्टरची संख्या,मेरे द्वारा पढ़ाए जाने वाले क्लस्टरों की संख्या,କ୍ଲଷ୍ଟର ସଂଖ୍ୟା,క్లస్టర్ల సంఖ్య,ನಾನು ಕಲಿಸುವ ಕ್ಲಸ್ಟರ್‌ಗಳ ಸಂಖ್ಯೆ,நான் கற்பிக்கும் கிளஸ்டர்களின் எண்ணிக்கை,મારા ધ્વારા ભણાવવામાં આવતા ક્લસ્ટર ની સંખ્યા,کلسٹرز کی تعداد
FIELDS,,SUBJECT_TAUGHT,Subject Taught,शिकविणारा विषय,वे विषय जो मैं पढ़ाता हूँ,ଶିଖାଊଥିବା ବିଷୟ,బోధించిన విషయం,ನಾನು ಕಲಿಸುವ ವಿಷಯಗಳು,நான் கற்பிக்கும் பாடங்கள்,મારા દ્વારા ભણાવવામાં આવતો વિષય,پڑھایا گیا مضمون
FIELDS,,MY_MAIN_SUBJECTS,My Main Subjects,माझी मुख्य विषय,मेरे मुख्य विषय,ମୋ ମୁଖ୍ୟ  ବିଷୟଗୁଡିକ,నా ప్రధాన విషయాలు,ನನ್ನ ಮುಖ್ಯ ವಿಷಯಗಳು,என் முக்கிய பாடங்கள்,મારા મુખ્ય વિષયો,میرے اہم مضامین
DROPOUT_REASONS,,UNABLE_TO_COPE_WITH_STUDIES,Unable to cope with studies,अभ्यासासोबत जुळवून घेण्यात अयशस्वी,पढ़ाई में असमर्थता,ପାଠପଢ଼ା ସହିତ ଖାପ ଖୁଆଇ ପାରୁନାହିଁ,చదువుల ఒత్తిడిని తట్టుకోలేకపోవడం,ಅಧ್ಯಯನವನ್ನು ನಿಭಾಯಿಸಲು ಸಾಧ್ಯವಾಗುತ್ತಿಲ್ಲ,படிப்பை சமாளிக்க முடியவில்லை.,અભ્યાસનો સામનો કરવામાં અસમર્થ,مطالعہ میں مشکلات کا سامنا
DROPOUT_REASONS,,FAMILY_RESPONSIBILITIES,Family responsibilities,कौटुंबिक जबाबदाऱ्या,पारिवारिक जिम्मेदारियाँ,ପାରିବାରିକ ଦାୟିତ୍ୱ,కుటుంబ బాధ్యతలు,ಕುಟುಂಬದ ಜವಾಬ್ದಾರಿಗಳು,குடும்பப் பொறுப்புகள்,પારિવારિક જવાબદારી,خاندانی ذمہ داریاں
DROPOUT_REASONS,,NEED_TO_GO_TO_WORK_OWN_WORK,Need to go to work / own work,काम किंवा स्वतःचे काम करण्याची आवश्यकता,काम पर जाने की आवश्यकता / खुद का काम,କାମକୁ ଯିବା / ସ୍ୱୟଂ କାମ,పనికి వెళ్లాల్సిన అవసరం / సొంత పని,ಕೆಲಸಕ್ಕೆ / ಸ್ವಂತ ಕೆಲಸಕ್ಕೆ ಹೋಗಬೇಕಾಗಿದೆ,வேலைக்கு / சொந்த வேலைக்குச் செல்ல வேண்டும்.,કામ પર / પોતાના કામ પર જવાની જરૂર છે,کام کرنے کی ضرورت / اپنا کام
DROPOUT_REASONS,,MARRIAGE,Marriage,लग्न,शादी,ବିବାହ,వివాహం,ಮದುವೆ,திருமணம்,લગ્ન,شادی
DROPOUT_REASONS,,ILLNESS,Illness,आजारीपण,बीमारी,ଅସୁସ୍ଥ,అనారోగ్యం,ಅನಾರೋಗ್ಯ,உடல்நலக்குறைவு,બિમારી,بیماری
DROPOUT_REASONS,,MIGRATION,Migration,स्थलांतर,प्रवास,ପ୍ରବାସୀ,వలస,ವಲಸೆ,இடம்பெயர்வு,સ્થળાંતર,ہجرت
DROPOUT_REASONS,,PREGNANCY,Pregnancy,गर्भधारणे,गर्भावस्था,ଗର୍ଭବତୀ,గర్భం,ಗರ್ಭಧಾರಣೆ,கர்ப்பம்,ગર્ભાવસ્થા,حمل
DROPOUT_REASONS,,DOCUMENT_ISSUE,Document issue,कागदपत्रांचा प्रश्न,दस्तावेज़ समस्या,ଡକ୍ୟୁମେଣ୍ଟ ସମସ୍ୟା,పత్రాల సమస్య,ದಾಖಲೆ ಸಮಸ್ಯೆ,ஆவணப் பிரச்சினை,દસ્તાવેજની સમસ્યા,دستاویزات کا مسئلہ
DROPOUT_REASONS,,DISTANCE_ISSUE,Distance issue,अंतराचे प्रश्न,दूरी की समस्या,ଦୂରତା ସମସ୍ୟା,దూరం సమస్య,ದೂರ ಸಮಸ್ಯೆ,தூரப் பிரச்சினை,અંતર ની સમસ્યા,فاصلہ کا مسئلہ
DROPOUT_REASONS,,SCHOOL_ADMISSION,School admission,शाळेची admission,स्कूल में दाखिला न होने के कारण,ସ୍କୁଲରେ ଭର୍ତ୍ତୀ,పాఠశాల ప్రవేశం,ಶಾಲಾ ಪ್ರವೇಶ,பள்ளி சேர்க்கை,સ્કૂલ એડમીશન,اسکول میں داخلہ
GUIDE_TOUR,,STEP_1,Welcome! Let’s take a quick tour to understand the key features that will help you with your daily tasks.,स्वागत आहे! चला तुम्हाला डॅशबोर्डशी परिचित करूया,स्वागत है! चलिए ऐप के मुख्य फीचर्स देखें जो आपके रोज़मर्रा के काम आसान बनाएंगे।,"ସ୍ୱାଗତ ! ଆସନ୍ତୁ  ଏକ ତ୍ୱରିତ ଭ୍ରମଣ କରିବା, ଯାହା ଆପଣଙ୍କ ଦୈନିକ କାମରେ ସହଯୋଗ କରିବା ପାଇଁ ପ୍ରମୁଖ ବିଶେଷତାଗୁଡ଼ିକୁ ବୁଝିବାରେ ସାହାଯ୍ୟ କରିବ।",స్వాగతం! మీ రోజువారీ పనులకు సహాయపడే ముఖ్య లక్షణాలను అర్థం చేసుకోవడానికి త్వరగా చూద్దాం.,ಸ್ವಾಗತ! ಡ್ಯಾಶ್‌ಬೋರ್ಡ್‌ನೊಂದಿಗೆ ನಿಮಗೆ ಪರಿಚಯ ಮಾಡಿಕೊಳ್ಳೋಣ,வருக! டாஷ்போர்டு பற்றி உங்களுக்கு அறிமுகப்படுத்துவோம்.,સ્વાગત છે! ચાલો તમને ડેશબોર્ડથી પરિચિત કરાવીએ,خوش آمدید! آئیں، ایک مختصر دورہ کرتے ہیں تاکہ اہم خصوصیات کو سمجھیں جو آپ کے روزمرہ کے کاموں میں مددگار ثابت ہوں گی۔
GUIDE_TOUR,,STEP_2,"This section provides a quick overview of attendance trends to help you spot key insights for each center. You can mark attendance, check daily attendance percentages, and modify previous attendance for the last 7 days.",दिवसानुसार शिकणाऱ्यांची उपस्थिती पाहण्यासाठी कॅलेंडर वापरा,"यहां आप हर केंद्र की उपस्थिति देख सकते हैं। आप उपस्थिति मार्क कर सकते हैं, प्रतिशत देख सकते हैं और पिछले 7 दिनों की उपस्थिति बदल सकते हैं।","ଏହି ବିଭାଗଟି ପ୍ରତିଟି ସେଣ୍ଟର ପାଇଁ ଉପସ୍ଥିତି  ଟ୍ରେଣ୍ଡ  ଗୁଡ଼ିକୁ ବୁଝିବାରେ ସହାୟକ ହେବା ପାଇଁ ଏକ ତ୍ୱରିତ ଅଭିମୁଖ୍ୟ ଦେଇଥାଏ। ଆପଣ ଏଠାରୁ ଉପସ୍ଥିତି  ମାର୍କ କରିପାରିବେ,  ପ୍ରତିଦିନ ଉପସ୍ଥିତି,  ପ୍ରତିଶତ ଯାଞ୍ଚ କରିପାରିବେ, ଏବଂ ଶେଷ 7 ଦିନର ଉପସ୍ଥିତିକୁ ସମ୍ପାଦନ କରିପାରିବେ।","ఈ విభాగం ప్రతి కేంద్రానికి ముఖ్యమైన అంతర్దృష్టులను గుర్తించడంలో మీకు సహాయపడటానికి హాజరు ధోరణుల యొక్క త్వరిత అవలోకనాన్ని అందిస్తుంది. మీరు హాజరును గుర్తించవచ్చు, రోజువారీ హాజరు శాతాలను తనిఖీ చేయవచ్చు మరియు గత 7 రోజులకు సంబంధించిన మునుపటి హాజరును సవరించవచ్చు.",ಕಲಿಯುವವರ ದಿನವಾರು ಹಾಜರಾತಿಯನ್ನು ವೀಕ್ಷಿಸಲು ಕ್ಯಾಲೆಂಡರ್ ಬಳಸಿ,"இந்த பகுதி ஒவ்வொரு மையத்திற்குமான வருகைப் பழக்கவழக்கங்களை விரைவாகப் பார்வையிட உதவுகிறது. வருகையை குறிக்க, தினசரி வருகை சதவீதங்களை சரிபார்க்க, மற்றும் கடந்த 7 நாட்களின் வருகையை திருத்த முடியும்.",વિદ્યાર્થીઓની દિવસ મુજબની હાજરી જોવા માટે કેલેન્ડરનો ઉપયોગ કરો,یہ سیکشن حاضری کے رجحانات کا ایک جائزہ فراہم کرتا ہے تاکہ آپ ہر مرکز کے لئے اہم بصیرتیں حاصل کر سکیں۔ آپ حاضری نشان زد کر سکتے ہیں، روزانہ کی حاضری فیصد چیک کر سکتے ہیں اور پچھلے 7 دنوں کی حاضری کو تبدیل کر سکتے ہیں۔
GUIDE_TOUR,,STEP_3,Access the full calendar to track learners' attendance for any month and see who was present or absent each day.,प्रत्येक केंद्राची दैनंदिन उपस्थिती टक्यांची तपासणी करा,पूरे महीने की उपस्थिति देखने के लिए कैलेंडर खोलें। देखें कौन मौजूद था और कौन अनुपस्थित।,"କୌଣସି ମାସର ଶିକ୍ଷାର୍ଥୀ ଉପସ୍ଥିତି  ଟ୍ରାକ୍‌ କରିବା ପାଇଁ ପୂରା କ୍ୟାଲେଣ୍ଡରକୁ ଆକ୍ସେସ୍ କରନ୍ତୁ ଏବଂ ପ୍ରତିଦିନ କିଏ ଉପସ୍ଥିତ ଥିଲେ ଏବଂ କିଏ  ଅନୁପସ୍ଥିତ ଥିଲେ, ତାହା ଦେଖନ୍ତୁ।",ఏదైనా నెలకు అభ్యాసకుల హాజరును ట్రాక్ చేయడానికి మరియు ప్రతి రోజు ఎవరు హాజరయ్యారు లేదా గైర్హాజరయ్యారు అని చూడటానికి పూర్తి క్యాలెండర్‌ను యాక్సెస్ చేయండి.,ಪ್ರತಿ ಕೇಂದ್ರಕ್ಕೆ ದೈನಂದಿನ ಹಾಜರಾತಿ ಶೇಕಡಾವಾರು ಪರಿಶೀಲಿಸಿ,"முழு காலெண்டரை அணுகி, எந்த மாதத்திற்கும் மாணவர்களின் வருகையை கண்காணித்து ஒவ்வொரு நாளும் யார் வந்தார்களோ அல்லது இல்லையோ பார்க்கலாம்.",દરેક કેન્દ્ર માટે દૈનિક હાજરીની ટકાવારી તપાસો,مکمل کیلنڈر تک رسائی حاصل کریں تاکہ آپ کسی بھی مہینے کے لئے سیکھنے والوں کی حاضری کو ٹریک کر سکیں اور دیکھ سکیں کہ ہر دن کون موجود تھا یا غیر حاضر تھا۔
GUIDE_TOUR,,STEP_4,"Use this button to view a detailed overview of center attendance and see a list of learners categorized by low, average, and good attendance for any custom date range.",प्रत्येक दिवसाच्या शिकणाऱ्यांची उपस्थिती चिन्हांकित करा,"इस बटन से केंद्र की पूरी उपस्थिति देखें। लर्नर्स की लिस्ट देखें – कम, औसत और अच्छी उपस्थिति वाले।","ଏହି ବଟନ୍‌ ବ୍ୟବହାର କରି ସେଣ୍ଟର ଉପସ୍ଥିତିର ବିସ୍ତୃତ ଅଭିମୁଖ୍ୟ ଦେଖନ୍ତୁ ଏବଂ ନିଜସ୍ବ ଚୟନ  ତାରିଖ ଅନୁସାରେ କମ୍‌, ସାଧାରଣ ଏବଂ ଭଲ ଉପସ୍ଥିତି  ଥିବା ଶିକ୍ଷାର୍ଥୀମାନଙ୍କ ତାଲିକା ଦେଖନ୍ତୁ।","ఈ బటన్‌ను ఉపయోగించి కేంద్రం హాజరు యొక్క వివరణాత్మక అవలోకనాన్ని చూడండి మరియు ఏదైనా అనుకూల తేదీ పరిధికి తక్కువ, సగటు మరియు మంచి హాజరు ద్వారా వర్గీకరించబడిన అభ్యాసకుల జాబితాను చూడండి.",ಪ್ರತಿ ದಿನದ ಕಲಿಯುವವರ ಹಾಜರಾತಿಯನ್ನು ಗುರುತಿಸಿ,"இந்த பட்டனை பயன்படுத்தி மைய வருகையின் விரிவான கண்ணோட்டத்தைப் பார்வையிடலாம் மற்றும் எந்தவொரு தனிப்பயன் தேதி வரம்பிற்கும் குறைந்த, சராசரி, சிறந்த வருகை கொண்ட கற்றவர்களின் பட்டியலை காணலாம்.",લનર્સ દરેક દિવસની હાજરીને ચિહ્નિત કરો,اس بٹن کا استعمال کریں تاکہ سنٹرکی حاضری کا تفصیلی جائزہ دیکھ سکیں اور کسی بھی حسب ضرورت تاریخ کی حد کے لئے کم، اوسط اور اچھی حاضری کے حساب سے سیکھنے والوں کی فہرست دیکھ سکیں۔
GUIDE_TOUR,,STEP_5,Update your preferred language anytime from here.,मागील {{numberOfDays}} दिवसांमधील केंद्राची उपस्थिती तपासा,अपनी पसंदीदा भाषा यहां बदलें।,ଆପଣଙ୍କ ପସନ୍ଦର ଭାଷାକୁ ଯେକୋଣସି ସମୟରେ ଏଠାରୁ ଅପଡେଟ୍ କରନ୍ତୁ।,మీకు ఇష్టమైన భాషను ఇక్కడ నుండి ఎప్పుడైనా నవీకరించండి.,ಕಳೆದ {{numberOfDays}} ದಿನಗಳಲ್ಲಿ ಕೇಂದ್ರದ ಹಾಜರಾತಿಯನ್ನು ಪರಿಶೀಲಿಸಿ,உங்கள் விருப்ப மொழியை எப்போதும் இங்கிருந்து புதுப்பிக்கலாம்.,છેલ્લા {{કુલ દિવસો}} દિવસમાં સેન્ટર ની હાજરી તપાસો,یہاں سے کسی بھی وقت اپنی پسندیدہ زبان اپ ڈیٹ کریں۔
GUIDE_TOUR,,STEP_6,Access data from the current or past years by selecting a year from this dropdown,मागील {{numberOfDays}} दिवसांमधील कमी उपस्थिती असलेले शिकणारे पाहा,यहां से साल चुनकर पिछले या वर्तमान साल का डेटा देखें।,ଏହି ଡ୍ରପ୍‌ଡାଉନ୍‌ରୁ ଗୋଟିଏ ବର୍ଷ ଚୟନ କରି ବର୍ତ୍ତମାନ ବା ପୂର୍ବବର୍ଷର ତଥ୍ୟ ଆକ୍ସେସ୍ କରନ୍ତୁ।,ఈ డ్రాప్‌డౌన్ నుండి ఒక సంవత్సరాన్ని ఎంచుకోవడం ద్వారా ప్రస్తుత లేదా గత సంవత్సరాల నుండి డేటాను యాక్సెస్ చేయండి,ಕಳೆದ {{numberOfDays}} ದಿನಗಳಲ್ಲಿ ಕಡಿಮೆ ಹಾಜರಾತಿ ಹೊಂದಿರುವ ಕಲಿಯುವವರನ್ನು ವೀಕ್ಷಿಸಿ,"இந்த dropdown-இல் இருந்து ஆண்டை தேர்ந்தெடுத்து, தற்போதைய அல்லது கடந்த ஆண்டுகளின் தரவுகளை அணுகலாம்.",પાછલા {{કુલ દિવસો}} દિવસમાં ઓછી હાજરીવાળા લર્નર્સ ને જુઓ,اس ڈراپ ڈاؤن سے کسی بھی سال کا انتخاب کر کے موجودہ یا پچھلے سال کے ڈیٹا تک رسائی حاصل کریں۔
GUIDE_TOUR,,PREVIOUS,Previous,मागील,पिछला,ପୂର୍ବରୁ,మునుపటిది,ಹಿಂದಿನ,முந்தையது,પાછળ નું,پچھلا
GUIDE_TOUR,,NEXT,Next,पुढे,अगला,ପରବର୍ତୀ,తదుపరిది,ಮುಂದಿನ,அடுத்து,આગળ નું,اگلا
GUIDE_TOUR,,SKIP,Skip,उत्सुकतेने,छोड़ें,ଛାଡନ୍ତୁ,దాటవేయి,ಸ್ಕಿಪ್,தவிர்,છોડો,نظر انداز کریں
GUIDE_TOUR,,STEP_7,"Access your teaching centers and manage tasks like adding, editing, or removing learners, marking dropouts, and reassigning centers or blocks. You can also easily schedule online or offline sessions for your subjects.","आपल्या अध्यापन केंद्रांना प्रवेश करा आणि शिकणाऱ्यांना जोडणे, संपादित करणे किंवा काढून टाकणे, ड्रॉपआउट चिन्हांकित करणे आणि केंद्रे किंवा ब्लॉक्स पुन्हा नियुक्त करणे यासारख्या कार्ये व्यवस्थापित करा. आपण आपल्या विषयांसाठी ऑनलाइन किंवा ऑफलाइन सत्रे देखील सहजपणे शेड्यूल करू शकता.","अपने टीचिंग केंद्र खोलें और लर्नर्स जोड़ें, एडिट करें, हटाएं। ड्रॉपआउट मार्क करें और केंद्र या ब्लॉक बदलें। अपने विषयों के लिए ऑनलाइन या ऑफलाइन सत्र शेड्यूल करें।","ଆପଣଙ୍କର ଶିକ୍ଷାଦାନ କେନ୍ଦ୍ରଗୁଡିକୁ ପ୍ରବେଶ କରନ୍ତୁ ଏବଂ ଶିକ୍ଷାର୍ଥୀମାନଙ୍କୁ ଯୋଡିବା , ସମ୍ପାଦାନ କରିବା କିମ୍ବା ଅପସାରଣ କରିବା, ଡ୍ରପଅଇଟ୍ ଚିହ୍ନଟ କରିବା ଏବଂ କେନ୍ଦ୍ର କିମ୍ବା ବ୍ଲକଗୁଡିକୁ ପୁଣି ନ୍ୟସ୍ତ କରିବା ଭଳି କାର୍ଯ୍ୟଗୁଡିକୁ ପରିଚାଳନା କରନ୍ତୁ l ଆପଣ ନିଜ ବିଷୟ ପାଇଁ ସହଜରେ ଅନଲାଇନ କିମ୍ବା ଅଫଲାଇନ ଅଧିବେଶନ ମଧ୍ୟ ନିର୍ଦ୍ଧାରଣ କରିପାରିବେ l ","మీ బోధనా కేంద్రాలను యాక్సెస్ చేయండి మరియు అభ్యాసకులను జోడించడం, సవరించడం, తొలగించడం, మానేసిన వారిని గుర్తించడం మరియు కేంద్రాలు లేదా బ్లాక్‌లను తిరిగి కేటాయించడం వంటి పనులను నిర్వహించండి. మీరు మీ సబ్జెక్టుల కోసం ఆన్‌లైన్ లేదా ఆఫ్‌లైన్ సెషన్‌లను కూడా సులభంగా షెడ్యూల్ చేయవచ్చు.","ನಿಮ್ಮ ಬೋಧನಾ ಕೇಂದ್ರಗಳನ್ನು ಪ್ರವೇಶಿಸಿ ಮತ್ತು ಕಲಿಯುವವರನ್ನು ಸೇರಿಸುವುದು, ಸಂಪಾದಿಸುವುದು ಅಥವಾ ತೆಗೆದುಹಾಕುವುದು, ಡ್ರಾಪ್ಔಟ್‌ಗಳನ್ನು ಗುರುತಿಸುವುದು ಮತ್ತು ಕೇಂದ್ರಗಳು ಅಥವಾ ಬ್ಲಾಕ್‌ಗಳನ್ನು ಮರು ನಿಯೋಜಿಸುವಂತಹ ಕಾರ್ಯಗಳನ್ನು ನಿರ್ವಹಿಸಿ. ನಿಮ್ಮ ವಿಷಯಗಳಿಗೆ ಆನ್‌ಲೈನ್ ಅಥವಾ ಆಫ್‌ಲೈನ್ ಅವಧಿಗಳನ್ನು ಸಹ ನೀವು ಸುಲಭವಾಗಿ ನಿಗದಿಪಡಿಸಬಹುದು.","உங்கள் கற்பித்தல் மையங்களை அணுகி, மாணவர்களைச் சேர்த்தல், திருத்துதல் அல்லது நீக்குதல், இடைநிற்றலைக் குறிப்பது மற்றும் மையங்கள் அல்லது ஒன்றியத்தை மறுஒதுக்கீடு செய்தல் போன்ற பணிகளை நிர்வகிக்கவும். உங்கள் பாடங்களுக்கான ஆன்லைன் அல்லது ஆஃப்லைன் அமர்வுகளையும் எளிதாக திட்டமிடலாம்.","તમારા શિક્ષણ કેન્દ્રોને ઍક્સેસ કરો અને શીખનારાઓને ઉમેરવા, સંપાદિત કરવા અથવા કાઢી નાખવા, ડ્રોપઆઉટ્સને ચિહ્નિત કરવા અને કેન્દ્રો અથવા બ્લોક્સને ફરીથી ફાળવવા જેવા કાર્યોનું સંચાલન કરો. તમે તમારા વિષયો માટે ઑનલાઇન અથવા ઑફલાઇન સત્રો સરળતાથી શેડ્યૂલ કરી શકો છો.",اپنے تدریسی سنٹرز تک رسائی حاصل کریں اور طلباء کو شامل کرنے، ترمیم کرنے یا ہٹانے، چھوڑنے والوں کو نشان زد کرنے اور سنٹرز یا بلاکس کو دوبارہ تفویض کرنے جیسے کاموں کا نظم کریں۔ آپ اپنے مضامین کے لیے آسانی سے آن لائن یا آف لائن سیشنز بھی ترتیب دے سکتے ہیں۔
GUIDE_TOUR,,STEP_8,"Fill out surveys for individual learners, facilitators, or centers within their due date","वैयक्तिक शिकणारे, सुविधा प्रदान करणारे किंवा केंद्रे यांच्यासाठी सर्वेक्षण त्यांच्या अंतिम तारखेपूर्वी भरा.","व्यक्तिगत लर्नर्स, फैसिलिटेटर या केंद्र के सर्वे समय पर भरें।","ବ୍ୟକ୍ତିଗତ ଶିକ୍ଷାର୍ଥୀ, ଫେସିଲିଟରବୃନ୍ଦ କିମ୍ବା କେନ୍ଦ୍ରଗୁଡିକ ପାଇଁ ଧାର୍ଯ୍ୟ ତାରିଖ ମଧ୍ୟରେ ସର୍ଭେ ପୂରଣ କରନ୍ତୁ ","వ్యక్తిగత అభ్యాసకులు, ఫెసిలిటేటర్లు లేదా కేంద్రాల కోసం వాటి గడువు తేదీలోపు సర్వేలను పూరించండి","ವೈಯಕ್ತಿಕ ಕಲಿಯುವವರು, ಸಹಾಯಕರು ಅಥವಾ ಕೇಂದ್ರಗಳಿಗೆ ಅವರ ನಿಗದಿತ ದಿನಾಂಕದೊಳಗೆ ಸಮೀಕ್ಷೆಗಳನ್ನು ಭರ್ತಿ ಮಾಡಿ.","மாணவர்கள், ஆசிரியர்கள் அல்லது மையங்களின் கணக்கெடுப்புகளை குறிப்பிட்ட தேதிக்குள் நிரப்பவும்.","વ્યક્તિગત શીખનારાઓ, ફેસિલિટેટરો અથવા કેન્દ્રો માટે તેમની નિયત તારીખમાં સર્વેક્ષણો ભરો",انفرادی طلباء، فیسلیٹیٹر، یا م سینٹرس کے لیے ان کی مقررہ تاریخ کے اندر سروے پُر کریں۔
GUIDE_TOUR,,STEP_9,"Access the full academic year’s course plan for each subject, along with resources like videos and documents for every topic. Track your teaching progress by updating topic completion status.","प्रत्येक विषयासाठी पूर्ण शैक्षणिक वर्षाचा अभ्यासक्रम योजना, तसेच प्रत्येक विषयासाठी व्हिडिओ आणि दस्तऐवजांसारख्या संसाधनांचा प्रवेश घ्या. विषय पूर्ण होण्याची स्थिती अद्यतनित करून आपली अध्यापन प्रगती ट्रॅक करा.",हर विषय की साल भर की पाठ योजना देखें। वीडियो और दस्तावेज़ देखें। विषय पूरा होने पर स्टेटस अपडेट करें।,ପ୍ରତ୍ୟେକ ବିଷୟ ପାଇଁ ଭିଡିଓ ଏବଂ ଡକ୍ୟୁମେଣ୍ଟ ପରି ଉତ୍ସ ସହିତ ପ୍ରତ୍ୟେକ ବିଷୟ ପାଇଁ ପୂର୍ଣ୍ଣ ଶିକ୍ଷାବର୍ଷର ପାଠ୍ୟକ୍ରମ ଯୋଜନାକୁ ପ୍ରବେଶ କରନ୍ତୁ l ବିଷୟ ସମାପ୍ତି ସ୍ଥିତିକୁ ଅଦ୍ୟତନ କରି ଆପଣଙ୍କର ଶିକ୍ଷାଦାନର ଅପଡେଟ  ଟ୍ରାକ୍ କରନ୍ତୁ l,"ప్రతి సబ్జెక్టుకు సంబంధించిన పూర్తి విద్యా సంవత్సరపు కోర్సు ప్రణాళికను, ప్రతి అంశానికి సంబంధించిన వీడియోలు మరియు పత్రాలు వంటి వనరులతో పాటు యాక్సెస్ చేయండి. అంశం పూర్తయిన స్థితిని నవీకరించడం ద్వారా మీ బోధనా పురోగతిని ట్రాక్ చేయండి.","ಪ್ರತಿಯೊಂದು ವಿಷಯಕ್ಕೂ ವೀಡಿಯೊಗಳು ಮತ್ತು ದಾಖಲೆಗಳಂತಹ ಸಂಪನ್ಮೂಲಗಳೊಂದಿಗೆ, ಪ್ರತಿಯೊಂದು ವಿಷಯಕ್ಕೂ ಪೂರ್ಣ ಶೈಕ್ಷಣಿಕ ವರ್ಷದ ಕೋರ್ಸ್ ಯೋಜನೆಯನ್ನು ಪ್ರವೇಶಿಸಿ. ವಿಷಯ ಪೂರ್ಣಗೊಳಿಸುವಿಕೆಯ ಸ್ಥಿತಿಯನ್ನು ನವೀಕರಿಸುವ ಮೂಲಕ ನಿಮ್ಮ ಬೋಧನಾ ಪ್ರಗತಿಯನ್ನು ಟ್ರ್ಯಾಕ್ ಮಾಡಿ.","ஒவ்வொரு பாடத்திற்கும் முழு கல்வியாண்டு பாடத் திட்டத்தையும், ஒவ்வொரு தலைப்புக்கும் வீடியோக்கள் மற்றும் ஆவணங்கள் போன்ற ஆதாரங்களையும் அணுகவும். தலைப்பு முடிவு  நிலையைப் புதுப்பிப்பதன் மூலம் உங்கள் கற்பித்தல் முன்னேற்றத்தைக் கண்காணிக்கவும்.",દરેક વિષય માટે વિડિઓઝ અને દસ્તાવેજો જેવા સંસાધનો સાથે દરેક વિષય માટે સંપૂર્ણ શૈક્ષણિક વર્ષના અભ્યાસક્રમ યોજનાને ઍક્સેસ કરો. વિષય પૂર્ણતાની સ્થિતિ અપડેટ કરીને તમારી શિક્ષણ પ્રગતિને ટ્રૅક કરો.,ہر موضوع کے لیے پورے تعلیمی سال کے کورس پلان تک رسائی حاصل کریں، ساتھ ہی ہر موضوع کے لیے ویڈیوز اور دستاویزات جیسے وسائل۔ موضوع کی تکمیل کی حیثیت کو اپ ڈیٹ کرکے اپنی تدریسی پیشرفت کو ٹریک کریں۔
GUIDE_TOUR,,STEP_10,"View detailed scores and summaries of Pre and Post tests for each learner. Track which students have completed, are in progress or yet to start the test.","प्रत्येक शिकणाऱ्यासाठी पूर्व आणि पश्चात चाचण्यांचे तपशीलवार गुण आणि सारांश पहा. कोणत्या विद्यार्थ्यांनी चाचणी पूर्ण केली आहे, प्रगतीत आहे किंवा अद्याप सुरू करायची आहे हे ट्रॅक करा.","हर लर्नर के प्री और पोस्ट टेस्ट के अंक और सार देखें। देखें कौन पूरा कर चुका, प्रगति में है या अभी शुरू नहीं किया।","ପ୍ରତ୍ୟେକ ଶିକ୍ଷାର୍ଥୀ ପାଇଁ ପ୍ରି ଏବଂ ପୋଷ୍ଟ ପରୀକ୍ଷଣର ବିସ୍ତୃତ ସ୍କୋର ଏବଂ ସାରାଂଶ ଦେଖନ୍ତୁ l ଟ୍ରାକ କରନ୍ତୁ  ଯେଉଁ ଶିକ୍ଷାର୍ଥୀମାନେ ସମାପ୍ତ କରିଛନ୍ତି , ଅଗ୍ରଗତି କରିଛନ୍ତି କିମ୍ବା ଏ ପର୍ଯ୍ୟନ୍ତ ପରୀକ୍ଷ ଆରମ୍ଭ କରିବାକୁ ଯାଉଛନ୍ତି l ","ప్రతి అభ్యాసకుడికి ప్రీ మరియు పోస్ట్ పరీక్షల యొక్క వివరణాత్మక స్కోర్‌లు మరియు సారాంశాలను వీక్షించండి. ఏ విద్యార్థులు పరీక్షను పూర్తి చేశారు, పురోగతిలో ఉన్నారు లేదా ఇంకా ప్రారంభించలేదు అని ట్రాక్ చేయండి.","ಪ್ರತಿ ಕಲಿಯುವವರ ಪೂರ್ವ ಮತ್ತು ನಂತರದ ಪರೀಕ್ಷೆಗಳ ವಿವರವಾದ ಅಂಕಗಳು ಮತ್ತು ಸಾರಾಂಶಗಳನ್ನು ವೀಕ್ಷಿಸಿ. ಯಾವ ವಿದ್ಯಾರ್ಥಿಗಳು ಪೂರ್ಣಗೊಳಿಸಿದ್ದಾರೆ, ಪ್ರಗತಿಯಲ್ಲಿದ್ದಾರೆ ಅಥವಾ ಇನ್ನೂ ಪರೀಕ್ಷೆಯನ್ನು ಪ್ರಾರಂಭಿಸಬೇಕಾಗಿದೆ ಎಂಬುದನ್ನು ಟ್ರ್ಯಾಕ್ ಮಾಡಿ.","ஒவ்வொரு மாணவருக்கும்  முந்தைய மற்றும் பிந்தைய தேர்வுகளின் விரிவான மதிப்பெண்கள் மற்றும் விவரங்களை காண்க. எந்த மாணவர்கள் முடித்தார்கள், எந்த மாணவர்கள் தொடர்கிறார்கள் அல்லது இன்னும் தேர்வைத் தொடங்கவில்லை என்பதைக் கண்காணிக்கவும்.","દરેક શીખનાર માટે પૂર્વ અને પોસ્ટ પરીક્ષણોના વિગતવાર સ્કોર્સ અને સારાંશ જુઓ. કયા વિદ્યાર્થીઓએ પરીક્ષા પૂર્ણ કરી છે, પ્રગતિમાં છે અથવા હજુ સુધી શરૂ કરવાની બાકી છે તે ટ્રૅક કરો.",طلباء کے پری اور پوسٹ ٹیسٹ کے تفصیلی نشانات اور خلاصہ دیکھیں۔ ٹریک کریں کہ کون سے طلباء نے ٹیسٹ مکمل کیا ہے، جاری ہے یا ابھی ٹیسٹ شروع کرنا ہے۔
GUIDE_TOUR,,STEP_11,Track and update each learner’s board exam enrollment status,प्रत्येक शिकणाऱ्याच्या बोर्ड परीक्षा नोंदणी स्थितीचे ट्रॅक आणि अद्यतन करा.,हर लर्नर की बोर्ड परीक्षा नामांकन स्थिति देखें और अपडेट करें।,ପ୍ରତ୍ୟେକ ଶିକ୍ଷାର୍ଥୀଙ୍କର ବୋର୍ଡ ପରୀକ୍ଷା ନାମଲେଖା ସ୍ଥିତିକୁ ଟ୍ରାକ ଏବଂ ଅପଡେଟ୍ କରନ୍ତୁ,ప్రతి అభ్యాసకుడి బోర్డు పరీక్ష నమోదు స్థితిని ట్రాక్ చేయండి మరియు నవీకరించండి,ಪ್ರತಿಯೊಬ್ಬ ಕಲಿಯುವವರ ಬೋರ್ಡ್ ಪರೀಕ್ಷೆಯ ದಾಖಲಾತಿ ಸ್ಥಿತಿಯನ್ನು ಟ್ರ್ಯಾಕ್ ಮಾಡಿ ಮತ್ತು ನವೀಕರಿಸಿ,ஒவ்வொரு மாணவரின்  பொதுத் தேர்வு சேர்க்கை நிலையைக் கண்காணித்து பதிவேற்றவும்.,દરેક શીખનારની બોર્ડ પરીક્ષા નોંધણી સ્થિતિને ટ્રૅક કરો અને અપડેટ કરો,ہر طلباءکے بورڈ امتحان میں اندراج کی حیثیت کو ٹریک اور اپ ڈیٹ کریں۔
GUIDE_TOUR,,FINISH,Finish,समाप्त,समाप्त करें,ସମାପ୍ତ,పూర్తి చేయండి,ಮುಗಿಸು,முடிக்க,સમાપ્ત કરો,ختم کریں
GUIDE_TOUR,,LEARN_HOW_TO_USE,Learn How to Use,वापर कसा करायचा शिका।,इस्तेमाल करना सीखें।,"ବ୍ୟବହାର କିପରି କରିବେ, ଶିଖିବେ ।",ఎలా ఉపయోగించాలో తెలుసుకోండి,ಹೇಗೆ ಬಳಸಬೇಕೆಂದು ತಿಳಿಯಿರಿ,எப்படி பயன்படுத்துவது என்பதை கற்க.,કેવી રીતે ઉપયોગ કરવો તે જાણો,استعمال کرنے کا طریقہ سیکھیں۔
GUIDE_TOUR,,STEP_12,"Whenever you run into a problem while using the app, raise a support request by describing the problem and adding screenshots or attachments. Our team will review and take action.","जेव्हा अ‍ॅप वापरताना समस्या उद्भवते, तेव्हा कृपया समस्येचे वर्णन करून आणि स्क्रीनशॉट किंवा अटॅचमेंट जोडून सपोर्ट विनंती सबमिट करा. आमची टीम त्याचा आढावा घेईल आणि कारवाई करेल.",ऐप इस्तेमाल करते समय समस्या आए तो समस्या लिखकर और स्क्रीनशॉट/फाइल जोड़कर सहायता अनुरोध भेजें। हमारी टीम इसे देखकर कार्रवाई करेगी।,"ଆପ୍ଲିକେସନ୍ ବ୍ୟବହାର କରୁଥିବା ସମୟରେ କୌଣସି ସମସ୍ୟା ହେଲେ, ସମସ୍ୟା ବିବରଣୀ ଦେଇ ସମର୍ଥନ ଅନୁରୋଧ ଦାଖଲ କରନ୍ତୁ। ସ୍କ୍ରିନଟି କିମ୍ବା ଅଟାଚମେଣ୍ଟ ଯୋଗ କରିପାରିବେ। ଆମ ଟିମ୍ ସମୀକ୍ଷା କରି ପ୍ରୟୋଜନୀୟ କାର୍ଯ୍ୟ କରିବ।","యాప్‌ను ఉపయోగిస్తున్నప్పుడు మీకు ఏదైనా సమస్య ఎదురైతే, సమస్యను వివరించి, స్క్రీన్‌షాట్‌లు లేదా జోడింపులను జోడించడం ద్వారా మద్దతు అభ్యర్థనను లేవనెత్తండి. మా బృందం సమీక్షించి చర్య తీసుకుంటుంది.","ಅಪ್ಲಿಕೇಶನ್ ಬಳಸುವಾಗ ನೀವು ಸಮಸ್ಯೆಯನ್ನು ಎದುರಿಸಿದಾಗಲೆಲ್ಲಾ, ಸಮಸ್ಯೆಯನ್ನು ವಿವರಿಸುವ ಮೂಲಕ ಮತ್ತು ಸ್ಕ್ರೀನ್‌ಶಾಟ್‌ಗಳು ಅಥವಾ ಲಗತ್ತುಗಳನ್ನು ಸೇರಿಸುವ ಮೂಲಕ ಬೆಂಬಲ ವಿನಂತಿಯನ್ನು ಸಲ್ಲಿಸಿ. ನಮ್ಮ ತಂಡವು ಪರಿಶೀಲಿಸಿ ಕ್ರಮ ತೆಗೆದುಕೊಳ್ಳುತ್ತದೆ.","நீங்கள் செயலியை பயன்படுத்தும் போது ஏதேனும் பிரச்சனை ஏற்பட்டால், அதன் விவரத்துடன் ஸ்க்ரீன்ஷாட் அல்லது இணைப்புகளைச் சேர்த்து ஆதரவு கோரிக்கையை அனுப்புங்கள். எங்கள் குழு அதைப் பார்த்து நடவடிக்கை எடுக்கும்.","જ્યારે તમે એપ્લિકેશનનો ઉપયોગ કરતી વખતે કોઈ સમસ્યાનો સામનો કરો, ત્યારે કૃપા કરીને સમસ્યાનું વર્ણન કરો અને સ્ક્રીનશૉટ અથવા અન્ય અટેચમેન્ટ સાથે સપોર્ટ રિક્વેસ્ટ મોકલો. અમારી ટીમ સમીક્ષા કરીને જરૂરી પગલાં ભરશે",جب بھی ایپ استعمال کرتے وقت کوئی مسئلہ درپیش ہو، تو سپورٹ کی درخواست جمع کروائیں۔ مسئلے کی تفصیل کے ساتھ اسکرین شاٹس یا اٹیچمنٹ شامل کریں۔ ہماری ٹیم جائزہ لے کر کارروائی کرے گی۔
BLOCKS,,TEACHING_BLOCKS,Teaching Blocks,शिक्षण ब्लॉक्स,टीचिंग ब्लॉक्स,ଶିକ୍ଷା ବ୍ଲକସ,బోధనా బ్లాక్‌లు,ಬೋಧನಾ ಬ್ಲಾಕ್‌ಗಳು,கற்பித்தல் பிரிவுகள்,ટીચિંગ બ્લોકસ,تعلیمی بلاکس
BLOCKS,,SEARCH,Search..,शोधा..,खोजें..,ସନ୍ଧାନ କରନ୍ତୁ,వెతకండి..,ಹುಡುಕಿ..,தேடு..,શોધો,تلاش کریں..
BLOCKS,,CREATE_NEW,Create New,नवीन तयार करा,नया बनाएँ,ନୂତନ ସୃଷ୍ଟି କରନ୍ତୁ,కొత్తది సృష్టించండి,ಹೊಸದನ್ನು ರಚಿಸಿ,புதியதை உருவாக்கு,નવું બનાવો,نیا بنائیں
BLOCKS,,NEW_BLOCK,New Block,नवीन ब्लॉक,नया ब्लॉक,ନୂଆ ବ୍ଲକ୍,కొత్త బ్లాక్,ಹೊಸ ಬ್ಲಾಕ್ ಅನ್ನು ರಚಿಸಿ,புதிய ஒன்றியம்,નવો બ્લોક,نیا بلاک
BLOCKS,,BLOCK_NAME,Block Name,ब्लॉकचे नाव,ब्लॉक का नाम,ବ୍ଲକ୍ ନାମ,బ్లాక్ పేరు,ಬ್ಲಾಕ್ ಹೆಸರು,ஒன்றியம் பெயர்,બ્લોક નું નામ,بلاک کا نام
BLOCKS,,CREATE,Create,तयार करा,बनाएँ,ତିଆରି କରନ୍ତୁ,సృష్టించండి,ರಚಿಸಿ,உருவாக்கு,બનાવો,بنانا
BLOCKS,,SEARCH_BLOCKS,Search Blocks,ब्लॉक्स शोधा,ब्लॉक खोजें,ବ୍ଲକ୍‌ ଖୋଜନ୍ତୁ,బ్లాక్‌లను వెతకండి,ಹುಡುಕಾಟ ಬ್ಲಾಕ್‌ಗಳನ್ನು,ஒன்றியங்களைத் தேடு,બ્લોકસ શોધો,بلاکس تلاش کریں
BLOCKS,,REASSIGN_BLOCK_REQUESTED,Reassign Block Requested Successfully!,ब्लॉक पुन्हा नियुक्त करण्याची विनंती यशस्वीरित्या केली गेली आहे!,ब्लॉक को फिर से असाइन करने की अनुरोध सफलतापूर्वक भेजी गई!,ବ୍ଲକ୍ ପୁନଃଅନୁଯୋଜନା ସଫଳତାର ସହିତ ଅନୁରୋଧ କରାଯାଇଛି!,బ్లాక్‌ను తిరిగి కేటాయించాలని విజయవంతంగా అభ్యర్థించబడింది!,ಬ್ಲಾಕ್ ಅನ್ನು ಮರುಹೊಂದಿಸಲು ಯಶಸ್ವಿಯಾಗಿ ವಿನಂತಿಸಲಾಗಿದೆ!,ஒன்றியத்தை மீண்டும் ஒதுக்க கோரப்பட்டது!,ફરીથી અસાઇન બ્લોકની વિનંતી સફળતાપૂર્વક કરી!,بلاک کی دوبارہ تفویض کی درخواست کامیابی سے بھیج دی گئی!
CENTERS,,CENTERS,Centers,केंद्रे,केंद्र,କେନ୍ଦ୍ରଗୁଡିକ,కేంద్రాలు,ಕೇಂದ್ರಗಳು,மையங்கள்,સેન્ટર્સ,سنٹرز
CENTERS,,REGULAR_CENTERS,Regular Centers,सामान्य केंद्रे,ऑफलाइन केंद्र,ସାଧାରଣ କେନ୍ଦ୍ର,రెగ్యులర్ కేంద్రాలు,ನಿಯಮಿತ ಕೇಂದ್ರಗಳು,ரெகுலர் மையங்கள்,નિયમિત સેન્ટર્સ,باقاعدہ مراکز
CENTERS,,REMOTE_CENTERS,Remote Centers,दूरस्थ केंद्रे,रिमोट केंद्र,ଦୂରସ୍ଥ କେନ୍ଦ୍ର,రిమోట్ కేంద్రాలు,ರಿಮೋಟ್ ಕೇಂದ್ರ,ரிமோட் மையங்கள்,રીમોટ સેન્ટર્સ,دور دراز مراکز
CENTERS,,REMOTE_CENTER,Remote Center,दूरस्थ केंद्र,रिमोट केंद्र,ଦୂରସ୍ଥ କେନ୍ଦ୍ର,రిమోట్ కేంద్రం,ರಿಮೋಟ್ ಕೇಂದ್ರ,ரிமோட் மையம்,રીમોટ સેન્ટર,دور دراز مرکز
CENTERS,,REGULAR,Regular,सामान्य,ऑफलाइन केंद्र,ସାଧାରଣ,రెగ్యులర్,ನಿಯಮಿತ,ரெகுலர்,નિયમિત,باقاعدہ
CENTERS,,REMOTE,Remote,दूरस्थ,रिमोट केंद्र,ଦୂରସ୍ଥ,రిమోట్,ರಿಮೋಟ್,ரிமோட்,રીમોટ,دور دراز
CENTERS,,SEARCH_BLOCKS,Search Blocks,ब्लॉक्स शोधा,ब्लॉक्स खोजें,ବ୍ଲକସ ଗୁଡିକୁ  ସନ୍ଧାନ କରନ୍ତୁ,బ్లాక్‌లను వెతకండి,ಹುಡುಕಾಟ ಬ್ಲಾಕ್‌ಗಳು,ஒன்றியங்களைத் தேடு,બ્લોકસ શોધો,بلاکس تلاش کریں
CENTERS,,SEARCH_CENTERS,Search Centers,केंद्र शोधा,केंद्र खोजें,କେନ୍ଦ୍ର ଖୋଜ |,కేంద్రాలను వెతకండి,ಸರ್ಚ್ ಸೆಂಟರ್,மையங்களைத் தேடு,સેન્ટર્સ શોધો,مراکز تلاش کریں
CENTERS,,BLOCK_REQUEST,You are sending a request to the state Team Leader to re-assign the Block to this user,तुम्ही राज्य टीम लीडरकडे ब्लॉक हा वापरकर्त्याला पुन्हा नियुक्त करण्याची विनंती पाठवत आहात,आप टीम लीडर को इस उपयोगकर्ता को ब्लॉक फिर से असाइन करने के लिए अनुरोध भेज रहे हैं।,ଆପଣ ଏହି ବ୍ୟବହାରକାରୀକୁ ବ୍ଲକ୍ ପୁନଃ-ସଂସ୍ଥାପନ ପାଇଁ ରାଜ୍ୟ ଟିମ୍ ଲିଡରକୁ ଅନୁରୋଧ ପଠାଉଛନ୍ତି,ఈ వినియోగదారుకు బ్లాక్‌ను తిరిగి కేటాయించడానికి మీరు రాష్ట్ర బృంద నాయకుడికి అభ్యర్థనను పంపుతున్నారు,ಈ ಬಳಕೆದಾರರಿಗೆ ಬ್ಲಾಕ್ ಅನ್ನು ಮರುಹೊಂದಿಸಲು ನೀವು ರಾಜ್ಯ ತಂಡದ ನಾಯಕರಿಗೆ ವಿನಂತಿಯನ್ನು ಕಳುಹಿಸುತ್ತಿದ್ದೀರಿ,இந்த பயனருக்கு மீண்டும் ஒன்றியத்தை ஒதுக்குமாறு மாநில குழுத் தலைவருக்கு நீங்கள் ஒரு கோரிக்கையை அனுப்புகிறீர்கள்.,તમે આ વપરાશકર્તાને બ્લોક ફરીથી સોંપવા માટે રાજ્ય ટીમ લીડરને વિનંતી મોકલી રહ્યાં છો,آپ ریاست کے ٹیم لیڈر کو بلاک کو اس صارف کو دوبارہ تفویض کرنے کی درخواست بھیج رہے ہیں
CENTERS,,NEW_CENTER,New Center,नवीन केंद्र,नया केंद्र,ନୂଆ କେନ୍ଦ୍ର,కొత్త కేంద్రం,ಹೊಸ ಕೇಂದ್ರ,புதிய மையம்,નવું સેન્ટર,نیا سنٹر
CENTERS,,CENTER_TYPE,Center Type,केंद्राचा प्रकार,केंद्र प्रकार,କେନ୍ଦ୍ର ପ୍ରକାର,కేంద్రం రకం,ಕೇಂದ್ರ ಪ್ರಕಾರ,மைய வகை,સેન્ટર નો પ્રકાર,مرکز کی قسم
CENTERS,,UNIT_NAME,Unit Name,युनिटचे नाव,यूनिट नाम,ୟୁନିଟ୍ ନାମ,యూనిట్ పేరు,ಘಟಕ ಹೆಸರು,யூனிட் பெயர்,યુનિટ નામ,یونٹ کا نام
CENTERS,,NOTE,Note: This will be the batch name,टीप: हे केंद्राचे नाव असेल,नोट: यह केंद्र का नाम होगा,ଟିପ୍ପଣୀ: ଏହା କେନ୍ଦ୍ରର ନାମ ହେବ,గమనిక: ఇది బ్యాచ్ పేరు అవుతుంది,ಗಮನಿಸಿ: ಇದು ಕೇಂದ್ರದ ಹೆಸರಾಗಿರುತ್ತದೆ,குறிப்பு: இது மையப் பெயராக இருக்கும்.,નોંધ: આ સેન્ટર નું નામ હશે,نوٹ: یہ سنٹرکا نام ہوگا
CENTERS,,CENTER_CREATED,Center created successfully!,केंद्र यशस्वीरित्या तयार झाले आहे!,केंद्र सफलतापूर्वक बनाया गया!,କେନ୍ଦ୍ର ସଫଳତାର ସହିତ ସୃଷ୍ଟି କରାଗଲା!,కేంద్రం విజయవంతంగా సృష్టించబడింది!,ಕೇಂದ್ರವನ್ನು ಯಶಸ್ವಿಯಾಗಿ ರಚಿಸಲಾಗಿದೆ!,மையம் வெற்றிகரமாக உருவாக்கப்பட்டது!,સેન્ટર સફળતાપૂર્વક બનાવવામાં આવ્યું!,سنٹرکامیابی سے بنایا گیا!
CENTERS,,DUPLICATE_CENTER,Center already exists,केंद्र आधीच अस्तित्वात आहे,केंद्र पहले से ही मौजूद है,ସେଣ୍ଟର ପୂର୍ବରୁ ଅବସ୍ଥିତ ଅଛି,కేంద్రం ఇప్పటికే ఉంది,ಕೇಂದ್ರವು ಈಗಾಗಲೇ ಅಸ್ತಿತ್ವದಲ್ಲಿದೆ.,மையம் ஏற்கனவே உள்ளது.,સેન્ટર પહેલેથી અસ્તિત્વમાં છે,سنٹرپہلے ہی موجود ہے
CENTERS,,RENAME_CENTER,Rename Center,केंद्राचे नाव बदला,केंद्र का नाम बदलें,କେନ୍ଦ୍ରର ନାମ ପରିବର୍ତ୍ତନ କରନ୍ତୁ,కేంద్రం పేరు మార్చండి,ಕೇಂದ್ರವನ್ನು ಮರುಹೆಸರಿಸಲಾಗಿದೆ,மையத்தை மறுபெயரிடு,સેન્ટરનું નામ બદલો,سنٹر کا نام تبدیل کریں
CENTERS,,REQUEST_TO_DELETE,Request to Delete,केंद्र हटविण्याची विनंती,हटाने का अनुरोध,ହଟାଇବାକୁ ଅନୁରୋଧ,తొలగించడానికి అభ్యర్థన,ಅಳಿಸಲು ವಿನಂತಿ,நீக்குவதற்கான கோரிக்கை,કાઢી નાખવા વિનંતી,حذف کرنے کی درخواست
CENTERS,,RENAME,Rename,नाव बदला,नाम बदलें,ପୁନଃ ନାମ କରନ୍ତୁ,పేరు మార్చండి,ಮರುಹೆಸರಿಸಲಾಗಿದೆ,மறுபெயரிடு,નામ બદલો,نام تبدیل کریں
CENTERS,,CENTER_RENAMED,Center renamed successfully!,केंद्राचे नाव यशस्वीपणे बदलले गेले!,केंद्र का नाम सफलतापूर्वक बदल दिया गया!,କେନ୍ଦ୍ରର ନାମ ସଫଳତାର ସହ ଚାଲିଛି!,కేంద్రం పేరు విజయవంతంగా మార్చబడింది!,ಕೇಂದ್ರವನ್ನು ಯಶಸ್ವಿಯಾಗಿ ಮರುಹೆಸರಿಸಲಾಗಿದೆ!,மையம் வெற்றிகரமாக மறுபெயரிடப்பட்டது!,સેન્ટરનું નામ સફળતાપૂર્વક બદલાયું!,سنٹرکا نام کامیابی سے تبدیل کیا گیا!
CENTERS,,SEND_REQUEST,Send Request,विनंती पाठवा,अनुरोध भेजें,ଅନୁରୋଧ ପଠାନ୍ତୁ,అభ్యర్థనను పంపండి,ವಿನಂತಿ ಕಳುಹಿಸಿ,கோரிக்கையை அனுப்பு,વિનંતી મોકલો,درخواست بھیجیں
CENTERS,,REQUEST_TO_DELETE_HAS_BEEN_SENT,Request to Delete has been sent,केंद्र हटविण्याची विनंती पाठवली गेली आहे,हटाने का अनुरोध भेजा गया है,ହଟାଇବାକୁ ଅନୁରୋଧ ପଠାଯାଇଛି,తొలగించడానికి అభ్యర్థన పంపబడింది,ಅಳಿಸಲು ವಿನಂತಿಯನ್ನು ಕಳುಹಿಸಲಾಗಿದೆ,நீக்குவதற்கான கோரிக்கை அனுப்பப்பட்டது.,કાઢી નાખવાની વિનંતી મોકલવામાં આવી છે,حذف کرنے کی درخواست بھیج دی گئی ہے
CENTERS,,YOU_ARE_SENDING_REQUEST_TO_THE_STATE_ADMIN,You are sending a request to the State Admin to delete this center,तुम्ही राज्य प्रशासनास केंद्र हटविण्यासाठी विनंती पाठवत आहात,आप इस केंद्र को हटाने के लिए स्टेट एडमिन को अनुरोध भेज रहे हैं,ଆପଣ ଏହି କେନ୍ଦ୍ରଟିକୁ ବିଲୋପ କରିବା ପାଇଁ ରାଜ୍ୟ ପ୍ରଶାସନକୁ ଅନୁରୋଧ ପଠାଉଛନ୍ତି,ఈ కేంద్రాన్ని తొలగించడానికి మీరు రాష్ట్ర అడ్మిన్‌కు అభ్యర్థనను పంపుతున్నారు,ಈ ಕೇಂದ್ರವನ್ನು ಅಳಿಸಲು ನೀವು ರಾಜ್ಯ ನಿರ್ವಾಹಕರಿಗೆ ವಿನಂತಿಯನ್ನು ಕಳುಹಿಸುತ್ತಿದ್ದೀರಿ,இந்த மையத்தை நீக்க மாநில நிர்வாகிக்கு ஒரு கோரிக்கையை அனுப்புகிறீர்கள்.,તમે આ સેન્ટરના કાઢી નાખવા માટે રાજ્ય પ્રશાસકને વિનંતી મોકલી રહ્યાં છો,آپ اس سنٹرکو حذف کرنے کے لیے ریاستی ایڈمن کو درخواست بھیج رہے ہیں
CENTERS,,THE_USER_BELONGS_TO_THE_FOLLOWING_COHORT,The user belongs to the following center:,वापरकर्ता खालील केंद्राशी संबंधित आहे:,यह उपयोगकर्ता इस केंद्र से जुड़ा है:,ୟୁଜର ନିମ୍ନଲିଖିତ ସମୁହର ସଦସ୍ୟ:,వినియోగదారు ఈ క్రింది కేంద్రానికి చెందినవారు.,ಬಳಕೆದಾರರು ಈ ಕೆಳಗಿನ ಸಮೂಹಕ್ಕೆ ಸೇರಿದವರು:,பயனர் பின்வரும் குழுவைச் சேர்ந்தவர்:,વપરાશકર્તા નીચેના સમૂહનો છે:,صارف مندرجہ ذیل سنٹرسے تعلق رکھتا ہے:
CENTERS,,PLEASE_REMOVE_THE_USER_FROM_COHORT,Please remove the user from these centers before proceeding with deletion.,केंद्र हटविण्यापूर्वी कृपया वापरकर्त्याला या केंद्राशी काढा.,कृपया इस सेंटर को डिलीट करने से पहले उपयोगकर्ता को सभी संबंधित सेंटर से निकाल दें।,ଦୟାକରି ହଟାଇବା ପୂର୍ବରୁ ୟୁଜରକୁ ଏହି ସମୁହଗୁଡିକରୁ କାଢ଼ି ଦିଅନ୍ତୁ।,తొలగింపుతో కొనసాగడానికి ముందు దయచేసి ఈ కేంద్రాల నుండి వినియోగదారుని తొలగించండి.,ಅಳಿಸುವಿಕೆಯೊಂದಿಗೆ ಮುಂದುವರಿಯುವ ಮೊದಲು ದಯವಿಟ್ಟು ಈ ಸಮೂಹಗಳಿಂದ ಬಳಕೆದಾರರನ್ನು ತೆಗೆದುಹಾಕಿ.,"நீக்குதலைத் தொடர்வதற்கு முன், இந்தப் பயனர் குழுக்களிலிருந்து அவரை நீக்கவும்.",કાઢી નાખવાની પ્રક્રિયામાં આગળ વધતા પહેલા કૃપા કરીને આ સમૂહમાંથી વપરાશકર્તાને દૂર કરો,براہ کرم حذف کرنے سے پہلے صارف کو ان سنٹرزسے ہٹا دیں۔
CENTERS,,ERROR_EMPTY,Center name cannot be empty,केंद्राचे नाव रिक्त असू शकत नाही,केंद्र का नाम खाली नहीं हो सकता,କେନ୍ଦ୍ର ନାମ ଖାଲି ହୋଇପାରିବ ନାହିଁ |,కేంద్రం పేరు ఖాళీగా ఉండకూడదు,ಕೇಂದ್ರದ ಹೆಸರು ಖಾಲಿಯಾಗಿರಬಾರದು.,மையத்தின் பெயர் காலியாக இருக்க முடியாது,સેન્ટર નું નામ ખાલી હોઈ શકતું નથી,سنٹرکا نام خالی نہیں ہو سکتا
CENTERS,,ERROR_NUMBER,Center name cannot be number,केंद्राचे नाव क्रमांक असू शकत नाही,केंद्र का नाम संख्या नहीं हो सकता,କେନ୍ଦ୍ର ନାମ ଏକ ସଂଖ୍ୟା ହୋଇପାରିବ ନାହିଁ |,కేంద్రం పేరు సంఖ్య కాకూడదు,ಕೇಂದ್ರದ ಹೆಸರು ಸಂಖ್ಯೆಯಾಗಿರಬಾರದು.,மையத்தின் பெயர் எண்ணாக இருக்க முடியாது,સેન્ટર નું નામ નંબર હોઈ શકતું નથી,سنٹرکا نام نمبر نہیں ہو سکتا
CENTERS,,RENAME_BATCH,Rename Batch,बॅचचे नाव बदला,बैच का नाम बदलें,ବ୍ୟାଚର ନାମ ପରିବର୍ତ୍ତନ କରନ୍ତୁ,బ్యాచ్ పేరు మార్చండి,ಬ್ಯಾಚ್‌ನ ಹೆಸರನ್ನು ಬದಲಾಯಿಸಿ,குழுவின் பெயரை மாற்று,બેચનું નામ બદલો,بیچ کا نام تبدیل کریں
CENTER_SESSION,,THIS_SESSION,This session,या सत्रासाठी,यह सत्र,ଏହି ସେସନ୍,ఈ సెషన్,ಈ ಅವಧಿ,இந்த அமர்வு,આ સત્ર,یہ سیشن
CENTER_SESSION,,FOLLOWING_SESSIONS,This and following sessions,या आणि पुढील सत्रांसाठी,यह और आने वाले सत्र,ଏହି ଏବଂ ପରବର୍ତୀ ସେସନ୍,ఇది మరియు తదుపరి సెషన్‌లు (This is already visible in the image),ಇದು ಮತ್ತು ಮುಂದಿನ ಅವಧಿಗಳು,இதுவும் பின்வரும் அமர்வுகளும்,આ અને નીચેના સત્રો,یہ اور اگلے سیشنز
CENTER_SESSION,,MODE_OF_SESSION,Mode of Session,सत्राची पद्धत,सत्र का मोड,ସେସନ୍ ମୋଡ୍,సెషన్ యొక్క విధానం,ಅಧಿವೇಶನದ ವಿಧಾನ,அமர்வு முறை,સત્રનો મોડ,سیشن کا طریقہ
CENTER_SESSION,,OFFLINE,offline,ऑफलाइन,ऑफलाइन,ଅଫ୍ଲାଇନ୍,ఆఫ్‌లైన్,ಆಫ್‌ಲೈನ್,ஆஃப்லைன்,ઓફલાઈન,آف لائن
CENTER_SESSION,,ONLINE,online,ऑनलाइन,ऑनलाइन,ଅନଲାଇନ୍,ఆన్‌లైన్,ಆನ್‌ಲೈನ್,ஆன்லைன்,ઓનલાઈન,آن لائن
CENTER_SESSION,,SUBJECT,Subject,विषय,विषय,ବିଷୟ,విషయం,ವಿಷಯ,பாடம்,વિષય,مضمون
CENTER_SESSION,,MEETING_LINK,Meeting Link,मिटिंग लिंक,मीटिंग लिंक,ମିଟିଙ୍ଗ  ଲିଙ୍କ,మీటింగ్ లింక్,ಸಭೆಯ ಲಿಂಕ್,சந்திப்பு இணைப்பு,મીટીંગ લિંક,میٹنگ کا لنک
CENTER_SESSION,,MEETING_PASSCODE,Meeting Passcode (if applicable),मिटिंग पासकोड (जर लागू असेल तर),मीटिगं पासकोड (यदि लागू हो),ମିଟିଙ୍ଗ  ପାସକୋଡ୍ (ଯଦି ପ୍ରୟୋଜନ),మీటింగ్ పాస్‌కోడ్ (వర్తిస్తే),ಸಭೆಯ ಪಾಸ್‌ಕೋಡ್ (ಅನ್ವಯಿಸಿದರೆ),சந்திப்பு கடவுக்குறியீடு (பொருந்தினால்),મીટિંગ પાસકોડ (જો લાગુ હોય તો),میٹنگ کا پاس کوڈ (اگر ضروری ہو)
CENTER_SESSION,,START_TIME,Start Time,सुरूवात वेळ,प्रारंभ समय,ଆରମ୍ଭ ସମୟ,ప్రారంభ సమయం,ಪ್ರಾರಂಭದ ಸಮಯ,தொடக்க நேரம்,પ્રારંભ સમય,آغاز کا وقت
CENTER_SESSION,,END_TIME,End Time,समाप्ती वेळ,समाप्ति समय,ସମାପ୍ତ ସମୟ,ముగింపు సమయం,ಅಂತಿಮ ಸಮಯ,முடிவு நேரம்,સમાપ્તિ સમય,اختتام کا وقت
CENTER_SESSION,,START_DATE,Start Date,सुरूवात तारीख,प्रारंभ तिथि,ଆରମ୍ଭ ତାରିଖ,ప్రారంభ తేదీ,ಆರಂಭದ ದಿನಾಂಕ,தொடக்க தேதி,પ્રારંભ સમય,آغاز کی تاریخ
CENTER_SESSION,,END_DATE,End Date,समाप्ती तारीख,समाप्ति तिथि,ସମାପ୍ତ ତାରିଖ,ముగింపు తేదీ,ಅಂತಿಮ ದಿನಾಂಕ,முடிவு தேதி,સમાપ્તિ સમય,اختتام کی تاریخ
CENTER_SESSION,,REMOVE_THIS_SESSION,Remove this session,हे सत्र काढा,इस सत्र को हटाएं,ଏହି ସେସନ୍ ବିସର୍ଜନ କରନ୍ତୁ,ఈ సెషన్‌ను తొలగించండి,ಈ ಅಧಿವೇಶನವನ್ನು ತೆಗೆದುಹಾಕಿ,இந்த அமர்வை நீக்கு,આ સત્ર દૂર કરો,اس سیشن کو ہٹا دیں
CENTER_SESSION,,REMOVE_TOPIC_SUBTOPIC,Remove the topic and subtopic,विषय आणि उपविषय काढा,विषय और उपविषय हटाएँ,ବିଷୟ ଏବଂ ଉପବିଷୟକୁ ହଟାନ୍ତୁ,అంశం మరియు ఉప-అంశాన్ని తొలగించండి,ವಿಷಯ ಮತ್ತು ಉಪವಿಷಯವನ್ನು ತೆಗೆದುಹಾಕಿ,தலைப்பு மற்றும் துணைத் தலைப்பை அகற்றவும்,વિષય અને સબટોપિક દૂર કરો,موضوع اور سب ٹاپک کو ہٹا دیں
CENTER_SESSION,,PLANNED_SESSION,Planned Session,योजना केलेले सत्र,नियोजित सत्र,ଯୋଜନାବଦ୍ଧ  ସେସନ୍,ప్రణాళికాబద్ధమైన సెషన్,ಯೋಜಿತ ಅಧಿವೇಶನ,திட்டமிட்ட அமர்வு,આયોજિત સત્ર,منصوبہ بند سیشن
CENTER_SESSION,,FIXES_SUBJECTS,For fixed subjects in the timetable,तयार केलेल्या विषयांसाठी,निश्चित विषय के लिए,ସମୟସୂଚୀରେ ନିର୍ଦ୍ଧାରିତ ବିଷୟ ପାଇଁ,టైమ్‌టేబుల్‌లోని నిర్ణీత విషయాల కోసం,ವೇಳಾಪಟ್ಟಿಯಲ್ಲಿ ಸ್ಥಿರ ವಿಷಯಗಳಿಗಾಗಿ,கால அட்டவணையில் நிலையான பாடங்களுக்கு,સમયપત્રકમાં નિયત વિષયો માટે,ٹائم ٹیبل میں مقرر کردہ مضامین کے لئے
CENTER_SESSION,,EXTRA_SESSION,Extra Sessions,अतिरिक्त सत्र,अतिरिक्त सत्र,ଅତିରିକ୍ତ ସେସନ୍,అదనపు సెషన్‌లు,ಹೆಚ್ಚುವರಿ ಅಧಿವೇಶನ,கூடுதல் அமர்வு,વધારાનું સત્ર,اضافی سیشن
CENTER_SESSION,,DOUBT_CLEARING,"For doubt clearing, webinars, etc","संदेह क्लियरिंग, वेबिनार इत्यादीसाठी","शंका समाधान, वेबिनार आदि के लिए","ସନ୍ଦେହ ନିରାକରଣ, ୱେବିନାର୍, ଇତ୍ୟାଦି ପାଇଁ","సందేహ నివృత్తి, వెబినార్‌ల కోసం, మొదలైనవి","ಸಂಶಯ ನಿವಾರಣೆ, ವೆಬಿನಾರ್‌ಗಳು, ಇತ್ಯಾದಿಗಳಿಗಾಗಿ","சந்தேக தெளிவு, வெபினார்கள் போன்றவற்றுக்கு","શંકા દૂર કરવા, વેબિનાર વગેરે માટે",شکوک کو صاف کرنے کے لیے، ویبینار وغیرہ
CENTER_SESSION,,TOPIC,Topic,विषय,विषय,ବିଷୟ,అంశం,ವಿಷಯ,தலைப்பு,ટોપિક,موضوع
CENTER_SESSION,,SUBTOPIC,Sub Topic,उपविषय,उप विषय,ଉପବିଷୟ,ఉప-అంశం,ಉಪ ವಿಷಯ,துணை தலைப்பு,સબ ટોપિક,سب ٹاپک
CENTER_SESSION,,FACILITATORS,Facilitators Prepare,सुविधाकर्त्यांचे पूर्वअटी,फसिलिटेटर्स की पूर्व आवश्यकताएँ,ଫେସିଲେଟଟରଙ୍କ  ପୂର୍ବାବଶ୍ୟକତା,ఫెసిలిటేటర్ల ముందస్తు అవసరాలు,ಅನುಕೂಲಕರ ಪೂರ್ವಾಪೇಕ್ಷಿತಗಳು,பெசிலிடேட்டர்களின் முன்நிபந்தனைகள்,ફેસિલિટેટર્સ પૂર્વ-જરૂરીયાતો,فیسلیٹیٹرز کی ضروریات
CENTER_SESSION,,LEARNERS,Learners Prepare,विद्यार्थ्यांची पूर्व-आवश्यकता,छात्रों की पूर्व - आवश्यकताएँ,ବିଦ୍ୟାର୍ଥୀଙ୍କର  ପୂର୍ବ-ଆବଶ୍ୟକତା,అభ్యాసకుల ముందస్తు అవసరాలు,ಕಲಿಯುವವರ ಪೂರ್ವಾಪೇಕ್ಷಿತಗಳು,மாணவர்கள் முன் தேவைகள்,લર્નર્સ ની પૂર્વજરૂરીયાતો,طلباء کی ضروریات
CENTER_SESSION,,DELETE_SESSION,Delete Session,सत्र हटवा,सत्र हटाएँ,ସେସନ୍ ହଟାନ୍ତୁ,సెషన్‌ను తొలగించండి,ವೇಳಾಪಟ್ಟಿ,அமர்வை நீக்கு,સત્ર કાઢી નાખો,سیشن کو حذف کریں۔
CENTER_SESSION,,SCHEDULE,Schedule,तयारी,अनुसूची,ସୂଚୀ,షెడ్యూల్,ಅಧಿವೇಶನವನ್ನು ಅಳಿಸಿ,அட்டவணை,સમયપત્રક,شیڈول
CENTER_SESSION,,PLANNED_SESSIONS,Planned Sessions,योजना केलेली सत्रे,नियोजित सत्र,ଯୋଜନାବଦ୍ଧ  ସେସନଗୁଡିକ,ప్రణాళికాబద్ధమైన సెషన్‌లు,ಯೋಜಿತ ಅವಧಿಗಳು,திட்டமிட்ட அமர்வுகள்,આયોજિત સત્રો,منصوبہ بند سیشنز
CENTER_SESSION,,ADD_SESSION,Add Session,सत्र जोडा,सत्र जोड़ें,ସେସନ୍ ଯୋଡନ୍ତୁ,సెషన్‌ను జోడించండి,ಸೆಷನ್ ಸೇರಿಸಿ,அமர்வைச் சேர்,સત્ર ઉમેરો,سیشن شامل کریں
CENTER_SESSION,,SESSION_DETAILS,Session Details,सत्राचे तपशील,सत्र विवरण,ସେସନ୍ ବିବରଣୀ,సెషన్ వివరాలు,ಸೆಶನ್ ನ ವಿವರಗಳು,அமர்வு விவரங்கள்,સત્રની વિગતો,سیشن کی تفصیلات
CENTER_SESSION,,SESSION_TITLE,Session Title,सत्राचे शीर्षक,सत्र का शीर्षक,ସେସନ୍ ଶୀର୍ଷକ,సెషన్ శీర్షిక,ಸೆಷನ್ ಶೀರ್ಷಿಕೆ,அமர்வு தலைப்பு,સત્રનું શીર્ષક,سیشن کا عنوان
CENTER_SESSION,,SESSION_TITLE_OPTIONAL,Session Title (optional),सत्राचे शीर्षक (पर्यायी),सत्र का शीर्षक (वैकल्पिक),ଅଧିବେଶନ ଶୀର୍ଷକ (ବିକଳ୍ପ),సెషన్ శీర్షిక (ఐచ్ఛికం),ಸೆಷನ್ ಶೀರ್ಷಿಕೆ (ಐಚ್ಛಿಕ),அமர்வு தலைப்பு (விரும்பினால்),સત્રનું શીર્ષક (વૈકલ્પિક),سیشن کا عنوان (اختیاری)
CENTER_SESSION,,TYPE_OF_SESSION,Type of Session,सत्राचा प्रकार,सत्र का प्रकार,ସେସନ୍ ପ୍ରକାର,సెషన్ రకం,ಅಧಿವೇಶನದ ಪ್ರಕಾರ,அமர்வின் வகை,સત્રનો પ્રકાર,سیشن کی قسم
CENTER_SESSION,,REPEATING,Repeating,पुन्हा सुरू होत आहे,पुनरावृत्ति,ପୁନରାବୃତ୍ତ,పునరావృతం,ಪುನರಾವರ್ತಿಸಲಾಗುತ್ತಿದೆ,மீண்டும் மீண்டும்,પુનરાવર્તન,دہرایا جا رہا ہے
CENTER_SESSION,,JUST_ONCE,Just Once,फक्त एकदाच,केवल एक बार,ଏକାଧିକ ସମୟ,ఒక్కసారి మాత్రమే,ಕೇವಲ ಒಮ್ಮೆ,ஒரே ஒரு முறை,બસ એકવાર,صرف ایک بار
CENTER_SESSION,,SUBJECT_OPTIONAL,Subject (Optional),विषय (पर्यायी),विषय (वैकल्पिक),ବିଷୟ  (ବିକଳ୍ପ),విషయం (ఐచ్ఛికం),ವಿಷಯ (ಐಚ್ಛಿಕ),பொருள் (விரும்பினால்),વિષય (વૈકલ્પિક),مضمون (اختیاری)
CENTER_SESSION,,RECURRING_ONLINE,Recurring online,पुन्हा-पुन्हा ऑनलाइन,ऑनलाइन रिपीट,ଅନଲାଇନ୍ ରେ ବାରମ୍ବାର,ఆఫ్‌లైన్‌లో పునరావృతం,ಆನ್‌ಲೈನ್‌ನಲ್ಲಿ ಮರುಕಳಿಸುವುದು,தொடர் ஆன்லைன்,રિકરિંગ ઓનલાઇન,بار بار آن لائن
CENTER_SESSION,,RECURRING_OFFLINE,Recurring offline,पुन्हा-पुन्हा ऑफलाइन,ऑफलाइन रिपीट,ଅଫଲାଇନରେ ବାରମ୍ବାର,ఆన్‌లైన్‌లో పునరావృతం,ಆಫ್‌ಲೈನ್‌ನಲ್ಲಿ ಪುನರಾವರ್ತಿತ,தொடர் ஆஃப்லைன்,રિકરિંગ ઓફલાઇન,بار بار آف لائن
CENTER_SESSION,,EXTRA_ONLINE,Extra online,अतिरिक्त ऑनलाइन,अतिरिक्त ऑनलाइन,ଅତିରିକ୍ତ ଅନଲାଇନ୍ |,అదనపు ఆఫ్‌లైన్,ಹೆಚ್ಚುವರಿ ಆನ್‌ಲೈನ್‌,கூடுதல் ஆன்லைன்,એક્સ્ટ્રા ઓનલાઈન,اضافی آن لائن
CENTER_SESSION,,EXTRA_OFFLINE,Extra offline,अतिरिक्त ऑफलाइन,अतिरिक्त ऑफलाइन,ଅତିରିକ୍ତ ଅଫଲାଇନ୍ |,అదనపు ఆన్‌లైన్,ಹೆಚ್ಚುವರಿ ಆಫ್‌ಲೈನ್,கூடுதல் ஆஃப்லைன்,એક્સ્ટ્રા ઓફલાઈન,اضافی آف لائن
CENTER_SESSION,,ENTER_VALID_MEETING_LINK,Please enter a valid Zoom or Google Meet link.,कृपया वैध झूम किंवा गुगल मीट लिंक प्रविष्ट करा.,कृपया एक वैध Zoom या Google Meet लिंक दर्ज करें।,ଦୟାକରି ଏକ ସଠିକ୍ ଜୁମ୍ କିମ୍ବା ଗୁଗୁଲ୍ ମିଟ୍ ଲିଙ୍କ୍ ପ୍ରବେଶ କରନ୍ତୁ |,దయచేసి చెల్లుబాటు అయ్యే జూమ్ లేదా గూగుల్ మీట్ లింక్‌ను నమోదు చేయండి.,ದಯವಿಟ್ಟು ವ್ಯಾಲಿಡ್ Zoom ಅಥವಾ Google Meet ಲಿಂಕ್ ಅನ್ನು ನಮೂದಿಸಿ.,சரியான ஜூம் அல்லது கூகுள் மீட் இணைப்பை உள்ளிடவும்.,કૃપા કરીને માન્ય ઝૂમ અથવા Google મીટ લિંક દાખલ કરો.,براہ کرم ایک درست Zoom یا Google Meet لنک درج کریں۔
CENTER_SESSION,,ZOOM,Zoom,झूम,Zoom,ଜୁମ୍,జూమ్,ಜೂಮ್,ஜூம்,ઝૂમ,زووم
CENTER_SESSION,,GOOGLEMEET,GoogleMeet,गुगलमीट,Google Meet,ଗୁଗୁଲ୍ ମିଟ୍,గూగుల్ మీట్,ಗೂಗಲ್ ಮೀಟ್,கூகுள் மீட்,ગુગલમીટ,گوگل میٹ
CENTER_SESSION,,SET_UP,Set-Up,सेट-अप,सेट-अप,ସେଟ୍ ଅପ୍,సెట్-అప్,ಸೆಟಪ್,அமைவு,સેટ - અપ,سیٹ اپ
CENTER_SESSION,,EDIT_THIS_SESSION,Edit this session,हे सत्र संपादित करा,इस सत्र को एडिट करें,ଏହି ଅଧିବେଶନକୁ ସଂପାଦନ କରନ୍ତୁ |,ఈ సెషన్‌ను సవరించండి,ಈ ಸೆಷನ್ ಅನ್ನು ಸಂಪಾದಿಸಿ,இந்த அமர்வைத் திருத்தவும்,આ સત્રમાં ફેરફાર કરો,اس سیشن کو ایڈٹ کریں
CENTER_SESSION,,EDIT_FOLLOWING_SESSIONS,Edit this and following sessions,हे आणि पुढील सत्रे संपादित करा,इस और अगले सत्रों को एडिट करें,ଏହି ଏବଂ ପରବର୍ତ୍ତୀ ଅଧିବେଶନଗୁଡିକ ସଂପାଦନ କରନ୍ତୁ |,ఈ మరియు తదుపరి సెషన్‌లను సవరించండి,ಇದನ್ನು ಮತ್ತು ಮುಂದಿನ ಸೆಷನ್‌ಗಳನ್ನು ಸಂಪಾದಿಸಿ,இந்த மற்றும் பின்வரும் அமர்வுகளைத் திருத்தவும்,આ અને નીચેના સત્રોમાં ફેરફાર કરો,اس اور اگلے سیشنز کو ایڈٹ کریں
CENTER_SESSION,,DELETE_SESSION_MSG,Are you sure you want to delete this session?,तुम्हाला खात्री आहे की तुम्ही हे सत्र हटवू इच्छिता?,क्या आप वाकई इस सत्र को हटाना चाहते हैं?,ଆପଣ ନିଶ୍ଚିତ କି ଆପଣ ଏହି ଅଧିବେଶନ ଡିଲିଟ୍ କରିବାକୁ ଚାହୁଁଛନ୍ତି?,మీరు ఈ సెషన్‌ను తొలగించాలనుకుంటున్నారని మీకు ఖచ్చితంగా ఉందా?,ಈ ಸೆಷನ್ ಅನ್ನು ಅಳಿಸಲು ನೀವು ಖಚಿತವಾಗಿ ಬಯಸುವಿರಾ?,இந்த அமர்வை நீக்க விரும்புகிறீர்களா?,શું તમે ખરેખર આ સત્રને કાઢી નાખવા માંગો છો?,کیا آپ اس سیشن کو حذف کرنا چاہتے ہیں؟
CENTER_SESSION,,DELETE_ALL_SESSION_MSG,Are you sure you want to delete all sessions in this series?,तुमची खात्री आहे की तुम्ही या मालिकेतील सर्व सत्रे हटवू इच्छिता?,क्या आप वाकई इस शृंखला के सभी सत्र हटाना चाहते हैं?,ଆପଣ ନିଶ୍ଚିତ କି ଆପଣ ଏହି ସିରିଜର ସମସ୍ତ ଅଧିବେଶନ ଡିଲିଟ୍ କରିବାକୁ ଚାହୁଁଛନ୍ତି କି?,ఈ సిరీస్‌లోని అన్ని సెషన్‌లను తొలగించాలనుకుంటున్నారని మీకు ఖచ్చితంగా ఉందా?,ಈ ಸರಣಿಯಲ್ಲಿರುವ ಎಲ್ಲಾ ಸೆಷನ್‌ಗಳನ್ನು ಅಳಿಸಲು ನೀವು ಖಚಿತವಾಗಿ ಬಯಸುವಿರಾ?,இந்தத் தொடரின் அனைத்து அமர்வுகளையும் நீக்க விரும்புகிறீர்களா?,શું તમે ખરેખર આ શ્રેણીના તમામ સત્રો કાઢી નાખવા માંગો છો?,کیا آپ اس سیریز کے تمام سیشنز کو حذف کرنا چاہتے ہیں؟
CENTER_SESSION,,DELETE_FOLLOWING_SESSION,Delete this and following sessions,हे आणि पुढील सत्रे हटवा,इस और अगले सत्रों को हटाएं,ଏହି ଏବଂ ପରବର୍ତ୍ତୀ ଅଧିବେଶନଗୁଡିକ ଡିଲିଟ୍ କରନ୍ତୁ |,ఈ మరియు తదుపరి సెషన్‌లను తొలగించండి,ಇದನ್ನು ಮತ್ತು ಮುಂದಿನ ಸೆಷನ್‌ಗಳನ್ನು ಅಳಿಸಿ,இந்த மற்றும் பின்வரும் அமர்வுகளை நீக்கு,આ અને નીચેના સત્રો કાઢી નાખો,اس اور اگلے سیشنز کو حذف کریں
CENTER_SESSION,,UPDATE_CHANGES,Are you sure you want to update the changes?,तुम्हाला खरोखरच बदल अपडेट करायला इच्छित आहात का?,क्या आप परिवर्तनों को अपडेट करना चाहते हैं?,ଆପଣ ନିଶ୍ଚିତ କି ଆପଣ ପରିବର୍ତ୍ତନଗୁଡିକ ଅପଡେଟ୍ କରିବାକୁ ଚାହୁଁଛନ୍ତି?,మీరు మార్పులను నవీకరించాలనుకుంటున్నారని మీకు ఖచ్చితంగా ఉందా?,ಬದಲಾವಣೆಗಳನ್ನು ನವೀಕರಿಸಲು ನೀವು ಖಚಿತವಾಗಿ ಬಯಸುವಿರಾ?,மாற்றங்களை புதுப்பிக்க நிச்சயமாக விரும்புகிறீர்களா?,શું તમે ખરેખર ફેરફારો અપડેટ કરવા માંગો છો?,کیا آپ تبدیلیوں کو اپ ڈیٹ کرنا چاہتے ہیں؟
CENTER_SESSION,,SESSION_DELETED_SUCCESSFULLY,Session deleted successfully,सत्र सफलतापूर्वक हटवले गेले.,सत्र सफलतापूर्वक हटाया गया,ଅଧିବେଶନ ସଫଳତାର ସହିତ ଡିଲିଟ୍ ହେଲା |,సెషన్ విజయవంతంగా తొలగించబడింది,ಸೆಷನ್ ಅನ್ನು ಯಶಸ್ವಿಯಾಗಿ ಅಳಿಸಲಾಗಿದೆ.,அமர்வு வெற்றிகரமாக நீக்கப்பட்டது,સત્ર સફળતાપૂર્વક કાઢી નાખ્યું,سیشن کامیابی سے حذف کر دیا گیا
CENTER_SESSION,,SESSION_EDITED_SUCCESSFULLY,Session updated successfully,सत्र सफलतापूर्वक अद्यतनित केले गेले.,सत्र सफलतापूर्वक अपडेट किया गया,ଅଧିବେଶନ ସଫଳତାର ସହିତ ଅପଡେଟ୍ ହେଲା |,సెషన్ విజయవంతంగా నవీకరించబడింది,ಸೆಷನ್ ಅನ್ನು ಯಶಸ್ವಿಯಾಗಿ ನವೀಕರಿಸಲಾಗಿದೆ.,அமர்வு வெற்றிகரமாக புதுப்பிக்கப்பட்டது,સત્ર સફળતાપૂર્વક અપડેટ થયું,سیشن کامیابی سے اپ ڈیٹ ہو گیا
CENTER_SESSION,,TOPIC_SUBTOPIC_ADDED_SUCCESSFULLY,Topic and Subtopic added successfully!,विषय आणि उपविषय सफलतापूर्वक जोडले गेले.,विषय और उपविषय सफलतापूर्वक जोड़े गए!,ବିଷୟ ଏବଂ ଉପ-ବିଷୟଗୁଡିକ ସଫଳତାର ସହିତ ଯୋଡି ହେଲା!,అంశం మరియు ఉప-అంశం విజయవంతంగా జోడించబడ్డాయి!,ವಿಷಯ ಮತ್ತು ಉಪವಿಷಯವನ್ನು ಯಶಸ್ವಿಯಾಗಿ ಸೇರಿಸಲಾಗಿದೆ!,தலைப்பு மற்றும் துணைத் தலைப்பு வெற்றிகரமாக சேர்க்கப்பட்டது!,વિષય અને સબટોપિક સફળતાપૂર્વક ઉમેર્યા!,موضوع اور سب ٹاپک کامیابی سے شامل ہو گئے!
CENTER_SESSION,,TOPIC_SUBTOPIC_REMOVED_SUCCESSFULLY,Topic and Subtopic removed successfully!,विषय आणि उपविषय सफलतापूर्वक हटवले (नष्ट) केले गेले.,विषय और उपविषय सफलतापूर्वक हटाए गए!,ବିଷୟ ଏବଂ ଉପ-ବିଷୟ ଗୁଡିକ ସଫଳତାର ସହିତ ଡିଲିଟ୍ ହେଲା!,అంశం మరియు ఉప-అంశం విజయవంతంగా తొలగించబడ్డాయి!,ವಿಷಯ ಮತ್ತು ಉಪವಿಷಯವನ್ನು ಯಶಸ್ವಿಯಾಗಿ ತೆಗೆದುಹಾಕಲಾಗಿದೆ!,தலைப்பு மற்றும் துணைத் தலைப்பு வெற்றிகரமாக அகற்றப்பட்டது!,વિષય અને સબટોપિક સફળતાપૂર્વક દૂર કર્યા!,موضوع اور سب ٹاپک کامیابی سے ہٹا دیے گئے!
CENTER_SESSION,,FACILITATOR_REQUISITES,Facilitator's Requisites,सुविधा प्रदाताच्या आवश्यकता,सुविधा प्रदाता की आवश्यकताएँ,ସୁବିଧାକାରୀଙ୍କ ଆବଶ୍ୟକତା |,ఫెసిలిటేటర్ యొక్క అవసరాలు,ಫೆಸಿಲಿಟೇಟರ್‌ನ ಅಗತ್ಯತೆಗಳು,பெசிலிடேட்டர்களரின் தேவைகள்,ફેસિલિટેટરની આવશ્યકતાઓ,فیسلیٹیٹر کی ضروریات
CENTER_SESSION,,PREREQUISITES,Prepare,पूर्व-आवश्यकता,पहले पढ़ने वाली सामग्री,ପୂର୍ବ ଆବଶ୍ୟକତା,ముందస్తు అవసరాలు,ಪೂರ್ವಾಪೇಕ್ಷಿತಗಳು,முன்நிபந்தனைகள்,પૂર્વજરૂરીયાતો,پری ریکوزیٹس
CENTER_SESSION,,POST_REQUISITES,Practice,नंतरची-आवश्यकता,बाद में पढ़ने वाली सामग्री,ପରବର୍ତ୍ତୀ ଆବଶ୍ୟକତା,పోస్ట్-అవసరాలు,ನಂತರದ ಅವಶ್ಯಕತೆಗಳು,பின்நிபந்தனைகள்,પોસ્ટ-જરૂરીયાતો,پوسٹ ریکوزیٹس
CENTER_SESSION,,CANT_SELECT_AS_EVENT_PASSED_LIVE,Can not select topic and subtopic as event is already passed or live.,विषय आणि उपविषय निवडू शकत नाही कारण कार्यक्रम आधीच समाप्त झाला आहे किंवा लाइव्ह आहे.,"विषय और उपविषय नहीं चुने जा सकते, कार्यक्रम पहले ही समाप्त या लाइव है",ବିଷୟ ଏବଂ ଉପ-ବିଷୟଗୁଡିକ ଚୟନ କରିପାରିବ ନାହିଁ କାରଣ ପ୍ରୋଗ୍ରାମଟି ଶେଷ ହୋଇସାରିଛି କିମ୍ବା ଲାଇଭ୍ ଅଛି |,ఈవెంట్ ఇప్పటికే పూర్తయినందున లేదా లైవ్‌లో ఉన్నందున అంశం మరియు ఉప-అంశాన్ని ఎంచుకోలేరు,ಈವೆಂಟ್ ಈಗಾಗಲೇ ಮುಗಿದಿರುವುದರಿಂದ ಅಥವಾ ಲೈವ್ ಆಗಿರುವುದರಿಂದ ವಿಷಯ ಮತ್ತು ಉಪವಿಷಯವನ್ನು ಆಯ್ಕೆ ಮಾಡಲು ಸಾಧ್ಯವಿಲ್ಲ.,நிகழ்வு ஏற்கனவே கடந்துவிட்டதால் அல்லது நேரலையில் இருப்பதால் தலைப்பு மற்றும் துணைத் தலைப்பைத் தேர்ந்தெடுக்க முடியவில்லை.,વિષય અને સબટોપિક પસંદ કરી શકતા નથી કારણ કે ઇવેન્ટ પહેલેથી જ પસાર થઈ ગઈ છે અથવા લાઈવ છે.,موضوع اور سب ٹاپک کو منتخب نہیں کر سکتے کیونکہ ایونٹ پہلے ہی گزر چکا ہے یا لائیو ہے۔
CENTER_SESSION,,COURSE_TYPE,Course Type,कोर्स प्रकार,पाठ्यक्रम प्रकार,ପାଠ୍ୟକ୍ରମ ପ୍ରକାର,కోర్సు రకం,ಕೋರ್ಸ್ ಪ್ರಕಾರ,பாட வகை,અભ્યાસક્રમનો પ્રકાર,کورس کی قسم
CENTER_SESSION,,IDENTIFIER_NOT_FOUND,Identifier not found! Cannot Open Content!,ओळखकर्ता सापडला नाही! सामग्री उघडू शकत नाही!,पहचानकर्ता नहीं मिला! सामग्री नहीं खोल सकते,ପରିଚୟ ସଂକେତ ମିଳିଲା ନାହିଁ । ବିଷୟବସ୍ତୁ ଖୋଲିପାରିବ ନାହିଁ।,ఐడెంటిఫైయర్ కనుగొనబడలేదు! కంటెంట్‌ను తెరవలేము!,ಗುರುತಿಸುವಿಕೆ ಕಂಡುಬಂದಿಲ್ಲ! ವಿಷಯವನ್ನು ತೆರೆಯಲು ಸಾಧ್ಯವಿಲ್ಲ!,அடையாளங்காட்டி கிடைக்கவில்லை! உள்ளடக்கத்தைத் திறக்க முடியவில்லை!,ઓળખકર્તા મળ્યો નથી! સામગ્રી ખોલી શકાતી નથી!,شناخت کنندہ نہیں ملا! مواد نہیں کھولا جا سکتا!
CENTER_SESSION,,SELECT_SESSION,Please select type of session,कृपया सत्राचा प्रकार निवडा,कृपया सत्र का प्रकार चुनें,ଦୟାକରି ଅଧିବେଶନର ପ୍ରକାର ଚୟନ କରନ୍ତୁ l,దయచేసి సెషన్ రకాన్ని ఎంచుకోండి,ದಯವಿಟ್ಟು ಅಧಿವೇಶನದ ಪ್ರಕಾರವನ್ನು ಆಯ್ಕೆಮಾಡಿ.,அமர்வு வகையைத் தேர்ந்தெடு.,કૃપા કરીને સત્રનો પ્રકાર પસંદ કરો,براہ کرم سیشن کی قسم منتخب کریں
CENTER_SESSION,,MEETING_LINK_REQUIRED,Please Enter Meeting Link!,कृपया मीटिंग लिंक प्रविष्ट करा!,कृपया बैठक लिंक दर्ज करें!,ଦୟାକରି ମିଟିଙ୍ଗ ଲିଙ୍କ ପ୍ରବେଶ କରନ୍ତୁ,దయచేసి మీటింగ్ లింక్‌ను నమోదు చేయండి,ದಯವಿಟ್ಟು ಮೀಟಿಂಗ್ ಲಿಂಕ್ ನಮೂದಿಸಿ!,தயவுசெய்து சந்திப்பு இணைப்பை உள்ளிடு,કૃપા કરીને મીટિંગ લિંક દાખલ કરો!,براہ کرم میٹنگ کا لنک درج کریں!
CENTER_SESSION,,WEEKDAY_ERROR,Please select at least one weekday for the recurring event.,कृपया आवर्ती कार्यक्रमासाठी किमान एक आठवड्याचा दिवस निवडा.,हर हफ्ते होने वाले सत्र के लिए कम से कम एक दिन चुनें,ପୁନରାବୃତ୍ତି ଘଟଣା ପାଇଁ ଦୟାକରି ଅତି କମରେ  ଗୋଟିଏ ସପ୍ତାହର ଦିନ ଚୟନ କରନ୍ତୁ।,పునరావృత ఈవెంట్ కోసం దయచేసి కనీసం ఒక వారాన్ని ఎంచుకోండి.,ಪುನರಾವರ್ತಿತ ಕಾರ್ಯಕ್ರಮಕ್ಕಾಗಿ ದಯವಿಟ್ಟು ಕನಿಷ್ಠ ಒಂದು ವಾರದ ದಿನವನ್ನು ಆಯ್ಕೆಮಾಡಿ.,தொடர் நிகழ்வுக்கு குறைந்தது ஒரு வார நாளையாவது தேர்ந்தெடு.,પુનરાવર્તિત ઇવેન્ટ માટે કૃપા કરીને ઓછામાં ઓછો એક અઠવાડિયાનો દિવસ પસંદ કરો.,براہ کرم بار بار ہونے والے ایونٹ کے لیے کم از کم ایک دن منتخب کریں۔
CENTER_SESSION,,MULTIDAY_EVENT_ERROR,Recurring events cannot span multiple days.,आवर्ती कार्यक्रम एकापेक्षा अधिक दिवसांवर पसरू शकत नाहीत.,हफ्ते के सत्र एक से अधिक दिन में नहीं हो सकते,ବାରମ୍ବାର ଘଟୁଥିବା ଘଟଣା ଏକାଧିକ ଦିନ ବିସ୍ତାର କରିପାରିବ ନାହିଁ,పునరావృత ఈవెంట్‌లు బహుళ రోజులకు విస్తరించలేవు.,ಪುನರಾವರ್ತಿತ ಘಟನೆಗಳು ಬಹು ದಿನಗಳವರೆಗೆ ಇರಬಾರದು.,தொடர்ச்சியான நிகழ்வுகள் பல நாட்கள் நீடிக்கக்கூடாது.,પુનરાવર્તિત ઇવેન્ટ્સ વધુ દિવસો સુધી વિસ્તરી શકે નહીં.,بار بار ہونے والے ایونٹس ایک سے زیادہ دنوں تک نہیں ہو سکتے۔
CENTER_SESSION,,EXTRA_SESSION_DATE_TIME_REQUIRED_ERROR,Start and end times are required for extra sessions.,अतिरिक्त सत्रांसाठी सुरुवात आणि समाप्तीचे वेळ आवश्यक आहेत.,अतिरिक्त सत्र के लिए शुरू और खत्म समय भरें,ଅତିରିକ୍ତ ଅଧିବେଶନ( କ୍ଲାସ) ପାଇଁ ଆରମ୍ଭ ଓ ଶେଷ ସମୟ ଆବଶ୍ୟକ l,అదనపు సెషన్‌లకు ప్రారంభ మరియు ముగింపు సమయాలు అవసరం.,ಹೆಚ್ಚುವರಿ ಅವಧಿಗಳಿಗೆ ಪ್ರಾರಂಭ ಮತ್ತು ಅಂತ್ಯದ ಸಮಯಗಳು ಅಗತ್ಯವಿದೆ.,கூடுதல் அமர்வுகளுக்கு தொடக்க மற்றும் முடிவு நேரங்கள் தேவை.,વધારાના સત્રો માટે પ્રારંભ અને સમાપ્તિ સમય જરૂરી છે.,اضافی سیشنز کے لیے آغاز اور اختتام کے اوقات ضروری ہیں۔
CENTER_SESSION,,PLANNED_SESSION_DATE_TIME_REQUIRED_ERROR,Both start and end date/time are required for planned sessions.,नियोजित सत्रांसाठी दोन्ही सुरुवात आणि समाप्तीची तारीख/वेळ आवश्यक आहेत.,नियोजित सत्र के लिए शुरू और खत्म समय भरें,ଯୋଜନାବଦ୍ଧ ଅଧିବେଶନ ବା କ୍ଲାସ ନିମନ୍ତେ ଉଭୟ ଆରମ୍ଭ ଏବଂ ଶେଷ ତାରିଖ / ସମୟ ଆବଶ୍ୟକ,ప్రణాళికాబద్ధమైన సెషన్‌ల కోసం ప్రారంభ మరియు ముగింపు తేదీ/సమయం రెండూ అవసరం.,ಯೋಜಿತ ಅವಧಿಗಳಿಗೆ ಪ್ರಾರಂಭ ಮತ್ತು ಅಂತ್ಯ ದಿನಾಂಕ/ಸಮಯ ಎರಡೂ ಅಗತ್ಯವಿದೆ.,திட்டமிடப்பட்ட அமர்வுகளுக்கு தொடக்க மற்றும் முடிவு தேதி/நேரம் இரண்டும் தேவை.,આયોજિત સત્રો માટે પ્રારંભ અને સમાપ્તિ તારીખ/સમય બંને જરૂરી છે.,منصوبہ بند سیشنز کے لیے دونوں آغاز اور اختتام کی تاریخ/وقت ضروری ہیں۔
CENTER_SESSION,,EXTRA_SESSION_VALID_DATE_TIME_REQUIRED_ERROR,Please provide a valid start time for the extra session.,कृपया अतिरिक्त सत्रासाठी वैध सुरुवातीची वेळ द्या.,कृपया अतिरिक्त सत्र के लिए सही शुरू समय भरें,ଅତିରିକ୍ତ ଅଧିବେଶନ ନିମନ୍ତେ ଦୟାକରି ଉପଯୁକ୍ତ ଆରମ୍ଭ ସମୟ ପ୍ରଦାନ କରନ୍ତୁ,దయచేసి అదనపు సెషన్ కోసం చెల్లుబాటు అయ్యే ప్రారంభ సమయాన్ని అందించండి.,ದಯವಿಟ್ಟು ಹೆಚ್ಚುವರಿ ಅವಧಿಗೆ ಮಾನ್ಯವಾದ ಪ್ರಾರಂಭ ಸಮಯವನ್ನು ಒದಗಿಸಿ.,கூடுதல் அமர்வுக்கான சரியான தொடக்க நேரத்தை வழங்கவும்.,કૃપા કરીને વધારાના સત્ર માટે માન્ય પ્રારંભ સમય આપો.,براہ کرم اضافی سیشن کے لیے درست آغاز کا وقت فراہم کریں۔
CENTER_SESSION,,PLANNED_SESSION_START_DATE_TIME_REQUIRED_ERROR,Please provide a valid start date/time for the planned session.,कृपया नियोजित सत्रासाठी वैध सुरुवातीची तारीख/वेळ द्या.,कृपया नियोजित सत्र का सही शुरू समय भरें,ଯୋଜନାବଦ୍ଧ ଅଧିବେଶନ ନିମନ୍ତେ ଦୟାକରି ଉପଯୁକ୍ତ ଆରମ୍ଭ ତାରିଖ / ସମୟ ପ୍ରଦାନ କରନ୍ତୁ,దయచేసి ప్రణాళికాబద్ధమైన సెషన్ కోసం చెల్లుబాటు అయ్యే ప్రారంభ తేదీ/సమయాన్ని అందించండి.,ದಯವಿಟ್ಟು ಯೋಜಿತ ಅವಧಿಗೆ ಮಾನ್ಯವಾದ ಪ್ರಾರಂಭ ದಿನಾಂಕ/ಸಮಯವನ್ನು ಒದಗಿಸಿ.,திட்டமிடப்பட்ட அமர்வுக்கான சரியான தொடக்க தேதி/நேரத்தை வழங்கவும்.,કૃપા કરીને આયોજિત સત્ર માટે માન્ય પ્રારંભ તારીખ/સમય પ્રદાન કરો.,براہ کرم منصوبہ بند سیشن کے لیے درست آغاز کی تاریخ/وقت فراہم کریں۔
CENTER_SESSION,,EXTRA_SESSION_END_DATE_TIME_REQUIRED_ERROR,Please provide a valid end time for the extra session.,कृपया अतिरिक्त सत्रासाठी वैध समाप्तीची वेळ द्या.,कृपया अतिरिक्त सत्र का सही खत्म समय भरें,ଅତିରିକ୍ତ ଅଧିବେଶନ ନିମନ୍ତେ ଦୟାକରି ଉପଯୁକ୍ତ ଶେଷ ସମୟ ପ୍ରଦାନ କରନ୍ତୁ,దయచేసి అదనపు సెషన్ కోసం చెల్లుబాటు అయ్యే ముగింపు సమయాన్ని అందించండి.,ದಯವಿಟ್ಟು ಹೆಚ್ಚುವರಿ ಅವಧಿಗೆ ಮಾನ್ಯವಾದ ಅಂತಿಮ ಸಮಯವನ್ನು ಒದಗಿಸಿ.,கூடுதல் அமர்வுக்கான சரியான முடிவு நேரத்தை வழங்கவும்.,કૃપા કરીને વધારાના સત્ર માટે માન્ય સમાપ્તિ સમય આપો.,براہ کرم اضافی سیشن کے لیے درست اختتام کا وقت فراہم کریں۔
CENTER_SESSION,,PLANNED_SESSION_END_DATE_TIME_REQUIRED_ERROR,Please provide a valid end time for the planned session.,कृपया नियोजित सत्रासाठी वैध समाप्तीची वेळ द्या.,नियोजित सत्र का सही खत्म समय भरें,ଯୋଜନାବଦ୍ଧ ଅଧିବେଶନ ନିମନ୍ତେ ଦୟାକରି ଉପଯୁକ୍ତ ଶେଷ ସମୟ ପ୍ରଦାନ କରନ୍ତୁ,దయచేసి ప్రణాళికాబద్ధమైన సెషన్ కోసం చెల్లుబాటు అయ్యే ముగింపు సమయాన్ని అందించండి.,ದಯವಿಟ್ಟು ಯೋಜಿಸಲಾದ ಅವಧಿಗೆ ಮಾನ್ಯವಾದ ಅಂತಿಮ ಸಮಯವನ್ನು ಒದಗಿಸಿ。,திட்டமிடப்பட்ட அமர்வுக்கு சரியான முடிவு நேரத்தை வழங்கவும்.,કૃપા કરીને આયોજિત સત્ર માટે માન્ય સમાપ્તિ સમય પ્રદાન કરો.,براہ کرم منصوبہ بند سیشن کے لیے درست اختتام کا وقت فراہم کریں۔
CENTER_SESSION,,INVALID_DATE,Invalid Date,अवैध तारीख.,गलत तारीख,ତାରିଖ ବୈଧ୍ୟ ନୁହେଁ,చెల్లని తేదీ,ಅಮಾನ್ಯ ದಿನಾಂಕ,தவறான தேதி,અમાન્ય તારીખ,غلط تاریخ
CENTER_SESSION,,INVALID_EVENT_CONFIGURATION,Invalid event configuration. Please check your inputs.,अवैध कार्यक्रम संरचना. कृपया आपले इनपुट तपासा.,"कार्यक्रम सेटिंग गलत है, कृपया जांचें",ଘଟଣାର ବିନ୍ୟାସ ଅବୈଧ। ଦୟାକରି ଆପଣଙ୍କର ଇନପୁଟ୍‌ଗୁଡିକୁ ଯାଞ୍ଚ କରନ୍ତୁ।”,చెల్లని ఈవెంట్ కాన్ఫిగరేషన్. దయచేసి మీ ఇన్‌పుట్‌లను తనిఖీ చేయండి.,ಅಮಾನ್ಯವಾದ ಈವೆಂಟ್ ಕಾನ್ಫಿಗರೇಶನ್. ದಯವಿಟ್ಟು ನಿಮ್ಮ ಇನ್‌ಪುಟ್‌ಗಳನ್ನು ಪರಿಶೀಲಿಸಿ.,தவறான நிகழ்வு உள்ளமைவு. உங்கள் உள்ளீடுகளைச் சரிபார்.,અમાન્ય ઇવેન્ટ ગોઠવણી. કૃપા કરીને તમારા ઇનપુટ્સ તપાસો.,غلط ایونٹ کی تشکیل۔ براہ کرم اپنے اندراجات چیک کریں۔
CENTER_SESSION,,MEETING_URL_ERROR,Please provide a valid meeting URL.,कृपया वैध मीटिंग URL द्या.,सही मीटिंग लिंक डालें,ଦୟାକରି ଏକ ମିଟିଙ୍ଗର  ସଠିକ URL ପ୍ରଦାନ କରନ୍ତୁ l,దయచేసి చెల్లుబాటు అయ్యే మీటింగ్ URLను అందించండి,ದಯವಿಟ್ಟು ಮಾನ್ಯವಾದ ಸಭೆಯ URL ಅನ್ನು ಒದಗಿಸಿ.,தயவுசெய்து ஒரு சரியான சந்திப்பு URL ஐ வழங்கவும்.,કૃપા કરીને એક માન્ય મીટિંગ URL પ્રદાન કરો.,براہ کرم ایک درست میٹنگ URL فراہم کریں۔
CENTER_SESSION,,COMPLETED,Completed,पूर्ण झाले,पूरा हुआ,ସମ୍ପୂର୍ଣ୍ଣ,పూర్తయింది,ಪೂರ್ಣಗೊಂಡಿದೆ,முடிக்கப்பட்டது,પૂર્ણ,مکمل
CENTER_SESSION,,INPROGRESS,In Progress,प्रगतीपथावर,प्रगति में,ପ୍ରଗତିରେ,పురోగతిలో ఉంది,ಪ್ರಗತಿಯಲ್ಲಿದೆ,செயல்பாட்டில் உள்ளது,પ્રગતિમાં,جاری
CENTER_SESSION,,NOTSTARTED,Not Started,सुरू झालेले नाही,शुरू नहीं हुआ,ଆରମ୍ଭ ହୋଇନାହିଁ,ప్రారంభించబడలేదు,ಪ್ರಾರಂಭಿಸಲಾಗಿಲ್ಲ,தொடங்கப்படவில்லை,શરૂ નથી,آغاز نہیں کیا گیا
CENTER_SESSION,,START_DATE_MUST_BE_TODAY_OR_FUTURE_DATE,Start date must be today or future date,प्रारंभ तारीख आज किंवा भविष्यातील तारीख असावी,शुरू की तारीख आज या भविष्य की होनी चाहिए,ଆରମ୍ଭ ତାରିଖ ଆଜି କିମ୍ବା ଭବିଷ୍ୟତ ତାରିଖ ହେବା ଉଚିତ,ప్రారంభ తేదీ తప్పనిసరిగా నేటి లేదా భవిష్యత్తు తేదీ అయి ఉండాలి,ಪ್ರಾರಂಭ ದಿನಾಂಕವು ಇಂದಿನ ಅಥವಾ ಭವಿಷ್ಯದ ದಿನಾಂಕವಾಗಿರಬೇಕು,தொடக்க தேதி இன்று அல்லது எதிர்கால தேதியாக இருக்க வேண்டும்,પ્રારંભ તારીખ આજે અથવા ભવિષ્યની તારીખ હોવી જોઈએ,شروع کی تاریخ آج یا مستقبل کی تاریخ ہونی چاہیے
CENTER_SESSION,,DATE_MUST_BE_TODAY_OR_FUTURE_DATE,Date must be today or future date,तारीख आज किंवा भविष्यातील तारीख असावी,तारीख आज या भविष्य की होनी चाहिए,ତାରିଖ ଆଜି କିମ୍ବା ଭବିଷ୍ୟତ ତାରିଖ ହେବା ଉଚିତ,తేదీ తప్పనిసరిగా నేటి లేదా భవిష్యత్తు తేదీ అయి ఉండాలి,ದಿನಾಂಕವು ಇಂದಿನ ಅಥವಾ ಭವಿಷ್ಯದ ದಿನಾಂಕವಾಗಿರಬೇಕು,தேதி இன்று அல்லது எதிர்கால தேதியாக இருக்க வேண்டும்,તારીખ આજે અથવા ભવિષ્યની તારીખ હોવી જોઈએ,تاریخ آج یا مستقبل کی تاریخ ہونی چاہیے
CENTER_SESSION,,TITLE,Title,शीर्षक,शीर्षक,ଶୀର୍ଷକ,శీర్షిక,ಶೀರ್ಷಿಕೆ,தலைப்பு,શીર્ષક,عنوان
CENTER_SESSION,,COURSE_PLANNER_NOT_AVAILABLE,Course Planner has not yet been uploaded for {{subject}}!,{{subject}} साठी अभ्यासक्रम नियोजक उपलब्ध नाही!,{{subject}} के लिए करिकुलम प्लानर उपलब्ध नहीं है,{{subject}} ପାଇଁ ପାଠ୍ୟକ୍ରମ ଯୋଜନାକାରୀ ଉପଲବ୍ଧ ନାହିଁ!,{{subject}} కోసం కోర్సు ప్లానర్ ఇంకా అప్‌లోడ్ చేయబడలేదు!,{{subject}} ಗಾಗಿ ಕೋರ್ಸ್ ಪ್ಲಾನರ್ ಅನ್ನು ಇನ್ನೂ ಅಪ್‌ಲೋಡ್ ಮಾಡಲಾಗಿಲ್ಲ!,{{subject}}க்கான பாடத்திட்டம் இன்னும் பதிவேற்றப்படவில்லை!,કોર્સ પ્લાનર હજુ સુધી {{વિષય}} માટે અપલોડ કરવામાં આવ્યો નથી!,کورس پلانر ابھی تک {{موضوع}} کے لیے اپ لوڈ نہیں ہوا ہے!
CENTER_SESSION,,BOARD_MEDIUM_GRADE_NOT_ASSIGNED,"Board, Medium, Grade not assigned to Center.","केंद्राला बोर्ड, माध्यम, श्रेणी नियुक्त केलेली नाही.","केंद्र को बोर्ड, माध्यम, कक्षा असाइन नहीं की गई है।","ବୋର୍ଡ, ମଧ୍ୟମ, ଗ୍ରେଡ୍ କେନ୍ଦ୍ରକୁ ନ୍ୟସ୍ତ ହୋଇନାହିଁ |","బోర్డు, మీడియం, గ్రేడ్ సెంటర్‌కు కేటాయించబడలేదు","ಬೋರ್ಡ್, ಮಧ್ಯಮ, ದರ್ಜೆಯನ್ನು ಕೇಂದ್ರಕ್ಕೆ ನಿಯೋಜಿಸಲಾಗಿಲ್ಲ.","போர்டு, மீடியம், வகுப்பு மையத்திற்கு ஒதுக்கப்படவில்லை.","બોર્ડ, મધ્યમ, ગ્રેડ સેન્ટર ને  સોંપવામાં આવ્યા નથી.",بورڈ، میڈیم، گریڈ مرکز کو تفویض نہیں کیا گیا ہے۔
CENTER_SESSION,,START_TIME_ERROR,Start time cannot be later than end time.,सुरुवातीचा  वेळ समाप्ती वेळेपेक्षा उशीरा ( नंतरचा ) असू शकत नाही.,शुरू का समय खत्म से बाद का नहीं हो सकता,ଆରମ୍ଭ ସମୟ ଶେଷ ସମୟଠାରୁ ବିଳମ୍ବ ହୋଇପାରିବ ନାହିଁ |,ప్రారంభ సమయం ముగింపు సమయం కంటే తరువాత ఉండకూడదు.,ಆರಂಭದ ಸಮಯವು ಅಂತ್ಯದ ಸಮಯಕ್ಕಿಂತ ನಂತರ ಇರುವಂತಿಲ್ಲ.,தொடக்க நேரம் முடிவு நேரத்தை விடப் பிற்பட்டதாக இருக்கக்கூடாது.,પ્રારંભ સમય સમાપ્તિ સમય કરતાં પાછળનો ન હોઈ શકે.,آغاز کا وقت اختتامی وقت کے بعد کا نہیں ہو سکتا۔
CENTER_SESSION,,END_TIME_ERROR,End time cannot be earlier than start time,सुरुवातीचा  वेळ समाप्ती वेळेपेक्षा आधीचा  असू शकत नाही.,खत्म का समय शुरू से पहले का नहीं हो सकता,ଶେଷ ସମୟ ଆରମ୍ଭ ସମୟଠାରୁ ପୂର୍ବରୁ ହୋଇପାରିବ ନାହିଁ |,ముగింపు సమయం ప్రారంభ సమయం కంటే ముందు ఉండకూడదు,ಅಂತ್ಯ ಸಮಯವು ಪ್ರಾರಂಭ ಸಮಯಕ್ಕಿಂತ ಮುಂಚಿತವಾಗಿರಬಾರದು.,முடிவு நேரம் தொடக்க நேரத்தை விட முன்னதாக இருக்க முடியாது,સમાપ્તિ સમય પ્રારંભ સમય કરતાં વહેલો ન હોઈ શકે,اختتامی وقت آغاز کے وقت سے پہلے کا نہیں ہو سکتا
CENTER_SESSION,,START_DATE_ERROR,Start date cannot be later than end date,सुरुवातीची तारीख समाप्ती च्या तारखेनंतर असू शकत नाही.,शुरू की तारीख खत्म की तारीख से बाद की नहीं हो सकती,ଆରମ୍ଭ ତାରିଖ ଶେଷ ତାରିଖ ଠାରୁ ବିଳମ୍ବ ହୋଇପାରିବ ନାହିଁ |,ప్రారంభ తేదీ ముగింపు తేదీ కంటే తరువాత ఉండకూడదు,ಆರಂಭದ ದಿನಾಂಕವು ಅಂತಿಮ ದಿನಾಂಕಕ್ಕಿಂತ ನಂತರ ಇರಬಾರದು.,தொடக்கத் தேதி இறுதித் தேதிக்கு பிந்தியதாக இருக்கக்கூடாது,પ્રારંભ તારીખ સમાપ્તિ તારીખ કરતાં પાછળની ન હોઈ શકે,آغاز کی تاریخ اختتامی تاریخ سے بعد کی نہیں ہو سکتی
CENTER_SESSION,,END_DATE_ERROR,End date cannot be earlier than start date,समाप्तीची  तारीख सुरुवातीच्या तारखेपेक्षा आधी असू शकत नाही.,खत्म की तारीख शुरू से पहले की नहीं हो सकती,ଶେଷ ତାରିଖ ଆରମ୍ଭ ତାରିଖ ଠାରୁ ପୂର୍ବରୁ ହୋଇପାରିବ ନାହିଁ |,ముగింపు తేదీ ప్రారంభ తేదీ కంటే ముందు ఉండకూడదు,ಅಂತಿಮ ದಿನಾಂಕವು ಪ್ರಾರಂಭ ದಿನಾಂಕಕ್ಕಿಂತ ಮೊದಲು ಇರಬಾರದು.,இறுதித் தேதி தொடக்கத் தேதிக்கு முந்தையதாக இருக்கக்கூடாது,સમાપ્તિ તારીખ પ્રારંભ તારીખ કરતા પહેલાની ન હોઈ શકે,اختتامی تاریخ تاریخ آغاز سے پہلے کی نہیں ہو سکتی
CENTER_SESSION,,DELETE_THIS_SESSION,Delete this session,हे सत्र हटवा,इस सत्र को हटाएं,ଏହି ଅଧିବେଶନ ଡିଲିଟ୍ କରନ୍ତୁ |,ఈ సెషన్‌ను తొలగించండి,ಈ ಸೆಷನ್ ಅಳಿಸಿ,இந்த அமர்வை நீக்கு,આ સત્ર કાઢી નાખો,اس سیشن کو حذف کریں
CENTER_SESSION,,LEARNER_PREREQUISITES,Learner Prerequisites,विद्यार्थ्यांच्या पूर्व आवश्यकता,पूर्व आवश्यकताएँ,ଶିକ୍ଷାର୍ଥୀଙ୍କ  ପୂର୍ବଆବଶ୍ୟକତା,అభ్యాసకుల ముందస్తు అవసరాలు,ಕಲಿಯುವವರ ಪೂರ್ವಾಪೇಕ್ಷಿತಗಳು,மாணவரின் முன்னேற்பாடுகள்,લર્નર ની પૂર્વજરૂરીયાતો,سیکھنے والے کی ابتدائی ضروریات
CENTER_SESSION,,LEARNER_POSTREQUISITES,Learner Postrequisites,विद्यार्थ्यांच्या नंतरच्या आवश्यकता,बाद की आवश्यकताएँ,ଶିକ୍ଷାର୍ଥୀଙ୍କ  ପରବର୍ତ୍ତୀ ଆବଶ୍ୟକତା |,అభ్యాసకుల అనంతర అవసరాలు,ಕಲಿಯುವವರ ನಂತರದ ಅವಶ್ಯಕತೆಗಳು,மாணவரின் பின்னேற்பாடுகள்,લર્નરની પોસ્ટ-આવશ્યકતા,سیکھنے والے کی بعد کی ضروریات
MANAGE_USERS,,CENTERS_REQUESTED_SUCCESSFULLY,Center requested successfully,केंद्राने यशस्वीरित्या विनंती केली,केंद्र का अनुरोध सफल रहा,କେନ୍ଦ୍ର ଅନୁରୋଧ ସଫଳତାର ସହିତ,సెంటర్ విజయవంతంగా అభ్యర్థించబడింది,ಕೇಂದ್ರವು ಯಶಸ್ವಿಯಾಗಿ ವಿನಂತಿಸಿದೆ,மையம் வெற்றிகரமாக கோரப்பட்டது,સેન્ટર એ સફળતાપૂર્વક વિનંતી કરી,مرکز کامیابی سے درخواست کی گئی
MANAGE_USERS,,CENTERS_REASSIGNED_SUCCESSFULLY,Center reassigned successfully,केंद्र यशस्वीरीत्या पुनर्नियुक्त केले गेले.,केंद्र को सफलतापूर्वक पुनः आवंटित किया गया,କେନ୍ଦ୍ର ସଫଳତାର ସହିତ ପୁନଃ ନିଯୁକ୍ତ,సెంటర్ విజయవంతంగా తిరిగి కేటాయించబడింది,ಕೇಂದ್ರವನ್ನು ಯಶಸ್ವಿಯಾಗಿ ಮರು ನಿಯೋಜಿಸಲಾಗಿದೆ,மையம் வெற்றிகரமாக மறுஒதுக்கீடு செய்யப்பட்டது.,સેન્ટર સફળતાપૂર્વક ફરીથી સોંપવામાં આવ્યું,مرکز کامیابی سے دوبارہ تفویض کیا گیا
MANAGE_USERS,,CENTERS_REQUEST_FAILED,Center Request Failed,केंद्र विनंती अयशस्वी झाली.,केंद्र का अनुरोध विफल रहा,କେନ୍ଦ୍ର ଅନୁରୋଧ ବିଫଳ ହେଲା |,సెంటర్ అభ్యర్థన విఫలమైంది,ಕೇಂದ್ರ ವಿನಂತಿ ವಿಫಲವಾಗಿದೆ,மையக் கோரிக்கை தோல்வியடைந்தது,સેન્ટર ની વિનંતી નિષ્ફળ,مرکز کی درخواست ناکام ہوئی
FORM,,FULL_NAME,Full Name,पूर्ण नाव,पूरा नाम,ପୂର୍ଣ୍ଣ ନାମ,పూర్తి పేరు,ಪೂರ್ಣ ಹೆಸರು,முழுப் பெயர்,પૂરું નામ,مکمل نام
FORM,,ENTER_FULL_NAME,Enter FUll Name,पूर्ण नाव प्रविष्ट करा,पूरा नाम दर्ज करें,ପୂର୍ଣ୍ଣ ନାମ ଦାଖଲ କରନ୍ତୁ,పూర్తి పేరును నమోదు చేయండి,ಪೂರ್ಣ ಹೆಸರನ್ನು ನಮೂದಿಸಿ,முழுப் பெயரை உள்ளிடு,પૂરું નામ એન્ટર કરો,مکمل نام درج کریں
FORM,,CONTACT_NUMBER,Contact Number,संपर्क क्रमांक,संपर्क नंबर,ଯୋଗାଯୋଗ ନମ୍ବର,సంప్రదింపు సంఖ్య,ಸಂಪರ್ಕ ಸಂಖ್ಯೆ,தொடர்பு எண்,કોન્ટેક્ટ નંબર,رابطہ نمبر
FORM,,ENTER_CONTACT_NUMBER,Enter Contact Number,संपर्क क्रमांक प्रविष्ट करा,संपर्क नंबर दर्ज करें,ଯୋଗାଯୋଗ ନମ୍ବର  ଦାଖଲ କରନ୍ତୁ,సంప్రదింపు సంఖ్యను నమోదు చేయండి,ಸಂಪರ್ಕ ಸಂಖ್ಯೆಯನ್ನು ನಮೂದಿಸಿ,தொடர்பு எண்ணை உள்ளிடு,કોન્ટેક્ટનંબર એન્ટર કરો,رابطہ نمبر درج کریں
FORM,,HOW_WAS_LEARNER_MOBILISED,How Was the Learner Mobilised?,शिकणाऱ्याची चळवळ कशी करण्यात आली?,लर्नर को कैसे मोबिलाइज गया?,ଶିକ୍ଷାର୍ଥୀ କିପରି ମୋବିଳାଇଜ ହେଲେ ?,అభ్యాసకుడు ఎలా సమీకరించబడ్డాడు?,ಕಲಿಯುವವರನ್ನು ಹೇಗೆ ಸಜ್ಜುಗೊಳಿಸಲಾಯಿತು?,மாணவர் எவ்வாறு அணிதிரட்டப்பட்டார்?,લર્નર ને કેવી રીતે મોબિલાઈઝ કરવામાં આવ્યો?,طلباء کو کس طرح متحرک کیا گیا؟
FORM,,SECOND_CHANCE_ALUMNI,Second Chance Alumni,दुसऱ्या संधीचे माजी विद्यार्थी,सेकंड चांस के पूर्व छात्र,ସେକେଣ୍ଡ ଚାନ୍ସ ଆଲୁମିନୀ,సెకండ్ ఛాన్స్ పూర్వ విద్యార్థి,ಸೆಕಂಡ್ ಛಾನ್ಸ್ ಹಳೆಯ ವಿದ್ಯಾರ್ಥಿಗಳು,செகண்ட் சான்ஸ் முன்னாள் மாணவர்கள்,સેકન્ડ ચાન્સ ના ભૂતપૂર્વ વિદ્યાર્થીઓ,دوسری فرصت کے فارغ التحصیل
FORM,,PRATHAM_TEAM_MEMBER,Pratham Team Member,प्रथम टीम सदस्य,प्रथम टीम सदस्य,ପ୍ରଥମ ଟିମ୍ ସଦସ୍ୟ,ప్రథమ్ టీమ్ సభ్యుడు,ಪ್ರಥಮ್ ತಂಡದ ಸದಸ್ಯರು,பிரதம் குழு உறுப்பினர்,પ્રથમ ટીમ મેમ્બર,پراتھم ٹیم کا رکن
FORM,,OTHER,Other,इतर,अन्य,ଅନ୍ୟ,ఇతర,ಇತರೆ,வேறு,બીજું,دیگر
FORM,,MALE,Male,पुरुष,पुरुष,ପୁରୁଷ,పురుషుడు,ಗಂಡು,ஆண்,પુરુષ,مرد
FORM,,FEMALE,Female,महिला,महिला,ମହିଳା,స్త్రీ,ಹೆಣ್ಣು,பெண்,સ્ત્રી,عورت
FORM,,LEARNERS_PRIMARY_WORK,Learner's Primary Work,शिकणाऱ्याचे प्राथमिक काम,लर्नर का प्राथमिक कार्य,ଶିକ୍ଷାର୍ଥୀଙ୍କର ପ୍ରାଥମିକ କାମ,అభ్యాసకుని ప్రాథమిక పని,ಕಲಿಯುವವರ ಪ್ರಾಥಮಿಕ ಕೆಲಸ,மாணவரின் முதன்மைப் பணி,લર્નર નું પ્રાથમિક કાર્ય,طلباء کا بنیادی کام
FORM,,ENROLLED_IN_EDUCATIONAL_INSTITUTE,Enrolled in educational institute,शैक्षणिक संस्थेत नोंदणीकृत,शैक्षिक संस्थान में नामांकित,ଶିକ୍ଷା ସଂସ୍ଥାରେ ଭର୍ତ୍ତୀ,విద్యా సంస్థలో నమోదు చేయబడింది,ಶಿಕ್ಷಣ ಸಂಸ್ಥೆಯಲ್ಲಿ ದಾಖಲಾಗಿದ್ದಾರೆ,கல்வி நிறுவனத்தில் சேர்ந்தவர்கள்,શૈક્ષણિક સંસ્થામાં પ્રવેશ મેળવ્યો,تعلیمی ادارے میں داخلہ لیا
FORM,,OWN_FARMING,Own farming,स्वतःचे शेती,स्वयं की खेती,ସ୍ୱୟଂ କୃଷି,సొంత వ్యవసాయం,ಸ್ವಂತ ಕೃಷಿ,சொந்த விவசாயம்,પોતાની ખેતી,خود کی کھیتی
FORM,,AGRICULTURAL_FARM_LABORER,Agricultural farm laborer,कृषी फार्म कामगार,कृषि खेत श्रमिक,କୃଷି ଶ୍ରମିକ,వ్యవసాయ కూలీ,ಕೃಷಿ ಕಾರ್ಮಿಕ,விவசாய கூலி,ખેતમજૂર,زرعی کھیت کا مزدور
FORM,,NON_AGRICULTURAL_LABORER,Non-agricultural laborer,कृषी न करता कामगार,गैर-कृषि श्रमिक,ଅଣକୃଷି ଶ୍ରମିକ,వ్యవసాయేతర కూలీ,ಕೃಷಿಯೇತರ ಕಾರ್ಮಿಕ,விவசாயம் அல்லாத கூலி,બિનખેતી મજૂર,غیر زرعی مزدور
FORM,,SALARIED_WORK,Salaried work,पगाराचे काम,सैलरी वाली नौकरी,ବେତନଭୋଗୀ କାମ,జీతభత్యాల పని,ಸಂಬಳದ ಕೆಲಸ,சம்பள வேலை,પગારદાર કામ,ملازمت
FORM,,SELF_EMPLOYMENT,Self-employment,स्व-रोजगार,स्व-रोज़गार,ସ୍ୱୟଂ-ନିୟୋଜନ,స్వయం ఉపాధి,ಸ್ವ-ಉದ್ಯೋಗ,சுய வேலைவாய்ப்பு,સ્વ-રોજગાર,خود روزگار
FORM,,UNEMPLOYED,Unemployed,बेरोजगार,बेरोज़गार,ବେକାରୀ,నిరుద్యోగి,ನಿರುದ್ಯೋಗಿ,வேலையில்லாதவர்,બેરોજગાર,بیروزگار
FORM,,INVOLVED_IN_DOMESTIC_WORK,Involved in domestic work,घरगुती कामांमध्ये सामील,घरेलू काम में संलग्न,ଘରୋଇ କାମରେ ଜଡିତ,గృహ సంబంధిత పనులలో నిమగ్నమై ఉన్నారు,ಮನೆಕೆಲಸದಲ್ಲಿ ತೊಡಗಿಸಿಕೊಂಡಿದ್ದಾರೆ,வீட்டு வேலைகளில் ஈடுபடுபவர்,ઘરેલું કામમાં સામેલ,گھریلو کام میں ملوث
FORM,,ENTER_YOUR_FATHER_NAME,Enter Your Father Name,आपल्या वडिलांचे नाव प्रविष्ट करा,अपने पिता का नाम दर्ज करें,ଆପଣଙ୍କର ପିତାଙ୍କର ନାମ ଦାଖଲ କରନ୍ତୁ,మీ తండ్రి పేరు నమోదు చేయండి,ನಿಮ್ಮ ತಂದೆಯ ಹೆಸರನ್ನು ನಮೂದಿಸಿ,உங்கள் தந்தை பெயரை உள்ளிடவும்,તમારા પિતાનું નામ દાખલ કરો,اپنے والد کا نام درج کریں
FORM,,CLASS_OR_LAST_PASSED_GRADE,Class (Last passed grade),वर्ग (शेवटचा उत्तीर्ण ग्रेड),कक्षा (अंतिम पास की गई कक्षा),କ୍ଲାସ୍ (ଶେଷ  ଗ୍ରେଡ୍),తరగతి (చివరిగా ఉత్తీర్ణత పొందిన గ్రేడ్),ತರಗತಿ (ಕೊನೆಯದಾಗಿ ಉತ್ತೀರ್ಣರಾದ ದರ್ಜೆ),வகுப்பு (கடைசி தேர்ச்சி தரம்),વર્ગ (છેલ્લે પાસ કરેલ ગ્રેડ),کلاس (آخری پاس شدہ گریڈ)
FORM,,NO_SCHOOLING,No Schooling,शालेय शिक्षण नाही,कोई स्कूलिंग नहीं,ଶିକ୍ଷା ନାହିଁ,విద్య లేదు,ಶಾಲಾ ಶಿಕ್ಷಣವಿಲ್ಲ,பள்ளிப்படிப்பு இல்லை,નો સ્કૂલિંગ,کوئی تعلیم نہیں
FORM,,REASON_FOR_DROPOUT_FROM_SCHOOL,Reason for dropout from school,शाळा सोडण्याचे कारण,स्कूल से ड्रॉपआउट का कारण,ସ୍କୁଲରୁ ବାହାର ଯିବାର କାରଣ,బడి మానేయడానికి గల కారణం,ಶಾಲೆಯಿಂದ ಹೊರಗುಳಿಯಲು ಕಾರಣ,பள்ளியை விட்டு இடைநிற்றலுக்கான காரணம்,શાળા છોડવાનું કારણ,اسکول سے اخراج کا سبب
FORM,,SCHOOL_INACCESSIBLE,School inaccessible,शाळा अनुपलब्ध,स्कूल पहुँचना मुश्किल,ସ୍କୁଲ ଅଗମ୍ୟ,పాఠశాల అందుబాటులో లేదు,ಶಾಲೆಗೆ ಪ್ರವೇಶವಿಲ್ಲ,பள்ளியை அணுக முடியாத நிலை,શાળા અપ્રાપ્ય,اسکول تک رسائی نہیں
FORM,,FINANCIAL_CONSTRAINTS,Financial Constraints,आर्थिक अडथळे,आर्थिक बाधाएँ,ଆର୍ଥିକ ଅବସ୍ଥା,ఆర్థిక ఇబ్బందులు,ಆರ್ಥಿಕ ನಿರ್ಬಂಧಗಳು,பண சிக்கல்கள்,નાણાકીય અવરોધો,مالی مشکلات
FORM,,LACK_OF_INTEREST,Lack of Interest,रसाची कमी,रुचि की कमी,ଆଗ୍ରହର ଅଭାବ,ఆసక్తి లేకపోవడం,ಆಸಕ್ತಿಯ ಕೊರತೆ,ஆர்வமின்மை,રસનો અભાવ,دلچسپی کی کمی
FORM,,FAMILY_RESPONSIBILITIES,Family responsibilities,कुटुंबीय जबाबदा-या,परिवार की जिम्मेदारियाँ,ପାରିବାରିକ ଦାୟିତ୍ୱ,కుటుంబ బాధ్యతలు,ಕುಟುಂಬದ ಜವಾಬ್ದಾರಿಗಳು,குடும்பப் பொறுப்புகள்,કૌટુંબિક જવાબદારીઓ,خاندانی ذمہ داریاں
FORM,,FAILED,Failed,अपयशी,फेल,ବିଫଳ,ఫెయిల్ అయ్యారు,ವಿಫಲವಾಗಿದೆ,தோல்வியுற்றது,નિષ્ફળ,ناکامی
FORM,,ILLNESS,Illness,आजार,बीमारी,ଅସୁସ୍ଥ,అనారోగ్యం,ಅನಾರೋಗ್ಯ,உடல்நலக்குறைவு,બીમારી,بیماری
FORM,,MARRIAGE,Marriage,विवाह,विवाह,ବିବାହ,వివాహం,ಮದುವೆ,திருமணம்,લગ્ન,شادی
FORM,,MIGRATION,Migration,स्थलांतर,स्थानांतरण,ପ୍ରବାସ,వలస,ವಲಸೆ,இடம்பெயர்தல்,સ્થળાંતર,ہجرت
FORM,,STARTED_VOCATIONAL_COURSE,Started vocational course,व्यावसायिक अभ्यासक्रम सुरू केला,व्यावसायिक प्रशिक्षण शुरू किया,ଧନ୍ଦାମୂଳକ  ଶିକ୍ଷା ଆରମ୍ଭ ହେଲା,వృత్తిపరమైన కోర్సును ప్రారంభించారు,ವೃತ್ತಿಪರ ಕೋರ್ಸ್ ಪ್ರಾರಂಭಿಸಿದರು,தொழிற்கல்வி படிப்பை தொடங்கினார்,વ્યાવસાયિક અભ્યાસક્રમ શરૂ કર્યો,پیشہ ورانہ کورس شروع کیا
FORM,,STARTED_A_JOB,Started a job,नोकरी सुरू केली,नौकरी शुरू की,ଏକ କାମ ଆରମ୍ଭ ହେଲା,ఉద్యోగం ప్రారంభించారు,ಕೆಲಸ ಪ್ರಾರಂಭಿಸಿದೆ,ஒரு வேலையைத் தொடங்கினார்,નોકરી શરૂ કરી,نوکری شروع کی
FORM,,SCHOOL_CLOSURE_DUE_TO_COVID,School closure due to covid,कोविडमुळे शाळा बंद,कोविड के कारण स्कूल बंद,କୋଭିଡ୍ ଦ୍ୱାରା ସ୍କୁଲ ବନ୍ଦ,కోవిడ్ కారణంగా పాఠశాల మూసివేత,ಕೋವಿಡ್ ನಿಂದಾಗಿ ಶಾಲೆ ಮುಚ್ಚಲಾಗಿದೆ.,கொரோனா காரணமாக பள்ளிகள் மூடல்,કોવિડને કારણે શાળા બંધ,کووڈ کی وجہ سے اسکول کی بندش
FORM,,UNMARRIED,Unmarried,अविवाहित,अविवाहित,ବିବାହିତ ନୁହେଁ,అవివాహితులు,ಅವಿವಾಹಿತ,திருமணமாகாதவர்,અપરિણીત,غیر شادی شدہ
FORM,,MARRIED,Married,विवाहित,विवाहित,ବିବାହିତ,విడాకులు తీసుకున్నారు,ವಿವಾಹಿತರು,திருமணமானவர்,પરિણીત,شادی شدہ
FORM,,DIVORCED,Divorced,घटस्फोटित,तलाकशुदा,ତଲାକ ହୋଇଛି,విడాకులు తీసుకున్న/విధవ,ವಿಚ್ಛೇದನ ಪಡೆದರು,விவாகரத்து பெற்றவர்,છૂટાછેડા લીધા,طلاق شدہ
FORM,,SMARTPHONE,Smartphone,स्मार्टफोन,स्मार्टफोन,ସ୍ମାର୍ଟଫୋନ୍,స్మార్ట్‌ఫోన్,ಸ್ಮಾರ್ಟ್ ಫೋನ್,ஸ்மார்ட்போன்,સ્માર્ટફોન,اسمارٹ فون
FORM,,KEYPAD,Keypad,कीपॅड,कीपैड फोन,କୀପ୍ୟାଡ୍,కీప్యాడ్,ಕೀಪಡ್,பட்டன் போன்,કીપેડ,کی پیڈ
FORM,,NO_PHONE,No Phone,फोन नाही,कोई फोन नहीं,ଫୋନ୍ ନାହିଁ,ఫోన్ లేదు,ಫೋನ್ ಇಲ್ಲ,தொலைபேசி இல்லை,ફોન નથી,کوئی فون نہیں
FORM,,IS_IT_YOUR_OWN_PHONE,Is it your own phone?,हा तुमचा फोन आहे का?,क्या यह आपका अपना फोन है?,ଏହା ଆପଣଙ୍କର ନିଜ ଫୋନ୍ କି?,ఇది మీ సొంత ఫోనా?,ಇದು ನಿಮ್ಮ ಸ್ವಂತ ಫೋನ್ನಾ?,இது உங்கள் சொந்த தொலைபேசியா?,શું તે તમારો પોતાનો ફોન છે?,کیا یہ آپ کا اپنا فون ہے؟
FORM,,YES,Yes,होय,हाँ,ହଁ,అవును,ಹೌದು,ஆம்,હા,ہاں
FORM,,NO,No,नाही,नहीं,ନାହିଁ,కాదు,ಇಲ್ಲ,இல்லை,ના,نہیں
FORM,,TYPE_OF_PHONE_AVAILABLE,Type of Phone Available,उपलब्ध फोनचा प्रकार,उपलब्ध फोन का प्रकार,ଉପଲବ୍ଧ ଫୋନ୍ ପ୍ରକାର,అందుబాటులో ఉన్న ఫోన్ రకం,ಲಭ್ಯವಿರುವ ಫೋನ್ ಪ್ರಕಾರ,கிடைக்கும் தொலைபேசி வகை,ફોનનો પ્રકાર ઉપલબ્ધ છે,دستیاب فون کی قسم
FORM,,EMAIL,Email,ई-मेल,ईमेल,ଇମେଲ୍,ఈమెయిల్,ಇಮೇಲ್,மின்னஞ்சல்,ઈમેલ,ای میل
FORM,,DESIGNATION,Designation,पदनाम,पद,ପଦବୀ,హోదా,ಹುದ್ದೆ,பதவி,હોદ્દો,عہدہ
FORM,,NUMBER_OF_CLUSTERS_I_TEACH,Number of Clusters I Teach,मी शिकवत असलेल्या क्लस्टर्सची संख्या,क्लस्टर की संख्या जो मैं पढ़ाता हूँ,ମୁଁ କେତୋଟି କ୍ଲଷ୍ଟର୍‌ରେ ପାଢ଼ାଏ ତାହାର ସଂଖ୍ୟା,నేను బోధించే క్లస్టర్‌ల సంఖ్య,ನಾನು ಕಲಿಸುವ ಕ್ಲಸ್ಟರ್‌ಗಳ ಸಂಖ್ಯೆ,நான் கற்பிக்கும் கிளஸ்டர்களின் எண்ணிக்கை,મારા દ્વારા શિખવેલ ક્લસ્ટરોની સંખ્યા,میں جتنے کلسٹرز پڑھاتا ہوں
FORM,,YEAR_OF_JOINING_SCP,Year of joining SCP,SCP मध्ये सामील होण्याचा वर्ष,SCP में शामिल होने का वर्ष,SCPରେ ଯୋଗଦେବା ବର୍ଷ,SCP లో చేరిన సంవత్సరం,SCP ಸೇರಿದ ವರ್ಷ,SCP-இல் சேர்ந்த ஆண்டு,SCP માં જોડાવાનું વર્ષ,SCP میں شامل ہونے کا سال
FORM,,MY_MAIN_SUBJECTS,My Main Subjects,माझे मुख्य विषय,मेरे मुख्य विषय,ମୋର ମୁଖ୍ୟ ବିଷୟଗୁଡ଼ିକ,నా ప్రధాన సబ్జెక్టులు,ನನ್ನ ಮುಖ್ಯ ವಿಷಯಗಳು,எனது முக்கிய பாடங்கள்,મારા મુખ્ય વિષયો,میرے اہم مضامین
FORM,,SUBJECTS_I_TEACH,Subjects I Teach,मी शिकवतो ते विषय,मैं जिन विषयों को पढ़ाता हूं,ମୁଁ ଶିକ୍ଷା ଦେଉଥିବା ବିଷୟଗୁଡ଼ିକ,నేను బోధించే సబ్జెక్టులు,ನಾನು ಕಲಿಸುವ ವಿಷಯಗಳು,நான் கற்பிக்கும் பாடங்கள்,મારા દ્વારા શિખવેલ વિષયો,مضامین جو میں پڑھاتا ہوں
FORM,,GENDER,Gender,लिंग,लिंग,ଲିଙ୍ଗ,లింగం,ಲಿಂಗ,பாலினம்,જાતિ,جنس
FORM,,UNIT_NAME,Unit Name,युनिट नाव,यूनिट का नाम,ୟୁନିଟ୍ ନାମ,యూనిట్ పేరు,ಯೂನಿಟ್ ಹೆಸರು,யூனிட் பெயர்,યુનિટ નામ,یونٹ کا نام
FORM,,UNIT_CODE,Unit Code,युनिट कोड,यूनिट कोड,ୟୁନିଟ୍ କୋଡ,యూనిట్ కోడ్,ಯೂನಿಟ್ ಕೋಡ್,யூனிட் குறியீடு,યુનિટ કોડ,یونٹ کا کوڈ
FORM,,ENROLLMENT_NUMBER,Enrollment Number,नोंदणी क्रमांक,नामांकन संख्या,ନାମାଙ୍କନ  ସଂଖ୍ୟା,నమోదు సంఖ్య,ನೋಂದಣಿ ಸಂಖ್ಯೆ,சேர்க்கை எண்,એનરોલ્મેન્ટ નંબર,داخلہ نمبر
FORM,,BLOCK_NAME,Block Name,ब्लॉक नाव,ब्लॉक का नाम,ବ୍ଲକ୍ ନାମ,బ్లాక్ పేరు,ಬ್ಲಾಕ್ ಹೆಸರು,ஒன்றியத்தின் பெயர்,બ્લોક નામ,بلک کا نام
FORM,,STUDENT_TYPE,Type of Learner,शिकणाऱ्याचा प्रकार,learner का प्रकार,ଶିକ୍ଷାର୍ଥୀ ପ୍ରକାର,అభ్యాసకుని రకం,ಕಲಿಯುವವರ ಪ್ರಕಾರ,மாணவரின் வகை,લર્નર ના પ્રકાર,طالب علم کی قسم
FORM,,STATE_NAME,State Name,राज्याचे नाव,राज्य का नाम,ରାଜ୍ୟ ନାମ,రాష్ట్రం పేరు,ರಾಜ್ಯದ ಹೆಸರು,மாநிலப் பெயர்,રાજ્ય નું નામ,ریاست کا نام
FORM,,SUPPORT_NEEDED,Support needed,समर्थन आवश्यक आहे,सहायता चाहिए,ଆବଶ୍ୟକ ସହାୟତା,అవసరమైన మద్దతు,ಬೆಂಬಲ ಅಗತ್ಯವಿದೆ,ஆதரவு தேவை,સપોર્ટ ની જરૂરિયાત છે,ضرورت کی حمایت
FORM,,CLASS,Class (Last passed grade),वर्ग (शेवटचा उत्तीर्ण ग्रेड),कक्षा (अंतिम पास की गई कक्षा),କ୍ଲାସ୍ (ଶେଷ  ଗ୍ରେଡ୍),తరగతి (చివరిగా ఉత్తీర్ణత పొందిన గ్రేడ్),ತರಗತಿ (ಕೊನೆಯದಾಗಿ ಉತ್ತೀರ್ಣರಾದ ದರ್ಜೆ),வகுப்பு (கடைசி தேர்ச்சி தரம்),વર્ગ (છેલ્લે પાસ કરેલ ગ્રેડ),کلاس (آخری پاس شدہ گریڈ)
FORM,,FATHER_NAME,Father’s Name,वडिलांचे नाव,पिता का नाम,ପିତାଙ୍କର ନାମ,తండ్రి పేరు,ತಂದೆಯ ಹೆಸರು,தந்தை பெயர்,પિતાનું નામ,والد کا نام
FORM,,MARITAL_STATUS,Marital Status,वैवाहिक स्थिती,वैवाहिक स्थिति,ବିବାହିତ ଅବସ୍ଥା,వైవాహిక స్థితి,ವೈವಾಹಿಕ ಸ್ಥಿತಿ,திருமண நிலை,વૈવાહિક સ્થિતિ,ازدواجی حیثیت
FORM,,OWN_PHONE_CHECK,Does the Learner Own the Phone?,शिकणाऱ्याचा फोन आहे का?,क्या लर्नर के पास फोन है?,ଶିକ୍ଷାର୍ଥୀଙ୍କର ନିଜ ଫୋନ୍ ଅଛି କି?,అభ్యాసకునికి సొంత ఫోన్ ఉందా?,ಕಲಿಯುವವರು ಫೋನ್ ಹೊಂದಿದ್ದಾರೆಯೇ?,மாணவர் தொலைபேசி வைத்திருக்கிறாரா?,શું લર્નર પાસે ફોન છે?,کیا طلباء کے پاس اپنا فون ہے؟
FORM,,PHONE_TYPE_AVAILABLE,Type of Phone Available,उपलब्ध फोनचा प्रकार,उपलब्ध फोन का प्रकार,ଉପଲବ୍ଧ ଫୋନ୍ ପ୍ରକାର,అందుబాటులో ఉన్న ఫోన్ రకం,ಲಭ್ಯವಿರುವ ಫೋನ್ ಪ್ರಕಾರ,தொலைபேசி வகை,ફોનનો પ્રકાર ઉપલબ્ધ છે,دستیاب فون کی قسم
FORM,,DISTRICT_NAME,District Name,जिल्ह्याचे नाव,जिला का नाम,ଜିଲ୍ଲା ନାମ,జిల్లా పేరు,ಜಿಲ್ಲೆಯ ಹೆಸರು,மாவட்டத்தின் பெயர்,જીલ્લા નું નામ,ضلع کا نام
FORM,,AGE,Age,वय,उम्र,ବୟସ,వయస్సు,ವಯಸ್ಸು,வயது,ઉમર,عمر
FORM,,REGULAR,Regular,नियमित,ऑफलाइन,ନିୟମିତ,రెగ్యులర్,ರೆಗ್ಯುಲರ್,ரெகுலர்,નિયમિત,باقاعدہ
FORM,,REMOTE,Remote,दूरस्थ,रिमोट,ରିମୋଟ୍,రిమోట్,ರಿಮೋಟ್,ரிமோட்,રીમોટ,دور دراز
FORM,,PRIMARY_WORK,Learner's Primary Work,शिकणाऱ्याचे प्राथमिक काम,लर्नर का प्राथमिक काम,ଶିକ୍ଷାର୍ଥୀଙ୍କର ପ୍ରାଥମିକ କାମ,అభ్యాసకుని ప్రాథమిక పని,ಕಲಿಯುವವರ ಪ್ರಾಥಮಿಕ ಕೆಲಸ,மாணவரின் முதன்மைப் பணி,લર્નર નું પ્રાથમિક કાર્ય,طلباء کا بنیادی کام
FORM,,MOBILISATION_METHOD,How Was the Learner Mobilized?,शिकणाऱ्याची चळवळ कशी करण्यात आली?,लर्नर को कैसे मोबिलाइज किया गया?,ଶିକ୍ଷାର୍ଥୀ କେମିତି ମୋବିଲାଇଜ୍  ହେଲେ?,అభ్యాసకుడిని ఎలా సమీకరించారు?,ಕಲಿಯುವವರನ್ನು ಹೇಗೆ ಸಜ್ಜುಗೊಳಿಸಲಾಯಿತು?,மாணவர் எவ்வாறு அணிதிரட்டப்பட்டார்?,લર્નરને કેવી રીતે મોબિલાઇઝ કરવામાં આવ્યું?,طلباء کو کس طرح متحرک کیا گیا؟
FORM,,MONTH_MOBILISATION,Month of Mobilisation,चळवळीसाठीचा महिना,मोबिलाइजेशन का महीना,ମୋବିଳାଇଜେସନ   ମାସ,సమీకరణ జరిగిన నెల,ಸಜ್ಜುಗೊಳಿಸುವ ತಿಂಗಳು,அணிதிரட்டல் மாதம்,મોબિલાઇઝેશનનો મહિનો,متحرک ہونے کا مہینہ
FORM,,DROP_OUT_REASON,Reason for Drop Out From School,शाळा सोडण्याचे कारण,स्कूल से ड्रॉपआउट का कारण,ବିଦ୍ୟାଳୟରୁ ଡ୍ରପଆଉଟ ହେବାର  କାରଣ,బడి మానేయడానికి గల కారణం,ಶಾಲೆಯಿಂದ ಹೊರಗುಳಿಯಲು ಕಾರಣ,பள்ளியை விட்டு இடைநிற்றலுக்கான காரணம்,શાળા છોડવાનું કારણ,اسکول سے اخراج کا سبب
FORM,,ASSIGN_CENTERS,Assign Centers,केंद्रे नियुक्त करा,केंद्र असाइन करें,କେନ୍ଦ୍ର ନିୟୋଗ କରନ୍ତୁ,కేంద్రాలను కేటాయించండి,ಕೇಂದ್ರಗಳನ್ನು ನಿಯೋಜಿಸಿ,மையங்களை ஒதுக்குங்கள்,સેન્ટર્સ સોંપો,مراکز تفویض کریں
FORM,,TYPE_OF_COHORT,Center type,कोहोर्टचा प्रकार,केंद्र का प्रकार,ସେଣ୍ଟର  ପ୍ରକାର,కేంద్రం రకం,ಸಮೂಹದ ಪ್ರಕಾರ,மையத்தின் வகை,સમૂહનો પ્રકાર,مرکز کی قسم
FORM,,NOTE_THIS_WILL_BE_CENTER_NAME,Note: This will be the Center name,लक्षात ठेवा हे केंद्राचे नाव असेल,नोट: यह केंद्र का नाम होगा,"ନୋଟ୍ କରନ୍ତୁ, ଏହା କେନ୍ଦ୍ରର ନାମ ହେବ",గమనిక: ఇది కేంద్రం పేరు అవుతుంది,ಗಮನಿಸಿ: ಇದು ಕೇಂದ್ರದ ಹೆಸರಾಗಿರುತ್ತದೆ。,குறிப்பு: இது மையத்தின் பெயராக இருக்கும்,નોંધ: આ સેન્ટર નું નામ હશે,نوٹ: یہ مرکز کا نام ہوگا
FORM,,ENGLISH,English,अंग्रेज़ी,अंग्रेज़ी,ଇଂରାଜୀ,ఇంగ్లీష్,ಇಂಗ್ಲೀಷ್,ஆங்கிலம்,અંગ્રેજી,انگریزی
FORM,,HOME_SCIENCE,Home Science,गृह विज्ञान,गृह विज्ञान,ଗୃହ ବିଜ୍ଞାନ,హోమ్ సైన్స్,ಗೃಹ ವಿಜ್ಞಾನ,மனையியல்,હોમ સાયન્સ,ہوم سائنس
FORM,,MATH,Math,गणित,गणित,ଗଣିତ,గణితం,ಗಣಿತ,கணக்கு,ગણિત,ریاضی
FORM,,LANGUAGE,Language,भाषा,भाषा,ଭାଷା,భాష,ಭಾಷೆ,மொழி,ભાષા,زبان
FORM,,SCIENCE,Science,विज्ञान,विज्ञान,ବିଜ୍ଞାନ,సైన్స్,ವಿಜ್ಞಾನ,அறிவியல்,વિજ્ઞાન,سائنس
FORM,,SOCIAL_SCIENCE,Social Science,सामाजिक विज्ञान,सामाजिक विज्ञान,ସାମାଜିକ ବିଜ୍ଞାନ,సాంఘిక శాస్త్రం,ಸಮಾಜ ವಿಜ್ಞಾನ,சமூக அறிவியல்,સામાજિક વિજ્ઞાન,سماجی سائنس
FORM,,LIFE_SKILLS,Life Skills,जीवन कौशल्ये,जीवन कौशल,ଜୀବନ କୌଶଳ,జీవన నైపుణ్యాలు,ಜೀವನ ಕೌಶಲ್ಯಗಳು,வாழ்க்கைத் திறன்கள்,લાઈફ સ્કીલ્સ,زندگی کی مہارتیں
FORM,,PREFERRED_LANGUAGE,Preferred Language,पसंतीची भाषा,पसंदीदा भाषा,ପସନ୍ଦଯୋଗ୍ୟ ଭାଷା,ప్రాధాన్యత ఉన్న భాష,ಆದ್ಯತೆಯ ಭಾಷೆ,விருப்பமான மொழி,પસંદીદા ભાષા,ترجیحی زبان
FORM,,FIRST_NAME,First Name,प्रथम नाव,पहला नाम,ପ୍ରଥମ ନାମ,మొదటి పేరు,ಮೊದಲ ಹೆಸರು,முதல் பெயர்,પ્રથમ નામ,پہلا نام
FORM,,MIDDLE_NAME_OR_FATHER_NAME,Middle Name or Father Name,मधले नाव किंवा वडिलांचे नाव,मध्य नाम या पिता का नाम,ମଧ୍ୟମ ନାମ କିମ୍ବା ପିତାଙ୍କ ନାମ,మధ్య పేరు లేదా తండ్రి పేరు,ಮಧ್ಯದ ಹೆಸರು ಅಥವಾ ತಂದೆಯ ಹೆಸರು,நடு பெயர் அல்லது தந்தையின் பெயர்,મધ્ય નામ અથવા પિતાનું નામ,درمیانی نام یا والد کا نام
FORM,,LAST_NAME,Last Name,आडनाव,अंतिम नाम,ଶେଷ ନାମ,చివరి పేరు,ಕೊನೆಯ ಹೆಸರು,கடைசி பெயர்,અટક,آخری نام
FORM,,USERNAME,Username,वापरकर्तानाव,यूजरनाम,ଉପଯୋଗକର୍ତ୍ତା ନାମ,వినియోగదారు పేరు,ಬಳಕೆದಾರಹೆಸರು,பயனர்பெயர்,વપરાશકર્તા નામ,صارف نام
FORM,,MOTHER_NAME,Mother Name,आईचे नाव,माता का नाम,ମାତାଙ୍କ ନାମ,తల్లి పేరు,ತಾಯಿಯ ಹೆಸರು,தாயின் பெயர்,માતાનું નામ,ماں کا نام
FORM,,DATE_OF_BIRTH,Date of Birth,जन्मतारीख,जन्मतिथि,ଜନ୍ମ ତାରିଖ,పుట్టిన తేదీ,ಜನ್ಮ ದಿನಾಂಕ,பிறந்த தேதி,જન્મ તારીખ,تاریخ پیدائش
FORM,,NAME_OF_GUARDIAN,Name of Guardian,पालकाचे नाव,अभिभावक का नाम,ଅଭିଭାବକଙ୍କ ନାମ,సంరక్షకుని పేరు,ಪಾಲಕರ ಹೆಸರು,பாதுகாவலரின் பெயர்,વાલીનું નામ,سرپرست کا نام
FORM,,RELATION_WITH_GUARDIAN,Relation with Guardian,पालकाशी संबंध,अभिभावक से संबंध,ଅଭିଭାବକଙ୍କ ସହ ସମ୍ପର୍କ,సంరక్షకునితో సంబంధం,ಪಾಲಕರೊಂದಿಗಿನ ಸಂಬಂಧ,பாதுகாவலருடனான உறவு,વાલી સાથેનો સંબંધ,سرپرست کے ساتھ تعلق
FORM,,PHONE_NUMBER,Phone Number,फोन नंबर,फोन नंबर,ଫୋନ ନମ୍ବର,ఫోన్ నంబర్,ಫೋನ್ ಸಂಖ್ಯೆ,தொலைபேசி எண்,ફોન નંબર,فون نمبر
FORM,,DOES_THIS_PHONE_BELONG_TO_YOU,Does This Phone Belong to You?,हा फोन तुमचा आहे का?,क्या यह फोन आपका है?,ଏହି ଫୋନ କ’ଣ ଆପଣଙ୍କର?,ఈ ఫోన్ మీదేనా?,ಈ ಫೋನ್ ನಿಮ್ಮದೇ?,இந்த தொலைபேசி உங்களுடையதா?,શું આ ફોન તમારો છે?,کیا یہ فون آپ کا ہے؟
FORM,,HIGHEST_EDCATIONAL_QUALIFICATION_OR_LAST_PASSED_GRADE,Highest Educational Qualification or Last Passed Grade,उच्चतम शैक्षणिक पात्रता किंवा शेवटची उत्तीर्ण झालेली इयत्ता,उच्चतम योग्यता या अंतिम उत्तीर्ण कक्षा,ସର୍ବାଧିକ ଶିକ୍ଷାଗତ ଯୋଗ୍ୟତା କିମ୍ବା ଶେଷ ହୋଇଥିବା ଶ୍ରେଣୀ,అత్యధిక విద్యా అర్హత లేదా చివరిగా ఉత్తీర్ణత పొందిన గ్రేడ్,ಉನ್ನತ ಶೈಕ್ಷಣಿಕ ಅರ್ಹತೆ ಅಥವಾ ಕೊನೆಯದಾಗಿ ಉತ್ತೀರ್ಣಗೊಂಡ ಗ್ರೇಡ್,உயர்ந்த கல்வித் தகுதி அல்லது கடைசியாக தேர்ச்சி பெற்ற தரம்,ઉચ્ચતમ શૈક્ષણિક યોગ્યતા અથવા છેલ્લું પાસ થયેલ ગ્રેડ,اعلیٰ تعلیمی قابلیت یا آخری پاس کردہ گریڈ
FORM,,WHAT_IS_YOUR_PREFERRED_MODE_OF_LEARNING,What is Your Preferred Mode of Learning?,तुमचा पसंतीचा शिक्षणाचा प्रकार कोणता आहे?,आपकी पसंद का सीखने का तरीका क्या है?,ଆପଣଙ୍କ ପସନ୍ଦର ଶିକ୍ଷା ଧାରା କଣ?,మీకు ఇష్టమైన అభ్యాస విధానం ఏమిటి?,ನಿಮ್ಮ ಆದ್ಯತೆಯ ಕಲಿಕೆಯ ವಿಧಾನ ಯಾವುದು?,உங்களுக்கு விருப்பமான கற்றல் முறை என்ன?,તમારું પસંદીદા શિક્ષણ મોડ શું છે?,آپ کا ترجیحی تعلیمی طریقہ کیا ہے؟
FORM,,ARE_YOU_CURRENTLY_WORKING_IF_YES_CHOOSE_THE_DOMAIN,"Are You Currently Working? If Yes, Choose the Domain","तुम्ही सध्या काम करत आहात का? जर होय, तर डोमेन निवडा","क्या आप अभी काम कर रहे हैं? अगर हाँ, तो क्षेत्र चुनें","ଆପଣ ବର୍ତ୍ତମାନ କାମ କରୁଛନ୍ତି କି? ଯଦି ହଁ, ତେବେ କ୍ଷେତ୍ର  ଚୟନ କରନ୍ତୁ","మీరు ప్రస్తుతం పని చేస్తున్నారా? అవును అయితే, డొమైన్‌ను ఎంచుకోండి","ನೀವು ಪ್ರಸ್ತುತ ಕೆಲಸ ಮಾಡುತ್ತಿದ್ದೀರಾ? ಹೌದಾದರೆ, ಡೊಮೇನ್ ಆಯ್ಕೆಮಾಡಿ","நீங்கள் தற்போது வேலை செய்கிறீர்களா? ஆம் எனில், டொமைனைத் தேர்ந்தெடு","શું તમે હાલમાં કામ કરી રહ્યા છો? જો હા, તો ડોમેન પસંદ કરો",کیا آپ فی الحال کام کر رہے ہیں؟ اگر ہاں، تو ڈومین منتخب کریں
FORM,,HAVE_YOU_RECEIVE_ANY_PRIOR_TRAINING,Have You Received Any Prior Training?,तुम्हाला यापूर्वी कोणतेही प्रशिक्षण मिळाले आहे का?,क्या आपने पहले कोई प्रशिक्षण लिया है?,ଆପଣ କୌଣସି ପୂର୍ବ ତାଲିମ ପାଇଛନ୍ତି କି?,మీరు ఇంతకు ముందు ఏదైనా శిక్షణ పొందారా?,ನೀವು ಯಾವುದೇ ಹಿಂದಿನ ತರಬೇತಿಯನ್ನು ಪಡೆದಿದ್ದೀರಾ?,நீங்கள் முன்பு ஏதேனும் பயிற்சி பெற்றிருக்கிறீர்களா?,શું તમને કોઈ પૂર્વ તાલીમ પ્રાપ્ત થઈ છે?,کیا آپ کو کوئی سابقہ تربیت حاصل ہوئی ہے؟
FORM,,WHAT_DO_YOU_WANT_TO_BECOME,What do you want to become?,तुम्हाला काय बनायचे आहे?,आप आगे क्या बनना चाहते हैं?,ଆପଣ କ’ଣ ହେବାକୁ ଚାହୁଁଛନ୍ତି?,మీరు ఏమవ్వాలనుకుంటున్నారు?,ನೀವು ಏನಾಗಲು ಬಯಸುತ್ತೀರಿ?,நீங்கள் என்ன ஆக விரும்புகிறீர்கள்?,તમે શું બનવા માંગો છો?,آپ کیا بننا چاہتے ہیں؟
FORM,,EDUCATIONAL_INSTITUTE,Educational Institute,शैक्षणिक संस्था,शैक्षणिक संस्था,ଶୈକ୍ଷିକ ଅନୁଷ୍ଠାନ,విద్యా సంస్థ,ಶೈಕ್ಷಣಿಕ ಸಂಸ್ಥೆ,கல்வி நிறுவனம்,શૈક્ષણિક સંસ્થા,تعلیمی ادارہ
FORM,,UNEMPLOYED_OR_DOMESTIC_WORK,Unemployed or Domestic Work,बेरोजगार किंवा घरगुती काम,बेरोजगार या घरेलू काम,ବେକାର କିମ୍ବା ଘରୋଇ କାର୍ଯ୍ୟ,నిరుద్యోగి లేదా గృహ సంబంధిత పని,ನಿರುದ್ಯೋಗಿ ಅಥವಾ ಗೃಹ ಕೆಲಸ,வேலையில்லாதவர் அல்லது வீட்டு வேலை,બેરોજગાર અથવા ઘરેલું કામ,بے روزگار یا گھریلو کام
FORM,,SELF_PLACED,Self Placed,स्वयं-नियोजित,स्वयं-नियोजित,ସ୍ୱୟଂ ନିଯୁକ୍ତ,సొంతంగా ఉంచబడింది,ಸ್ವಯಂ-ನಿಯೋಜಿತ,சுய வேலை,સ્વ-નિયોજિત,خود ملازمت
FORM,,TRANSGENDER,Other,इतर,अन्य,ଅନ୍ୟ,ఇతర,ಇತರ,மற்றவை,અન્ય,دیگر
FORM,,HINDI,Hindi,हिंदी,हिंदी,ହିନ୍ଦୀ,హిందీ,ಹಿಂದಿ,ஹிந்தி,હિન્દી,ہندی
FORM,,MARATHI,Marathi,मराठी,मराठी,ମରାଠୀ,మరాఠీ,ಮರಾಠಿ,மராத்தி,મરાઠી,مراٹھی
FORM,,URDU,Urdu,उर्दू,उर्दू,ଉର୍ଦ୍ଦୁ,ఉర్దూ,ಉರ್ದು,உருது,ઉર્દૂ,اردو
FORM,,DIVORCED/WIDOW,Divorced/Widow,घटस्फोटित/विधवा,तलाकशुदा/विधवा,ବିବାହ ବିଚ୍ଛେଦ/ବିଧବା,విడాకులు తీసుకున్న/విధవ,ವಿಚ್ಛೇದಿತ/ವಿಧವೆ,விவாகரத்து/விதவை,છૂટાછેડા/વિધવા,طلاق یافتہ/بیوہ
FORM,,AVAILABLE_SUGGESTIONS,Available suggestions:,उपलब्ध सूचना:,उपलब्ध सुझाव:,ଉପଲବ୍ଧ ପରାମର୍ଶ:,అందుబాటులో ఉన్న సూచనలు:,ಲಭ್ಯವಿರುವ ಸಲಹೆಗಳು:,கிடைக்கும் பரிந்துரைகள்:,ઉપલબ્ધ સૂચનો:,دستیاب تجاویز:
FORM,,USERNAME_ALREADY_EXIST,This username already exists,हे वापरकर्ता नाव आधीच अस्तित्वात आहे,यह यूजरनाम पहले से मौजूद है,ଏହି ୟୁଜରନେମ୍‌ ଆଗରୁ ଅଛି।,ఈ వినియోగదారు పేరు ఇప్పటికే ఉంది,ಈ ಬಳಕೆದಾರ ಹೆಸರು ಈಗಾಗಲೇ ಇದೆ,இந்த பயனர் பெயர் ஏற்கனவே உள்ளது,આ વપરાશકર્તા નામ પહેલેથી અસ્તિત્વમાં છે,یہ صارف نام پہلے سے موجود ہے
FORM,,EMAIL_ALREADY_EXIST,Email is already exists,ईमेल आधीच अस्तित्वात आहे,यह ईमेल पहले से मौजूद है,ଇମେଲ ଆଗରୁ ଅଛି,ఈమెయిల్ ఇప్పటికే ఉంది,ಇಮೇಲ್ ಈಗಾಗಲೇ ಇದೆ,மின்னஞ்சல் ஏற்கனவே உள்ளது,ઇમેઇલ પહેલેથી અસ્તિત્વમાં છે,ای میل پہلے سے موجود ہے
FORM,,GRADUATE,Graduate,पदवीधर,स्नातक,ସ୍ନାତକ,గ్రాడ్యుయేట్,ಪದವೀಧರ,பட்டதாரி,સ્નાતક,گریجویٹ
FORM,,POST_GRADUATE,Post Graduate,पदव्युत्तर,स्नातकोत्तर,ସ୍ନାତକୋତ୍ତର,పోస్ట్ గ్రాడ్యుయేట్,ಸ್ನಾತಕೋತ್ತರ,முதுகலை,સ્નાતકોત્તર,پوسٹ گریجویٹ
FORM,,REASON_FOR_DROP_OUT_FROM_SCHOOL,Reason for drop out from School,शाळा सोडण्याचे कारण,स्कूल से ड्रॉपआउट का कारण,ବିଦ୍ୟାଳୟରୁ ଡ୍ରପଆଉଟ ହେବାର  କାରଣ,బడి మానేయడానికి గల కారణం,ಶಾಲೆಯಿಂದ ಹೊರಗುಳಿಯಲು ಕಾರಣ,பள்ளி இடைநிற்றலுக்கான காரணம்,શાળા છોડવાનું કારણ,سکول چھوڑنے کی وجہ
FORM,,NO_OF_CLUSTERS,Number of Clusters,मी शिकवणारे क्लस्टर संख्या,मैं कितने क्लस्टर पढ़ाता हूँ,କ୍ଲଷ୍ଟର ସଂଖ୍ୟା,క్లస్టర్ల సంఖ్య,ನಾನು ಕಲಿಸುವ ಕ್ಲಸ್ಟರ್‌ಗಳ ಸಂಖ್ಯೆ,நான் கற்பிக்கும் கிளஸ்டர்களின் எண்ணிக்கை,મારા દ્વારા શીખવવામાં આવેલ ક્લસ્ટરોની સંખ્યા,کلسٹرز کی تعداد
FORM,,MAIN_SUBJECT,Main Subject,माझे मुख्य विषय,मेरे मुख्य विषय,ମୁଖ୍ୟ ବିଷୟ,ప్రధాన విషయం,ನನ್ನ ಮುಖ್ಯ ವಿಷಯಗಳು,எனது முதன்மை பாடங்கள்,મારા મુખ્ય વિષયો,مرکزی مضمون
FORM,,SUBJECT_TAUGHT,Subject Taught,मी शिकवणारे विषय,मैं जिन विषयों को सिखाता हूँ,ପଢାଯାଉଥିବା ବିଷୟ,బోధించిన విషయం,ನಾನು ಕಲಿಸುವ ವಿಷಯಗಳು,நான் கற்பிக்கும் பாடங்கள்,મારા દ્વારા શિખવેલ વિષયો,پڑھایا گیا مضمون
FORM,,WHAT_IS_YOUR_PRIMARY_WORK,What is Your Primary Work?,आपले मुख्य कार्य काय आहे?,आपका मुख्य काम क्या है,ଆପଣଙ୍କର ପ୍ରଧାନ କାମ କ'ଣ?,మీ ప్రాథమిక పని ఏమిటి?,ನಿಮ್ಮ ಪ್ರಾಥಮಿಕ ಕೆಲಸವೇನು?,உங்கள் முதன்மை வேலை என்ன?,તમારું મુખ્ય કાર્ય શું છે?,آپ کا بنیادی کام کیا ہے؟
FORM,,CENTER,Center,केंद्र,केंद्र,କେନ୍ଦ୍ର,కేంద్రం,ಕೇಂದ್ರ,மையம்,સેન્ટર,سینٹر
FORM,,BATCH,Batch,बॅच,बैच,ବ୍ୟାଚ୍,బ్యాచ్,ಬ್ಯಾಚ್,குழு,બેચ,بیچ
FORM_ERROR_MESSAGES,,INVALID_INPUT,Invalid Input.,अमान्य इनपुट.,अवैध इनपुट।,ଅବୈଧ ଇନପୁଟ୍,చెల్లని ఇన్పుట్,ಇನ್ ವ್ಯಾಲಿಡ್ ಇನ್‌ಪುಟ್.,தவறான உள்ளீடு.,અમાન્ય ઇનપુટ.,غلط ان پٹ۔
FORM_ERROR_MESSAGES,,FIELD_REQUIRED,{{field}} is required,आवश्यक आहे,{{field}} आवश्यक है,{{field}} ଆବଶ୍ୟକ,{{field}} అవసరం,{{ಫೀಲ್ಡ್}} ಅಗತ್ಯವಿದೆ,{{field}} தேவை,{{ફિલ્ડ}} જરૂરી છે,{{field}} درکار ہے
FORM_ERROR_MESSAGES,,THIS_IS_REQUIRED_FIELD,This is required field,हे आवश्यक क्षेत्र आहे,यह आवश्यक फील्ड है,ଏହା ଆବଶ୍ୟକ କ୍ଷେତ୍ର,ఇది తప్పనిసరి ఫీల్డ్,ಇದು ಅಗತ್ಯವಿರುವ ಫೀಲ್ಡ್ ವಾಗಿದೆ,இது தேவையான களம்,આ જરૂરી ક્ષેત્ર છે,یہ درکار فیلڈ ہے
FORM_ERROR_MESSAGES,,ENTER_ONLY_DIGITS,Please enter only digits,कृपया फक्त अंके प्रविष्ट करा,कृपया केवल अंकों में दर्ज करें,ଦୟାକରି  କେବଳ ସଂଖ୍ୟା ଦାଖଲ କରନ୍ତୁ,దయచేసి అంకెలను మాత్రమే నమోదు చేయండి,ದಯವಿಟ್ಟು ಅಂಕೆಗಳನ್ನು ಮಾತ್ರ ನಮೂದಿಸಿ.,தயவுசெய்து இலக்கங்களை மட்டும் உள்ளிடவும்,કૃપા કરીને માત્ર અંકો દાખલ કરો,براہ کرم صرف اعداد درج کریں
FORM_ERROR_MESSAGES,,MIN_LENGTH_DIGITS_ERROR,Minimum {{minLength}} Digits required,किमान {{minLength}} अंक आवश्यक आहेत,न्यूनतम {{minLength}} अंक आवश्यक हैं,ସର୍ବନିମ୍ନ {{minLength}} ସଂଖ୍ୟା ଆବଶ୍ୟକ,కనీసం {{minLength}} అంకెలు అవసరం,ಕನಿಷ್ಠ {{minLength}} ಅಂಕೆಗಳು ಅಗತ್ಯವಿದೆ,குறைந்தபட்சம் {{minLength}} தேவையான இலக்கங்கள்,ન્યૂનતમ {{minLength}} અંકો જરૂરી છે,کم از کم {{minLength}} اعداد کی ضرورت ہے
FORM_ERROR_MESSAGES,,MAX_LENGTH_DIGITS_ERROR,Maximum {{maxLength}} Digits allowed,अंक स्वीकारले जातात,अधिकतम {{maxLength}} अंक अनुमत हैं,ସର୍ବାଧିକ {{maxLength}} ସଂଖ୍ୟା ଅନୁମତି,గరిష్టంగా {{maxLength}} అంకెలు అనుమతించబడతాయి,ಗರಿಷ್ಠ {{maxLength}} ಅಂಕೆಗಳು ಅನುಮತಿಸಲಾಗಿದೆ,அதிகபட்சம் {{maxLength}} அனுமதிக்கப்பட்ட இலக்கங்கள்,મહત્તમ {{maxLength}} અંકોની મંજૂરી છે,زیادہ سے زیادہ {{maxLength}} اعداد کی اجازت ہے
FORM_ERROR_MESSAGES,,MIN_LENGTH_CHARACTERS_ERROR,Minimum {{minLength}} characters required,किमान {{minLength}} वर्ण आवश्यक आहेत,न्यूनतम {{minLength}} वर्ण आवश्यक हैं,ସର୍ବନିମ୍ନ {{minLength}} ଅକ୍ଷର ଆବଶ୍ୟକ,కనీసం {{minLength}} అక్షరాలు అవసరం,ಕನಿಷ್ಠ {{minLength}} ಅಕ್ಷರಗಳು ಅಗತ್ಯವಿದೆ,குறைந்தபட்ச {{minLength}} எழுத்துக்கள் தேவை,ન્યૂનતમ {{minLength}} અક્ષરો જરૂરી છે,کم از کم {{minLength}} حروف کی ضرورت ہے
FORM_ERROR_MESSAGES,,MAX_LENGTH_CHARACTERS_ERROR,Maximum {{maxLength}} characters allowed,जास्तीत जास्त {{maxLength}} वर्ण स्वीकारले जातात,अधिकतम {{maxLength}} वर्ण अनुमत हैं,ସର୍ବାଧିକ {{maxLength}} ଅକ୍ଷର ଅନୁମତି,గరిష్టంగా {{maxLength}} అక్షరాలు అనుమతించబడతాయి,ಗರಿಷ್ಠ {{maxLength}} ಅಕ್ಷರಗಳನ್ನು ಅನುಮತಿಸಲಾಗಿದೆ,அதிகபட்சம் {{maxLength}} எழுத்துக்குறிகள் அனுமதிக்கப்படுகின்றன,મહત્તમ {{maxLength}} અક્ષરોની મંજૂરી છે,زیادہ سے زیادہ {{maxLength}} حروف کی اجازت ہے
FORM_ERROR_MESSAGES,,NUMBER_AND_SPECIAL_CHARACTERS_NOT_ALLOWED,Numbers and special characters are not allowed,अंक आणि विशेष वर्ण स्वीकारले जात नाहीत,संख्याएँ और विशेष वर्ण अनुमति नहीं हैं,ସଂଖ୍ୟା ଏବଂ ବିଶେଷ ଚରିତ୍ରଗୁଡିକ ଅନୁମତି ନୁହେଁ।,సంఖ్యలు మరియు ప్రత్యేక అక్షరాలు అనుమతించబడవు,ಸಂಖ್ಯೆಗಳು ಮತ್ತು ವಿಶೇಷ ಅಕ್ಷರಗಳನ್ನು ಅನುಮತಿಸಲಾಗುವುದಿಲ್ಲ.,எண்கள் மற்றும் சிறப்பு எழுத்துக்குறிகள் அனுமதிக்கப்படாது,સંખ્યાઓ અને વિશિષ્ટ અક્ષરોની મંજૂરી નથી,اعداد اور خصوصی حروف کی اجازت نہیں ہے
FORM_ERROR_MESSAGES,,ENTER_VALID_MOBILE_NUMBER,Enter Valid mobile number,वैध मोबाइल नंबर प्रविष्ट करा.,वैध मोबाइल नंबर दर्ज करें,ଉପଯୁକ୍ତ ମୋବାଇଲ୍ ନମ୍ବର ପ୍ରବେଶ କରନ୍ତୁ |,చెల్లుబాటు అయ్యే మొబైల్ నంబర్‌ను నమోదు చేయండి,ಮಾನ್ಯ ಮೊಬೈಲ್ ಸಂಖ್ಯೆಯನ್ನು ನಮೂದಿಸಿ,சரியான மொபைல் எண்ணை உள்ளிடவும்,માન્ય મોબાઇલ નંબર દાખલ કરો,براہ کرم درست موبائل نمبر درج کریں
FORM_ERROR_MESSAGES,,ENTER_VALID_EMAIL,Enter valid Email,वैध ईमेल प्रविष्ट करा.,वैध ईमेल दर्ज करें,ଉପଯୁକ୍ତ ଇମେଲ୍ ପ୍ରବେଶ କରନ୍ତୁ |,చెల్లుబాటు అయ్యే ఈమెయిల్‌ను నమోదు చేయండి,ಮಾನ್ಯ ಇಮೇಲ್ ನಮೂದಿಸಿ,சரியான மின்னஞ்சலை உள்ளிடவும்,માન્ય ઇમેઇલ દાખલ કરો,براہ کرم درست ای میل درج کریں
FORM_ERROR_MESSAGES,,ENTER_VALID_YEAR,Enter valid Year,वैध वर्ष प्रविष्ट करा.,वैध वर्ष दर्ज करें,ଉପଯୁକ୍ତ ବର୍ଷ ପ୍ରବେଶ କରନ୍ତୁ |,చెల్లుబాటు అయ్యే సంవత్సరాన్ని నమోదు చేయండి,ಮಾನ್ಯ ವರ್ಷವನ್ನು ನಮೂದಿಸಿ,செல்லத்தக்க ஆண்டை உள்ளிடவும்,માન્ય વર્ષ દાખલ કરો,براہ کرم درست سال درج کریں
FORM_ERROR_MESSAGES,,MUST_BE_LESS_THAN,{{fieldname}} must be less than {{maxLength}},{{fieldname}} {{maxLength}} पेक्षा कमी असले पाहिजे.,{{fieldname}} {{maxLength}} से कम होना चाहिए,{{fieldname}} {{maxLength}} ଠାରୁ କମ୍ ହେବା ଜରୁରୀ |,{{fieldname}} {{maxLength}} కంటే తక్కువగా ఉండాలి,{{fieldname}} {{maxLength}} ಕ್ಕಿಂತ ಕಡಿಮೆ ಇರಬೇಕು.,{{fieldname}} {{maxLength}} ஐ விடக் குறைவாக இருக்க வேண்டும்,{{fieldname}} {{maxLength}} કરતાં ઓછું હોવું આવશ્યક છે,{{fieldname}} {{maxLength}} سے کم ہونا چاہئے
FORM_ERROR_MESSAGES,,MUST_BE_GREATER_THAN,{{fieldname}} must be greater than {{minLength}},{{fieldname}} {{minLength}} पेक्षा जास्त असले पाहिजे.,{{fieldname}} {{minLength}} से अधिक होना चाहिए,{{fieldname}} {{minLength}} ଠାରୁ ଅଧିକ ହେବା ଜରୁରୀ |,{{fieldname}} {{minLength}} కంటే ఎక్కువగా ఉండాలి,{{fieldname}} {{minLength}} ಕ್ಕಿಂತ ಹೆಚ್ಚಾಗಿರಬೇಕು.,{{fieldname}} கண்டிப்பாக {{minLength}} ஐ விட அதிகமாக இருக்க வேண்டும்,{{fieldname}} {{minLength}} કરતાં મોટી હોવી જોઈએ,{{fieldname}} {{minLength}} سے زیادہ ہونا چاہئے
FORM_ERROR_MESSAGES,,ENTER_VALID_CENTER_NAME,Enter valid center name,वैध केंद्राचे नाव प्रविष्ट करा.,वैध केंद्र नाम दर्ज करें,ଉପଯୁକ୍ତ କେନ୍ଦ୍ର ନାମ ପ୍ରବେଶ କରନ୍ତୁ,చెల్లుబాటు అయ్యే కేంద్రం పేరును నమోదు చేయండి,ವ್ಯಾಲಿಡ್ ಕೇಂದ್ರದ ಹೆಸರನ್ನು ನಮೂದಿಸಿ,சரியான மையத்தின் பெயரை உள்ளிடவும்,માન્ય સેન્ટર નામ દાખલ કરો,براہ کرم درست مرکز کا نام درج کریں
FORM_ERROR_MESSAGES,,SPACE_AND_SPECIAL_CHARACTERS_NOT_ALLOWED,Space and special characters are not allowed,रिक्त जागा आणि विशेष वर्णांना परवानगी नाही,Space and special characters are not allowed,ଖାଲି ସ୍ଥାନ ଏବଂ ବିଶେଷ ଅକ୍ଷରଗୁଡ଼ିକୁ ଅନୁମତି ଦିଆଯାଇ ନାହିଁ,ఖాళీ మరియు ప్రత్యేక అక్షరాలు అనుమతించబడవు,ಖಾಲಿ ಜಾಗ ಮತ್ತು ವಿಶೇಷ ಅಕ್ಷರಗಳಿಗೆ ಅನುಮತಿಯಿಲ್ಲ,வெற்றிடங்கள் மற்றும் சிறப்பு எழுத்துக்கள் அனுமதிக்கப்படவில்லை,ખાલી જગ્યા અને વિશેષ અક્ષરોની મંજૂરી નથી,خالی جگہ اور خصوصی حروف کی اجازت نہیں ہے
FORM_ERROR_MESSAGES,,DATE_MUST_BE_ON_OR_BEFORE,Date must be on or before {{date}},तारीख {{date}} किंवा त्यापूर्वीची असावी,Date must be on or before {{date}},ତାରିଖ {{date}} ରେ କିମ୍ବା ତା’ପୂର୍ବରୁ ହେବା ଉଚିତ,తేదీ {{date}} నాటికి లేదా అంతకు ముందు ఉండాలి,ದಿನಾಂಕವು {{date}} ರಂದು ಅಥವಾ ಅದಕ್ಕಿಂತ ಮೊದಲು ಇರಬೇಕು,தேதி {{date}} அல்லது அதற்கு முன்பு இருக்க வேண்டும்,તારીખ {{date}} ના રોજ અથવા તે પહેલાં હોવી જોઈએ,تاریخ {{date}} کو یا اس سے پہلے ہونی چاہیے
FORM_ERROR_MESSAGES,,DATE_MUST_BE_ON_OR_AFTER,Date must be on or after {{date}},तारीख {{date}} किंवा त्यानंतरची असावी,Date must be on or after {{date}},ତାରିଖ {{date}} ରେ କିମ୍ବା ତା’ପରେ ହେବା ଉଚିତ,తేదీ {{date}} నాటికి లేదా ఆ తర్వాత ఉండాలి,ದಿನಾಂಕವು {{date}} ರಂದು ಅಥವಾ ಅದಕ್ಕಿಂತ ನಂತರ ಇರಬೇಕು,தேதி {{date}} அல்லது அதற்குப் பிறகு இருக்க வேண்டும்,તારીખ {{date}} ના રોજ અથવા તે પછી હોવી જોઈએ,تاریخ {{date}} کو یا اس کے بعد ہونی چاہیے
COURSE_PLANNER,,COURSE_PLANNER,Curriculum Plan,पाठ्यक्रम योजना,करिकुलम प्लानर,ପାଠ୍ୟକ୍ରମ ଯୋଜନା,పాఠ్య ప్రణాళిక,ಪಾಠ್ಯಕ್ರಮ ಯೋಜನೆ,பாடத்திட்டம்,પાઠ્યક્રમ યોજના,نصاب کا منصوبہ
COURSE_PLANNER,,FOUNDATION_COURSE,Foundation Course,आधार पाठ्यक्रम,फाउंडेशन कोर्स,ମୂଳ ପାଠ୍ୟକ୍ରମ,ఫౌండేషన్ కోర్సు,ಫೌಂಡೇಶನ್ ಕೋರ್ಸ್,பவுண்டேஷன் கோர்ஸ்,ફાઉન્ડેશન કોર્ષ,فائنڈیشن کورس
COURSE_PLANNER,,MAIN_COURSE,Main Course,मुख्य पाठ्यक्रम,मुख्य कोर्स,ମୁଖ୍ୟ ପାଠ୍ୟକ୍ରମ,ప్రధాన కోర్సు,ಮೇನ್ ಕೋರ್ಸ್,மெயின் கோர்ஸ்,મેન કોર્ષ,مین کورس
COURSE_PLANNER,,COLLAPSE_ALL,Collapse All,सर्व संक्षिप्त करा.,सभी को छुपाएँ,ସମସ୍ତଙ୍କୁ ସଂକ୍ଷିପ୍ତ କରନ୍ତୁ,అన్నీ కుదించు,ಎಲ್ಲವನ್ನೂ ಕುಗ್ಗಿಸಿ,அனைத்தையும் சுருக்கு,બધાને સંકુચિત કરો,سب کو بند کریں
COURSE_PLANNER,,EXPAND_ALL,Expand All,सर्व विस्तृत करा.,सभी को खोलें,ସମସ୍ତଙ୍କୁ ବିସ୍ତାର କରନ୍ତୁ,అన్నీ విస్తరించు,ಎಲ್ಲವನ್ನೂ ವಿಸ್ತರಿಸಿ,அனைத்தையும் விரிவாக்கு,બધાને વિસ્તૃત કરો,سب کو کھولیں
COURSE_PLANNER,,RESOURCES,Resources,संसाधन,सामग्री,ଉତ୍ସଗୁଡ଼ିକ,వనరులు,ಸಂಪನ್ಮೂಲಗಳು,ஆதாரங்கள்,સંસાધનો,وسائل
COURSE_PLANNER,,MARK_AS_COMPLETED,Mark As Complete,पूर्ण म्हणून चिन्हांकित करा,पूर्ण के रूप में मार्क करें,ସମ୍ପୁର୍ଣ୍ଣ ଭାବରେ ଚିହ୍ନିତ କରନ୍ତୁ,పూర్తయినట్లు గుర్తించు,ಪೂರ್ಣಗೊಂಡಿದೆ ಎಂದು ಗುರುತಿಸಿ,முடிந்ததாகக் குறி,પૂર્ણ તરીકે ચિહ્નિત કરો,مکمل کے طور پر نشان زد کریں
COURSE_PLANNER,,COURSE_TYPE,Course Type,अभ्यासक्रम प्रकार,कोर्स प्रकार,ପାଠ୍ୟକ୍ରମ ପ୍ରକାର,కోర్సు రకం,ಕೋರ್ಸ್ ಪ್ರಕಾರ,பாட வகை,પાઠ્યક્રમનો પ્રકાર,کورس کی قسم
COURSE_PLANNER,,SUBTOPICS_SELECTED,subtopics selected,निवडलेले उपविषय,उपविषयों का चयन किया गया,ଉପବିଷୟଗୁଡିକ ଚୟନ କରାଗଲା,ఎంచుకున్న ఉప-విషయాలు,ಆಯ್ಕೆಮಾಡಿದ ಉಪವಿಷಯಗಳು,தேர்ந்தெடுக்கப்பட்ட துணைத் தலைப்புகள்,પસંદ કરેલ ઉપવિષયો,منتخب ذیلی موضوعات
COURSE_PLANNER,,NO_RESOURCES_FOUND,No resources found,कोणतीही संसाधने सापडली नाहीत,कोई सामग्री नहीं मिली,କୌଣସି ସମ୍ବଳ ମିଳିଲା ନାହିଁ,వనరులు ఏమీ కనుగొనబడలేదు,ಯಾವುದೇ ಸಂಪನ್ಮೂಲಗಳು ಕಂಡುಬಂದಿಲ್ಲ,எந்த ஆதாரங்களும் கிடைக்கவில்லை,કોઈ સંસાધનો મળ્યા નથી,کوئی وسائل نہیں ملے
COURSE_PLANNER,,INVALID_RESOURCE,Invalid Resource,अवैध संसाधन,अमान्य सामग्री,ଅବୈଧ ସମ୍ବଳ,చెల్లని వనరు,ಅಮಾನ್ಯ ಸಂಪನ್ಮೂಲ,செல்லாத ஆதாரம்,અમાન્ય સંસાધન,غلط وسیلہ
COURSE_PLANNER,,COURSE_PLANNER_NOT_AVAILABLE,"Course Planner Not Available
","कोर्स नियोजक उपलब्ध नाही
",कोर्स प्लानर उपलब्ध नहीं है,ପାଠ୍ୟକ୍ରମ ଯୋଜନାକାରୀ ଉପଲବ୍ଧ ନୁହେଁ,కోర్సు ప్లానర్ అందుబాటులో లేదు,ಪಠ್ಯ ಯೋಜಕ ಲಭ್ಯವಿಲ್ಲ,"கோர்ஸ் பிளானர்
கிடைக்கவில்லை",અભ્યાસક્રમ નું પ્લાનર ઉપલભ્ધ નથી,کورس پلانر دستیاب نہیں ہے
ASSESSMENTS,,ASSESSMENTS,Assessments,मूल्यांकन,मूल्यांकन,ମୂଲ୍ୟାଙ୍କନ,మదింపులు (అసెస్మెంట్లు),ಮೌಲ್ಯಮಾಪನಗಳು,மதிப்பீடுகள்,અસેસમેન્ટસ,جائزے
ASSESSMENTS,,CENTER,Center,केंद्र,केंद्र,କେନ୍ଦ୍ର,కేంద్రం,ಕೇಂದ್ರ,மையம்,સેન્ટર,سنٹر
ASSESSMENTS,,ASSESSMENT_TYPE,Assessment Type,मूल्यांकन प्रकार,मूल्यांकन प्रकार,ମୂଲ୍ୟାଙ୍କନ ପ୍ରକାର,మదింపు రకం (అసెస్మెంట్ రకం),ಮೌಲ್ಯಮಾಪನ ಪ್ರಕಾರ,மதிப்பீட்டு வகை,અસેસમેન્ટ ના પ્રકાર,جائزے کی قسم
ASSESSMENTS,,COMPLETED_THE_ASSESSMENT,completed the assessment,मूल्यांकन पूर्ण झाले आहे.,मूल्यांकन पूरा कर लिया है,ମୂଲ୍ୟାଙ୍କନ ସମାପ୍ତ କରିଛନ୍ତି,అప్పగించిన మదింపులన్నీ అభ్యాసకులు పూర్తి చేశారు,ಮೌಲ್ಯಮಾಪನವನ್ನು ಪೂರ್ಣಗೊಳಿಸಿದೆ,மதிப்பீட்டை நிறைவு செய்தல்,અસેસમેન્ટ પૂર્ણ કરી,جائزہ مکمل کیا
ASSESSMENTS,,SUBMITTED_ON,Submitted On,सादर केले,जमा किया गया,ଦାଖଲ କରାଗଲା,సమర్పించిన తేదీ,ಸಲ್ಲಿಸಲಾಗಿದೆ,அன்று சமர்ப்பிக்கப்பட்டது,પર સબમિટ કર્યું,جمع کرایا گیا
ASSESSMENTS,,CORRECT_ANSWER,correct answers,योग्य उत्तरे,सही उत्तर,ସଠିକ୍ ଉତ୍ତର,సరైన సమాధానాలు,ಸರಿಯಾದ ಉತ್ತರಗಳು,சரியான விடைகள்,સાચા જવાબો,درست جوابات
ASSESSMENTS,,NO_DATA_FOUND,No data found,कोणतीही माहिती सापडली नाही,कोई डेटा नहीं मिला,କିଛି ତଥ୍ୟ ମିଳିଲା ନାହିଁ |,డేటా కనుగొనబడలేదు,ಯಾವುದೇ ಡೇಟಾ ಕಂಡುಬಂದಿಲ್ಲ.,தரவு எதுவும் கிடைக்கவில்லை,કોઈ ડેટા મળ્યો નથી,کوئی ڈیٹا نہیں ملا
ASSESSMENTS,,SEARCH_STUDENT,Search student,विद्यार्थी शोधा,लर्नर खोजें,ଛାତ୍ର ଖୋଜ |,విద్యార్థిని శోధించండి,ವಿದ್ಯಾರ್ಥಿಯನ್ನು ಹುಡುಕಿ,மாணவரை தேடு,વિદ્યાર્થી શોધો,طالب علم تلاش کریں
ASSESSMENTS,,NO_ASSESSMENTS_FOUND,No assessments found,कोणतेही मूल्यांकन सापडले नाही.,कोई मूल्यांकन नहीं मिला,କିଛି ମୂଲ୍ୟାୟନ ମିଳିଲା ନାହିଁ |,మదింపులు ఏమీ కనుగొనబడలేదు,ಯಾವುದೇ ಮೌಲ್ಯಮಾಪನಗಳು ಕಂಡುಬಂದಿಲ್ಲ.,மதிப்பீடுகள் எதுவும் காணப்படவில்லை.,કોઈ મૂલ્યાંકન મળ્યાં નથી,کوئی جائزہ نہیں ملا
ASSESSMENTS,,ASSESSMENT_STATUS,Assessment Status,मूल्यांकन स्थिती,मूल्यांकन स्थिति,ମୂଲ୍ୟାଙ୍କନ ସ୍ଥିତି,మదింపు స్థితి (అసెస్మెంట్ స్థితి),ಮೌಲ್ಯಮಾಪನ ಸ್ಥಿತಿ,மதிப்பீட்டு நிலை,અસેસમેન્ટ સ્થિતિ,جائزے کی حیثیت
ASSESSMENTS,,NOT_STARTED,Not Started,सुरू झाले नाही,शुरू नहीं हुआ,ଆରମ୍ଭ ହୋଇନାହିଁ |,ప్రారంభించబడలేదు,ಪ್ರಾರಂಭಿಸಲಾಗಿಲ್ಲ,தொடங்கப்படவில்லை,શરૂ થયું નથી,شروع نہیں ہوا
ASSESSMENTS,,IN_PROGRESS,In Progress,प्रगतीपथावर आहे.,प्रगति पर है,ପ୍ରଗତି ଚାଲିଛି |,పురోగతిలో ఉంది,ಪ್ರಗತಿಯಲ್ಲಿದೆ,முன்னேற்றத்தில் உள்ளது,પ્રગતિમાં છે,جاری ہے
ASSESSMENTS,,COMPLETED,Completed,पूर्ण झाले,पूर्ण हुआ,ସମାପ୍ତ,పూర్తయింది,ಪೂರ್ಣಗೊಂಡಿದೆ,நிறைவடைந்தது,પૂર્ણ થયું,مکمل
ASSESSMENTS,,MARKS_OBTAINED,Marks Obtained,प्राप्त गुण,प्राप्त अंक,ମାର୍କ ପ୍ରାପ୍ତ,పొందిన మార్కులు,ಪಡೆದ ಅಂಕಗಳು,பெற்ற மதிப்பெண்கள்,ગુણ મેળવ્યા,حاصل کردہ نمبر
ASSESSMENTS,,OVERALL_SCORE,Overall Score,एकूण गुण,कुल स्कोर,ମୋଟ ସ୍କୋର,మొత్తం స్కోరు,ಒಟ್ಟಾರೆ ಅಂಕ,ஒட்டுமொத்த மதிப்பெண்,ઓવરઓલ સ્કોર,مجموعی اسکور
ASSESSMENTS,,ASSESSMENT_NOT_STARTED_YET,Assessment not started yet,मूल्यांकन अद्याप सुरू झाले नाही,मूल्यांकन अभी शुरू नहीं हुआ,ମୂଲ୍ୟାଙ୍କନ ଏପର୍ଯ୍ୟନ୍ତ ଆରମ୍ଭ ହୋଇନାହିଁ |,మదింపు ఇంకా ప్రారంభించబడలేదు,ಮೌಲ್ಯಮಾಪನ ಇನ್ನೂ ಪ್ರಾರಂಭವಾಗಿಲ್ಲ.,மதிப்பீடு இன்னும் தொடங்கப்படவில்லை,હજુ સુધી મૂલ્યાંકન શરૂ થયું નથી,جائزہ ابھی شروع نہیں ہوا
ASSESSMENTS,,NO_SUBTOPIC_SELECTED,No Subtopic selected,कोणताही उपविषय निवडलेला नाही,कोई उपविषय चयनित नहीं किया गया,କିଛି ଉପ-ବିଷୟ ଚୟନ ହୋଇନାହିଁ |,ఉప-విషయం ఏమీ ఎంచుకోబడలేదు,ಯಾವುದೇ ಉಪವಿಷಯವನ್ನು ಆಯ್ಕೆ ಮಾಡಲಾಗಿಲ್ಲ.,துணை தலைப்பு எதுவும் தேர்ந்தெடுக்கப்படவில்லை,કોઈ સબટોપિક પસંદ કરેલ નથી,کوئی ذیلی موضوع منتخب نہیں کیا گیا
ASSESSMENTS,,NO_SUBJECT_FOUND,No Subject found,कोणताही विषय सापडला नाही,कोई विषय नहीं मिला,କିଛି ବିଷୟ ମିଳିଲା ନାହିଁ |,సబ్జెక్టు ఏమీ కనుగొనబడలేదు,ಯಾವುದೇ ವಿಷಯ ಕಂಡುಬಂದಿಲ್ಲ,பாடம் எதுவும் இல்லை,કોઈ વિષય મળ્યો નથી,کوئی مضمون نہیں ملا
ASSESSMENTS,,NO_ASSIGNED,No assigned,नियुक्त नाही,कोई असाइन नहीं किया गया,କିଛି ନ୍ୟସ୍ତ ହୋଇନାହିଁ |,కేటాయించబడలేదు,ನಿಯೋಜಿಸಲಾಗಿಲ್ಲ,ஒதுக்கப்படவில்லை,કોઈ સોંપેલ નથી,کوئی تفویض نہیں
ASSESSMENTS,,OUT_OF,Out of,पैकी,कुल में से,ରୁ,మొత్తం (ఉదా: 100 కి),ರಿಂದ,இல் இருந்து,માંથી,میں سے
ASSESSMENTS,,NUMBER_OUT_OF_COMPLETED,{{completedCount}} out of {{totalCount}} completed,{{completedCount}} पैकी {{totalCount}} पूर्ण झाले,{{completedCount}} में से {{totalCount}} पूरा हुआ,{{totalCount}} ମଧ୍ୟରୁ {{completedCount}} ଟି ସମ୍ପୂର୍ଣ୍ଣ ହୋଇଛି,{{totalCount}}' లో '{{completedCount}}' పూర్తయింది,{{completedCount}} ರಲ್ಲಿ {{totalCount}} ಪೂರ್ಣಗೊಂಡಿದೆ,{{completeCount}} இல் {{totalCount}} நிறைவடைந்தது,{{totalCount}} માંથી {{completedCount}} પૂર્ણ,{{completedCount}} میں سے {{totalCount}} مکمل
BOARD_ENROLMENT,,BOARD_ENROLLMENT,Board Enrollment,बोर्ड नोंदणी,बोर्ड नामांकन,ବୋର୍ଡ ନାମାଙ୍କନ,బోర్డు నమోదు,ಮಂಡಳಿಯ ದಾಖಲಾತಿ,போர்டு பதிவு,બોર્ડ નોંધણી,بورڈ میں داخلہ
BOARD_ENROLMENT,,BOARD_SELECTION,Board Selection,बोर्ड निवड,बोर्ड चयन,ବୋର୍ଡ ଚୟନ,బోర్డు ఎంపిక,ಮಂಡಳಿಯ ಆಯ್ಕೆ,போர்டு தேர்வு,બોર્ડની પસંદગી,بورڈ کا انتخاب
BOARD_ENROLMENT,,SUBJECTS_SELECTION,Subjects Selection,विषय निवड,विषय चयन,ବିଷୟ ଚୟନ,సబ్జెక్టుల ఎంపిక,ವಿಷಯಗಳ ಆಯ್ಕೆ,பாடங்கள் தேர்வு,વિષયોની પસંદગી,مضامین کا انتخاب
BOARD_ENROLMENT,,DROPPED_OUT,Dropped Out,ड्रॉपआउट झाले.,ड्रॉपआउट हुआ,ଡ୍ରପଆଉଟ ବା ପଢା ଛାଡି ଦେଇଛି,మధ్యలో మానేశారు,ಡ್ರಾಪ್ ಔಟ್,கைவிடப்பட்டது,ડ્રોપ આઉટ,اخراج
BOARD_ENROLMENT,,FEE_PAYMENT,Fee Payment,शुल्क भरले,शुल्क भुगतान,ଶୁଳ୍କ ଦେବା,ఫీజు చెల్లింపు,ಶುಲ್ಕ ಪಾವತಿ,கட்டணம் செலுத்துதல்,ફી ચુકવણી,فیس کی ادائیگی
BOARD_ENROLMENT,,BOARD_ENROLLMENT_NUMBER,Board Enrollment Number,बोर्ड नोंदणी क्रमांक,बोर्ड पंजीकरण संख्या,ବୋର୍ଡ ପଞ୍ଜୀକରଣ ସଂଖ୍ୟା |,బోర్డు నమోదు సంఖ్య,ಮಂಡಳಿಯ ದಾಖಲಾತಿ ಸಂಖ್ಯೆ,போர்டு சேர்க்கை எண்,બોર્ડ નોંધણી નંબર,بورڈ میں داخلے کا نمبر
BOARD_ENROLMENT,,EXAM_FEES_PAID,Exam Fees Paid?,परीक्षा शुल्क भरले आहे का? (वैकल्पिक),परीक्षा शुल्क का भुगतान किया? (वैकल्पिक),ପରୀକ୍ଷା ଦେୟ ପ୍ରଦାନ କରାଯାଇଛି? (ବିକଳ୍ପ),పరీక్ష ఫీజు చెల్లించారా?,ಪರೀಕ್ಷಾ ಶುಲ್ಕ ಪಾವತಿಸಲಾಗಿದೆಯೇ? (ಐಚ್ಛಿಕ),போர்டு கட்டணம் செலுத்தப்பட்டதா?,પરીક્ષા ફી ચૂકવી છે? (વૈકલ્પિક),امتحان کی فیس ادا کی گئی؟
BOARD_ENROLMENT,,SAVE_AND_NEXT,"""Save & Next"" to save your progress. You can come back and change it anytime.",जतन करा (साठवा) आणि पुढे जा,सहेजें और आगे बढ़ें,ସେଭ୍ ଏବଂ ପରବର୍ତ୍ତୀ,సేవ్ చేసి తదుపరి,ಉಳಿಸಿ ಮತ್ತು ಮುಂದೆ,சேமி மற்றும் அடுத்து,સાચવો અને આગળ,محفوظ کریں اور اگلا
BOARD_ENROLMENT,,TO_SAVE_YOUR_PROGRESS,“Save & Next” to save your progress. You can come back and change it anytime.,तुमची प्रगती जतन करण्यासाठी “जतन करा आणि पुढे जा” यावर क्लिक करा. तुम्ही कधीही परत येऊन बदल करू शकता.,सहेजें और आगे बढ़ें पर क्लिक करके अपनी प्रगति सहेजें। आप इसे कभी भी बदल सकते हैं।,“ସେଭ୍ ଏବଂ ଅଗ୍ରଗତି” କ୍ଲିକ୍ କରି ତୁମର ଅଗ୍ରଗତି ସଞ୍ଚୟ କର | ଆପଣ ଏହାକୁ ଯେକୌଣସି ସମୟରେ ପରିବର୍ତ୍ତନ କରିପାରିବେ |,మీరు ఎప్పుడైనా తిరిగి వచ్చి దానిని మార్చవచ్చు.,ನಿಮ್ಮ ಪ್ರಗತಿಯನ್ನು ಉಳಿಸಲು “ಉಳಿಸಿ ಮತ್ತು ಮುಂದೆ”. ನೀವು ಹಿಂತಿರುಗಿ ಮತ್ತು ಅದನ್ನು ಯಾವಾಗ ಬೇಕಾದರೂ ಬದಲಾಯಿಸಬಹುದು.,"உங்கள் முன்னேற்றத்தைச் சேமிக்க ""சேமி & அடுத்து"". நீங்கள் எப்போது வேண்டுமானாலும் திரும்பி வந்து மாற்றலாம்.","તમારી પ્રગતિ બચાવવા માટે ""સાચવો અને આગળ"" તમે પાછા આવી શકો છો અને તેને ગમે ત્યારે બદલી શકો છો.",اپنی پیشرفت کو محفوظ کرنے کے لئے 'محفوظ کریں اور اگلا' پر کلک کریں۔ آپ بعد میں واپس آ کر اسے تبدیل کر سکتے ہیں۔
BOARD_ENROLMENT,,MANDATORY,"Mandatory for {{FeesStepBoards}} only. For other Boards, this step is automatically marked completed. Please click on Save to submit the data.","{{FeesStepBoards}} साठी केवळ अनिवार्य. इतर बोर्डांसाठी, हा टप्पा आपोआप पूर्ण चिन्हांकित केला जातो. कृपया डेटा सबमिट करण्यासाठी जतन क्लिक करा.",{{FeesStepBoards}} के लिए ही अनिवार्य। अन्य बोर्डों में यह चरण अपने आप पूरा माना जाता है। डेटा भेजने के लिए सेव पर क्लिक करें।,"{{FeesStepBoards}} ପାଇଁ ବାଧ୍ୟତାମୂଳକ | ଅନ୍ୟ ବୋର୍ଡଗୁଡ଼ିକ ପାଇଁ, ଏହି ପଦକ୍ଷେପ ସ୍ୱୟଂଚାଳିତ ଭାବରେ ସମାପ୍ତ ହୋଇଥାଏ | ତଥ୍ୟ ଦାଖଲ କରିବାକୁ ଦୟାକରି ସେଭ୍ କ୍ଲିକ୍ କରନ୍ତୁ |","ఇది {{FeesStepBoards}}కు మాత్రమే తప్పనిసరి. ఇతర బోర్డులకు, ఈ దశ స్వయంచాలకంగా పూర్తయినట్లు గుర్తించబడుతుంది. డేటాను సమర్పించడానికి దయచేసి సేవ్ పై క్లిక్ చేయండి.","{{FeesStepBoards}} ಗೆ ಮಾತ್ರ ಕಡ್ಡಾಯವಾಗಿದೆ. ಇತರ ಬೋರ್ಡ್‌ಗಳಿಗೆ, ಈ ಹಂತವನ್ನು ಸ್ವಯಂಚಾಲಿತವಾಗಿ ಪೂರ್ಣಗೊಂಡಿದೆ ಎಂದು ಗುರುತಿಸಲಾಗುತ್ತದೆ. ಡೇಟಾವನ್ನು ಸಲ್ಲಿಸಲು ದಯವಿಟ್ಟು ಉಳಿಸು ಕ್ಲಿಕ್ ಮಾಡಿ。","{{FeesStepBoards}}க்கு மட்டுமே கட்டாயம். மற்ற பலகைகளுக்கு, இந்தப் படி தானாகவே முடிந்ததாகக் குறிக்கப்படும். தரவைச் சமர்ப்பிக்க சேமி என்பதைக் கிளிக் செய்யவும்.","માત્ર {{FeesStepBoards}} માટે ફરજિયાત. અન્ય બોર્ડ માટે, આ પગલું આપોઆપ પૂર્ણ થયું તરીકે ચિહ્નિત થયેલ છે. ડેટા સબમિટ કરવા માટે કૃપા કરીને સેવ પર ક્લિક કરો.",{{FeesStepBoards}} کے لیے ضروری ہے۔ دوسرے بورڈز کے لیے یہ قدم خود بخود مکمل نشان زد ہو جائے گا۔ براہ کرم ڈیٹا جمع کرنے کے لیے محفوظ پر کلک کریں۔
BOARD_ENROLMENT,,COMPLETED,Completed,पूर्ण,पूर्ण,ପୂର୍ଣ୍ଣ ହେଲା,పూర్తయింది,ಪೂರ್ಣಗೊಂಡಿದೆ,முடிக்கப்பட்டது,પૂર્ણ થયું,مکمل
BOARD_ENROLMENT,,MARK_AS_COMPLETE,Mark as Complete,समाप्त म्हणून चिन्हांकित करा,पूरा चिह्नित करें,ସମ୍ପୁର୍ଣ୍ଣ ଭାବରେ ଚିହ୍ନିତ କରନ୍ତୁ,పూర్తయినట్లు గుర్తించు,ಪೂರ್ಣಗೊಂಡಿದೆ ಎಂದು ಗುರುತಿಸಿ,முடிந்ததாகக் குறிக்கவும்,પૂર્ણ તરીકે ચિહ્નિત કરો,مکمل کے طور پر نشان زد کریں
BOARD_ENROLMENT,,REGISTRATION_NUMBER,Registration Number,नोंदणी क्रमांक,पंजीकरण संख्या,ପଂଜୀକରଣ ନମ୍ବର,నమోదు సంఖ్య,ನೋಂದಣಿ ಸಂಖ್ಯೆ,பதிவு எண்,નોંધણી નંબર,رجسٹریشن نمبر
BOARD_ENROLMENT,,TOTAL_LEARNERS,Total Learners,एकूण विद्यार्थी,कुल लर्नर,ସମୁଦାୟ ଶିକ୍ଷାର୍ଥୀ,మొత్తం అభ్యాసకులు,ಒಟ್ಟು ಕಲಿಯುವವರು,மொத்த மாணவர்கள்,કુલ લર્નર્સ,مجموعی طلباء
BOARD_ENROLMENT,,BOARD,Board,परीक्षा बोर्ड,परीक्षा बोर्ड,ବୋର୍ଡ,బోర్డు,ಬೋರ್ಡ್,போர்டு,બોર્ડ,بورڈ
BOARD_ENROLMENT,,CHOOSE_BOARD,Choose which Board the Learner is going to be enrolled in,विद्यार्थी कोणत्या बोर्डमध्ये नोंदणी करणार आहे ते निवडा.,चुनें कि लर्नर किस बोर्ड में नामांकित होगा।,କେଉଁ ବୋର୍ଡରେ ଶିକ୍ଷାର୍ଥୀ ନାମ ଲେଖାଇବାକୁ ଯାଉଛନ୍ତି ତାହା ବାଛନ୍ତୁ,అభ్యాసకుడు ఏ బోర్డులో నమోదు చేసుకోబోతున్నారో ఎంచుకోండి,ಕಲಿಯುವವರು ಯಾವ ಮಂಡಳಿಗೆ ದಾಖಲಾಗಬೇಕೆಂದು ಆರಿಸಿ.,மாணவர் எந்த போர்டு -இல் சேரப் போகிறார் என்பதைத் தேர்வுசெய்,લર્નર કયા બોર્ડમાં દાખલ થવા જઈ રહ્યો છે તે પસંદ કરો,چنیں کہ طالب علم کس بورڈ میں داخلہ لے رہا ہے
BOARD_ENROLMENT,,CHOOSE_SUBJECT,Choose which subjects the learner is enrolling for,"विद्यार्थ्याने कोणते विशिष्ट विषय निवडले आहेत, ते निवडा",चुनें कि लर्नर कौन–से विषय ले रहा है।,କେଉଁ ବିଷୟଗୁଡିକ ନାମଲେଖା ପାଇଁ ଶିକ୍ଷାର୍ଥୀ ନାମ ଲେଖାଇଛନ୍ତି ତାହା ବାଛନ୍ତୁ,అభ్యాసకుడు నమోదు చేసుకునే సబ్జెక్టులను ఎంచుకోండి,ಕಲಿಯುವವರು ಯಾವ ವಿಷಯಗಳಿಗೆ ದಾಖಲಾಗುತ್ತಿದ್ದಾರೆ ಎಂಬುದನ್ನು ಆರಿಸಿ,மாணவர் எந்தப் பாடங்களுக்குச் சேருகிறார் என்பதைத் தேர்வுசெய்.,લર્નર કયા વિષયો માટે નોંધણી કરી રહ્યો છે તે પસંદ કરો,چنیں کہ طالب علم کس مضمون میں داخلہ لے رہا ہے
BOARD_ENROLMENT,,EXAM_REGISTRATION_FEES_PAID,Exam Registration Fees Paid?,परीक्षा नोंदणी शुल्क भरले आहे का?,क्या परीक्षा पंजीकरण शुल्क का भुगतान किया गया है?,ପରୀକ୍ଷା ପଂଜୀକରଣ ଦେୟ ପ୍ରଦାନ କରାଯାଇଛି ?,పరీక్ష నమోదు ఫీజు చెల్లించారా?,ಪರೀಕ್ಷಾ ನೋಂದಣಿ ಶುಲ್ಕ ಪಾವತಿಸಲಾಗಿದೆಯೇ?,தேர்வுப் பதிவுக் கட்டணம் செலுத்தப்பட்டதா?,પરીક્ષા નોંધણી ફી ચૂકવી છે?,امتحان کی رجسٹریشن فیس ادا کی گئی؟
BOARD_ENROLMENT,,EDIT,Edit,संपादित करा,एडिट करें,ସମ୍ପାଦନା କରନ୍ତୁ,సవరించు,ಸಂಪಾದಿಸಿ,எடிட்,સંપાદિત કરો,ترمیم کریں
BOARD_ENROLMENT,,SURE_GO_BACK,Are you sure you want to go back? Your progress might be lost.,तुम्हाला खरंच परत जायचे आहे का? तुमची प्रगती गमावली जाऊ शकते.,क्या आप वापस जाना चाहते हैं? आपकी प्रगति खो सकती है।,ଆପଣ ନିଶ୍ଚିତ କି ଆପଣ ଫେରିବାକୁ ଚାହୁଁଛନ୍ତି ? ତୁମର ପ୍ରଗତି ସ୍ଥାନାନ୍ତରିତ,మీరు వెనక్కి వెళ్లాలనుకుంటున్నారా?,ನೀವು ಹಿಂತಿರುಗಲು ಖಚಿತವಾಗಿ ಬಯಸುವಿರಾ? ನಿಮ್ಮ ಪ್ರಗತಿ ಕಳೆದುಹೋಗಬಹುದು。,நீங்கள் திரும்பிச் செல்ல விரும்புகிறீர்களா? உங்கள் தகவல்களை இழக்கப்படலாம்.,શું તમે ખરેખર પાછા જવા માંગો છો? તમારી પ્રગતિ ખોવાઈ શકે છે.,کیا آپ واقعی واپس جانا چاہتے ہیں؟ آپ کی پیشرفت ضائع ہو سکتی ہے۔
BOARD_ENROLMENT,,FILTER_BY_CURRENT_STAGES,Filter by Current Stages,सध्याच्या स्थितीनुसार निवडून योग्य गोष्टी ठेवा,वर्तमान स्थिति के अनुसार फ़िल्टर करें,ବର୍ତ୍ତମାନର ପର୍ଯ୍ୟାୟ ଅନୁସାରେ ଫିଲ୍ଟର୍ କରନ୍ତୁ,మీరు సాధించిన పురోగతి కోల్పోవచ్చు.,ಪ್ರಸ್ತುತ ಹಂತಗಳ ಮೂಲಕ ಫಿಲ್ಟರ್ ಮಾಡಿ,தற்போதைய நிலைகளின்படி வடிகட்டவும்,વર્તમાન તબક્કાઓ દ્વારા ફિલ્ટર કરો,موجودہ مراحل کے لحاظ سے فلٹر کریں۔
BOARD_ENROLMENT,,SUBJECTS_ENROLLED,Subjects Enrolled,नोंदणीकृत विषय,पढ़ने के लिए चुने गए विषय,ଏନରୋଲଡ  ହୋଇଥିବା ବିଷୟଗୁଡିକ,నమోదు చేసుకున్న విషయాలు,ದಾಖಲಾದ ವಿಷಯಗಳು,சேர்க்கப்பட்ட பாடங்கள்,નોંધાયેલ વિષયો,داخل کردہ مضامین
BOARD_ENROLMENT,,REGISTRATION_COMPLETED,Registration completed,नोंदणी पूर्ण झाली.,पंजीकरण पूरा हुआ,ପଞ୍ଜୀକରଣ ସମାପ୍ତ ହୋଇଛି |,నమోదు పూర్తయింది,ನೋಂದಣಿ ಪೂರ್ಣಗೊಂಡಿದೆ,பதிவு முடிந்தது,નોંધણી પૂર્ણ,رجسٹریشن مکمل ہو گئی ہے۔
OBSERVATION,,OBSERVATION_START,Start Survey,सर्वेक्षण सुरू करा,सर्वे शुरू करें,ସର୍ଭେ ଆରମ୍ଭ କରନ୍ତୁ,ప్రస్తుత దశల ద్వారా ఫిల్టర్ చేయండి,ವೀಕ್ಷಣೆ ಪ್ರಾರಂಭಿಸಿ,சர்வே தொடங்கவும்,અવલોકન શરૂ કરો,سروے شروع کریں
OBSERVATION,,OBSERVATION_DETAILS,Survey Details,सर्वेक्षण तपशील,सर्वे के बारे में जानकारी,ସର୍ଭେର  ବିବରଣୀ,సర్వే వివరాలు,ವೀಕ್ಷಣೆ ವಿವರಗಳು,சர்வே விவரங்கள்,અવલોકન વિગતો,سروے کی تفصیلات
OBSERVATION,,ADD_ENTITY,Add {{entityType}} in Survey list,सर्वेक्षण यादीत {{entityType}} जोडा,सर्वे सूची में {{entityType}} जोड़ें।,ଯୋଡନ୍ତୁ {{entityType}} ସର୍ଭେ  ତାଲିକାରେ,సర్వే జాబితాలో {{entityType}}ను జోడించండి,ವೀಕ್ಷಣಾ ಪಟ್ಟಿಯಲ್ಲಿ {{entityType}} ಸೇರಿಸಿ,கண்காணிப்புப் பட்டியலில் {{entityType}}ஐச் சேர்க்கவும்,અવલોકન સૂચિમાં {{entityType}} ઉમેરો,سروے کی فہرست میں {{entityType}} شامل کریں
OBSERVATION,,SEARCH_ENTITY,Search {{entityType}} name,{{entityType}} नाव शोधा,{entityType}} का नाम खोजें।,ଖୋଜ {{entityType}} ନାମ ଲେଖ,{{entityType}} పేరును శోధించండి,{{entityType}} ಹೆಸರನ್ನು ಹುಡುಕಿ,{{entityType}} பெயரைத் தேடவும்,{{entityType}} નામ શોધો,{{entityType}} کا نام تلاش کریں
OBSERVATION,,OBSERVATIONS,{{name}} Survey,{{name}} सर्वेक्षणे,{{name}} सर्वे,{{name}} ସର୍ଭେ,{{name}} సర్వే,{{name}} ವೀಕ್ಷಣೆಗಳು,{{name}} சர்வே,{{name}} અવલોકનો,{{name}} سروے
OBSERVATION,,SEARCH_OBSERVATIONS,Search Surveys,सर्वेक्षणे शोधा,सर्वे खोजें,ସର୍ଭେଗୁଡିକୁ ଖୋଜ,సర్వేలను శోధించండి,ಹುಡುಕಾಟ ವೀಕ್ಷಣೆಗಳು,சர்வேவை தேடு,અવલોકનો શોધો,سروے تلاش کریں
OBSERVATION,,CONTINUE,Continue,चालू ठेवा किंवा थांबवू नका.,जारी रखें,ଜାରୀ ରଖ,కొనసాగించు,ಮುಂದುವರಿಸಿ,தொடரவும்,ચાલુ રાખો,جاری رکھیں
OBSERVATION,,SUBMITTED,Submitted,सादर केले गेले किंवा पाठवला,सबमिट किया गया,ଦାଖଲ,సమర్పించబడింది,ಸಲ್ಲಿಸಲಾಗಿದೆ,சமர்ப்பிக்கப்பட்டது,સબમિટ કર્યું,جمع کرایا گیا
OBSERVATION,,FORM_SAVED_SUCCESSFULLY,Form changes saved successfully,फॉर्ममध्ये केलेले सुधार सुरक्षितरित्या संग्रहीत केले गेले आहेत,फॉर्म में किए गए बदलाव सेव हो गए हैं,ଫର୍ମ ପରିବର୍ତ୍ତନ ସଫଳତାର ସହିତ ସଂଚୟ ହେଲା,ఫారమ్ మార్పులు విజయవంతంగా సేవ్ చేయబడ్డాయి,ಫಾರ್ಮ್ ಬದಲಾವಣೆಗಳನ್ನು ಯಶಸ್ವಿಯಾಗಿ ಉಳಿಸಲಾಗಿದೆ,படிவ மாற்றங்கள் வெற்றிகரமாகச் சேமிக்கப்பட்டன,ફોર્મ ફેરફારો સફળતાપૂર્વક સાચવવામાં આવ્યા,فارم کی تبدیلیاں کامیابی سے محفوظ کر لی گئیں
OBSERVATION,,FORM_SUBMIT_SUCCESSFULLY,Form submitted successfully,फॉर्म यशस्वीपणे पाठवला,फॉर्म सफलतापूर्वक जमा हुआ,ଫର୍ମ ସଫଳତାର ସହ ଦାଖଲ ହେଲା,ఫారమ్ విజయవంతంగా సమర్పించబడింది,ಫಾರ್ಮ್ ಅನ್ನು ಯಶಸ್ವಿಯಾಗಿ ಸಲ್ಲಿಸಲಾಗಿದೆ,படிவம் வெற்றிகரமாக சமர்ப்பிக்கப்பட்டது,ફોર્મ સફળતાપૂર્વક સબમિટ કર્યું,فارم کامیابی سے جمع کرایا گیا
OBSERVATION,,NOT_STARTED,Not Started,सुरू केलेले नाही,शुरू नहीं किया गया,ଆରମ୍ଭ ହୋଇ ନାହିଁ,ప్రారంభించబడలేదు,ಪ್ರಾರಂಭಿಸಲಾಗಿಲ್ಲ,தொடங்கப்படவில்லை,શરૂ થયું નથી,شروع نہیں ہوا
OBSERVATION,,COMPLETED,Completed,पूर्ण झाले,पूरा हुआ,ସମାପ୍ତ,పూర్తయింది,ಪೂರ್ಣಗೊಂಡಿದೆ,முடிக்கப்பட்டது,પૂર્ણ થયું,مکمل
OBSERVATION,,INPROGRESS,In-Progress,प्रगतीत आहे,प्रगति पर है,ପ୍ରଗତି,పురోగతిలో ఉంది,ಪ್ರಗತಿಯಲ್ಲಿದೆ,செயல்பாட்டில் உள்ளது,પ્રગતિ પર,جاری ہے
OBSERVATION,,NO_DATA_FOUND,No {{entity}} found,{{entity}} सापडले नाही,कोई {{entity}} नहीं मिला।,କିଛି {{entity}} ମିଳିଲା ନାହିଁ,{{entity}} ఏమీ కనుగొనబడలేదు,ಯಾವುದೇ {{entity}} ಕಂಡುಬಂದಿಲ್ಲ,{{entity}} இல்லை,કોઈ {{entity}} મળ્યાં નથી,کوئی {{entity}} نہیں ملا
OBSERVATION,,NO_RESULT_FOUND,No Survey found for {{entity}},{{entity}} साठी कोणतेही सर्वेक्षण सापडले नाही,{{entity}}के लिए कोई सर्वे समाप्त नहीं हुई है,କୌଣସି ପର୍ଯ୍ୟବେକ୍ଷଣ ମିଳିଲା ନାହିଁ {{entity}},{{entity}} కోసం సర్వే ఏమీ కనుగొనబడలేదు,{{entity}} ಗೆ ಯಾವುದೇ ವೀಕ್ಷಣೆಗಳು ಕಂಡುಬಂದಿಲ್ಲ.,{{entity}}க்கான சர்வே எதுவும் இல்லை,{{entity}} માટે કોઈ અવલોકન મળ્યું નથી,{{entity}} کے لیے کوئی سروے نہیں ملا
OBSERVATION,,NO_OBSERVATION_EXPIRED,No Survey expired for {{entity}},{{entity}} साठी कोणतेही सर्वेक्षण मुदतबाह्य झाले नाही,{{entity}} ऐसी किसी भी सर्वे अवधि समाप्त नहीं हुई है,କୌଣସି ପର୍ଯ୍ୟବେକ୍ଷଣର ସମୟ ସମାପ୍ତ ହୋଇନାହିଁ {{entity}},{{entity}} కోసం గడువు ముగిసిన సర్వే ఏమీ లేదు,{{entity}} ಗೆ ಯಾವುದೇ ವೀಕ್ಷಣೆ ಅವಧಿ ಮುಗಿದಿಲ್ಲ.,{{entity}}க்கு சர்வே காலாவதியாகவில்லை,{{entity}} માટે કોઈ અવલોકન સમાપ્ત થયું નથી,{{entity}} کے لیے کوئی سروے ختم نہیں ہوا
OBSERVATION,,DAYS_LEFT,Days left,उरलेले दिवस,कितने दिन बाकी हैं,ବାକି ଥିବା ଦିନ,మిగిలిన రోజులు,ಉಳಿದಿರುವ ದಿನಗಳು,மீதமுள்ள நாட்கள்,દિવસો બાકી,دن باقی ہیں
OBSERVATION,,THIS_OBSERVATION_EXPIRED,This Survey is expired,हे सर्वेक्षण मुदतबाह्य झाले आहे,यह सर्वे पूरा हो चुका है,ଏହି ପର୍ଯ୍ୟବେକ୍ଷଣର ସମୟ ସମାପ୍ତ ହୋଇଛି,ఈ సర్వే గడువు ముగిసింది,ಈ ವೀಕ್ಷಣೆ ಅವಧಿ ಮೀರಿದೆ。,இந்த சர்வே காலாவதியானது,આ અવલોકન સમાપ્ત થઈ ગયું છે,یہ سروے ختم ہو چکا ہے
OBSERVATION,,DUE_DATE,Due date,मुदत तारीख,अंतिम तारीख,ଧାର୍ଯ୍ୟ ତାରିଖ,గడువు తేదీ,ಅಂತಿಮ ದಿನಾಂಕ,நிலுவைத் தேதி,નિયત તારીખ,آخری تاریخ
OBSERVATION,,SURVEY_FORMS,Survey Forms,सर्वेक्षण फॉर्म,सर्वे फॉर्म,ସର୍ଭେ ଫର୍ମଗୁଡିକ,సర్వే ఫారమ్‌లు,ಸಮೀಕ್ಷೆಯ ನಮೂನೆಗಳು,சர்வே படிவங்கள்,સર્વે ફોર્મ,سروے فارم
OBSERVATION,,OBSERVATION_STATUS,Survey Status,सर्वेक्षण स्थिती,सर्वे की स्थिति,ସର୍ଭେ  ସ୍ଥିତି,సర్వే స్థితి,ವೀಕ್ಷಣಾ ಸ್ಥಿತಿ,சர்வே நிலை,અવલોકન સ્થિતિ,سروے کی حیثیت
OBSERVATION,,EXPIRED,Expired,कालबाह्य झाले.,अवधि समाप्त,ସମୟ  ଶେଷ  ହୋଇଗଲା,గడువు ముగిసింది,ಅವಧಿ ಮೀರಿದೆ,காலாவதியானது,સમાપ્ત,ختم ہو چکا
OBSERVATION,,ARE_YOU_SURE_YOU_TO_SUBMIT_FORM,Are you sure to submit the form?,तुम्हाला खरोखर फॉर्म सादर करायचा आहे का?,क्या आप फॉर्म जमा करना चाहते हैं?,ଆପଣ ପ୍ରକୃତରେ ଫର୍ମ ଦାଖଲ କରିବାକୁ ଚାହୁଁଛନ୍ତି କି?,మీరు ఫారమ్‌ను సమర్పించడం ఖాయమేనా?,ನೀವು ನಿಜವಾಗಿಯೂ ಫಾರ್ಮ್ ಸಲ್ಲಿಸಲು ಬಯಸುವಿರಾ?,நீங்கள் உண்மையில் படிவத்தை சமர்ப்பிக்க விரும்புகிறீர்களா?,શું તમે ખરેખર ફોર્મ સબમિટ કરવા માંગો છો?,کیا آپ واقعی فارم جمع کرنا چاہتے ہیں؟
OBSERVATION,,OBSERVATION_NOT_STARTED_YET,Survey not started yet,सर्वेक्षण अद्याप सुरू झालेले नाही.,सर्वे अभी शुरू नहीं हुआ है।,ସର୍ଭେ ଏ ପର୍ଯ୍ୟନ୍ତ ଆରମ୍ଭ ହୋଇନାହିଁ,సర్వే ఇంకా ప్రారంభించబడలేదు,ಸಮೀಕ್ಷೆ ಇನ್ನೂ ಪ್ರಾರಂಭವಾಗಿಲ್ಲ.,சர்வே இன்னும் தொடங்கவில்லை.,હજુ સર્વે શરૂ થયો નથી,ابھی سروے شروع نہیں ہوا۔
SCP_PROFILE,,MY_PROFILE,My Profile,माझी प्रोफाइल,मेरी प्रोफाइल,ମୋର ପ୍ରୋଫାଇଲ,నా ప్రొఫైల్,ನನ್ನ ಪ್ರೊಫೈಲ್,எனது சுயவிவரம்,મારી પ્રોફાઇલ,میری پروفائل
SCP_PROFILE,,ACTIVITIES_CONDUCTED,Activities conducted,आयोजित केलेल्या गतिविधी,आयोजित गतिविधियाँ,ଆୟୋଜିତ କାର୍ଯ୍ୟକ୍ରମ,నిర్వహించిన కార్యకలాపాలు,ನಡೆಸಲಾದ ಚಟುವಟಿಕೆಗಳು,நடத்தப்பட்ட செயல்பாடுகள்,આયોજિત પ્રવૃત્તિઓ,منعقد کردہ سرگرمیاں
SCP_PROFILE,,PROFILE_DETAILS,Profile Details,प्रोफाइल तपशील,प्रोफाइल विवरण,ପ୍ରୋଫାଇଲ ବିବରଣୀ,ప్రొఫైల్ వివరాలు,ಪ್ರೊಫೈಲ್ ವಿವರಗಳು,சுயவிவர விவரங்கள்,પ્રોફાઇલ વિગતો,پروفائل کی تفصیلات
SCP_PROFILE,,FULL_NAME,Full Name,पूर्ण नाव,पूरा नाम,ପୂର୍ଣ୍ଣ ନାମ,పూర్తి పేరు,ಪೂರ್ಣ ಹೆಸರು,முழு பெயர்,પૂરું નામ,مکمل نام
SCP_PROFILE,,EMAIL_ID,Email ID,ईमेल आयडी,ईमेल आईडी,ଇମେଲ ଆଇଡି,ఇమెయిల్ ID,ಇಮೇಲ್ ಐಡಿ,மின்னஞ்சல் ஐடி,ઇમેઇલ આઈડી,ای میل آئی ڈی
SCP_PROFILE,,STATE_DISTRICT_BLOCK,State District Block,राज्य जिल्हा ब्लॉक,राज्य जिला ब्लॉक,ରାଜ୍ୟ ଜିଲ୍ଲା ବ୍ଲକ,రాష్ట్ర జిల్లా బ్లాక్,ರಾಜ್ಯ ಜಿಲ್ಲೆ ಬ್ಲಾಕ್,மாநிலம் மாவட்டம் தொகுதி,રાજ્ય જિલ્લો બ્લોક,ریاست ضلع بلاک
SCP_PROFILE,,DESIGNATION,Designation,पदनाम,पदनाम,ପଦବୀ,హోదా,ಪದವಿ,பதவி,હોદ્દો,عہدہ
SCP_PROFILE,,JOINED_ON,Joined on,सामील झाल्याची तारीख,शामिल होने की तारीख,ଯୋଗଦାନ ତାରିଖ,చేరిన తేదీ,ಸೇರಿದ ದಿನಾಂಕ,இணைந்த தேதி,જોડાયાની તારીખ,شامل ہونے کی تاریخ
SCP_PROFILE,,PHONE_NUMBER,Phone Number,फोन नंबर,फोन नंबर,ଫୋନ ନମ୍ବର,ఫోన్ నంబర్,ಫೋನ್ ಸಂಖ್ಯೆ,தொலைபேசி எண்,ફોન નંબર,فون نمبر
SCP_PROFILE,,MENTOR_ID,Mentor ID,मार्गदर्शक आयडी,मेंटर आईडी,ମେଣ୍ଟର ଆଇଡି,మెంటర్ ID,ಮಾರ್ಗದರ್ಶಕ ಐಡಿ,வழிகாட்டி ஐடி,મેન્ટર આઈડી,مرشد آئی ڈی
SCP_PROFILE,,GENDER,Gender,लिंग,लिंग,ଲିଙ୍ଗ,లింగం,ಲಿಂಗ,பாலினம்,લિંગ,جنس
SCP_PROFILE,,AGE,Age,वय,आयु,ବୟସ,వయస్సు,ವಯಸ್ಸು,வயது,ઉંમર,عمر
SCP_PROFILE,,VOLUNTEERING_DETAILS,Volunteering details,स्वयंसेवा तपशील,स्वयंसेवा से जुड़ी जानकारी,ସ୍ୱେଚ୍ଛାସେବା ବିବରଣୀ,స్వచ్ఛంద వివరాలు,ಸ್ವಯಂಸೇವಾ ವಿವರಗಳು,தன்னார்வ விவரங்கள்,સ્વયંસેવા વિગતો,رضاکارانہ تفصیلات
SCP_PROFILE,,MARK_AS_VOLUNTEER,Mark as Volunteer,स्वयंसेवक म्हणून चिन्हांकित करा,स्वयंसेवक के रूप में मार्क करें,ସ୍ୱେଚ୍ଛାସେବୀ ଭାବେ ଚିହ୍ନିତ କରନ୍ତୁ,వాలంటీర్‌గా గుర్తించు,ಸ್ವಯಂಸೇವಕನಾಗಿ ಗುರುತಿಸಿ,தன்னார்வலராக குறிக்கவும்,સ્વયંસેવક તરીકે ચિહ્નિત કરો,رضاکار کے طور پر نشان زد کریں
SCP_PROFILE,,DOB,Date of Birth,जन्मतारीख,जन्म तिथि,ଜନ୍ମ ତାରିଖ,పుట్టిన తేది,ಜನ್ಮ ದಿನಾಂಕ,பிறந்த தேதி,જન્મ તારીખ,تاریخ پیدائش
SCP_PROFILE,,STATE_DISTRICT_BLOCK_VILLAGE,Village Block District State,गाव ब्लॉक जिल्हा राज्य,गाँव ब्लॉक जिला राज्य,ଗାଁ ବ୍ଲକ ଜିଲ୍ଲା ରାଜ୍ୟ,గ్రామ బ్లాక్ జిల్లా రాష్ట్రం,ಗ್ರಾಮ ಬ್ಲಾಕ್ ಜಿಲ್ಲೆ ರಾಜ್ಯ,கிராமம் தொகுதி மாவட்டம் மாநிலம்,ગામ બ્લોક જિલ્લો રાજ્ય,دیہات بلاک ضلع ریاست
SCP_PROFILE,,USERNAME,Username,वापरकर्ता नाव,उपयोगकर्ता नाम,ବ୍ୟବହାରୀଙ୍କ  ନାମ,వినియోగదారు పేరు (యూజర్‌నేమ్),ಬಳಕೆದಾರ ಹೆಸರು,பயனர் பெயர்,વપરાશકર્તા નામ,صارف نام
SCP_PROFILE,,SUBJECTS_I_TEACH,Subjects I Teach,मी शिकवतो त्या विषय,मैं जो विषय पढ़ाता हूँ,ମୁଁ ପଢ଼ାଉଥିବା ବିଷୟଗୁଡିକ,నేను బోధించే సబ్జెక్టులు,ನಾನು ಕಲಿಸುವ ವಿಷಯಗಳು,நான் கற்பிக்கும் பாடங்கள்,હું જે વિષયો શીખવું છું,وہ مضامین جو میں پڑھاتا ہوں
SCP_PROFILE,,MY_MAIN_SUBJECTS,My Main Subjects,माझे मुख्य विषय,मेरे मुख्य विषय,ମୋର ମୁଖ୍ୟ ବିଷୟଗୁଡ଼ିକ,నా ప్రధాన సబ్జెక్టులు,ನನ್ನ ಮುಖ್ಯ ವಿಷಯಗಳು,எனது முக்கிய பாடங்கள்,મારા મુખ્ય વિષયો,میرے اہم مضامین
YOUTHNET_USERS_AND_VILLAGES,,MENTORS,Mentors,मार्गदर्शक,मेंटर्स,ମେଣ୍ଟର,మెంటర్లు,ಮಾರ್ಗದರ್ಶಕರು,வழிகாட்டிகள்,મેન્ટર્સ,مرشدین
YOUTHNET_USERS_AND_VILLAGES,,CSV,CSV,सीएसव्ही,सीएसवी,CSV,CSV,CSV,சிஎஸ்வி,સીએસવી,سی ایس وی
YOUTHNET_USERS_AND_VILLAGES,,SEARCH_MENTORS,Search Mentors...,मार्गदर्शक शोधा...,मेंटर्स खोजें...,ମେଣ୍ଟର ଖୋଜନ୍ତୁ...,మెంటర్ల కోసం శోధించండి...,ಮಾರ್ಗದರ್ಶಕರನ್ನು ಹುಡುಕಿ...,வழிகாட்டிகளைத் தேடு...,મેન્ટર્સ શોધો...,مرشدین تلاش کریں...
YOUTHNET_USERS_AND_VILLAGES,,MARK_AS_VOLUNTEER,Mark as Volunteer,स्वयंसेवक म्हणून चिन्हांकित करा,स्वयंसेवक के रूप में चिह्नित करें,ସ୍ୱେଚ୍ଛାସେବୀ ଭାବେ ଚିହ୍ନିତ କରନ୍ତୁ,వాలంటీర్‌గా గుర్తించు,ಸ್ವಯಂಸೇವಕನಾಗಿ ಗುರುತಿಸಿ,தன்னார்வலராக குறிக்கவும்,સ્વયંસેવક તરીકે ચિહ્નિત કરો,رضاکار کے طور پر نشان زد کریں
YOUTHNET_USERS_AND_VILLAGES,,ADD_OR_REASSIGN_VILLAGES,Add or Re-assign Villages,गावे जोडा किंवा पुन्हा नियुक्त करा,गाँव जोड़ें या पुनः नियुक्त करें,ଗାଁ ଯୋଗ କରନ୍ତୁ କିମ୍ବା ପୁନଃ ଆସାଇନ  କରନ୍ତୁ,గ్రామాలను జోడించండి లేదా తిరిగి కేటాయించండి,ಗ್ರಾಮಗಳನ್ನು ಸೇರಿಸಿ ಅಥವಾ ಮರುನಿಯೋಜಿಸಿ,கிராமங்களைச் சேர்க்கவும் அல்லது மறு ஒதுக்கீடு செய்யவும்,ગામો ઉમેરો અથવા પુનઃનિયુક્ત કરો,دیہات شامل کریں یا دوبارہ تفویض کریں
YOUTHNET_USERS_AND_VILLAGES,,REQUEST_TO_REASSIGN_DISTRICT,Request to Re-assign District,जिल्हा पुन्हा नियुक्त करण्याची विनंती,जिला पुनः नियुक्त करने का अनुरोध,ଜିଲ୍ଲା ପୁନଃ ଆସାଇନ  ପାଇଁ ଅନୁରୋଧ,జిల్లాను తిరిగి కేటాయించమని అభ్యర్థన,ಜಿಲ್ಲೆಯನ್ನು ಮರುನಿಯೋಜಿಸಲು ಕೋರಿಕೆ,மாவட்டத்தை மறு ஒதுக்கீடு செய்ய கோரிக்கை,જિલ્લો પુનઃનિયુક્ત કરવાની વિનંતી,ضلع دوبارہ تفویض کرنے کی درخواست
YOUTHNET_USERS_AND_VILLAGES,,DELETE_USER_PERMANENTLY,Delete User Permanently,वापरकर्त्यास कायमचे हटवा,उपयोगकर्ता को स्थायी रूप से हटाएँ,ଉପଭୋକ୍ତାଙ୍କୁ ସ୍ଥାୟୀ ଭାବେ ହଟାନ୍ତୁ,వినియోగదారుని శాశ్వతంగా తొలగించండి,ಬಳಕೆದಾರರನ್ನು ಶಾಶ್ವತವಾಗಿ ಅಳಿಸಿ,பயனரை நிரந்தரமாக நீக்கு,વપરાશકર્તાને કાયમી ધોરણે ડિલીટ કરો,صارف کو مستقل طور پر حذف کریں
YOUTHNET_USERS_AND_VILLAGES,,REQUEST_USER_TO_DIFFERENT_MENTOR,Re-assign user to a different Center Head,वापरकर्त्यास दुसऱ्या मार्गदर्शक लीडरला पुन्हा नियुक्त करा,उपयोगकर्ता को किसी अन्य मेंटर लीडर को पुनः नियुक्त करें,ଉପଭୋକ୍ତାଙ୍କୁ ଅନ୍ୟ ମେଣ୍ଟର ଲିଡରଙ୍କୁ ପୁନଃଆସାଇନ  କରନ୍ତୁ,వినియోగదారుని వేరే మెంటర్ లీడర్‌కి తిరిగి కేటాయించండి,ಬಳಕೆದಾರರನ್ನು ಬೇರೆ ಮಾರ್ಗದರ್ಶಕ ನಾಯಕನಿಗೆ ಮರುನಿಯೋಜಿಸಲು ಕೋರಿಕೆ,பயனரை மற்றொரு வழிகாட்டி தலைவருக்கு மறு ஒதுக்கீடு செய்யவும்,વપરાશકર્તાને અન્ય મેન્ટર લીડરને પુનઃનિયુક્ત કરો,صارف کو کسی دوسرے مرشد لیڈر کو دوبارہ تفویض کریں
YOUTHNET_USERS_AND_VILLAGES,,SAVE_PROGRESS,Save progress,प्रगती जतन करा,प्रगति सेव करें,ପ୍ରଗତି ସେଭ୍ କରନ୍ତୁ,పురోగతిని సేవ్ చేయండి,ಪ್ರಗತಿಯನ್ನು ಉಳಿಸಿ,முன்னேற்றத்தை சேமி,પ્રગતિ સેવ કરો,پیشرفت محفوظ کریں
YOUTHNET_USERS_AND_VILLAGES,,FINISH_ASSIGN,Finish & Assign,समाप्त करा आणि नियुक्त करा,समाप्त करें और नियुक्त करें,ସମାପ୍ତ କରନ୍ତୁ ଏବଂ ନିୟୁକ୍ତ କରନ୍ତୁ,ముగించు & కేటాయించు,ಮುಗಿಸಿ ಮತ್ತು ನಿಯೋಜಿಸಿ,முடித்து ஒதுக்கவும்,સમાપ્ત કરો અને નિયુક્ત કરો,مکمل کریں اور تفویض کریں
YOUTHNET_USERS_AND_VILLAGES,,SEND_REQUEST_TO_ADMIN_TEXT,You are sending a request to the State Admin to re-assign this user to another district,तुम्ही या वापरकर्त्यास दुसऱ्या जिल्ह्यात पुन्हा नियुक्त करण्यासाठी राज्य प्रशासकाला विनंती पाठवत आहात,आप इस उपयोगकर्ता को किसी अन्य जिले में पुनः नियुक्त करने के लिए स्टेट एडमिन को अनुरोध भेज रहे हैं,ଆପଣ ଏହି ଉପଭୋକ୍ତାଙ୍କୁ ଅନ୍ୟ ଜିଲ୍ଲାକୁ ପୁନଃଆସାଇନ  କରିବା ପାଇଁ ରାଜ୍ୟ ପ୍ରଶାସକଙ୍କୁ ଅନୁରୋଧ ପଠାଉଛନ୍ତି,ఈ వినియోగదారుని మరొక జిల్లాకు తిరిగి కేటాయించమని మీరు రాష్ట్ర అడ్మిన్‌కు అభ్యర్థన పంపుతున్నారు,ನೀವು ಈ ಬಳಕೆದಾರರನ್ನು ಬೇರೆ ಜಿಲ್ಲೆಗೆ ಮರುನಿಯೋಜಿಸಲು ರಾಜ್ಯ ಆಡಳಿತಗಾರರಿಗೆ ಕೋರಿಕೆ ಕಳುಹಿಸುತ್ತಿದ್ದೀರಿ,நீங்கள் இந்த பயனரை மற்றொரு மாவட்டத்திற்கு மறு ஒதுக்கீடு செய்ய மாநில நிர்வாகிக்கு கோரிக்கை அனுப்புகிறீர்கள்,તમે આ વપરાશકર્તાને અન્ય જિલ્લામાં પુનઃનિયુક્ત કરવા માટે રાજ્ય સંચાલકને વિનંતી મોકલી રહ્યા છો,آپ اس صارف کو کسی دوسرے ضلع میں دوبارہ تفویض کرنے کے لیے ریاستی ایڈمنسٹریٹر کو درخواست بھیج رہے ہیں
YOUTHNET_USERS_AND_VILLAGES,,SELECT_STATE,Select State,राज्य निवडा,राज्य चुनें,ରାଜ୍ୟ ଚୟନ କରନ୍ତୁ,రాష్ట్రాన్ని ఎంచుకోండి,ರಾಜ್ಯವನ್ನು ಆಯ್ಕೆಮಾಡಿ,மாநிலத்தைத் தேர்ந்தெடு,રાજ્ય પસંદ કરો,ریاست منتخب کریں
YOUTHNET_USERS_AND_VILLAGES,,SELECT_DISTRICT,Select District,जिल्हा निवडा,जिला चुनें,ଜିଲ୍ଲା ଚୟନ କରନ୍ତୁ,జిల్లాను ఎంచుకోండి,ಜಿಲ್ಲೆಯನ್ನು ಆಯ್ಕೆಮಾಡಿ,மாவட்டத்தைத் தேர்ந்தெடு,જિલ્લો પસંદ કરો,ضلع منتخب کریں
YOUTHNET_USERS_AND_VILLAGES,,SELECT,Select,निवडा,चुनें,ଚୟନ କରନ୍ତୁ,ఎంచుకోండి,ಆಯ್ಕೆಮಾಡಿ,தேர்ந்தெடு,પસંદ કરો,منتخب کریں
YOUTHNET_USERS_AND_VILLAGES,,ASSIGN_VILLAGES_FROM_BLOCK,Assign Villages from Block,ब्लॉकमधून गावे नियुक्त करा,ब्लॉक से गाँव नियुक्त करें,ବ୍ଲକରୁ ଗାଁ ଆସାଇନ  କରନ୍ତୁ,బ్లాక్ నుండి గ్రామాలను కేటాయించండి,ಬ್ಲಾಕ್‌ನಿಂದ ಗ್ರಾಮಗಳನ್ನು ನಿಯೋಜಿಸಿ,வட்டத்திலிருந்து கிராமங்களை ஒதுக்கவும்,બ્લોકમાંથી ગામો નિયુક્ત કરો,بلاک سے دیہات تفویض کریں
YOUTHNET_USERS_AND_VILLAGES,,ASSIGN_VILLAGES_FROM_BLOCK_INFO,"You can complete this later at your own pace. However, the villages will only be assigned once you click on ‘Finish.’","तुम्ही हे नंतर तुमच्या सोयीनुसार पूर्ण करू शकता. तथापि, गावे केवळ 'समाप्त' वर क्लिक केल्यावरच नियुक्त केली जातील.","आप इसे बाद में अपनी सुविधानुसार पूरा कर सकते हैं। हालांकि, गाँव केवल 'समाप्त' पर क्लिक करने पर ही नियुक्त होंगे।","ଆପଣ ଏହାକୁ ପରେ ଆପଣଙ୍କ ସୁବିଧା ଅନୁଯାୟୀ ସମ୍ପୂର୍ଣ୍ଣ କରିପାରିବେ। ତଥାପି, ଗାଁଗୁଡ଼ିକ କେବଳ 'ସମାପ୍ତ' ଉପରେ କ୍ଲିକ କଲେ ନିୟୁକ୍ତ ହେବ।","మీరు మీ స్వంత వేగంతో దీనిని తర్వాత పూర్తి చేయవచ్చు. అయితే, మీరు ముగించు పై క్లిక్ చేసిన తర్వాత మాత్రమే గ్రామాలు కేటాయించబడతాయి","ನೀವು ಇದನ್ನು ನಂತರ ನಿಮ್ಮ ಅನುಕೂಲಕ್ಕೆ ತಕ್ಕಂತೆ ಪೂರ್ಣಗೊಳಿಸಬಹುದು. ಆದರೆ, ಗ್ರಾಮಗಳನ್ನು 'ಮುಗಿಸಿ' ಕ್ಲಿಕ್ ಮಾಡಿದಾಗ ಮಾತ್ರ ನಿಯೋಜಿಸಲಾಗುತ್ತದೆ।","நீங்கள் இதை பின்னர் உங்கள் வசதிக்கேற்ப முடிக்கலாம். இருப்பினும், 'முடி' என்பதைக் கிளிக் செய்யும்போது மட்டுமே கிராமங்கள் ஒதுக்கப்படும்.","તમે આને તમારી સુવિધા મુજબ પછીથી પૂર્ણ કરી શકો છો. જો કે, ગામો ફક્ત 'સમાપ્ત' પર ક્લિક કરવાથી જ નિયુક્ત થશે.",آپ اسے بعد میں اپنی سہولت کے مطابق مکمل کر سکتے ہیں۔ تاہم، دیہات صرف 'مکمل' پر کلک کرنے پر ہی تفویض ہوں گے۔
SURVEYS,,SURVEYS,Surveys,सर्वेक्षण,सर्वेक्षण,ସର୍ଭେ,సర్వేలు,ಸಮೀಕ್ಷೆಗಳು,சர்வேக்கள்,સર્વેક્ષણ,سروے
SURVEYS,,ACTIVE_SURVEYS,Active Surveys,सक्रिय सर्वेक्षण,सक्रिय सर्वेक्षण,ସକ୍ରିୟ ସର୍ଭେ,క్రియాశీల సర్వేలు,ಸಕ್ರಿಯ ಸಮೀಕ್ಷೆಗಳು,செயலில் உள்ள சர்வேக்கள்,સક્રિય સર્વેક્ષણ,فعال سروے
SURVEYS,,PREVIOUS_SURVEYS,Previous Surveys,मागील सर्वेक्षण,पिछले सर्वेक्षण,ପୂର୍ବବର୍ତ୍ତୀ ସର୍ଭେ,మునుపటి సర్వేలు,ಹಿಂದಿನ ಸಮೀಕ್ಷೆಗಳು,முந்தைய சர்வேக்கள்,પાછલા સર્વેક્ષણ,پچھلے سروے
SURVEYS,,VILLAGES,Villages,गावे,गाँव,ଗାଁ,గ్రామాలు,ಗ್ರಾಮಗಳು,கிராமங்கள்,ગામો,دیہات
SURVEYS,,SUBMISSION,Submissions,सादरीकरण,जमा किए गए फॉर्म,ଦାଖଲ,సమర్పణలు,ಸಲ್ಲಿಕೆ,சமர்ப்பிப்பு,સબમિશન,جمع کرانے
SURVEYS,,SUMMARY,Summary,सारांश,सारांश,ସାରାଂଶ,సారాంశం,ಸಾರಾಂಶ,சுருக்கம்,સારાંશ,خلاصہ
FACILITATORS,,NEW_FACILITATOR,New Facilitators,नवीन सुविधादाता,नए फैसिलिटेटर,ନୂଆ ସୁବିଧାକାରୀ,కొత్త సులభతరం చేసేవారు,ಹೊಸ ಸುಗಮಕಾರ,புதிய பெசிலிடேட்டர்,નવું સુવિધાકર્તા,نیا سہولت کار
FACILITATORS,,RE_ASSIGN_FACILITATOR,Re-assign Facilitator,फैसिलिटेटर पुनःनेमणूक करा,फैसिलिटेटर  को फिर से असाइन करें,ଫ୍ୟାସିଲିଟେଟର୍ ପୁନଃନିଯୁକ୍ତ କରନ୍ତୁ,సులభతరం చేసే వ్యక్తిని మళ్లీ కేటాయించండి,ಫೆಸಿಲಿಟೇಟರ್ ಅನ್ನು ಮರುನಿಯೋಜಿಸಿ,ஃபெசிலிடேட்டரை மீண்டும் ஒதுக்கவும்,ફેસિલિટેટર ફરીથી અસાઇન  કરો,فیسلیٹیٹر کو دوبارہ تفویض کریں
FACILITATORS,,FACILITATOR_UPDATED_SUCCESSFULLY,Facilitator updated successfully,फैसिलिटेटर यशस्वीरित्या अपडेट झाला,फैसिलिटेटर  सफलतापूर्वक अपडेट किया गया,ଫ୍ୟାସିଲିଟେଟର୍ ସଫଳତାର ସହିତ ଅପଡେଟ  ହେଲା,సులభతరం చేసే వ్యక్తి విజయవంతంగా అప్‌డేట్ అయ్యారు,ಫೆಸಿಲಿಟೇಟರ್ ಅನ್ನು ಯಶಸ್ವಿಯಾಗಿ ನವೀಕರಿಸಲಾಗಿದೆ,ஃபெசிலிடேட்டர் வெற்றிகரமாக புதுப்பிக்கப்பட்டார்,ફેસિલિટેટર સફળતાપૂર્વક અપડેટ થયા,فیسلیٹیٹر کامیابی سے اپڈیٹ ہو گیا
FACILITATORS,,FACILITATOR_CREATED_SUCCESSFULLY,Facilitator created successfully,फैसिलिटेटर यशस्वीरित्या तयार झाला,फैसिलिटेटर  सफलतापूर्वक बनाया गया,ଫ୍ୟାସିଲିଟେଟର୍ ସଫଳତାର ସହିତ ତିଆରି ହେଲା,సులభతరం చేసే వ్యక్తి విజయవంతంగా సృష్టించబడ్డారు,ಫೆಸಿಲಿಟೇಟರ್  ಅನ್ನು ಯಶಸ್ವಿಯಾಗಿ ರಚಿಸಲಾಗಿದೆ,ஃபெசிலிடேட்டர் வெற்றிகரமாக உருவாக்கப்பட்டார்,ફેસિલિટેટર સફળતાપૂર્વક બનાવાયો,فیسلیٹیٹر کامیابی سے بنایا گیا
FACILITATORS,,USER_CREDENTIALS_WILL_BE_SEND_SOON,User credentials will be sent soon,वापरकर्त्याचे क्रेडेन्शियल्स लवकरच पाठवले जातील,उपयोगकर्ता को क्रेडेंशियल्स जल्द ही भेजे जाएंगे,ଉପଯୋଗକାରୀ ଆଇଡି ଶୀଘ୍ର ମେଳିବ,వినియోగదారు ఆధారాలు త్వరలో పంపబడతాయి,ಬಳಕೆದಾರರ ಮಾನ್ಯತೆಗಳನ್ನು ಶೀಘ್ರದಲ್ಲೇ ಕಳುಹಿಸಲಾಗುತ್ತದೆ,பயனர் உள்நுழைவு விவரங்கள் விரைவில் அனுப்பப்படும்,વપરાશકર્તાના ઓળખની વિગતો ટૂંક સમયમાં મોકલવામાં આવશે,صارف کی اسناد جلد بھیجی جائیں گی
MENTOR,,BACK_TO_FORM,Back to Form,फॉर्मवर परत जा,फॉर्म पर वापस जाएँ,ଫର୍ମକୁ ଫେରନ୍ତୁ,ఫారమ్‌కు తిరిగి వెళ్లండి,ಫಾರ್ಮ್‌ಗೆ ಹಿಂತಿರುಗಿ,படிவத்திற்கு திரும்பு,ફોર્મ પર પાછા જાઓ,فارم پر واپس جائیں
MENTOR,,FINISH_ASSIGN,Finish & Assign,समाप्त करा आणि नियुक्त करा,समाप्त करें और नियुक्त करें,ସମାପ୍ତ କରନ୍ତୁ ଏବଂ ନିୟୁକ୍ତ କରନ୍ତୁ,"ముగించి, కేటాయించండి",ಮುಗಿಸಿ ಮತ್ತು ನಿಯೋಜಿಸಿ,முடித்து ஒதுக்கவும்,સમાપ્ત કરો અને નિયુક્ત કરો,مکمل کریں اور تفویض کریں
MENTOR,,BACK,Back,मागे,वापस जाएं,ପଛକୁ ଫେରନ୍ତୁ,వెనుక,ಹಿಂದಕ್ಕೆ,பின் செல்லவும்,પાછળ ફરો,واپس جائیں
MENTOR,,SAVE_SELECTION,Save Selection,निवड जतन करा,चयन सहेजें,ଚୟନ ସଂରକ୍ଷଣ କରନ୍ତୁ,ఎంపికను సేవ్ చేయండి,ಆಯ್ಕೆಯನ್ನು ಉಳಿಸಿ,"தேர்வு செய்ததை
சேமிக்கவும்",પસંદગી સાચવો,منتخب محفوظ کریں
LEARNERS,,NEW_LEARNER,New Learners,नवीन शिकणारा,नए शिक्षार्थी,ନୂଆ ଶିକ୍ଷାର୍ଥୀ,కొత్త అభ్యాసకులు,ಹೊಸ ಕಲಿಯುವವ,புதிய மாணவர்,નવું શીખનાર,نیا طالب علم
LEARNERS,,EDIT_LEARNER,Edit Learner,शिकणारा संपादित करा,लर्नर विवरण एडिट करें,ଶିକ୍ଷାର୍ଥୀକୁ ସଂପାଦନ କରନ୍ତୁ,అభ్యాసకుడిని సవరించండి,ಕಲಿಯುವವರನ್ನು ಸಂಪಾದಿಸಿ,மாணவரை எடிட் செய்ய,લર્નર સંપાદિત(edit) કરો,لرنر میں ترمیم کریں
LEARNERS,,RE_ASSIGN_LEARNER,Re-assign Learner,शिकणाऱ्याची पुनःनेमणूक करा,लर्नर को फिर से असाइन करें,ଶିକ୍ଷାର୍ଥୀ ପୁନଃ ଆସାଇନ  କରନ୍ତୁ,అభ్యాసకుడిని మళ్లీ కేటాయించండి,ಕಲಿಯುವವರನ್ನು ಮರು ನಿಯೋಜಿಸಿ,மாணவரை மீண்டும் ஒதுக்கவும்,લર્નર ફરી અસાઇન કરો,لرنر کو دوبارہ تفویض کریں
LEARNERS,,LEARNER_UPDATED_SUCCESSFULLY,Learner updated successfully,शिकणारा यशस्वीरित्या अपडेट झाला,लर्नर सफलतापूर्वक अपडेट हुआ,ଶିକ୍ଷାର୍ଥୀ ସଫଳତାର ସହିତ ଅପଡେଟ  ହେଲେ,అభ్యాసకుడు విజయవంతంగా అప్‌డేట్ అయ్యారు,ಕಲಿಯುವವರನ್ನು ಯಶಸ್ವಿಯಾಗಿ ನವೀಕರಿಸಲಾಗಿದೆ,மாணவர் வெற்றிகரமாக புதுப்பிக்கப்பட்டார்,લર્નર સફળતાપૂર્વક અપડેટ થયા,لرنر کامیابی سے اپڈیٹ ہو گیا
LEARNERS,,NOT_ABLE_UPDATE_LEARNER,Not able to update learner,शिकणारा अपडेट करता येत नाही,लर्नर को अपडेट नहीं किया जा सका,ଶିକ୍ଷାର୍ଥୀ ଅପଡେଟ  କରିପାରିଲେ ନାହିଁ,అభ్యాసకుడిని అప్‌డేట్ చేయలేకపోతున్నారు,ಕಲಿಯುವವರನ್ನು ನವೀಕರಿಸಲು ಸಾಧ್ಯವಾಗಿಲ್ಲ,மாணவரை புதுப்பிக்க முடியவில்லை,લર્નર અપડેટ કરી શકાયો નથી,لرنر کو اپڈیٹ نہیں کیا جا سکا
LEARNERS,,LEARNER_CREATED_SUCCESSFULLY,Learner created successfully,शिकणारा यशस्वीरित्या तयार झाला,लर्नर सफलतापूर्वक बनाया गया,ଶିକ୍ଷାର୍ଥୀ ସଫଳତାର ସହିତ ସୃଷ୍ଟି ହେଲେ,అభ్యాసకుడు విజయవంతంగా సృష్టించబడ్డారు,ಕಲಿಯುವವರನ್ನು ಯಶಸ್ವಿಯಾಗಿ ರಚಿಸಲಾಗಿದೆ,மாணவர் வெற்றிகரமாக உருவாக்கப்பட்டார்,લર્નર સફળતાપૂર્વક બનાવાયા,لرنر کامیابی سے بنایا گیا
LEARNERS,,NOT_ABLE_CREATE_LEARNER,Not able to create learner,शिकणारा तयार करता आला नाही,लर्नर को बनाया नहीं जा सका,ଶିକ୍ଷାର୍ଥୀ ସୃଷ୍ଟି କରିପାରିଲେ ନାହିଁ,అభ్యాసకుడిని సృష్టించలేకపోతున్నారు,ಕಲಿಯುವವರನ್ನು ರಚಿಸಲು ಸಾಧ್ಯವಾಗುತ್ತಿಲ್ಲ.,மாணவரை உருவாக்க முடியவில்லை,લર્નર બનાવી શકાતા નથી,لرنر کو بنایا نہیں جا سکا
LEARNERS,,LEARNERS.USER_CREDENTIALS_WILL_BE_SEND_SOON,User credentials will be sent soon,वापरकर्त्याचे क्रेडेन्शियल्स लवकरच पाठवले जातील,उपयोगकर्ता क्रेडेंशियल्स जल्द ही भेजे जाएंगे,ଉପଯୋଗକାରୀ ଆଇଡି ଶୀଘ୍ର ମେଳିବ,వినియోగదారు ఆధారాలు త్వరలో పంపబడతాయి,ಬಳಕೆದಾರರ ಮಾನ್ಯತೆಗಳನ್ನು ಶೀಘ್ರದಲ್ಲೇ ಕಳುಹಿಸಲಾಗುತ್ತದೆ,பயனர் உள்நுழைவு விவரங்கள் விரைவில் அனுப்பப்படும்,વપરાશકર્તા ઓળખની વિગતો ટૂંક સમયમાં મોકલવામાં આવશે,صارف کی اسناد جلد بھیجی جائیں گی
,,VILLAGE,Village,गाव,गाँव,ଗାଁ,గ్రామం,ಗ್ರಾಮ,கிராமம்,ગામ,دیہات
,,first_name,First Name,प्रथम नाव,पहला नाम,ପ୍ରଥମ ନାମ,మొదటి పేరు,ಮೊದಲ ಹೆಸರು,முதல் பெயர்,પ્રથમ નામ,پہلا نام
,,middle_name,Middle Name,मधले नाव,मध्य नाम,ମଧ୍ୟମ ନାମ,మధ్య పేరు,ಮಧ್ಯದ ಹೆಸರು,நடு பெயர்,મધ્ય નામ,درمیانی نام
,,last_name,Last Name,आडनाव,अंतिम नाम,ଶେଷ ନାମ,చివరి పేరు,ಕೊನೆಯ ಹೆಸರು,கடைசி பெயர்,અટક,آخری نام
,,dob,Date of Birth,जन्मतारीख,जन्म तिथि,ଜନ୍ମ ତାରିଖ,పుట్టిన తేదీ,ಜನ್ಮ ದಿನಾಂಕ,பிறந்த தேதி,જન્મ તારીખ,تاریخ پیدائش
,,WHATS_YOUR_GENDER,Gender,लिंग,लिंग,ଲିଙ୍ଗ,లింగం,ನಿಮ್ಮ ಲಿಂಗ,பாலினம்,લિંગ,جنس
,,Male,Male,पुरुष,पुरुष,ପୁରୁଷ,పురుషుడు,ಪುರುಷ,ஆண்,પુરુષ,مرد
,,Female,Female,स्त्री,महिला,ମହିଳା,స్త్రీ,ಸ್ತ್ರೀ,பெண்,સ્ત્રી,عورت
,,Transgender,Transgender,ट्रान्सजेंडर,ट्रांसजेंडर,ଟ୍ରାନ୍ସଜେଣ୍ଡର,ట్రాన్స్‌జెండర్,ಟ್ರಾನ್ಸ್‌ಜೆಂಡರ್,திருநங்கை,ટ્રાન્સજેન્ડર,ٹرانس جینڈر
,,email,Email,ईमेल,ईमेल,ଇମେଲ,ఈమెయిల్,ಇಮೇಲ್,மின்னஞ்சல்,ઇમેઇલ,ای میل
,,phone_number,Phone Number,फोन नंबर,फोन नंबर,ଫୋନ ନମ୍ବର,ఫోన్ నంబర్,ಫೋನ್ ಸಂಖ್ಯೆ,தொலைபேசி எண்,ફોન નંબર,فون نمبر
,,DESIGNATION,Designation,पदनाम,पदनाम,ପଦବୀ,హోదా,ಪದವಿ,பதவி,હોદ્દો,عہدہ
,,Facilitator,Facilitator,सुविधादाता,फैसिलिटेटर,ଫେସିଲେଟଟର,సులభతరం చేసే వ్యక్తి,ಸುಗಮಕಾರ,பெசிலிடேட்டர்,સુવિધાકર્તા,سہولت کار
,,MY_MAIN_SUBJECTS,My Main Subjects,माझे मुख्य विषय,मेरे मुख्य विषय,ମୋର ମୁଖ୍ୟ ବିଷୟଗୁଡ଼ିକ,నా ప్రధాన విషయాలు,ನನ್ನ ಮುಖ್ಯ ವಿಷಯಗಳು,எனது முக்கிய பாடங்கள்,મારા મુખ્ય વિષયો,میرے اہم مضامین
,,English,English,इंग्रजी,अंग्रेजी,ଇଂରାଜୀ,ఇంగ్లీష్,ಇಂಗ್ಲಿಷ್,ஆங்கிலம்,અંગ્રેજી,انگریزی
,,Home Science,Home Science,गृहविज्ञान,गृह विज्ञान,ଗୃହ ବିଜ୍ଞାନ,గృహ విజ్ఞానం,ಗೃಹ ವಿಜ್ಞಾನ,மனையியல்,ગૃહ વિજ્ઞાન,گھریلو سائنس
,,Math,Math,गणित,गणित,ଗଣିତ,గణితం,ಗಣಿತ,கணிதம்,ગણિત,ریاضی
,,Language,Language,भाषा,भाषा,ଭାଷା,భాష,ಭಾಷೆ,மொழி,ભાષા,زبان
,,Science,Science,विज्ञान,विज्ञान,ବିଜ୍ଞାନ,విజ్ఞానం,ವಿಜ್ಞಾನ,அறிவியல்,વિજ્ઞાન,سائنس
,,Social Science,Social Science,सामाजिक शास्त्र,सामाजिक विज्ञान,ସାମାଜିକ ବିଜ୍ଞାନ,సాంఘిక విజ్ఞానం,ಸಾಮಾಜಿಕ ವಿಜ್ಞಾನ,சமூக அறிவியல்,સામાજિક વિજ્ઞાન,سماجی سائنس
,,Life Skills,Life Skills,जीवन कौशल्य,जीवन कौशल,ଜୀବନ କୌଶଳ,జీవన నైపుణ్యాలు,ಜೀವನ ಕೌಶಲ್ಯಗಳು,வாழ்க்கைத் திறன்கள்,જીવન કૌશલ્ય,زندگی کے ہنر
,,SUBJECTS_I_TEACH,Subjects I Teach,मी शिकवतो त्या विषय,मैं जो विषय पढ़ाता हूँ,ମୁଁ ପଢ଼ାଉଥିବା ବିଷୟ,నేను బోధించే విషయాలు,ನಾನು ಕಲಿಸುವ ವಿಷಯಗಳು,நான் கற்பிக்கும் பாடங்கள்,હું જે વિષયો શીખવું છું,وہ مضامین جو میں پڑھاتا ہوں
,,MOTHER_NAME,Mother Name,आईचे नाव,माता का नाम,ମାତାଙ୍କ ନାମ,తల్లి పేరు,ತಾಯಿಯ ಹೆಸರು,தாயின் பெயர்,માતાનું નામ,ماں کا نام
,,HIGHEST_EDCATIONAL_QUALIFICATION_OR_LAST_PASSED_GRADE,Highest Educational Qualification or Last Passed Grade,उच्चतम शैक्षणिक पात्रता किंवा शेवटची उत्तीर्ण झालेली इयत्ता,उच्चतम शैक्षिक योग्यता या अंतिम पास की गई कक्षा,ସର୍ବୋଚ୍ଚ ଶୈକ୍ଷିକ ଯୋଗ୍ୟତା କିମ୍ବା ଶେଷ ପାସ କରାଯାଇଥିବା ଶ୍ରେଣୀ,అత్యధిక విద్యార్హత లేదా చివరిగా ఉత్తీర్ణత పొందిన గ్రేడ్,ಉನ್ನತ ಶೈಕ್ಷಣಿಕ ಅರ್ಹತೆ ಅಥವಾ ಕೊನೆಯದಾಗಿ ಉತ್ತೀರ್ಣಗೊಂಡ ಗ್ರೇಡ್,உயர்ந்த கல்வித் தகுதி அல்லது கடைசியாக தேர்ச்சி பெற்ற தரம்,ઉચ્ચતમ શૈક્ષણિક યોગ્યતા અથવા છેલ્લું પાસ થયેલ ગ્રેડ,اعلیٰ تعلیمی قابلیت یا آخری پاس کردہ گریڈ
,,MARITAL_STATUS,Marital Status,वैवाहिक स्थिती,वैवाहिक स्थिति,ବୈବାହିକ ସ୍ଥିତି,వైవాహిక స్థితి,ವೈವಾಹಿಕ ಸ್ಥಿತಿ,திருமண நிலை,વૈવાહિક સ્થિતિ,ازدواجی حیثیت
,,TYPE_OF_PHONE_AVAILABLE,Type of Phone Available,उपलब्ध फोनचा प्रकार,उपलब्ध फोन का प्रकार,ଉପଲବ୍ଧ ଫୋନର ପ୍ରକାର,అందుబాటులో ఉన్న ఫోన్ రకం,ಲಭ್ಯವಿರುವ ಫೋನ್‌ನ ಪ್ರಕಾರ,கிடைக்கும் தொலைபேசியின் வகை,ઉપલબ્ધ ફોનનો પ્રકાર,دستیاب فون کی قسم
,,Smartphone,Smartphone,स्मार्टफोन,स्मार्टफोन,ସ୍ମାର୍ଟଫୋନ,స్మార్ట్‌ఫోన్,ಸ್ಮಾರ್ಟ್‌ಫೋನ್,ஸ்மார்ட்ஃபோன்,સ્માર્ટફોન,اسمارٹ فون
,,Keypad,Keypad,कीपॅड,कीपैड,କୀପ୍ୟାଡ,కీప్యాడ్,ಕೀಪ್ಯಾಡ್,பட்டன் போன்,કીપેડ,کی پیڈ
,,DOES_THIS_PHONE_BELONG_TO_YOU,Does This Phone Belong to You?,हा फोन तुमचा आहे का?,क्या यह फोन आपका है?,ଏହି ଫୋନ କ’ଣ ଆପଣଙ୍କର?,ఈ ఫోన్ మీదేనా?,ಈ ಫೋನ್ ನಿಮ್ಮದೇ?,இந்த தொலைபேசி உங்களுடையதா?,શું આ ફોન તમારો છે?,کیا یہ فون آپ کا ہے؟
,,USERNAME,Username,वापरकर्ता नाव,उपयोगकर्ता नाम,ଉପଭୋକ୍ତା ନାମ,వినియోగదారు పేరు,ಬಳಕೆದಾರ ಹೆಸರು,பயனர் பெயர்,વપરાશકર્તા નામ,صارف نام
,,NAME_OF_GUARDIAN,Name of Guardian,पालकाचे नाव,अभिभावक का नाम,ଅଭିଭାବକଙ୍କ ନାମ,సంరక్షకుని పేరు,ಪಾಲಕರ ಹೆಸರು,பாதுகாவலரின் பெயர்,વાલીનું નામ,سرپرست کا نام
,,RELATION_WITH_GUARDIAN,Relation with Guardian,पालकाशी संबंध,अभिभावक के साथ संबंध,ଅଭିଭାବକଙ୍କ ସହ ସମ୍ପର୍କ,సంరక్షకునితో సంబంధం,ಪಾಲಕರೊಂದಿಗಿನ ಸಂಬಂಧ,பாதுகாவலருடனான உறவு,વાલી સાથેનો સંબંધ,سرپرست کے ساتھ تعلق
,,PARENT_GUARDIAN_PHONE_NO,Parent/Guardian Phone Number,पालक/संरक्षकाचा फोन नंबर,माता-पिता/अभिभावक का फोन नंबर,ପିତାମାତା/ଅଭିଭାବକଙ୍କ ଫୋନ ନମ୍ବର,తల్లిదండ్రులు/సంరక్షకుల ఫోన్ నంబర్,ಪೋಷಕ/ಪಾಲಕರ ಫೋನ್ ಸಂಖ್ಯೆ,பெற்றோர்/பாதுகாவலர் தொலைபேசி எண்,માતા-પિતા/વાલીનો ફોન નંબર,والدین/سرپرست کا فون نمبر
,,WHAT_IS_YOUR_PREFERRED_MODE_OF_LEARNING,What is Your Preferred Mode of Learning?,तुमचा पसंतीचा शिक्षणाचा प्रकार कोणता आहे?,आपका पसंदीदा शिक्षण मोड क्या है?,ଆପଣଙ୍କ ପସନ୍ଦର ଶିକ୍ଷା ଭାବ କେଉଁଟି ?,మీకు నచ్చిన అభ్యాస విధానం ఏమిటి?,ನಿಮ್ಮ ಆದ್ಯತೆಯ ಕಲಿಕೆಯ ವಿಧಾನ ಯಾವುದು?,உங்களுக்கு விருப்பமான கற்றல் முறை என்ன?,તમારું પસંદીદા શિક્ષણ મોડ શું છે?,آپ کا ترجیحی تعلیمی طریقہ کیا ہے؟
,,REASON_FOR_DROP_OUT_FROM_SCHOOL,Reason for drop out from School,शाळेतून ड्रॉपआउट होण्याचे कारण,स्कूल से ड्रॉपआउट का कारण,ବିଦ୍ୟାଳୟ  ଡ୍ରପଆଉଟର କାରଣ,పాఠశాల నుండి మానేయడానికి కారణం,ಶಾಲೆಯಿಂದ ಬಿಟ್ಟುಹೋಗುವ ಕಾರಣ,பள்ளியிலிருந்து இடைநிறுத்தத்திற்கான காரணம்,શાળામાંથી ડ્રોપઆઉટનું કારણ,اسکول سے ڈراپ آؤٹ کی وجہ
,,ARE_YOU_CURRENTLY_WORKING_IF_YES_CHOOSE_THE_DOMAIN,"Are You Currently Working? If Yes, Choose the Domain","तुम्ही सध्या काम करत आहात का? जर होय, तर डोमेन निवडा","क्या आप वर्तमान में काम कर रहे हैं? यदि हाँ, तो डोमेन चुनें","ଆପଣ ବର୍ତ୍ତମାନ କାମ କରୁଛନ୍ତି କି? ଯଦି ହଁ, ତେବେ କ୍ଷେତ୍ର  ଚୟନ କରନ୍ତୁ","మీరు ప్రస్తుతం పనిచేస్తున్నారా? అవును అయితే, డొమైన్‌ను ఎంచుకోండి","ನೀವು ಪ್ರಸ್ತುತ ಕೆಲಸ ಮಾಡುತ್ತಿದ್ದೀರಾ? ಹೌದಾದರೆ, ಡೊಮೇನ್ ಆಯ್ಕೆಮಾಡಿ","நீங்கள் தற்போது வேலை செய்கிறீர்களா? ஆம் எனில், டொமைனைத் தேர்ந்தெடு","શું તમે હાલમાં કામ કરી રહ્યા છો? જો હા, તો ડોમેન પસંદ કરો",کیا آپ فی الحال کام کر رہے ہیں؟ اگر ہاں، تو ڈومین منتخب کریں
,,WHAT_DO_YOU_WANT_TO_BECOME,What do you want to become?,तुम्हाला काय बनायचे आहे?,आप क्या बनना चाहते हैं?,ଆପଣ କ’ଣ ହେବାକୁ ଚାହୁଁଛନ୍ତି?,మీరు ఏమి కావాలనుకుంటున్నారు?,ನೀವು ಏನಾಗಲು ಬಯಸುತ್ತೀರಿ?,நீங்கள் என்ன ஆக ஆசைப்படுகிறீர்கள்?,તમે શું બનવા માંગો છો?,آپ کیا بننا چاہتے ہیں؟
,,UNMARRIED,Unmarried,अविवाहित,अविवाहित,ଅବିବାହିତ,అవివాహితుడు,ಅವಿವಾಹಿತ,திருமணமாகாதவர்,અપરિણીત,غیر شادی شدہ
,,MARRIED,Married,विवाहित,विवाहित,ବିବାହିତ,వివాహితుడు,ವಿವಾಹಿತ,திருமணமானவர்,પરિણીત,شادی شدہ
,,DIVORCED,Divorced,घटस्फोटित,तलाकशुदा,ବିବାହ ବିଚ୍ଛେଦ,విడాకులు పొందిన,ವಿಚ್ಛೇದಿತ,விவாகரத்து,છૂટાછેડા,طلاق یافتہ
,,SELF_PLACED,Self Placed,स्वयं-नियोजित,स्व-नियोजित,ସ୍ୱୟଂ ନିଯୁକ୍ତ,సొంతంగా ఉంచుకున్నారు,ಸ್ವಯಂ-ನಿಯೋಜಿತ,சுய வேலை,સ્વ-નિયોજિત,خود ملازمت
,,REMOTE,Remote,दूरस्थ,रिमोट,ରିମୋଟ,సుదూర,ರಿಮೋಟ್,ரிமோட்,દૂરસ્થ,ریموٹ
,,REGULAR,Regular,नियमित,ऑफलाइन,ନିୟମିତ,సాధారణ,ನಿಯಮಿತ,ரெகுலர்,નિયમિત,باقاعدہ
,,SCHOOL_INACCESSIBLE,School inaccessible,शाळा अप्राप्य,स्कूल तक पहुँच नहीं,ବିଦ୍ୟାଳୟ ଅପହଞ୍ଚ,పాఠశాల అందుబాటులో లేదు,ಶಾಲೆಗೆ ಪ್ರವೇಶವಿಲ್ಲ,பள்ளியை அணுக முடியாத நிலை,શાળા સુલભ નથી,اسکول تک رسائی نہیں
,,FINANCIAL_CONSTRAINTS,Financial Constraints,आर्थिक अडचणी,वित्तीय बाधाएँ,ଆର୍ଥିକ ବାଧା,ఆర్థిక పరిమితులు,ಆರ್ಥಿಕ ಸೀಮಿತತೆಗಳು,பண சிக்கல்கள்,આર્થિક અડચણો,مالیاتی رکاوٹیں
,,LACK_OF_INTEREST,Lack of Interest,स्वारस्याचा अभाव,रुचि की कमी,ଆଗ୍ରହର ଅଭାବ,ఆసక్తి లేకపోవడం,ಆಸಕ್ತಿಯ ಕೊರತೆ,ஆர்வமின்மை,રુચિનો અભાવ,دلچسپی کی کمی
,,FAMILY_RESPONSIBILITIES,Family responsibilities,कौटुंबिक जबाबदाऱ्या,पारिवारिक जिम्मेदारियाँ,ପାରିବାରିକ ଦାୟିତ୍ୱ,కుటుంబ బాధ్యతలు,ಕುಟುಂಬದ ಜವಾಬ್ದಾರಿಗಳು,குடும்ப பொறுப்புகள்,કૌટુંબિક જવાબદારીઓ,خاندانی ذمہ داریاں
,,FAILED,Failed,अयशस्वी,असफल,ଅସଫଳ,విఫలమైంది,ವಿಫಲಗೊಂಡ,தோல்வி,નિષ્ફળ,ناکام
,,ILLNESS,Illness,आजारीपणा,बीमारी,ରୋଗ,అనారోగ్యం,ಅನಾರೋಗ್ಯ,நோய்,બીમારી,بیماری
,,MARRIAGE,Marriage,विवाह,विवाह,ବିବାହ,వివాహం,ವಿವಾಹ,திருமணம்,લગ્ન,شادی
,,MIGRATION,Migration,स्थलांतर,प्रवास,ପ୍ରବାସ,వలస,ವಲಸೆ,புலம்பெயர்தல்,સ્થળાંતર,ہجرت
,,STARTED_VOCATIONAL_COURSE,Started vocational course,व्यावसायिक अभ्यासक्रम सुरू केला,वोकेशनल कोर्स शुरू किया,ବୃତ୍ତିଗତ ପାଠ୍ୟକ୍ରମ ଆରମ୍ଭ କରିଛି,వృత్తి విద్యా కోర్సు ప్రారంభించారు,ವೃತ್ತಿಪರ ಕೋರ್ಸ್ ಪ್ರಾರಂಭಿಸಿದ,தொழிற்கல்வி பயிற்சி தொடங்கப்பட்டது,વ્યાવસાયિક કોર્સ શરૂ કર્યો,ووکیشنل کورس شروع کیا
,,STARTED_JOB,Started a job,नोकरी सुरू केली,नौकरी शुरू की,ଚାକିରି ଆରମ୍ଭ କରିଛି,ఉద్యోగం ప్రారంభించారు,ಕೆಲಸ ಪ್ರಾರಂಭಿಸಿದ,வேலை தொடங்கப்பட்டது,નોકરી શરૂ કરી,نوکری شروع کی
,,SCHOOL_CLOSURE_DUE_TO_COVID,School closure due to covid,कोविडमुळे शाळा बंद,कोविड के कारण स्कूल बंद,କୋଭିଡ କାରଣରୁ ବିଦ୍ୟାଳୟ ବନ୍ଦ,కోవిడ్ కారణంగా పాఠశాల మూసివేత,ಕೋವಿಡ್‌ನಿಂದಾಗಿ ಶಾಲೆ ಮುಚ್ಚಲಾಗಿದೆ,கோவிட் காரணமாக பள்ளி மூடல்,કોવિડને કારણે શાળા બંધ,کووڈ کی وجہ سے اسکول بند
,,ENROLLED_IN_EDUCATIONAL_INSTITUTE,Enrolled in educational institute,शैक्षणिक संस्थेत नोंदणीकृत,शैक्षिक संस्थान में नामांकित,ଶୈକ୍ଷିକ ଅନୁଷ୍ଠାନରେ ନାମାଙ୍କିତ,విద్యా సంస్థలో చేరారు,ಶೈಕ್ಷಣಿಕ ಸಂಸ್ಥೆಯಲ್ಲಿ ಸೇರಿಕೊಂಡ,கல்வி நிறுவனத்தில் பதிவு செய்யப்பட்டவர்,શૈક્ષણિક સંસ્થામાં નોંધણી,تعلیمی ادارے میں داخلہ
,,OWN_FARMING,Own farming,स्वतःची शेती,स्वयं की खेती,ନିଜ ଚାଷ,సొంత వ్యవసాయం,ಸ್ವಂತ ಕೃಷಿ,சொந்த விவசாயம்,પોતાની ખેતી,خود کی کاشتکاری
,,AGRICULTURAL_FARM_LABORER,Agricultural farm laborer,कृषी मजूर,कृषि मजदूर,କୃଷି ଶ୍ରମିକ,వ్యవసాయ కూలీ,ಕೃಷಿ ಕಾರ್ಮಿಕ,விவசாய தொழிலாளி,કૃષિ મજૂર,زرعی مزدور
,,NON_AGRICULTURAL_LABORER,Non-agricultural laborer,गैर-कृषी मजूर,गैर-कृषि मजदूर,ଅଣକୃଷି ଶ୍ରମିକ,వ్యవసాయేతర కూలీ,ಕೃಷಿಯೇತರ ಕಾರ್ಮಿಕ,விவசாயமல்லாத தொழிலாளி,બિન-કૃષિ મજૂર,غیر زرعی مزدور
,,SALARIED_WORK,Salaried work,वेतनभोगी काम,वेतनभोगी कार्य,ବେତନଭୋଗୀ କାର୍ଯ୍ୟ,జీతంతో పని,ವೇತನದ ಕೆಲಸ,சம்பள வேலை,પગારદાર કામ,تنخواہ دار کام
,,SELF_EMPLOYMENT,Self-employment,स्वयं-रोजगार,स्व-रोजगार,ସ୍ୱୟଂ ରୋଜଗାର,స్వయం ఉపాధి,ಸ್ವಯಂ-ರೋಜಗಾರ,சுய வேலைவாய்ப்பு,સ્વ-રોજગાર,خود روزگار
,,UNEMPLOYED_OR_DOMESTIC_WORK,Unemployed or Domestic Work,बेरोजगार किंवा घरगुती काम,बेरोजगार या घरेलू कार्य,ବେକାର କିମ୍ବା ଘରୋଇ କାର୍ଯ୍ୟ,నిరుద్యోగి లేదా ఇంటి పని,ನಿರುದ್ಯೋಗಿ ಅಥವಾ ಗೃಹ ಕೆಲಸ,வேலையில்லாதவர் அல்லது வீட்டு வேலை,બેરોજગાર અથવા ઘરેલું કામ,بے روزگار یا گھریلو کام
YOUTHNET_SURVEY,,NEW_SURVEY,New Survey,नवीन सर्वेक्षण,नया सर्वेक्षण,ନୂତନ ସର୍ଭେ,కొత్త సర్వే,ಹೊಸ ಸಮೀಕ್ಷೆ,புதிய சர்வே,નવો સર્વે,نیا سروے
YOUTHNET_SURVEY,,ASSIGN_VOLUNTEERS_NOW,Assign Volunteers Now,स्वयंसेवक आता असाइन करा,स्वयंसेवकों को अभी असाइन करें,ଏବେ ସ୍ୱେଚ୍ଛାସେବକଙ୍କୁ ନିଯୁକ୍ତ କରନ୍ତୁ,ఇప్పుడు వాలంటీర్లను కేటాయించండి,ಈಗ ಸ್ವಯಂಸೇವಕರನ್ನು ನಿಯೋಜಿಸಿ,இப்போது தன்னார்வலர்களை நியமிக்கவும்,હમણાં સ્વયંસેવકો સોંપો,ابھی رضاکاروں کو تفویض کریں۔
YOUTHNET_SURVEY,,REMIND_ME_LATER,Remind Me Later,मला नंतर आठवण करा,मुझे बाद में याद दिलाएं,ପରେ ମୋତେ ମନେ ପକାଇଦିଅନ୍ତୁ,నాకు తర్వాత గుర్తు చేయండి,ನಂತರ ನನಗೆ ನೆನಪಿಸಿ,பின்னர் எனக்கு நினைவூட்டு,મને પછી યાદ કરાવો,مجھے بعد میں یاد دلائیں۔
YOUTHNET_SURVEY,,NEW_SURVEY_HAS_BEEN_ADDED,A new survey '{{surveyName}}' has been added and has been assigned to {{villageCount}} villages,नवीन सर्वेक्षण '{{surveyName}}' जोडले गेले आहे आणि {{villageCount}} गावांना असाइन केले आहे,एक नया सर्वेक्षण '{{surveyName}}' जोड़ा गया है और {{villageCount}} गांवों को असाइन किया गया है,ଏକ ନୂତନ ସର୍ଭେ '{{surveyName}}' ଯୋଡାଯାଇଛି ଏବଂ {{villageCount}} ଗ୍ରାମକୁ ନିଯୁକ୍ତ କରାଯାଇଛି,{{surveyName}}' అనే కొత్త సర్వే జోడించబడింది మరియు '{{villageCount}}' గ్రామాలకు కేటాయించబడింది,{{surveyName}}' ಎಂಬ ಹೊಸ ಸಮೀಕ್ಷೆಯನ್ನು ಸೇರಿಸಲಾಗಿದೆ ಮತ್ತು ಅದನ್ನು {{villageCount}} ಗ್ರಾಮಗಳಿಗೆ ನಿಯೋಜಿಸಲಾಗಿದೆ,ஒரு புதிய கணக்கெடுப்பு '{{surveyName}}' சேர்க்கப்பட்டுள்ளது மற்றும் {{villageCount}} கிராமங்களுக்கு ஒதுக்கப்பட்டுள்ளது,એક નવો સર્વે '{{surveyName}}' ઉમેરવામાં આવ્યો છે અને {{villageCount}} ગામોને સોંપવામાં આવ્યો છે,ایک نیا سروے '{{surveyName}}' شامل کیا گیا ہے اور اسے {{villageCount}} گاؤں کو تفویض کیا گیا ہے۔
YOUTHNET_SURVEY,,ASSIGN_VOLUNTEERS_TO_ENSURE,Assign Volunteers to ensure they can access the survey,स्वयंसेवकांना असाइन करा जेणेकरून ते सर्वेक्षण पर्यंत प्रवेश करू शकतील,यह सुनिश्चित करने के लिए स्वयंसेवकों को असाइन करें कि वे सर्वेक्षण तक पहुंच सकें,ସର୍ଭେରେ ପହଞ୍ଚିବା ନିଶ୍ଚିତ କରିବା ପାଇଁ ସ୍ଵେଚ୍ଛାସେବକଙ୍କୁ ନିଯୁକ୍ତ କରନ୍ତୁ,సర్వేను యాక్సెస్ చేయగలరని నిర్ధారించుకోవడానికి వాలంటీర్లను కేటాయించండి,ಸಮೀಕ್ಷೆಯನ್ನು ಪ್ರವೇಶಿಸಲು ಸ್ವಯಂಸೇವಕರನ್ನು ನಿಯೋಜಿಸಿ,கருத்துக்கணிப்பைச் செயல்படுத்த தன்னார்வலர்களை நியமிக்கவும்,સ્વયંસેવકોને સોંપો જેથી તેઓ સર્વેક્ષણનો લાભ લઈ શકે,رضاکاروں کو اس بات کو یقینی بنانے کے لیے تفویض کریں کہ وہ سروے تک رسائی حاصل کر سکیں
YOUTHNET_SURVEY,,SURVEY,Surveys,सर्वेक्षण,सर्वे,ସର୍ଭେ,సర్వేలు,ಸಮೀಕ್ಷೆಗಳು,சர்வே,સર્વેક્ષણ,سروے
YOUTHNET_DASHBOARD,,VILLAGES_MANAGED_BY_YOU,Villages Managed by you : {{totalVillageCount}},तुमच्याकडून व्यवस्थापित गाव : {{totalVillageCount}},आपके द्वारा प्रबंधित गांव : {{totalVillageCount}},ଆପଣଙ୍କ ଦ୍ୱାରା ପରିଚାଳିତ ଗ୍ରାମ: {{totalVillageCount}},మీరు నిర్వహించే గ్రామాలు: '{{totalVillageCount}}' గ్రామాలు,ನೀವು ನಿರ್ವಹಿಸುವ ಹಳ್ಳಿಗಳು : {{totalVillageCount}},உங்களால் நிர்வகிக்கப்படும் கிராமங்கள்: {{totalVillageCount}},તમારા દ્વારા સંચાલિત ગામો: {{totalVillageCount}},آپ کے زیر انتظام گاؤں : {{totalVillageCount}}
YOUTHNET_DASHBOARD,,VILLAGES,Villages,गावे,गाँव,ଗ୍ରାମ,గ్రామాలు,ಗ್ರಾಮಗಳು,கிராமங்கள்,ગામડાઓ,دیہات
YOUTHNET_DASHBOARD,,MONTHLY_REGISTRATIONS_OVERVIEW,Monthly Registrations Overview,मासिक नोंदणींचा आढावा,मासिक पंजीकरण अवलोकन,ମାସିକ ପଞ୍ଜିକରଣ ସାରାଂଶ,నెలవారీ నమోదుల స్థూలదృష్టి,ಮಾಸಿಕ ನೋಂದಣಿಗಳ ಅವಲೋಕನ,மாதாந்திர பதிவுகள் கண்ணோட்டம்,માસિક નોંધણીઓનો ઝાંખી,ماہانہ رجسٹریشن کا جائزہ
YOUTHNET_DASHBOARD,,CLOSED_ON,Closed on,बंद,बंद हो गया,ବନ୍ଦ,దీనిపై మూసివేయబడింది,ಮುಗಿದ ದಿನಾಂಕ,மூடப்பட்டது,બંધ,پر بند
YOUTHNET_DASHBOARD,,MANAGES,Manages,व्यवस्थापन करते,प्रबंधन करता/करती है,ପରିଚାଳନା କରନ୍ତି,నిర్వహిస్తుంది,ನಿರ್ವಹಿಸುತ್ತದೆ,நிர்வகிக்கிறது,સંચાલન કરે છે,نگرانی کرتا ہے
YOUTHNET_DASHBOARD,,ABOVE_18,Over 18 Registrations,18 पेक्षा जास्त,18 वर्ष से अधिक पंजीकरण,18 ରୁ ଉପରେ,18 ఏళ్లు పైబడిన నమోదులు,18 ವರ್ಷ ಮೇಲ್ಪಟ್ಟವರ ನೋಂದಣಿಗಳು,18 வயதுக்கு மேற்பட்ட பதிவுகள்,18 વર્ષથી ઉપરની નોંધણી,18 سال سے زیادہ عمر کی رجسٹریشنز
YOUTHNET_DASHBOARD,,BELOW_18,Under 18 Registrations,18 पेक्षा कमी,18 वर्ष से कम पंजीकरण,18 ରୁ ତଳେ,18 ఏళ్ల లోపు నమోదులు,18 ವರ್ಷದೊಳಗಿನವರ ನೋಂದಣಿಗಳು,18 வயதுக்கு குறைவான பதிவுகள்,18 વર્ષથી નીચે ની નોંધણી,18 سال سے کم عمر کی رجسٹریشنز
YOUTHNET_DASHBOARD,,VLLAGE,गाव,गाँव,गाँव,ଗାଁ,గ్రామం,ಗ್ರಾಮ,கிராமம்,ગામ,گاؤں
YOUTHNET_DASHBOARD,,YOUTH_VOLUNTEERS,Youth / Volunteer,युवा / स्वयंसेवक,युवक/स्वयंसेवक,ଯୁବକ/ସ୍ୱେଚ୍ଛାସେବକ,యువత / వాలంటీర్,ಯುವತ್  /ಸ್ವಯಂಸೇವಕರು,இளைஞர்கள்/தன்னார்வலர்கள்,યુવાનો/સ્વયંસેવકો,نوجوان / رضاکار
YOUTHNET_DASHBOARD,,VILLAGES_AND_YOUTH,Village and Youth,गाव आणि युवक,गाँव और युवा,ଗାଁ ଓ ଯୁବକ,గ్రామం మరియు యువత,ಗ್ರಾಮ ಮತ್ತು ಯುವತ್,கிராமம் மற்றும் இளைஞர்கள்,ગામડા અને યુવાનો,گاؤں اور نوجوان
YOUTHNET_VOLUNTEERLIST,,ENTRIES,Entries,नोंदी,प्रविष्टियाँ,ପ୍ରବେଶଗୁଡ଼ିକ,ఎంట్రీలు,ನಮೂದುಗಳು,பதிவுகள்,પ્રવેશો,اندراجات
YOUTHNET_VOLUNTEERLIST,,VOLUNTEERS_ASSIGNED,Volunteers assigned,स्वयंसेवक नियुक्त,स्वयंसेवक सौंपे गए,ସ୍ୱେଚ୍ଛାସେବକଙ୍କୁ ନିଯୁକ୍ତ କରନ୍ତୁ,కేటాయించిన వాలంటీర్లు,ಸ್ವಯಂಸೇವಕರನ್ನು ನಿಯೋಜಿಸಲಾಗಿದೆ,தன்னார்வலர்கள் ஒதுக்கப்பட்டுள்ளனர்,સ્વયંસેવકો સોંપવામાં આવ્યા,والنٹر کو تفویض کیا گیا۔
YOUTHNET_CAMP_DETAILS,,SUBMISSION,Submission,सादर करणे,जमा करना,ସବମିଶନ,సమర్పణ,ಸಲ್ಲಿಸು,சமர்ப்பிப்பு,સબમિશન,جمع کرانا
YOUTHNET_CAMP_DETAILS,,SUMMARY,Summary,सारांश,सारांश,ସାରାଂଶ,సారాంశం,ಸಾರಾಂಶ,சுருக்கம்,સારાંશ,خلاصہ
YOUTHNET_PROFILE,,MY_PROFILE,My Profile,माझे प्रोफाइल,मेरा प्रोफाइल,ମୋ ପ୍ରୋଫାଇଲ୍,నా ప్రొఫైల్,ನನ್ನ ಪ್ರೊಫೈಲ್,என் சுயவிவரம்,મારી પ્રોફાઇલ,میری پروفائل
YOUTHNET_PROFILE,,ACTIVITIES_CONDUCTED,Activities Conducted,घेतलेल्या कृती,की गई गतिविधियाँ,ଗତିବିଧି  ସମ୍ପନ୍ନ ହେଲା,నిర్వహించిన కార్యకలాపాలు,ನಿರ್ವಹಿಸಲಾದ ಚಟುವಟಿಕೆಗಳು,"நடத்தப்பட்ட செயல்பாடுகள்
",કરેલ પ્રવૃત્તિઓ,کی گئی سرگرمیاں
YOUTHNET_PROFILE,,PROFILE_DETAILS,Profile Details,प्रोफाइल तपशील,प्रोफाइल विवरण,ପ୍ରୋଫାଇଲ୍ ବିବରଣୀ,ప్రొఫైల్ వివరాలు,ಪ್ರೊಫೈಲ್ ವಿವರಗಳು,"சுயவிவர தகவல்கள்
",પ્રોફાઇલ વિગતો,پروفائل کی تفصیلات
YOUTHNET_PROFILE,,FULL_NAME,Full Name,पूर्ण नाव,पूरा नाम,ପୂର୍ଣ୍ଣ ନାମ,పూర్తి పేరు,ಪೂರ್ಣ ಹೆಸರು,முழுப் பெயர்,પૂરું નામ,مکمل نام
YOUTHNET_PROFILE,,EMAIL_ID,Email ID,ईमेल आयडी,ईमेल आईडी,ଇମେଲ୍ ଆଇଡି,ఈమెయిల్ ఐడీ,ಇಮೇಲ್ ಐಡಿ,மின்னஞ்சல் ஐடி,ઈમેઇલ ID,ای میل آئی ڈی
YOUTHNET_PROFILE,,STATE_DISTRICT_BLOCK,State / District / Block,राज्य / जिल्हा / तालुका,राज्य / जिला / ब्लॉक,ରାଜ୍ୟ / ଜିଲ୍ଲା / ବ୍ଲକ୍,రాష్ట్రం / జిల్లా / బ్లాక్,ರಾಜ್ಯ / ಜಿಲ್ಲೆ / ಬ್ಲಾಕ್,மாநிலம் / மாவட்டம் / வட்டம்,રાજ્ય / જિલ્લા / બ્લોક,ریاست / ضلع / بلاک
YOUTHNET_PROFILE,,DESIGNATION,Designation,पदनाम,पदनाम,ପଦବୀ,హోదా,ಹುದ್ದೆ,பதவி,હોદ્દો,عہدہ
YOUTHNET_PROFILE,,JOINED_ON,Joined On,सामील झाले,शामिल होने की तिथि,ଯୋଗଦାନ କରିଥିବା ତାରିଖ,చేరిన తేదీ,ಸೇರಿದ  ದಿನಾಂಕ,சேர்ந்த தேதி,જોડાયા તારીખે,شمولیت کی تاریخ
YOUTHNET_PROFILE,,PHONE_NUMBER,Phone Number,फोन नंबर,फोन नंबर,ଫୋନ୍ ନମ୍ବର,ఫోన్ నంబర్,ದೂರವಾಣಿ ಸಂಖ್ಯೆ,தொலைபேசி எண்,ફોન નંબર,فون نمبر
YOUTHNET_PROFILE,,MENTOR_ID,Mentor ID,मेंटॉर आयडी,मेंटोर आईडी,ମେଣ୍ଟର୍ ID,మెంటర్ ఐడీ,ಮೆಂಟರ್ ಐಡಿ,"மெண்டார்
ஐடி",મેંટર ID,مینٹور آئی ڈی
YOUTHNET_PROFILE,,GENDER,Gender,लिंग,लिंग,ଲିଙ୍ଗ,లింగం,ಲಿಂಗ,பாலினம்,લિંગ,صنف
YOUTHNET_PROFILE,,AGE,Age,वय,आयु,ବୟସ,వయస్సు,ವಯಸ್ಸು,வயது,ઉમર,عمر
YOUTHNET,,SURVEY,Survey,सर्वेक्षण,सर्वे,ସର୍ବେକ୍ଷଣ,సర్వే,ಸಮೀಕ್ಷೆ,சர்வே,સર્વેક્ષણ,سروے
YOUTHNET,,DASHBOARD,Dashboard,डॅशबोर्ड,डैशबोर्ड,ଡ୍ୟାସ୍‌ବୋର୍ଡ,డాష్‌బోర్డ్,ಡ್ಯಾಶ್‌ಬೋರ್ಡ್,டாஷ்போர்ட்,ડેશબોર્ડ,ڈیش بورڈ
VOLUNTEERLIST,,ENTRIES,Entries,नोंदी,प्रविष्टियाँ,ଦାଖଲ କରନ୍ତୁ,ఎంట్రీలు,ನಮೂನೆಗಳು,பதிவுகள்,એન્ટ્રીઓ,اندراجات
VOLUNTEERLIST,,VOLUNTEERS_ASSIGNED,Volunteers Assigned,स्वयंसेवक नेमलेले,स्वयंसेवक सौंपे गए हैं,ନିୟୋଜିତ ସ୍ୱେଚ୍ଛାସେବକ,కేటాయించిన వాలంటీర్లు,ನಿಯೋಜಿತ ಸ್ವಯಂಸೇವಕರು,ஒதுக்கப்பட்ட தன்னார்வலர்கள்,અસાઇન થયેલ સ્વયંસેવકો,مقررہ رضاکار
YOUTHNET_DASHlBOARD,,MANAGES,Manages,व्यवस्थापन करतो/करते,प्रबंधित करता है,ପରିଚାଳନା କରୁଛନ୍ତି,నిర్వహిస్తుంది,ನಿರ್ವಹಿಸುತ್ತಾರೆ,நிர்வகிக்கிறது,સંચાલન કરે છે,انتظام کرتا ہے
YOUTHNET_DASHlBOARD,,ABOVE_18,Above 18,१८ वर्षांवरील,18 वर्ष से ऊपर,୧୮ ବର୍ଷ ଉପରେ,18 ఏళ్లు పైబడిన,18 ಕ್ಕಿಂತ ಮೇಲ್ಪಟ್ಟವರು,18 வயதுக்கு மேல்,ઉંમર 18 થી ઉપર,18 سال سے زیادہ
YOUTHNET_DASHlBOARD,,BELOW_18,Below 18,१८ वर्षांखालील,18 वर्ष से नीचे,୧୮ ବର୍ଷ ତଳେ,18 ఏళ్ల లోపు,18 ಕ್ಕಿಂತ ಕಡಿಮೆ ವಯಸ್ಸಿನವರು,18 வயதுக்கு கீழ்,ઉંમર 18 થી નીચે,18 سال سے کم
YOUTHNET_DASHlBOARD,,VLLAGE_18,Village (18+),गाव (१८+),गांव (18+),ଗାଁ (୧୮+ ବୟସ),గ్రామం (18+),ಗ್ರಾಮ (18+),கிராமம் (18+),ગામ (18+),گاؤں (18+)
,,WHAT_IS_YOUR_PRIMARY_WORK,What is Your Primary Work?,आपले मुख्य कार्य काय आहे?,आपका मुख्य कार्य क्या है?,ଆପଣଙ୍କର ପ୍ରଧାନ କାମ କ'ଣ?,మీ ప్రాథమిక పని ఏమిటి?,ನಿಮ್ಮ ಪ್ರಾಥಮಿಕ ಕೆಲಸವೇನು?,உங்கள் முதன்மை வேலை என்ன?,તમારું મુખ્ય કાર્ય શું છે?,آپ کا بنیادی کام کیا ہے؟
,,STATE,State,राज्य,राज्य,ରାଜ୍ୟ,రాష్ట్రం,ರಾಜ್ಯ,மாநிலம்,રાજ્ય,ریاست
,,DISTRICT,District,जिल्हा,जिला,ଜିଲ୍ଲା,జిల్లా,ಜಿಲ್ಲೆ,மாவட்டம்,જિલ્લો,ضلع
,,BLOCK,Block,तालुका,ब्लॉक,ବ୍ଲକ୍,బ్లాక్ (లేదా మండలం సందర్భాన్ని బట్టి),ತಾಲೂಕು,வட்டம்,બ્લોક,بلاک
,,CENTER,Center,केंद्र,केंद्र,କେନ୍ଦ୍ର,కేంద్రం,ಕೇಂದ್ರ,சென்டர்,સેન્ટર,سینٹر
,,BOARD,Board,बोर्ड,बोर्ड,ବୋର୍ଡ,బోర్డు,ಬೋರ್ಡ್,எக்ஸாம் போர்டு,બોર્ડ,بورڈ
,,MEDIUM,Medium,माध्यम,माध्यम,ମାଧ୍ୟମ,మీడియం (లేదా మాధ్యమం),ಮಾಧ್ಯಮ,மீடியம்,માધ્યમ,میڈیم
,,GRADE,Grade,इयत्ता,कक्षा,ଶ୍ରେଣୀ,గ్రేడ్ (లేదా తరగతి),ತರಗತಿ,வகுப்பு,ધોરણ,کلاس / گریڈ
BATCH,,NEW_BATCH,New Batch,नवीन बॅच,नया बैच,ନୂତନ ବ୍ୟାଚ୍,కొత్త బ్యాచ్,ಹೊಸ ಬ್ಯಾಚ್,புதிய குழு,નવો બેચ,نیا بیچ
BATCH,,UPDATE_BATCH,Update Batch,बॅच अपडेट करा,बैच अपडेट करें,ବ୍ୟାଚ୍‌ ଅପଡେଟ  କରନ୍ତୁ,బ్యాచ్‌ను నవీకరించండి,ಬ್ಯಾಚ್ ನವೀಕರಿಸಿ,குழுவைப் புதுப்பிக்கவும்,બેચ અપડેટ કરો,بیچ اپڈیٹ کریں
BATCH,,SURE_DELETE_BATCH,Are you sure you want to delete,तुम्हाला खात्री आहे की तुम्हाला बॅच हटवायचा आहे का?,क्या आप वाकई इस बैच को हटाना चाहते हैं?,ଆପଣ ନିଶ୍ଚିତ କି ବ୍ୟାଚ୍ ବିଲୋପ କରିବାକୁ ଚାହାଁନ୍ତି?,మీరు తొలగించాలనుకుంటున్నారని మీకు ఖచ్చితంగా తెలుసా?,ನೀವು ಖಚಿತವಾಗಿ ಅಳಿಸಬೇಕೆಂದು ಬಯಸುತ್ತೀರಾ?,நீங்கள் குழுவை நீக்க விரும்புகிறீர்களா?,શું તમે ખરેખર બેચ ડિલીટ કરવા માંગો છો?,کیا آپ واقعی بیچ کو حذف کرنا چاہتے ہیں؟
BATCH,,BATCH_UPDATE_SUCCESSFULLY,Batch has been successfully updated,बॅच यशस्वीरित्या अपडेट झाली आहे,बैच को सफलतापूर्वक अपडेट किया गया है,ବ୍ୟାଚ୍ ସଫଳତାର ସହିତ ଅପଡେଟ  ହେଲା,బ్యాచ్ విజయవంతంగా నవీకరించబడింది,ಬ್ಯಾಚ್ ಯಶಸ್ವಿಯಾಗಿ ನವೀಕರಿಸಲಾಗಿದೆ,குழு வெற்றிகரமாக புதுப்பிக்கப்பட்டது,બેચ સફળતાપૂર્વક અપડેટ થયો છે,بیچ کامیابی سے اپڈیٹ ہو گیا
BATCH,,BATCH_DELETE_SUCCESSFULLY,Batch has been successfully deleted,बॅच यशस्वीरित्या हटवला गेला आहे,बैच को सफलतापूर्वक हटा दिया गया है,ବ୍ୟାଚ୍ ସଫଳତାର ସହିତ ବିଲୋପ ହେଲା,బ్యాచ్ విజయవంతంగా తొలగించబడింది,ಬ್ಯಾಚ್ ಯಶಸ್ವಿಯಾಗಿ ಅಳಿಸಲಾಗಿದೆ,குழு வெற்றிகரமாக நீக்கப்பட்டது,બેચ સફળતાપૂર્વક ડિલીટ થયો છે,بیچ کامیابی سے حذف ہو گیا
BATCH,,BATCH_CREATED_SUCCESSFULLY,Batch Created successfully,बॅच यशस्वीरित्या तयार झाली आहे,बैच सफलतापूर्वक बनाया गया है,ବ୍ୟାଚ୍ ସଫଳତାର ସହିତ ସୃଷ୍ଟି ହେଲା,బ్యాచ్ విజయవంతంగా సృష్టించబడింది,ಬ್ಯಾಚ್ ಯಶಸ್ವಿಯಾಗಿ ರಚಿಸಲಾಗಿದೆ,குழு வெற்றிகரமாக உருவாக்கப்பட்டது,બેચ સફળતાપૂર્વક બનાવાઇ  છે,بیچ کامیابی سے بنایا گیا
BATCH,,BATCH_UPDATE_FAILED,Something went wrong while updating batch,बॅच अपडेट करताना काहीतरी चुकले,बैच को अपडेट करते समय कुछ गलत हो गया,ବ୍ୟାଚ୍ ଅପଡେଟ  ସମୟରେ ତ୍ରୁଟି ଘଟିଲା,బ్యాచ్‌ను నవీకరించేటప్పుడు ఏదో తప్పు జరిగింది,ಬ್ಯಾಚ್ ನವೀಕರಿಸುವಲ್ಲಿ ಏನೋ ತಪ್ಪಾಗಿದೆ,குழுவைப் புதுப்பிக்கும் போது ஏதோ தவறு ஏற்பட்டது,બેચ અપડેટ કરતી વખતે કંઈક ખોટું થયું છે,بیچ اپڈیٹ کرتے وقت کچھ غلط ہو گیا
BATCH,,YOU_CANT_DELETE_BATCH_HAS_ACTIVE_LEARNERS,You can't delete the batch because it has {{activeMembers}} Active Learners,तुम्ही हा बॅच हटवू शकत नाही कारण त्यात {{activeMembers}} सक्रिय शिकणारे आहेत,आप बैच को नहीं हटा सकते क्योंकि इसमें {{activeMembers}} सक्रिय लर्नर्स हैं,ଏହି ବ୍ୟାଚ୍‌କୁ ଡିଲିଟ୍ କରିପାରିବେ ନାହିଁ କାରଣ ଏଥିରେ {{activeMembers}} ସକ୍ରିୟ ଶିକ୍ଷାର୍ଥୀ ଅଛନ୍ତି।,బ్యాచ్‌లో {{activeMembers}} క్రియాశీల అభ్యాసకులు ఉన్నందున మీరు దానిని తొలగించలేరు,{{activeMembers}} ಸಕ್ರಿಯ ವಿದ್ಯಾರ್ಥಿಗಳಿದ್ದಾರೆ ಆದ್ದರಿಂದ ಬ್ಯಾಚ್ ಅನ್ನು ಅಳಿಸಲು ಸಾಧ್ಯವಿಲ್ಲ,இந்த குழுவில் {{activeMembers}}ஆக்டிவ் மாணவர்கள் உள்ளதால் குழுவை நீக்க முடியாது,તમે બેચ ડિલીટ કરી શકતા નથી કારણ કે તેમાં {{activeMembers}} સક્રિય લર્નર્સ છે,آپ اس بیچ کو حذف نہیں کر سکتے کیونکہ اس میں {{activeMembers}} فعال لرنرز ہیں
BATCH,,NO_BATCH_FOUND,No Batch Found,कोणतीही बॅच सापडला नाही,कोई बैच नहीं मिला,କୌଣସି ବ୍ୟାଚ୍ ମିଳିଲା ନାହିଁ,బ్యాచ్ కనుగొనబడలేదు,ಯಾವುದೇ ಬ್ಯಾಚ್ ಕಂಡುಬಂದಿಲ್ಲ,எந்த குழுவும் கிடைக்கவில்லை,કોઈ બેચ મળતી નથી,کوئی بیچ نہیں ملا
COMMON,,NEXT,Next,पुढे,अगला,ପରବର୍ତ୍ତୀ,తరువాతి,ಮುಂದೆ,அடுத்து,આગળ,اگلا
PROFILE,,MOCK_TEST,Mock Test,मॉक टेस्ट,मॉक टेस्ट,ନକଲି ପରୀକ୍ଷା,మాక్ టెస్ట్,ಅಣಕು ಪರೀಕ್ಷೆ,மாதிரித் தேர்வு,મોક ટેસ્ટ,موکک ٹیسٹ
PROFILE,,UNIT_TEST,Unit Test,युनिट टेस्ट,इकाई परीक्षण,ୟୁନିଟ୍ ପରୀକ୍ଷା,యూనిట్ టెస్ట్,ಘಟಕ ಪರೀಕ್ಷೆ,அலகு சோதனை,યુનિટ ટેસ્ટ,یونٹ ٹیسٹ
CENTER_SESSION,,DURING_COURSE,Learn,शिका,सीखना,ଶିଖନ୍ତୁ,తెలుసుకోండి,ಕಲಿ,அறிய,શીખો,سیکھیں۔
FORM,,PARENT_GUARDIAN_PHONE_NO,Parent/Guardian Phone Number,पालक/पालकांचा फोन नंबर,अभिभावक/संरक्षक का फ़ोन नंबर,ପିତାମାତା/ଅଭିଭାବକଙ୍କ ଫୋନ୍ ନମ୍ବର,తల్లిదండ్రులు/సంరక్షకుల ఫోన్ నంబర్,ಪೋಷಕರು/ಪೋಷಕರ ಫೋನ್ ಸಂಖ್ಯೆ,பெற்றோர்/பாதுகாவலர் தொலைபேசி எண்,માતાપિતા/વાલીઓનો ફોન નંબર,پرنٹ/گارڈین فون نمبر
FORM,,TYPE_OF_PHONE_ACCESSIBLE,Type of Phone Accessible,उपलब्ध असलेल्या फोनचा प्रकार,उपलब्ध फ़ोन का प्रकार,ଆକ୍ସେସ୍ ଯୋଗ୍ୟ ଫୋନର ପ୍ରକାର,యాక్సెస్ చేయగల ఫోన్ రకం,ಪ್ರವೇಶಿಸಬಹುದಾದ ಫೋನ್ ಪ್ರಕಾರ,அணுகக்கூடிய தொலைபேசி வகை,સુલભ ફોનનો પ્રકાર,دستیاب فون کی قسم
FORM,,VILLAGE,Village,गाव,गाँव,ଗ୍ରାମ,గ్రామం,ಗ್ರಾಮ,கிராமம்,ગામ,گاؤں
FORM,,BLOCK,Block,ब्लॉक करा,अवरोध पैदा करना,ଅବରୋଧ କରନ୍ତୁ,బ్లాక్,ನಿರ್ಬಂಧಿಸಿ,தடு,બ્લોક કરો,منڈل
FORM,,DISTRICT,District,जिल्हा,ज़िला,ଜିଲ୍ଲା,జిల్లా,ಜಿಲ್ಲೆ,மாவட்டம்,જિલ્લો,ضلع
FORM,,STATE,State,राज्य,राज्य,ରାଜ୍ୟ,రాష్ట్రం,ರಾಜ್ಯ,நிலை,રાજ્ય,ریاست
FORM,,FAMILY_MEMBER_DETAILS,Family member Details,कुटुंबातील सदस्यांची माहिती,परिवार के सदस्य का विवरण,ପରିବାର ସଦସ୍ୟଙ୍କ ବିବରଣୀ,కుటుంబ సభ్యుల వివరాలు,ಕುಟುಂಬ ಸದಸ್ಯರ ವಿವರಗಳು,குடும்ப உறுப்பினர் விவரங்கள்,પરિવારના સભ્યની વિગતો,خاندانی افراد کی تفصیلات
FORM,,SPOUSE_NAME,Spouse Name,जोडीदाराचे नाव,पति/पत्नी का नाम,ଜୀବନସାଥୀଙ୍କ ନାମ,జీవిత భాగస్వామి పేరు,ಸಂಗಾತಿಯ ಹೆಸರು,வாழ்க்கைத் துணைவர் பெயர்,જીવનસાથીનું નામ,شریکِ حیات نام
FORM,,UNEMPLOYED_HOUSEWIFE_DOMESTIC_WORK,Unemployed/Housewife/Domestic Work,बेरोजगार/गृहिणी/घरगुती काम,बेरोजगार/गृहिणी/घरेलू कामगार,ବେକାର/ଗୃହିଣୀ/ଘରୋଇ କାମ,నిరుద్యోగి/గృహిణి/ఇంటి పని,ನಿರುದ್ಯೋಗಿ/ಗೃಹಿಣಿ/ಮನೆಕೆಲಸ,வேலையில்லாதவர்/வீட்டுப் பெண்/வீட்டு வேலை செய்பவர்,બેરોજગાર/ગૃહિણી/ઘરકામ,بے روزگار / گھریلو خاتون / گھریلو کام کاج
FORM,,SELF_EMPLOYMENT_OWN_BUSINESS_SHOP,"Self Employment, Own Business or Shop","स्वयंरोजगार, स्वतःचा व्यवसाय किंवा दुकान","स्वरोजगार, अपना व्यवसाय या दुकान","ଆତ୍ମନିଯୁକ୍ତି, ନିଜସ୍ୱ ବ୍ୟବସାୟ କିମ୍ବା ଦୋକାନ","స్వయం ఉపాధి, సొంత వ్యాపారం లేదా దుకాణం","ಸ್ವಯಂ ಉದ್ಯೋಗ, ಸ್ವಂತ ವ್ಯವಹಾರ ಅಥವಾ ಅಂಗಡಿ","சுயதொழில், சொந்த தொழில் அல்லது கடை","સ્વરોજગાર, પોતાનો વ્યવસાય અથવા દુકાન",خود روزگار، اپنا کاروبار یا دکان
FORM,,NOPHONE,No Phone,फोन नाही,फोन नहीं,ଫୋନ୍ ନାହିଁ,ఫోన్ లేదు,ಫೋನ್ ಇಲ್ಲ,தொலைபேசி இல்லை,ફોન નથી,کوئی فون نہیں۔
FORM,,FATHER,Father,वडील,पिता,ପିତା,తండ్రి,ತಂದೆ,அப்பா,પિતા,والد
FORM,,MOTHER,Mother,आई,माँ,ମାତା,తల్లి,ತಾಯಿ,அம்மா,માતા,والدہ
FORM,,SPOUSE,Spouse,जोडीदार,जीवनसाथी,ଜୀବନସାଥୀ,జీవిత భాగస్వామి,ಸಂಗಾತಿ,மனைவி,જીવનસાથી,شریکِ حیات
FORM,,GRADE_1,Grade 1,ग्रेड १,ग्रेड 1,ଗ୍ରେଡ୍ 1,గ్రేడ్ 1,ಗ್ರೇಡ್ 1,தரம் 1,ગ્રેડ ૧,گریڈ 1
FORM,,GRADE_2,Grade 2,ग्रेड २,ग्रेड 2,ଗ୍ରେଡ୍ 2,గ్రేడ్ 2,ಗ್ರೇಡ್ 2,தரம் 2,ગ્રેડ 2,گریڈ 2
FORM,,GRADE_3,Grade 3,ग्रेड ३,ग्रेड 3,ଗ୍ରେଡ୍ 3,గ్రేడ్ 3,ಗ್ರೇಡ್ 3,தரம் 3,ગ્રેડ 3,گریڈ 3
FORM,,GRADE_4,Grade 4,इयत्ता ४,कक्षा 4,ଗ୍ରେଡ୍ ୪,గ్రేడ్ 4,ಗ್ರೇಡ್ 4,தரம் 4,ગ્રેડ ૪,گریڈ 4
FORM,,GRADE_5,Grade 5,इयत्ता ५,कक्षा 5,ଗ୍ରେଡ୍ ୫ମ,గ్రేడ్ 5,ಗ್ರೇಡ್ 5,தரம் 5,ગ્રેડ 5,گریڈ 5
FORM,,GRADE_6,Grade 6,इयत्ता ६,वर्ग 6,ଗ୍ରେଡ୍ ଷଷ୍ଠ,గ్రేడ్ 6,ಗ್ರೇಡ್ 6,தரம் 6,ગ્રેડ 6,گریڈ 6
FORM,,GRADE_7,Grade 7,इयत्ता ७ वी,कक्षा 7,ଗ୍ରେଡ୍ ୭,గ్రేడ్ 7,ಗ್ರೇಡ್ 7,தரம் 7,ગ્રેડ ૭,گریڈ 7
FORM,,GRADE_8,Grade 8,इयत्ता ८ वी,कक्षा 8,ଗ୍ରେଡ୍ ୮,గ్రేడ్ 8,ಗ್ರೇಡ್ 8,தரம் 8,ગ્રેડ ૮,گریڈ 8
FORM,,GRADE_9,Grade 9,इयत्ता ९ वी,कक्षा 9,ଗ୍ରେଡ୍ 9,గ్రేడ్ 9,ಗ್ರೇಡ್ 9,தரம் 9,ધોરણ ૯,گریڈ 9
FORM,,GRADE_10,Grade 10,इयत्ता १० वी,कक्षा 10,ଗ୍ରେଡ୍ ଦଶମ,గ్రేడ్ 10,ಗ್ರೇಡ್ 10,தரம் 10,ધોરણ ૧૦,ریاضیات
FORM,,GRADE_11,Grade 11,इयत्ता ११ वी,कक्षा 11,ଗ୍ରେଡ୍ 11,గ్రేడ్ 11,ಗ್ರೇಡ್ 11,தரம் 11,ધોરણ ૧૧,گریڈ 11
FORM,,GRADE_12,Grade 12,इयत्ता १२ वी,कक्षा 12,ଗ୍ରେଡ୍ ଦ୍ୱାଦଶ,గ్రేడ్ 12,ಗ್ರೇಡ್ 12,தரம் 12,ધોરણ ૧૨,گریڈ 12
ASSESSMENTS,,ASSESSMENTS_FOUND,{{count}} assessment found,{{count}} मूल्यांकन आढळले,{{count}} मूल्यांकन में पाया गया,{{count}} ମୂଲ୍ୟାଙ୍କନ ମିଳିଲା,{{count}} అంచనా కనుగొనబడింది,{{count}} ಮೌಲ್ಯಮಾಪನ ಕಂಡುಬಂದಿದೆ,{{count}} மதிப்பீடு கண்டறியப்பட்டது,{{count}} મૂલ્યાંકન મળ્યું,{{count}}  جائزہ ملا ہے
ASSESSMENTS,,AI_ASSESSMENT,AI Assessment,एआय मूल्यांकन,एआई मूल्यांकन,AI ମୂଲ୍ୟାଙ୍କନ,AI అసెస్‌మెంట్,AI ಮೌಲ್ಯಮಾಪನ,AI மதிப்பீடு,એઆઈ આકારણી,AI اسسمنٹ
ASSESSMENTS,,ASSESSMENT_LIST,Assessment List,मूल्यांकन यादी,मूल्यांकन सूची,ମୂଲ୍ୟାଙ୍କନ ତାଲିକା,అసెస్‌మెంట్ జాబితా,ಮೌಲ್ಯಮಾಪನ ಪಟ್ಟಿ,மதிப்பீட்டுப் பட்டியல்,મૂલ્યાંકન યાદી,اسسمنٹ کی فہرست
ASSESSMENTS,,AI_ASSESSMENT_LIST,AI Assessment List,एआय मूल्यांकन यादी,एआई मूल्यांकन सूची,AI ମୂଲ୍ୟାଙ୍କନ ତାଲିକା,AI అసెస్‌మెంట్ జాబితా,AI ಮೌಲ್ಯಮಾಪನ ಪಟ್ಟಿ,AI மதிப்பீட்டுப் பட்டியல்,AI મૂલ્યાંકન યાદી, AIاسسمنٹ کی فہرست
ASSESSMENTS,,ASSESSMENT_DETAILS,Assessment Details,मूल्यांकन तपशील,मूल्यांकन विवरण,ମୂଲ୍ୟାଙ୍କନ ବିବରଣୀ,అసెస్‌మెంట్ వివరాలు,ಮೌಲ್ಯಮಾಪನ ವಿವರಗಳು,மதிப்பீட்டு விவரங்கள்,આકારણી વિગતો,اسیمنٹ کی تفصیلات
ASSESSMENTS,,MID_TERM_EXAM,Mid Term Exam,मध्यावधी परीक्षा,अर्धवार्षिक परीक्षायें,ମଧ୍ୟମା ପରୀକ୍ଷା,మిడ్ టర్మ్ పరీక్ష,ಮಧ್ಯಂತರ ಪರೀಕ್ಷೆ,இடைநிலைப் தேர்வு,મધ્યવર્તી પરીક્ષા,مڈ ٹرم امتحان
ASSESSMENTS,,MATHEMATICS_ASSESSMENT,Mathematics Assessment - Algebra & Geometry,गणित मूल्यांकन - बीजगणित आणि भूमिती,गणित मूल्यांकन - बीजगणित और ज्यामिति,ଗଣିତ ମୂଲ୍ୟାଙ୍କନ - ବୀଜଗଣିତ ଏବଂ ଜ୍ୟାମିତି,గణిత మూల్యాంకనం - బీజగణితం & జ్యామితి,ಗಣಿತದ ಮೌಲ್ಯಮಾಪನ - ಬೀಜಗಣಿತ ಮತ್ತು ರೇಖಾಗಣಿತ,கணித மதிப்பீடு - இயற்கணிதம் & வடிவியல்,ગણિત મૂલ્યાંકન - બીજગણિત અને ભૂમિતિ,ریاضی کا جائزہ – الجبرا اور جیومیٹری
ASSESSMENTS,,SEARCH_LEARNER,Search Learner..,शिकणारा शोधा..,शिक्षार्थी खोजें...,ଶିକ୍ଷାର୍ଥୀ ଖୋଜନ୍ତୁ..,శోధన అభ్యాసకుడు..,ಕಲಿಯುವವರನ್ನು ಹುಡುಕಿ..,தேடு கற்பவர்..,શીખનાર શોધો..,سیکھنے والے کو تلاش کریں
ASSESSMENTS,,QUESTIONS,Questions,प्रश्न,प्रश्न,ପ୍ରଶ୍ନଗୁଡ଼ିକ,ప్రశ్నలు,ಪ್ರಶ್ನೆಗಳು,கேள்விகள்,પ્રશ્નો,سوالات
ASSESSMENTS,,MINUTES,minutes,मिनिटे,मिनट,ମିନିଟ୍,నిమిషాలు,ನಿಮಿಷಗಳು,நிமிடங்கள்,મિનિટ,منٹس
ASSESSMENTS,,MINS,mins,मिनिटे,मिनट,ମିନିଟ୍,నిమిషాలు,ನಿಮಿಷಗಳು,நிமிடங்கள்,મિનિટ,منٹس
ASSESSMENTS,,MATHEMATICS,Mathematics,गणित,अंक शास्त्र,ଗଣିତ,గణితం,ಗಣಿತ,கணிதம்,ગણિત,10 ویں جماعت
ASSESSMENTS,,GRADE_10,10th Grade,दहावी इयत्ता,10 वीं कक्षा,ଦଶମ ଶ୍ରେଣୀ,10వ తరగతి,10 ನೇ ತರಗತಿ,10 ஆம் வகுப்பு,૧૦મું ધોરણ,ریاضیات
ASSESSMENTS,,OFFLINE_ASSESSMENT,Offline Assessment,ऑफलाइन मूल्यांकन,ऑफ़लाइन मूल्यांकन,ଅଫ୍‌ଲାଇନ୍ ମୂଲ୍ୟାଙ୍କନ,ఆఫ్‌లైన్ అసెస్‌మెంట్,ಆಫ್‌ಲೈನ್ ಮೌಲ್ಯಮಾಪನ,ஆஃப்லைன் மதிப்பீடு,ઑફલાઇન મૂલ્યાંકન,آف لائن  اسسمنٹ
ASSESSMENTS,,DOWNLOAD_ASSESSMENT_MESSAGE,This assessment contains Long/Short Answer questions. Would you like to download the offline question paper?,या मूल्यांकनात दीर्घ/लघु उत्तरांचे प्रश्न आहेत. तुम्हाला ऑफलाइन प्रश्नपत्रिका डाउनलोड करायची आहे का?,इस मूल्यांकन में लंबे/छोटे उत्तर वाले प्रश्न हैं। क्या आप ऑफ़लाइन प्रश्न पत्र डाउनलोड करना चाहेंगे?,ଏହି ମୂଲ୍ୟାଙ୍କନରେ ଲମ୍ବା/ସଂକ୍ଷିପ୍ତ ଉତ୍ତର ପ୍ରଶ୍ନ ଅଛି। ଆପଣ କ’ଣ ଅଫଲାଇନ୍ ପ୍ରଶ୍ନପତ୍ର ଡାଉନଲୋଡ୍ କରିବାକୁ ଚାହାଁନ୍ତି?,ఈ మూల్యాంకనంలో దీర్ఘ/సంక్షిప్త సమాధాన ప్రశ్నలు ఉంటాయి. మీరు ఆఫ్‌లైన్ ప్రశ్నపత్రాన్ని డౌన్‌లోడ్ చేసుకోవాలనుకుంటున్నారా?,ಈ ಮೌಲ್ಯಮಾಪನವು ದೀರ್ಘ/ಸಣ್ಣ ಉತ್ತರ ಪ್ರಶ್ನೆಗಳನ್ನು ಒಳಗೊಂಡಿದೆ. ನೀವು ಆಫ್‌ಲೈನ್ ಪ್ರಶ್ನೆ ಪತ್ರಿಕೆಯನ್ನು ಡೌನ್‌ಲೋಡ್ ಮಾಡಲು ಬಯಸುವಿರಾ?,இந்த மதிப்பீட்டில் நீண்ட/குறுகிய பதில் கேள்விகள் உள்ளன. ஆஃப்லைன் வினாத்தாளை பதிவிறக்கம் செய்ய விரும்புகிறீர்களா?,આ મૂલ્યાંકનમાં લાંબા/ટૂંકા જવાબના પ્રશ્નો છે. શું તમે ઑફલાઇન પ્રશ્નપત્ર ડાઉનલોડ કરવા માંગો છો?,اس جائزے میں طویل/مختصر جوابی سوالات شامل ہیں۔ کیا آپ آف لائن سوالیہ پرچہ ڈاؤن لوڈ کرنا چاہیں گے؟
ASSESSMENTS,,DOWNLOAD,Download,डाउनलोड करा,डाउनलोड करना,ଡାଉନଲୋଡ୍ କରନ୍ତୁ,డౌన్¬లోడ్ చేయండి,ಡೌನ್‌ಲೋಡ್ ಮಾಡಿ,பதிவிறக்கவும்,ડાઉનલોડ કરો,ڈاؤن لوڈ کریں۔
ASSESSMENTS,,DOWNLOAD_SUCCESS,Question paper downloaded successfully,प्रश्नपत्रिका यशस्वीरित्या डाउनलोड केली.,प्रश्न पत्र सफलतापूर्वक डाउनलोड हो गया।,ପ୍ରଶ୍ନପତ୍ର ସଫଳତାର ସହ ଡାଉନଲୋଡ୍ ହୋଇଛି,ప్రశ్నపత్రం విజయవంతంగా డౌన్‌లోడ్ చేయబడింది.,ಪ್ರಶ್ನೆ ಪತ್ರಿಕೆಯನ್ನು ಯಶಸ್ವಿಯಾಗಿ ಡೌನ್‌ಲೋಡ್ ಮಾಡಲಾಗಿದೆ.,வினாத்தாள் வெற்றிகரமாக பதிவிறக்கம் செய்யப்பட்டது.,પ્રશ્નપત્ર સફળતાપૂર્વક ડાઉનલોડ થયું,سوالیہ پرچہ کامیابی کے ساتھ ڈاؤن لوڈ ہو گیا ہے
ASSESSMENTS,,CANCEL,Cancel,रद्द करा,रद्द करना,ବାତିଲ କରନ୍ତୁ,రద్దు చేయి,ರದ್ದುಮಾಡಿ,ரத்துசெய்,રદ કરો,منسوخ کریں۔
ASSESSMENTS,,MARKS_APPROVED_SCORE,Marks approved: {{score}}/{{maxScore}},मंजूर गुण: {{score}}/{{maxScore}},स्वीकृत अंक: {{score}}/{{maxScore}},ଅନୁମୋଦିତ ମାର୍କ: {{score}}/{{maxScore}},ఆమోదించబడిన మార్కులు: {{score}}/{{maxScore}},ಅನುಮೋದಿತ ಅಂಕಗಳು: {{score}}/{{maxScore}},அங்கீகரிக்கப்பட்ட மதிப்பெண்கள்: {{score}}/{{maxScore}},મંજૂર થયેલા ગુણ: {{score}}/{{maxScore}},منظور شدہ نشانات: {{score}}/{{maxScore}}
ASSESSMENTS,,UNDER_AI_EVALUATION,Under AI Evaluation,एआय मूल्यांकन अंतर्गत,एआई मूल्यांकन के तहत,AI ମୂଲ୍ୟାୟନ ଅଧୀନରେ,AI మూల్యాంకనం కింద,AI ಮೌಲ್ಯಮಾಪನದ ಅಡಿಯಲ್ಲಿ,AI மதிப்பீட்டின் கீழ்,AI મૂલ્યાંકન હેઠળ,AI کےتحت  جانچ
ASSESSMENTS,,AWAITING_YOUR_APPROVAL,Awaiting Your Approval,तुमच्या मंजुरीची वाट पाहत आहे,आपकी स्वीकृति की प्रतीक्षा है,ଆପଣଙ୍କ ଅନୁମୋଦନର ଅପେକ୍ଷାରେ,మీ ఆమోదం కోసం వేచి ఉంది,ನಿಮ್ಮ ಅನುಮೋದನೆಗಾಗಿ ಕಾಯಲಾಗುತ್ತಿದೆ,உங்கள் ஒப்புதலுக்காக காத்திருக்கிறது,તમારી મંજૂરીની રાહ જોઈ રહ્યા છીએ,آپ کی منظوری کے منتظر۔
ASSESSMENTS,,NOT_SUBMITTED,Not Submitted,सबमिट केलेले नाही,प्रस्तुत नही किया है,ଦାଖଲ କରାଯାଇନାହିଁ,సమర్పించబడలేదు,ಸಲ್ಲಿಸಲಾಗಿಲ್ಲ,சமர்ப்பிக்கப்படவில்லை,સબમિટ કરેલ નથી,جمع نہیں کیا گیا۔
ASSESSMENTS,,APPROVED_ON,Approved on: {{date}},मंजूरी: {{date}},दिनांक: {{date}},ଅନୁମୋଦନ ହୋଇଥିବା ତାରିଖ: {{date}},ఆమోదించబడిన తేదీ: {{date}},ಅನುಮೋದಿಸಲಾದ ದಿನಾಂಕ: {{date}},அங்கீகரிக்கப்பட்ட தேதி: {{date}},મંજૂર તારીખ: {{date}},منظور شدہ تاریخ: {{date}}
ASSESSMENTS,,UPLOADED_ON,Uploaded on: {{date}},अपलोड केले: {{date}},अपलोड तिथि: {{date}},ଅପଲୋଡ୍ କରାଯାଇଛି: {{date}},అప్‌లోడ్ చేసిన తేదీ: {{date}},ಅಪ್‌ಲೋಡ್ ಮಾಡಿದ ದಿನಾಂಕ: {{date}},பதிவேற்றப்பட்டது: {{date}},અપલોડ કર્યાની તારીખ: {{date}},اپ لوڈ کی تاریخ: {{date}}
ASSESSMENTS,,SORT_BY_STATUS,Sort by Status,स्थितीनुसार क्रमवारी लावा,स्थिति के अनुसार क्रमबद्ध करें,ସ୍ଥିତି ଅନୁସାରେ ସଜାନ୍ତୁ,స్థితి ఆధారంగా క్రమబద్ధీకరించు,ಸ್ಥಿತಿಯ ಪ್ರಕಾರ ವಿಂಗಡಿಸಿ,நிலைப்படி வரிசைப்படுத்து,સ્થિતિ દ્વારા સૉર્ટ કરો,سٹیٹس کے مطابق ترتیب
ASSESSMENTS,,LEARNERS_COUNT,{{count}} of {{total}} Learners,{{एकूण}} विद्यार्थ्यांपैकी {{गणना}},कुल शिक्षार्थियों की संख्या ({count}}),{{ମୋଟ}} ଶିକ୍ଷାର୍ଥୀଙ୍କ ମଧ୍ୟରୁ {{ଗଣନା}},{{మొత్తం}} మంది అభ్యాసకులలో {{count}},{{ಒಟ್ಟು}} ಕಲಿಯುವವರಲ್ಲಿ {{ಎಣಿಕೆ}},{{மொத்தம்}} கற்பவர்களில் {{எண்ணிக்கை}},{{કુલ}} શીખનારાઓમાંથી {{ગણતરી}},{{total}} میں سے {{count}} طلبہ
ASSESSMENTS,,NO_LEARNERS_FOUND,No learners found matching your search.,तुमच्या शोधाशी जुळणारे कोणतेही शिकणारे आढळले नाहीत.,आपकी खोज से मेल खाने वाले कोई शिक्षार्थी नहीं मिले।,ଆପଣଙ୍କ ସନ୍ଧାନ ସହିତ ମେଳ ଖାଉଥିବା କୌଣସି ଶିକ୍ଷାର୍ଥୀ ମିଳିଲେ ନାହିଁ।,మీ శోధనకు సరిపోయే అభ్యాసకులు ఎవరూ కనుగొనబడలేదు.,ನಿಮ್ಮ ಹುಡುಕಾಟಕ್ಕೆ ಹೊಂದಿಕೆಯಾಗುವ ಯಾವುದೇ ಕಲಿಯುವವರು ಕಂಡುಬಂದಿಲ್ಲ.,உங்கள் தேடலுடன் பொருந்தக்கூடிய கற்பவர்கள் யாரும் கிடைக்கவில்லை.,તમારી શોધ સાથે મેળ ખાતા કોઈ શીખનારા મળ્યા નથી., کوئی  سیکھنے والا نہیں ملا
ASSESSMENTS,,MANUAL_ASSESSMENT,Manual Assessment,मॅन्युअल मूल्यांकन,मैनुअल मूल्यांकन,ମାନୁଆଲ୍ ମୂଲ୍ୟାଙ୍କନ,మాన్యువల్ అసెస్‌మెంట్,ಹಸ್ತಚಾಲಿತ ಮೌಲ್ಯಮಾಪನ,கைமுறை மதிப்பீடு,મેન્યુઅલ મૂલ્યાંકન,منال_اسسمنٹ
ASSESSMENTS,,MANUAL_ASSESSMENT_LIST,Manual Assessment List,मॅन्युअल मूल्यांकन यादी,मैनुअल मूल्यांकन सूची,ମାନୁଆଲ୍ ମୂଲ୍ୟାଙ୍କନ ତାଲିକା,మాన్యువల్ అసెస్‌మెంట్ జాబితా,ಹಸ್ತಚಾಲಿತ ಮೌಲ್ಯಮಾಪನ ಪಟ್ಟಿ,கையேடு மதிப்பீட்டுப் பட்டியல்,મેન્યુઅલ મૂલ્યાંકન યાદી,منال_اسسمنٹ کی فہرست
ASSESSMENTS,,UNDER_EVALUATION,Under Evaluation,मूल्यांकनाधीन,मूल्यांकन के अधीन,ମୂଲ୍ୟାଙ୍କନ ଅଧୀନରେ ଅଛି,మూల్యాంకనంలో ఉంది,ಮೌಲ್ಯಮಾಪನ ಹಂತದಲ್ಲಿದೆ,மதிப்பீட்டில் உள்ளது,મૂલ્યાંકન હેઠળ,زیرِ جائزہ
ASSESSMENTS,,UPDATE_MARKS,Update Marks,अपडेट मार्क्स,अंक अपडेट करें,ଚିହ୍ନଗୁଡ଼ିକୁ ଅପଡେଟ୍ କରନ୍ତୁ,నవీకరణ మార్కులు,ನವೀಕರಣ ಗುರುತುಗಳು,புதுப்பிப்பு மதிப்பெண்கள்,અપડેટ માર્ક્સ,نمبرات کو اپ ڈیٹ کریں
ASSESSMENTS,,SUBMIT_MARKS,Submit Marks,गुण सबमिट करा,अंक जमा करें,ମାର୍କ ଦାଖଲ କରନ୍ତୁ,మార్కులు సమర్పించండి,ಅಂಕಗಳನ್ನು ಸಲ್ಲಿಸಿ,மதிப்பெண்களைச் சமர்ப்பிக்கவும்,ગુણ સબમિટ કરો,مبرات جمع کروائیں
ASSESSMENTS,,ASSESSMENTS_FOUND_PLURAL,{{count}} assessments found,{{count}} मूल्यांकने आढळली,{{count}} आकलन पाए गए,{{count}} ମୂଲ୍ୟାଙ୍କନ ମିଳିଲା,{{count}} అసెస్‌మెంట్‌లు కనుగొనబడ్డాయి,{{count}} ಮೌಲ್ಯಮಾಪನಗಳು ಕಂಡುಬಂದಿವೆ,{{count}} மதிப்பீடுகள் கிடைத்தன,{{count}} મૂલ્યાંકન મળ્યાં,{{count}} اسیسمنٹس  ملا
ASSESSMENTS,,NO_ASSESSMENT_TYPE_FOUND,No Assessment Type Found,मूल्यांकनाचा प्रकार आढळला नाही.,कोई मूल्यांकन प्रकार नहीं मिला,କୌଣସି ମୂଲ୍ୟାଙ୍କନ ପ୍ରକାର ମିଳିଲା ନାହିଁ,అసెస్‌మెంట్ రకం కనుగొనబడలేదు,ಯಾವುದೇ ಮೌಲ್ಯಮಾಪನ ಪ್ರಕಾರ ಕಂಡುಬಂದಿಲ್ಲ.,மதிப்பீட்டு வகை எதுவும் கிடைக்கவில்லை.,કોઈ આકારણી પ્રકાર મળ્યો નથી, اسسمنٹ  کی کوئی قسم نہیں ملی
ASSESSMENTS,,IMAGE_UPLOADED,Image Uploaded,प्रतिमा अपलोड केली,छवि अपलोड की गई,ପ୍ରତିଛବି ଅପଲୋଡ୍ କରାଯାଇଛି,చిత్రం అప్‌లోడ్ చేయబడింది,ಚಿತ್ರವನ್ನು ಅಪ್‌ಲೋಡ್ ಮಾಡಲಾಗಿದೆ,படம் பதிவேற்றப்பட்டது,છબી અપલોડ કરી,تصویر اپ لوڈ ہو گئی ہے
ASSESSMENTS,,VIEW,View,पहा,देखना,ଦର୍ଶନ,చూడండి,ವೀಕ್ಷಿಸಿ,காண்க,જુઓ,دیکھیں
ASSESSMENTS,,REUPLOAD,Reupload,पुन्हा अपलोड करा,पुन: अपलोड,ପୁଣି ଅପଲୋଡ୍ କରନ୍ତୁ,తిరిగి అప్‌లోడ్ చేయి,ಮರು ಅಪ್‌ಲೋಡ್ ಮಾಡಿ,மீண்டும் பதிவேற்று,ફરીથી અપલોડ કરો,دوبارہ اپ لوڈ کرنا
ASSESSMENTS,,FORMAT_JPG_SIZE_MB_UP_TO_IMAGES,"* Format: jpg, jpeg. Size: {{mb}} MB Up to {{count}} images","* स्वरूप: jpg, jpeg. आकार: {{mb}} MB {{count}} पर्यंत प्रतिमा","* फॉर्मेट: jpg, jpeg. साइज़: {{mb}} MB तक {{count}} इमेज","* ଫର୍ମାଟ୍: jpg, jpeg. ଆକାର: {{mb}} MB {{count}} ପ୍ରତିଛବି ପର୍ଯ୍ୟନ୍ତ","* ఫార్మాట్: jpg, jpeg. పరిమాణం: {{mb}} MB {{count}} చిత్రాల వరకు","* ಸ್ವರೂಪ: jpg, jpeg. ಗಾತ್ರ: {{mb}} MB {{count}} ಚಿತ್ರಗಳವರೆಗೆ","* வடிவம்: jpg, jpeg. அளவு: {{mb}} MB {{count}} படங்கள் வரை","* ફોર્મેટ: jpg, jpeg. કદ: {{mb}} MB {{count}} છબીઓ સુધી",* فارمیٹ: jpg، jpeg. سائز: {{mb}} MB تک {{count}} تصاویر
YOUTHNET_USERS_AND_VILLAGES,,PLEASE_GO_BACK_MSG,Please go back after selection to proceed further,निवडीनंतर पुढे जाण्यासाठी कृपया मागे जा.,चयन करने के बाद आगे बढ़ने के लिए कृपया वापस जाएं।,ଆଗକୁ ବଢ଼ିବା ପାଇଁ ଦୟାକରି ଚୟନ ପରେ ପଛକୁ ଫେରନ୍ତୁ।,దయచేసి ఎంపిక తర్వాత ముందుకు సాగడానికి తిరిగి వెళ్ళండి.,ಆಯ್ಕೆಯ ನಂತರ ಮುಂದುವರಿಯಲು ದಯವಿಟ್ಟು ಹಿಂತಿರುಗಿ.,தேர்வுக்குப் பிறகு மேலும் தொடர திரும்பிச் செல்லவும்.,આગળ વધવા માટે કૃપા કરીને પસંદગી પછી પાછા જાઓ.,آگے بڑھنے کے لیے پہلے انتخاب کریں اور پھر واپس جائیں
FACILITATORS,,MAP_USER_AS_FACILITATOR,Map User as Facilitator,फॅसिलिटेटर म्हणून नकाशा वापरकर्ता,मानचित्र उपयोगकर्ता एक सुविधाकर्ता के रूप में,ସହାୟତାକାରୀ ଭାବରେ ମାନଚିତ୍ର ବ୍ୟବହାରକାରୀ,మ్యాప్ యూజర్ ఫెసిలిటేటర్‌గా,ನಕ್ಷೆ ಬಳಕೆದಾರ ಫೆಸಿಲಿಟೇಟರ್ ಆಗಿ,"வரைபடப் பயனர், வசதியாளராக",સુવિધા આપનાર તરીકે નકશા વપરાશકર્તા,صارف کو بطور فیسلیٹیٹر مقرر کریں۔
FACILITATORS,,MAP_AS_FACILITATOR,Map as Facilitator,फॅसिलिटेटर म्हणून नकाशा,मानचित्र एक सुविधाकर्ता के रूप में,ସହାୟତାକାରୀ ଭାବରେ ମାନଚିତ୍ର,ఫెసిలిటేటర్‌గా మ్యాప్ చేయండి,ಫೆಸಿಲಿಟೇಟರ್ ಆಗಿ ನಕ್ಷೆ,வசதியாளராக வரைபடம்,સુવિધા આપનાર તરીકે નકશો,فیسلیٹیٹر کے طور پر مقرر کریں۔
MENTORS,,NEW_MENTOR,New Mentor,नवीन मार्गदर्शक,नया मेंटर,ନୂତନ ପରାମର୍ଶଦାତା,కొత్త గురువు,ಹೊಸ ಮಾರ್ಗದರ್ಶಕ,புதிய வழிகாட்டி,નવા માર્ગદર્શક,نیا مینٹور
MENTORS,,FIRST_SELECT_REQUIRED_FIELDS,First select required fields,प्रथम आवश्यक फील्ड निवडा,सबसे पहले आवश्यक फ़ील्ड चुनें,ପ୍ରଥମେ ଆବଶ୍ୟକୀୟ କ୍ଷେତ୍ରଗୁଡ଼ିକୁ ଚୟନ କରନ୍ତୁ,ముందుగా అవసరమైన ఫీల్డ్‌లను ఎంచుకోండి,ಮೊದಲು ಅಗತ್ಯವಿರುವ ಕ್ಷೇತ್ರಗಳನ್ನು ಆಯ್ಕೆಮಾಡಿ,முதலில் தேவையான புலங்களைத் தேர்ந்தெடுக்கவும்.,પહેલા જરૂરી ક્ષેત્રો પસંદ કરો,پہلے ضروری فیلڈز منتخب کریں۔
MENTORS,,MENTOR_CREATED_SUCCESSFULLY,Mentor has been successfully created!,मेंटर यशस्वीरित्या तयार झाला आहे!,मेंटर सफलतापूर्वक बनाया गया है!,ମେଣ୍ଟର ସଫଳତାର ସହ ସୃଷ୍ଟି ହୋଇଛି!,మెంటర్ విజయవంతంగా సృష్టించబడింది!,ಮಾರ್ಗದರ್ಶಕರನ್ನು ಯಶಸ್ವಿಯಾಗಿ ರಚಿಸಲಾಗಿದೆ!,வழிகாட்டி வெற்றிகரமாக உருவாக்கப்பட்டது!,માર્ગદર્શક સફળતાપૂર્વક બનાવવામાં આવ્યો છે!,مینٹور کامیابی سے بنا دیا گیا ہے
MENTORS,,USER_CREDENTIALS_WILL_BE_SEND_SOON,"Mentor is created, credentials will be sent soon","मेंटर तयार झाला आहे, लवकरच क्रेडेन्शियल्स पाठवले जातील.","मेंटर बना दिया गया है, क्रेडेंशियल जल्द ही भेज दिए जाएंगे।","ମେଣ୍ଟର ତିଆରି ହୋଇଛି, ଶୀଘ୍ର ପ୍ରମାଣପତ୍ର ପଠାଯିବ।","మెంటర్ సృష్టించబడింది, ఆధారాలు త్వరలో పంపబడతాయి.","ಮಾರ್ಗದರ್ಶಕರನ್ನು ರಚಿಸಲಾಗಿದೆ, ರುಜುವಾತುಗಳನ್ನು ಶೀಘ್ರದಲ್ಲೇ ಕಳುಹಿಸಲಾಗುತ್ತದೆ.","வழிகாட்டி உருவாக்கப்பட்டுவிட்டார், விரைவில் சான்றுகள் அனுப்பப்படும்.","માર્ગદર્શક બનાવવામાં આવ્યો છે, ઓળખપત્રો ટૂંક સમયમાં મોકલવામાં આવશે.",مینٹور بنا دیا گیا ہے، لاگ اِن کی معلومات جلد بھیج دی جائیں گی۔
MENTORS,,MENTOR_UPDATED_SUCCESSFULLY,Mentor has been successfully updated!,मेंटर यशस्वीरित्या अपडेट केले गेले आहे!,मेंटर सफलतापूर्वक अपडेट हो गया है!,ମେଣ୍ଟରଙ୍କୁ ସଫଳତାର ସହ ଅପଡେଟ୍ କରାଯାଇଛି!,మెంటర్ విజయవంతంగా నవీకరించబడింది!,ಮೆಂಟರ್ ಅನ್ನು ಯಶಸ್ವಿಯಾಗಿ ನವೀಕರಿಸಲಾಗಿದೆ!,வழிகாட்டி வெற்றிகரமாகப் புதுப்பிக்கப்பட்டது!,માર્ગદર્શક સફળતાપૂર્વક અપડેટ કરવામાં આવ્યું છે!,مینٹور کو کامیابی کے ساتھ اپڈیٹ کر دیا گیا ہے
MENTORS,,EDIT_MENTOR,Edit Mentor,मार्गदर्शक संपादित करा,मेंटर संपादित करें,ପରାମର୍ଶଦାତା ସମ୍ପାଦନ କରନ୍ତୁ,మెంటర్‌ను సవరించు,ಮಾರ್ಗದರ್ಶಕರನ್ನು ಸಂಪಾದಿಸಿ,வழிகாட்டியைத் திருத்து,માર્ગદર્શક સંપાદિત કરો,مینٹور میں ترمیم کرنا
MENTORS,,NOT_ABLE_UPDATE_MENTOR,Not able to update mentor,मार्गदर्शक अपडेट करू शकत नाही.,मेंटर को अपडेट करने में असमर्थ,ପରାମର୍ଶଦାତାଙ୍କୁ ଅପଡେଟ୍ କରିପାରିଲେ ନାହିଁ,మెంటార్‌ను అప్‌డేట్ చేయలేకపోతున్నాను,ಮಾರ್ಗದರ್ಶಕರನ್ನು ನವೀಕರಿಸಲು ಸಾಧ್ಯವಾಗುತ್ತಿಲ್ಲ,வழிகாட்டியைப் புதுப்பிக்க முடியவில்லை.,માર્ગદર્શકને અપડેટ કરી શક્યા નથી,مینٹور کو اپڈیٹ نہیں کیا جا سکا
MENTORS,,NOT_ABLE_CREATE_MENTOR,Not able to create mentor,मार्गदर्शक तयार करण्यास सक्षम नाही.,मेंटर बनाने में असमर्थ,ପରାମର୍ଶଦାତା ସୃଷ୍ଟି କରିପାରିଲେ ନାହିଁ,గురువును సృష్టించలేకపోయారు,ಮಾರ್ಗದರ್ಶಕರನ್ನು ರಚಿಸಲು ಸಾಧ್ಯವಾಗುತ್ತಿಲ್ಲ,வழிகாட்டியை உருவாக்க முடியவில்லை,માર્ગદર્શક બનાવવામાં અસમર્થ,مینٹور بنایا نہیں جا سکا
MENTORS,,UPDATE_MENTOR,Update Mentor,मार्गदर्शक अद्यतनित करा,मेंटर को अपडेट करें,ପରାମର୍ଶଦାତାଙ୍କୁ ଅପଡେଟ୍ କରନ୍ତୁ,మెంటర్‌ను అప్‌డేట్ చేయండి,ಮೆಂಟರ್ ಅನ್ನು ನವೀಕರಿಸಿ,வழிகாட்டியைப் புதுப்பிக்கவும்,મેન્ટરને અપડેટ કરો,مینٹور کی تفصیلات میں تبدیلی کرنا
MENTORS,,RE_ASSIGN_MENTOR,Re-assign Mentor,मेंटर पुन्हा नियुक्त करा,मेंटर को पुनः नियुक्त करें,ମେଣ୍ଟରଙ୍କୁ ପୁନଃନିଯୁକ୍ତ କରନ୍ତୁ,మెంటర్‌ను తిరిగి కేటాయించండి,ಮಾರ್ಗದರ್ಶಕರನ್ನು ಮರು ನಿಯೋಜಿಸಿ,வழிகாட்டியை மீண்டும் நியமிக்கவும்,માર્ગદર્શકને ફરીથી સોંપો,مینٹور دوبارہ مقرر کریں
YOUTHNET_DASHBOARD,,VLLAGE_18,Today's New Registrations,आजच्या नवीन नोंदणी,आज के नए पंजीकरण,ଆଜିର ନୂତନ ପଞ୍ଜୀକରଣ,ఈరోజు కొత్త రిజిస్ట్రేషన్లు,ಇಂದಿನ ಹೊಸ ನೋಂದಣಿಗಳು,இன்றைய புதிய பதிவுகள்,આજના નવા રજીસ્ટ્રેશન,آج کی نئی رجسٹریشنز
AI,,ASSESSMENT_DETAILS,Assessment Details,मूल्यमापन तपशील,मूल्यांकन विवरण,ମୂଲ୍ୟାଙ୍କନ ବିବରଣୀ,మూల్యాంకన వివరాలు,ಮೌಲ್ಯಮಾಪನ ವಿವರಗಳು,மதிப்பீட்டு விவரங்கள்,મૂલ્યાંકન વિગતો,اسیمنٹ کی تفصیلات
AI,,SAMPLE_QUESTION_AND_ANSWER_PAPER,Sample Answer Sheet,नमुना प्रश्न आणि उत्तरपत्रिका,नमूना प्रश्न और उत्तर पत्र,ନମୁନା ପ୍ରଶ୍ନ ଏବଂ ଉତ୍ତର ପତ୍ର,నమూనా ప్రశ్న మరియు సమాధాన పత్రం,ಮಾದರಿ ಪ್ರಶ್ನೆ ಮತ್ತು ಉತ್ತರ ಪತ್ರಿಕೆ,மாதிரி கேள்வி மற்றும் பதில் தாள்,નમૂના પ્રશ્ન અને જવાબ પત્ર,
AI,,DOWNLOAD_QUESTION_PAPER,Download Question Paper,प्रश्नपत्रिका डाउनलोड करा,प्रश्न पत्र डाउनलोड करें,ପ୍ରଶ୍ନପତ୍ର ଡାଉନଲୋଡ୍ କରନ୍ତୁ,ప్రశ్నపత్రాన్ని డౌన్‌లోడ్ చేసుకోండి,ಪ್ರಶ್ನೆ ಪತ್ರಿಕೆ ಡೌನ್‌ಲೋಡ್ ಮಾಡಿ,வினாத்தாளைப் பதிவிறக்கவும்,પ્રશ્નપત્ર ડાઉનલોડ કરો,سوالیہ پرچہ ڈاؤن لوڈ کریں۔
AI,,SEARCH_LEARNER,Search Learner..,शिकणारा शोधा..,शिक्षार्थी खोजें..,ଶିକ୍ଷାର୍ଥୀକୁ ଖୋଜନ୍ତୁ..,విద్యార్థిని శోధించండి..,ಅಧ್ಯಯನಾರ್ಥಿಯನ್ನು ಹುಡುಕಿ..,கற்றவரை தேடுங்கள்..,શીખનાર શોધો..,سیکھنے والے کو تلاش کریں
AI,,TOTAL_LEARNERS,{{count}} of {{total}} Learners,{{count}} पैकी {{total}} शिकणारे,{{count}} में से {{total}} शिक्षार्थी,{{count}} / {{total}} ଶିକ୍ଷାର୍ଥୀ,{{count}} / {{total}} విద్యార్థులు,{{count}} / {{total}} ಅಧ್ಯಯನಾರ್ಥಿಗಳು,{{count}} / {{total}} கற்றவர்கள்,{{count}} માંથી {{total}} શીખનાર,کل سیکھنے والے
AI,,SORT_AND_FILTER_LEARNERS,Sort & Filter Learners,शिकणारे क्रमबद्ध करा आणि फिल्टर करा,शिक्षार्थियों को क्रमबद्ध और फ़िल्टर करें,ଶିକ୍ଷାର୍ଥୀଙ୍କୁ ବିଭାଜନ ଏବଂ ଫିଲ୍ଟର କରନ୍ତୁ,విద్యార్థులను క్రమబద్ధీకరించి ఫిల్టర్ చేయండి,ಅಧ್ಯಯನಾರ್ಥಿಗಳನ್ನು ವಿಂಗಡಿಸಿ ಮತ್ತು ಫಿಲ್ಟರ್ ಮಾಡಿ,கற்றவர்களை வரிசைப்படுத்தி வடிகட்டு,શીખનારને ગોઠવો અને ફિલ્ટર કરો,
AI,,FILTER_BY_STATUS,Filter by Status,स्थितीनुसार फिल्टर करा,स्थिति के अनुसार फ़िल्टर करें,ସ୍ଥିତି ଅନୁସାରେ ଫିଲ୍ଟର,స్థితి ప్రకారం ఫిల్టర్ చేయండి,ಸ್ಥಿತಿಯ ಪ್ರಕಾರ ಫಿಲ್ಟರ್ ಮಾಡಿ,நிலையைப் பொறுத்து வடிகட்டு,સ્થિતિ પ્રમાણે ફિલ્ટર કરો,
AI,,ALL_LEARNERS,All Learners,सर्व शिकणारे,सभी शिक्षार्थी,ସମସ୍ତ ଶିକ୍ଷାର୍ଥୀ,అన్ని విద్యార్థులు,ಎಲ್ಲಾ ಅಧ್ಯಯನಾರ್ಥಿಗಳು,அனைத்து கற்றவர்கள்,બધા શીખનાર,
AI,,SORT_BY_NAME,Sort by Name,नावानुसार क्रमबद्ध करा,नाम के अनुसार क्रमबद्ध करें,ନାମ ଅନୁସାରେ ବିଭାଜନ,పేరు ప్రకారం క్రమబద్ధీకరించండి,ಹೆಸರಿನ ಪ್ರಕಾರ ವಿಂಗಡಿಸಿ,பெயரின்படி வரிசைப்படுத்து,નામ પ્રમાણે ગોઠવો,
AI,,SORT_BY_SCORE,Sort by Score,गुणांनुसार क्रमबद्ध करा,अंक के अनुसार क्रमबद्ध करें,ଅଂକ ଅନୁସାରେ ବିଭାଜନ,స్కోర్ ప్రకారం క్రమబద్ధీకరించండి,ಅಂಕಗಳ ಪ್ರಕಾರ ವಿಂಗಡಿಸಿ,மதிப்பெணின்படி வரிசைப்படுத்து,સ્કોર પ્રમાણે ગોઠવો,
AI,,NAME_A_TO_Z,Name (A to Z),नाव (A ते Z),नाम (A से Z),ନାମ (A ରୁ Z),పేరు (A నుండి Z వరకు),ಹೆಸರು (A ರಿಂದ Z),பெயர் (A முதல் Z வரை),નામ (A થી Z),
AI,,NAME_Z_TO_A,Name (Z to A),नाव (Z ते A),नाम (Z से A),ନାମ (Z ରୁ A),పేరు (Z నుండి A వరకు),ಹೆಸರು (Z ರಿಂದ A),பெயர் (Z முதல் A வரை),નામ (Z થી A),
AI,,SCORE_HIGH_TO_LOW,Score (High to Low),गुण (जास्त ते कमी),अंक (उच्च से निम्न),ଅଂକ (ଉଚ୍ଚରୁ ନିମ୍ନ),స్కోర్ (అధిక నుండి తక్కువ వరకు),ಅಂಕಗಳು (ಹೆಚ್ಚಿನಿಂದ ಕಡಿಮೆ),மதிப்பெண் (உயர்ந்தது முதல் குறைந்தது வரை),સ્કોર (ઉંચાથી નીચું),
AI,,SCORE_LOW_TO_HIGH,Score (Low to High),गुण (कमी ते जास्त),अंक (निम्न से उच्च),ଅଂକ (ନିମ୍ନରୁ ଉଚ୍ଚ),స్కోర్ (తక్కువ నుండి అధిక వరకు),ಅಂಕಗಳು (ಕಡಿಮೆಯಿಂದ ಹೆಚ್ಚು),மதிப்பெண் (குறைந்தது முதல் உயர்ந்தது வரை),સ્કોર (નીચાથી ઉંચું),
AI,,NAME_A_TO_Z_DETAILED,Name (A to Z),नाव (A ते Z),नाम (A से Z),ନାମ (A ରୁ Z),పేరు (A నుండి Z వరకు),ಹೆಸರು (A ರಿಂದ Z),பெயர் (A முதல் Z வரை),નામ (A થી Z),
AI,,NAME_Z_TO_A_DETAILED,Name (Z to A),नाव (Z ते A),नाम (Z से A),ନାମ (Z ରୁ A),పేరు (Z నుండి A వరకు),ಹೆಸರು (Z ರಿಂದ A),பெயர் (Z முதல் A வரை),નામ (Z થી A),
AI,,SCORE_HIGH_TO_LOW_DETAILED,Score (High to Low),गुण (जास्त ते कमी),अंक (उच्च से निम्न),ଅଂକ (ଉଚ୍ଚରୁ ନିମ୍ନ),స్కోర్ (అధిక నుండి తక్కువ వరకు),ಅಂಕಗಳು (ಹೆಚ್ಚಿನಿಂದ ಕಡಿಮೆ),மதிப்பெண் (உயர்ந்தது முதல் குறைந்தது வரை),સ્કોર (ઉંચાથી નીચું),
AI,,SCORE_LOW_TO_HIGH_DETAILED,Score (Low to High),गुण (कमी ते जास्त),अंक (निम्न से उच्च),ଅଂକ (ନିମ୍ନରୁ ଉଚ୍ଚ),స్కోర్ (తక్కువ నుండి అధిక వరకు),ಅಂಕಗಳು (ಕಡಿಮೆಯಿಂದ ಹೆಚ್ಚು),மதிப்பெண் (குறைந்தது முதல் உயர்ந்தது வரை),સ્કોર (નીચાથી ઉંચું),
AI,,CANCEL,Cancel,रद्द करा,रद्द करें,ବାତିଲ୍,రద్దు చేయి,ರದ್ದುಮಾಡಿ,ரத்து செய்,રદ કરો,منسوخ کریں۔
AI,,APPLY,Apply,लागू करा,लागू करें,ଲାଗୁ କରନ୍ତୁ,వర్తించు,ಅನ್ವಯಿಸಿ,விண்ணப்பி,લાગુ કરો,لاگو کریں
AI,,NOT_SUBMITTED,Not Submitted,सादर केले नाही,प्रस्तुत नहीं किया गया,ଦାଖଲ ହୋଇନି,సమర్పించబడలేదు,ಸಲ್ಲಿಸಲಾಗಿಲ್ಲ,சமர்ப்பிக்கப்படவில்லை,સબમિટ નથી કરેલું,جمع نہیں کیا گیا۔
AI,,UNDER_AI_EVALUATION,Under AI Evaluation,एआय मूल्यांकन चालू आहे,एआई मूल्यांकन के अंतर्गत,ଏଆଇ ମୂଲ୍ୟାଙ୍କନ ଚାଲୁଛି,AI మూల్యాంకనలో ఉంది,ಎಐ ಮೌಲ್ಯಮಾಪನದಲ್ಲಿ,ஏஐ மதிப்பீட்டில் உள்ளது,AI મૂલ્યાંકન હેઠળ,AI کےتحت  جانچ
AI,,AWAITING_YOUR_APPROVAL,Awaiting Your Approval,तुमच्या मंजुरीची प्रतीक्षा आहे,आपकी स्वीकृति की प्रतीक्षा,ଆପଣଙ୍କ ଅନୁମୋଦନ ପାଇଁ ଅପେକ୍ଷା,మీ ఆమోదం కోసం వేచి ఉంది,ನಿಮ್ಮ ಅನುಮೋದನೆಗಾಗಿ ಕಾಯಲಾಗುತ್ತಿದೆ,உங்கள் ஒப்புதலைக் காத்திருக்கிறது,તમારી મંજૂરીની રાહમાં,آپ کی منظوری کے منتظر۔
AI,,MARKS_APPROVED,Marks Approved,गुण मंजूर,अंक स्वीकृत,ଅଂକ ଅନୁମୋଦିତ,మార్కులు ఆమోదించబడ్డాయి,ಅಂಕಗಳನ್ನು ಅನುಮೋದಿಸಲಾಗಿದೆ,மதிப்பெண்கள் ஒப்புதல் பெற்றது,ગુણ મંજૂર,
AI,,MARKS_APPROVED_SCORE,Marks approved: {{score}}/{{maxScore}},मंजूर गुण: {{score}}/{{maxScore}},स्वीकृत अंक: {{score}}/{{maxScore}},ଅନୁମୋଦିତ ଅଂକ: {{score}}/{{maxScore}},ఆమోదించబడిన మార్కులు: {{score}}/{{maxScore}},ಅನುಮೋದಿತ ಅಂಕಗಳು: {{score}}/{{maxScore}},ஒப்புதல் பெற்ற மதிப்பெண்: {{score}}/{{maxScore}},મંજૂર ગુણ: {{score}}/{{maxScore}},منظور شدہ نشانات: {{score}}/{{maxScore}}
AI,,APPROVED_ON,Approved on: {{date}},मंजूर तारीख: {{date}},स्वीकृत दिनांक: {{date}},ଅନୁମୋଦନ ତାରିଖ: {{date}},ఆమోదించబడిన తేదీ: {{date}},ಅನುಮೋದಿಸಿದ ದಿನಾಂಕ: {{date}},ஒப்புதல் பெற்ற நாள்: {{date}},મંજૂર તારીખ: {{date}},منظور شدہ تاریخ: {{date}}
AI,,UPLOADED_ON,Uploaded on: {{date}},अपलोड तारीख: {{date}},अपलोड दिनांक: {{date}},ଅପଲୋଡ୍ ତାରିଖ: {{date}},అప్‌లోడ్ చేసిన తేదీ: {{date}},ಅಪ್ಲೋಡ್ ದಿನಾಂಕ: {{date}},பதிவேற்றப்பட்ட தேதி: {{date}},અપલોડ તારીખ: {{date}},اپ لوڈ کی تاریخ: {{date}}
AI,,NO_LEARNERS_FOUND_SEARCH,No learners found matching your search.,तुमच्या शोधाशी जुळणारे शिकणारे सापडले नाहीत.,आपकी खोज से कोई शिक्षार्थी नहीं मिला।,ଆପଣଙ୍କ ସନ୍ଧାନ ସହିତ କ forward matching translation?,మీ శోధనకు సరిపోయే విద్యార్థులు లభించలేదు,ನಿಮ್ಮ ಹುಡುಕಾಟಕ್ಕೆ ಹೊಂದುವ ಅಧ್ಯಯನಾರ್ಥಿಗಳು ಕಂಡುಬಂದಿಲ್ಲ.,உங்கள் தேடலுக்கு பொருந்தும் கற்றவர்கள் இல்லை,તમારા શોધ મુજબ કોઈ શીખનાર મળ્યો નથી.,
AI,,NO_LEARNERS_FOUND,No learners found,शिकणारे आढळले नाहीत,कोई शिक्षार्थी नहीं मिला,କ in matching missing?,విద్యార్థులు లభించలేదు,ಅಧ್ಯಯನಾರ್ಥಿಗಳು ಕಂಡುಬಂದಿಲ್ಲ,கற்றவர்கள் கிடைக்கவில்லை,કોઈ શીખનાર મળ્યો નથી, کوئی  سیکھنے والا نہیں ملا
AI,,DOWNLOADING,Downloading...,डाउनलोड करत आहे...,डाउनलोड हो रहा है...,ଡାଉନଲୋଡ୍ କରାଯାଉଛି...,డౌన్‌లోడ్ అవుతోంది...,ಡೌನ್‌ಲೋಡ್ ಆಗುತ್ತಿದೆ...,பதிவிறக்கப்படுகிறது...,ડાઉનલોડ થઈ રહ્યું છે...,
AI,,QUESTION_PAPER,Question Paper,प्रश्नपत्रिका,प्रश्न पत्र,ପ୍ରଶ୍ନପତ୍ର,ప్రశ్నాపత్రం,ಪ್ರಶ್ನೆ ಪತ್ರಿಕೆ,கேள்வித் தாள்,પ્રશ્ન પત્ર,
AI,,ASSESSMENT,Assessment,मूल्यमापन,मूल्यांकन,ମୂଲ୍ୟାଙ୍କନ,మూల్యాంకన,ಮೌಲ್ಯಮಾಪನ,மதிப்பீடு,મૂલ્યાંકન,
AI,,ASSESSMENT_DESCRIPTION,Assessment Description,मूल्यमापन वर्णन,मूल्यांकन विवरण,ମୂଲ୍ୟାଙ୍କନ ବର୍ଣ୍ଣନା,మూల్యాంకన వివరణ,ಮೌಲ್ಯಮಾಪನ ವಿವರಣೆ,மதிப்பீட்டு விளக்கம்,મૂલ્યાંકન વર્ણન,
AI,,GENERAL,General,सामान्य,सामान्य,ସାଧାରଣ,సాధారణ,ಸಾಮಾನ್ಯ,பொது,સામાન્ય,
AI,,NOT_SPECIFIED,Not specified,निर्दिष्ट नाही,निर्दिष्ट नहीं,ଉଲ୍ଲେଖ ହୋଇନି,ప్రస్తావించబడలేదు,ನಿರ್ದಿಷ್ಟಪಡಿಸಲಾಗಿಲ್ಲ,குறிப்பிடப்படவில்லை,નિર્ધારિત નથી,
AI,,UNKNOWN_LEARNER,Unknown Learner,अज्ञात शिकणारा,अज्ञात शिक्षार्थी,ଅଜଣା ଶିକ୍ଷାର୍ଥୀ,తెలియని విద్యార్థి,ಅಜ್ಞಾತ ಅಧ್ಯಯನಾರ್ಥಿ,அறியப்படாத கற்றவர்,અજાણ્યો શીખનાર,
AI,,SORT_BY_STATUS,Sort by Status,स्थितीनुसार क्रमबद्ध करा,स्थिति के अनुसार क्रमबद्ध करें,ସ୍ଥିତି ଅନୁସାରେ ବିଭାଜନ,స్థితి ప్రకారం క్రమబద్ధీకరించండి,ಸ್ಥಿತಿಯ ಪ್ರಕಾರ ವಿಂಗಡಿಸಿ,நிலையைப் பொறுத்து வரிசைப்படுத்து,સ્થિતિ પ્રમાણે ગોઠવો,سٹیٹس کے مطابق ترتیب
AI,,LEARNERS_COUNT,{{count}} of {{total}} Learners,{{count}} पैकी {{total}} शिकणारे,{{count}} में से {{total}} शिक्षार्थी,{{count}} / {{total}} ଶିକ୍ଷାର୍ଥୀ,{{count}} / {{total}} విద్యార్థులు,{{count}} / {{total}} ಅಧ್ಯಯನಾರ್ಥಿಗಳು,{{count}} / {{total}} கற்றவர்கள்,{{count}} માંથી {{total}} શીખનાર,{{total}} میں سے {{count}} طلبہ
AI,,NO_LEARNERS_FOUND_MATCHING_SEARCH,No learners found matching your search.,तुमच्या शोधाशी जुळणारे शिकणारे सापडले नाहीत.,आपकी खोज से कोई शिक्षार्थी नहीं मिला।,ଆପଣଙ୍କ ସନ୍ଧାନ ସହିତ କ in proper translation?,మీ శోధనకు సరిపోయే విద్యార్థులు లభించలేదు,ನಿಮ್ಮ ಹುಡುಕಾಟಕ್ಕೆ ಹೊಂದುವ ಅಧ್ಯಯನಾರ್ಥಿಗಳು ಕಂಡುಬಂದಿಲ್ಲ.,உங்கள் தேடலுக்கு பொருந்தும் கற்றவர்கள் இல்லை,તમારા શોધ મુજબ કોઈ શીખનાર મળ્યો નથી.,
AI,,OFFLINE_ASSESSMENT,Offline Assessment,ऑफलाइन मूल्यमापन,ऑफ़लाइन मूल्यांकन,ଅଫଲାଇନ୍ ମୂଲ୍ୟାଙ୍କନ,ఆఫ్‌లైన్ మూల్యాంకన,ಆಫ್‌ಲೈನ್ ಮೌಲ್ಯಮಾಪನ,ஆஃப்லைன் மதிப்பீடு,ઓફલાઇન મૂલ્યાંકન,آف لائن  اسسمنٹ
AI,,DOWNLOAD_ASSESSMENT_MESSAGE,This assessment contains Long/Short Answer questions. Would you like to download the offline question paper?,या मूल्यमापनात लांब/लहान उत्तर प्रश्न आहेत. तुम्हाला ऑफलाइन प्रश्नपत्रिका डाउनलोड करायची आहे का?,इस मूल्यांकन में लंबे/संक्षिप्त उत्तर वाले प्रश्न हैं। क्या आप ऑफ़लाइन प्रश्न पत्र डाउनलोड करना चाहेंगे?,ଏହି ମୂଲ୍ୟାଙ୍କନରେ ଲମ୍ବା/ଛୋଟ ଉତ୍ତର ପ୍ରଶ୍ନ ଅଛି। ଆପଣ କି ଅଫଲାଇନ୍ ପ୍ରଶ୍ନପତ୍ର ଡାଉନଲୋଡ୍ କରିବାକୁ ଚାହୁଁଛନ୍ତି?,ఈ మూల్యాంకనలో పొడవైన/చిన్న సమాధాన ప్రశ్నలు ఉన్నాయి. మీరు ఆఫ్‌లైన్ ప్రశ్నాపత్రాన్ని డౌన్‌లోడ్ చేయాలనుకుంటున్నారా?,ಈ ಮೌಲ್ಯಮಾಪನದಲ್ಲಿ ಉದ್ದ/ಸಣ್ಣ ಉತ್ತರದ ಪ್ರಶ್ನೆಗಳಿವೆ. ನೀವು ಆಫ್‌ಲೈನ್ ಪ್ರಶ್ನೆ ಪತ್ರಿಕೆಯನ್ನು ಡೌನ್‌ಲೋಡ್ ಮಾಡಬೇಕೆಂದು ಬಯಸುವಿರಾ?,இந்த மதிப்பீட்டில் நீளமான/குறுகிய பதில் கேள்விகள் உள்ளன. நீங்கள் ஆஃப்லைன் கேள்வித்தாளை பதிவிறக்க விரும்புகிறீர்களா?,આ મૂલ્યાંકનમાં લાંબા/ટૂંકા જવાબના પ્રશ્નો છે. શું તમે ઓફલાઇન પ્રશ્નપત્ર ડાઉનલોડ કરવા માંગો છો?,اس جائزے میں طویل/مختصر جوابی سوالات شامل ہیں۔ کیا آپ آف لائن سوالیہ پرچہ ڈاؤن لوڈ کرنا چاہیں گے؟
AI,,ENROLLMENT_ID,Enrollment ID,नोंदणी आयडी,नामांकन आईडी,ନିଭନ୍ଦନ ID,నమోదు ఐడి,ನೋಂದಣಿ ಐಡಿ,சேர்க்கை அடையாள எண்,નોંધણી આઈડી,
AI,,UPLOAD,Upload,अपलोड करा,अपलोड,ଅପଲୋଡ୍,అప్‌లోడ్,ಅಪ್ಲೋಡ್,பதிவேற்று,અપલોડ,
AI,,NO_IMAGES_UPLOADED_YET,No images uploaded yet,अद्याप कोणतीही चित्रे अपलोड केलेली नाहीत,अभी तक कोई चित्र अपलोड नहीं किया गया,ଏପର୍ଯ୍ୟନ୍ତ କ in translation?,ఇంకా చిత్రాలు అప్‌లోడ్ చేయబడలేదు,ಇನ್ನೂ ಯಾವುದೇ ಚಿತ್ರಗಳನ್ನು ಅಪ್ಲೋಡ್ ಮಾಡಿಲ್ಲ,இன்னும் படங்கள் பதிவேற்றப்படவில்லை,હજી સુધી કોઈ છબી અપલોડ કરાઈ નથી,
AI,,PLEASE_UPLOAD_ASSESSMENT_IMAGES,Please upload assessment images to begin,कृपया मूल्यमापन चित्रे अपलोड करा,कृपया प्रारंभ करने के लिए मूल्यांकन चित्र अपलोड करें,ଦୟାକରି ମୂଲ୍ୟାଙ୍କନ ଛବିଗୁଡିକ ଅପଲୋଡ୍ କରନ୍ତୁ,దయచేసి మూల్యాంకన చిత్రాలను అప్‌లోడ్ చేయండి,ಮೌಲ್ಯಮಾಪನ ಚಿತ್ರಗಳನ್ನು ಅಪ್ಲೋಡ್ ಮಾಡಿ ಪ್ರಾರಂಭಿಸಿ,தயவுசெய்து மதிப்பீட்டு படங்களை பதிவேற்றவும்,મૂલ્યાંકન છબીઓ અપલોડ કરો જેથી શરૂ કરી શકો,
AI,,ASSESSMENT_SHEETS,Assessment Sheets,मूल्यमापन पत्रके,मूल्यांकन शीट्स,ମୂଲ୍ୟାଙ୍କନ ପତ୍ର,మూల్యాంకన షీట్లు,ಮೌಲ್ಯಮಾಪನ ಶೀಟುಗಳು,மதிப்பீட்டு தாள்கள்,મૂલ્યાંકન શીટ્સ,
AI,,FORMAT_JPG_SIZE_5MB_UP_TO_4_IMAGES,"* Format: jpg, jpeg. Size: 5 MB Up to 4 images","* स्वरूप: jpg, आकार: 5 MB, जास्तीत जास्त 4 चित्रे","* प्रारूप: jpg, आकार: 5 MB अधिकतम 4 चित्र","* ଫର୍ମାଟ୍: jpg, ଆକାର: 5 MB, ସର୍ବାଧିକ 4ଟି ଛବି","* ఫార్మాట్: jpg, పరిమాణం: 5 MB, గరిష్టంగా 4 చిత్రాలు","* ಫಾರ್ಮ್ಯಾಟ್: jpg, ಗಾತ್ರ: 5 MB ಗರಿಷ್ಠ 4 ಚಿತ್ರಗಳು","* வடிவம்: jpg, அளவு: 5 MB, அதிகபட்சம் 4 படங்கள்","* ફોર્મેટ: jpg, કદ: 5 MB સુધી 4 છબીઓ",
AI,,PLACE_PAPER_ON_FLAT_CLEAN_SURFACE,"• Place the piece of paper on a flat, clean surface",• कागद सपाट आणि स्वच्छ पृष्ठभागावर ठेवा,• कागज को समतल और साफ सतह पर रखें,• ପତ୍ରଟିକୁ ସମତଳ ଏବଂ ପରିଷ୍କାର ସତହରେ ରଖନ୍ତୁ,"• పేపర్‌ను సమతలమైన, శుభ్రమైన ఉపరితలంపై ఉంచండి",• ಕಾಗದವನ್ನು ಸಮತಟ್ಟಾದ ಸ್ವಚ್ಛ ಮೇಲ್ಮೈ ಮೇಲೆ ಇಡಿ,• தாளை சமமான மற்றும் சுத்தமான மேற்பரப்பில் வைக்கவும்,• કાગળને સમતલ અને સ્વચ્છ સપાટી પર મૂકો,
AI,,HOLD_PHONE_STRAIGHT_ABOVE_PAPER,• Hold the phone straight above the piece of paper,• फोन कागदाच्या थेट वर धरा,• फ़ोन को कागज के ठीक ऊपर सीधा पकड़ें,• ଫୋନକୁ ପତ୍ରର ସିଧା ଉପରେ ଧରନ୍ତୁ,• పేపర్ పైన ఫోన్‌ను నేరుగా పట్టుకోండి,• ಕಾಗದದ ಮೇಲ್ಭಾಗದಲ್ಲಿ ಫೋನ್ ನೇರವಾಗಿ ಹಿಡಿದುಕೊಳ್ಳಿ,• தொலைபேசியை தாளின் நேர்மறை மேல் பிடிக்கவும்,• ફોનને કાગળના સીધા ઉપર પકડો,
AI,,ENSURE_GOOD_LIGHTING_AVOID_SHADOWS,• Ensure good lighting and avoid shadows or glare,• चांगला प्रकाश मिळवा आणि सावल्या टाळा,• अच्छी रोशनी सुनिश्चित करें और छाया या चमक से बचें,• ଭଲ ଆଲୋକ ପ୍ରଦାନ କରନ୍ତୁ ଏବଂ ଛାୟା ଏଡାନ୍ତୁ,• మంచి లైటింగ్ ఉండేలా చూసి నీడలు లేదా ప్రతిబింబాలను నివారించండి,• ಉತ್ತಮ ಬೆಳಕು ಇರಲಿ ಮತ್ತು ನೆರಳು ಅಥವಾ ಹೊಳಪು ತಪ್ಪಿಸಿ,• நல்ல ஒளியை உறுதி செய்து நிழல்களைத் தவிர்க்கவும்,• સારી લાઇટિંગ રાખો અને છાયા અથવા ચમક ટાળો,
AI,,ENSURE_ALL_TEXT_CLEAR_VISIBLE,• Ensure all text is clear and fully visible,• सर्व मजकूर स्पष्ट दिसेल याची खात्री करा,• सुनिश्चित करें कि सभी पाठ स्पष्ट और पूरी तरह दिखाई दे,• ସମସ୍ତ ଟେକ୍ଷ୍ଟ ସ୍ପଷ୍ଟ ଦେଖାଯାଏ ବୋଲି ନିଶ୍ଚିତ କରନ୍ତୁ,• మొత్తం టెక్స్ట్ స్పష్టంగా కనిపించేలా చూసుకోండి,• ಎಲ್ಲಾ ಪಠ್ಯವು ಸ್ಪಷ್ಟವಾಗಿ ಕಾಣುವಂತೆ ಮಾಡಿ,• அனைத்து எழுத்தும் தெளிவாக காணப்படுவதை உறுதி செய்யவும்,• તમામ લખાણ સ્પષ્ટ અને સંપૂર્ણ રીતે દેખાય તે સુનિશ્ચિત કરો,
AI,,CLICK_IMAGE_AND_UPLOAD_TO_PORTAL,• Click an image and upload to the portal,• प्रतिमा काढा आणि पोर्टलवर अपलोड करा,• चित्र लें और पोर्टल पर अपलोड करें,• ଛବି ନେଇ ପୋର୍ଟାଲରେ ଅପଲୋଡ୍ କରନ୍ତୁ,• చిత్రాన్ని తీసి పోర్టల్‌లో అప్‌లోడ్ చేయండి,• ಚಿತ್ರವನ್ನು ತೆಗೆದು ಪೋರ್ಟಲ್‌ಗೆ ಅಪ್ಲೋಡ್ ಮಾಡಿ,• படத்தை எடுத்துப் போர்ட்டலில் பதிவேற்றவும்,• છબી લો અને પોર્ટલ પર અપલોડ કરો,
AI,,IF_ANSWER_SHEET_MULTIPLE_PAGES,"• If the answer sheet has multiple pages, take a picture of each page separately and upload","• उत्तरपत्रिकेत अनेक पाने असल्यास, प्रत्येक पान स्वतंत्रपणे काढा आणि अपलोड करा","• यदि उत्तर शीट में कई पृष्ठ हैं, तो प्रत्येक पृष्ठ का अलग से फोटो लें और अपलोड करें","• ଉତ୍ତର ପତ୍ରରେ ଯଦି ଅଧିକ ପୃଷ୍ଠା ଅଛି, ପ୍ରତ୍ୟେକ ପୃଷ୍ଠା ଅଲଗା ନେଇ ଅପଲୋଡ୍ କରନ୍ତୁ","• సమాధాన షీట్‌లో బహుళ పేజీలు ఉంటే, ప్రతి పేజీని విడిగా చిత్రీకరించి అప్‌లోడ్ చేయండి","• ಉತ್ತರ ಶೀಟಿನಲ್ಲಿ ಅನೇಕ ಪುಟಗಳಿದ್ದರೆ, ಪ್ರತಿ ಪುಟವನ್ನು ಪ್ರತ್ಯೇಕವಾಗಿ ಫೋಟೋ ತೆಗೆದು ಅಪ್ಲೋಡ್ ಮಾಡಿ","• பதில் தாளில் பல பக்கங்கள் இருந்தால், ஒவ்வொரு பக்கத்தையும் தனியாக எடுத்து பதிவேற்றவும்",• જો જવાબ શીટમાં અનેક પાનાં હોય તો દરેક પાનું અલગથી ફોટો લો અને અપલોડ કરો,
AI,,READ_LESS,Read Less,कमी वाचा,कम पढ़ें,କମ୍ ପଢନ୍ତୁ,తక్కువగా చదవండి,ಕಡಿಮೆ ಓದಿ,குறைவாக படிக்கவும்,ઓછું વાંચો,
AI,,READ_MORE,Read More,अधिक वाचा,अधिक पढ़ें,ଅଧିକ ପଢନ୍ତୁ,మరింత చదవండి,ಇನ್ನಷ್ಟು ಓದಿ,மேலும் படிக்கவும்,વધુ વાંચો,
USER_REGISTRATION,,LEARNER_REGISTRATIONS,Learner Registrations,शिकाऊ नोंदणी,शिक्षार्थी पंजीकरण,ଶିକ୍ଷାର୍ଥୀ ପଞ୍ଜିକରଣ,అభ్యాసకుల నమోదులు,ಕಲಿಯುವವರ ನೋಂದಣಿಗಳು,கற்பவர் பதிவுகள்,શીખનાર નોંધણીઓ,"
 سیکھنے والاکا  رجسٹریشن 
"
USER_REGISTRATION,,SEARCH_LEARNER,Search Learner..,शिकणारा शोधा..,शिक्षार्थी खोजें...,ଶିକ୍ଷାର୍ଥୀ ଖୋଜନ୍ତୁ..,శోధన అభ్యాసకుడు..,ಕಲಿಯುವವರನ್ನು ಹುಡುಕಿ..,தேடு கற்பவர்..,શીખનાર શોધો..,سیکھنے والے کو تلاش کریں
USER_REGISTRATION,,TO_TAKE_ACTION_SELECT_LEARNER,"To take action, select at least one learner","कृती करण्यासाठी, किमान एक शिकणारा निवडा","कार्रवाई करने के लिए, कम से कम एक शिक्षार्थी का चयन करें।","ପଦକ୍ଷେପ ନେବା ପାଇଁ, ଅତି କମରେ ଜଣେ ଶିକ୍ଷାର୍ଥୀଙ୍କୁ ଚୟନ କରନ୍ତୁ।","చర్య తీసుకోవడానికి, కనీసం ఒక అభ్యాసకుడిని ఎంచుకోండి","ಕ್ರಮ ಕೈಗೊಳ್ಳಲು, ಕನಿಷ್ಠ ಒಬ್ಬ ಕಲಿಯುವವರನ್ನು ಆಯ್ಕೆಮಾಡಿ","நடவடிக்கை எடுக்க, குறைந்தது ஒரு கற்பவரையாவது தேர்ந்தெடுக்கவும்.","પગલાં લેવા માટે, ઓછામાં ઓછો એક શીખનાર પસંદ કરો",کارروائی کرنے کے لیے، کم از کم ایک سیکھنے والا منتخب کریں۔
USER_REGISTRATION,,NO_LEARNERS_FOUND,No learners found,कोणतेही शिकणारे आढळले नाहीत.,कोई शिक्षार्थी नहीं मिला,କୌଣସି ଶିକ୍ଷାର୍ଥୀ ମିଳିଲେ ନାହିଁ,అభ్యాసకులు ఎవరూ కనుగొనబడలేదు,ಕಲಿಯುವವರು ಕಂಡುಬಂದಿಲ್ಲ,கற்பவர்கள் யாரும் இல்லை.,કોઈ શીખનાર મળ્યા નથી, کوئی  سیکھنے والا نہیں ملا
USER_REGISTRATION,,NO_RECORDS_FOUND,No records found,कोणतेही रेकॉर्ड आढळले नाहीत.,कोई रिकॉर्ड नहीं मिला,କୌଣସି ରେକର୍ଡ ମିଳିଲା ନାହିଁ,రికార్డులు ఏవీ కనుగొనబడలేదు,ಯಾವುದೇ ದಾಖಲೆಗಳು ಕಂಡುಬಂದಿಲ್ಲ.,பதிவுகள் எதுவும் கிடைக்கவில்லை.,કોઈ રેકોર્ડ મળ્યા નથી,کوئی ریکارڈ نہیں ملا
USER_REGISTRATION,,SHOWING_LEARNERS,Showing {{start}} - {{end}} of {{total}} learners,{{एकूण}} विद्यार्थ्यांपैकी {{start}} - {{end}} दाखवत आहे,कुल शिक्षार्थियों में से {{start}} से {{end}} तक के लोगों को दिखाया जा रहा है,{{ମୋଟ}} ଶିକ୍ଷାର୍ଥୀଙ୍କ ମଧ୍ୟରୁ {{ଆରମ୍ଭ}} - {{ଶେଷ}} ଦେଖାଉଛି,{{మొత్తం}} మంది అభ్యాసకులలో {{ప్రారంభం}} - {{ముగింపు}} మందిని చూపుతోంది,{{ಒಟ್ಟು}} ಕಲಿಯುವವರಲ್ಲಿ {{ಪ್ರಾರಂಭ}} - {{ಅಂತ್ಯ}} ತೋರಿಸಲಾಗುತ್ತಿದೆ,{{மொத்தம்}} கற்பவர்களில் {{தொடக்கம்}} - {{முடிவு}} பேரைக் காட்டுகிறது.,{{total}} શીખનારાઓમાંથી {{start}} - {{end}} બતાવી રહ્યું છે,{{total}} سیکھنے والوں میں سے {{start}} - {{end}} دکھا رہا ہے۔
USER_REGISTRATION,,SINGLE_PAGE,(Single Page),(एकच पान),(एकल पृष्ठ),(ଏକକ ପୃଷ୍ଠା),(ఒకే పేజీ),(ಏಕ ಪುಟ),(ஒற்றை பக்கம்),(એક પાનું),واحد صفحہ
USER_REGISTRATION,,REMOTE_MODE,Remote mode,रिमोट मोड,रिमोट मोड,ରିମୋଟ୍ ମୋଡ୍,రిమోట్ మోడ్,ರಿಮೋಟ್ ಮೋಡ್,தொலைநிலை முறை,રિમોટ મોડ,ریموٹ موڈ
USER_REGISTRATION,,IN_PERSON_MODE,In person mode,वैयक्तिक मोडमध्ये,व्यक्तिगत मोड,ବ୍ୟକ୍ତିଗତ ମୋଡରେ,వ్యక్తి మోడ్‌లో,ವೈಯಕ್ತಿಕ ಮೋಡ್‌ನಲ್ಲಿ,நேரில்,વ્યક્તિગત સ્થિતિમાં,ان پرسوں موڈ
USER_REGISTRATION,,REGISTERED_ON,Registered on,नोंदणीकृत रोजी,पंजीकृत,ପଞ୍ଜିକୃତ ତାରିଖ,నమోదు చేయబడిన తేదీ,ನೋಂದಾಯಿಸಲಾಗಿದೆ,பதிவுசெய்யப்பட்டது,નોંધણી તારીખ,رجسٹریشن کی بتاریخ
USER_REGISTRATION,,ACTION_PENDING,Action Pending,प्रलंबित कृती,कार्यवाही लंबित है,କାର୍ଯ୍ୟ ବାକି ଅଛି,చర్య పెండింగ్‌లో ఉంది,ಕ್ರಿಯೆ ಬಾಕಿ ಇದೆ,செயல் நிலுவையில் உள்ளது,ક્રિયા બાકી છે,ایکشن پینڈنگ
USER_REGISTRATION,,ARCHIVED,Archived,संग्रहित,संग्रहीत,ଆର୍କାଇଭ୍ କରାଗଲା,ఆర్కైవ్ చేయబడింది,ಆರ್ಕೈವ್ ಮಾಡಲಾಗಿದೆ,காப்பகப்படுத்தப்பட்டது,આર્કાઇવ કરેલ,محفوظ کر دینا
USER_REGISTRATION,,UPCOMING,Upcoming,आगामी,आगामी,ଆଗାମୀ,రాబోయే,ಮುಂಬರುವ,வரவிருக்கும்,આગામી,آنے والا
USER_REGISTRATION,,ARCHIVED_NOT_INTERESTED,Archived/Not Interested,संग्रहित/स्वारस्य नाही,संग्रहीत/रुचि नहीं है,ଆର୍କାଇଭ୍ କରାଯାଇଛି/ଆଗ୍ରହୀ ନୁହେଁ,ఆర్కైవ్ చేయబడింది/ఆసక్తి లేదు,ಆರ್ಕೈವ್ ಮಾಡಲಾಗಿದೆ/ಆಸಕ್ತಿಯಿಲ್ಲ,காப்பகப்படுத்தப்பட்டது/ஆர்வமில்லை,આર્કાઇવ કરેલ/રસ નથી,محفوظ شدہ / دلچسپی نہیں ہے
USER_REGISTRATION,,MAY_JOIN_UPCOMING_YEAR,May join upcoming year,येत्या वर्षी सामील होऊ शकतो,आगामी वर्ष में शामिल हो सकते हैं,ଆଗାମୀ ବର୍ଷରେ ଯୋଗ ଦେଇପାରନ୍ତି,రాబోయే సంవత్సరం చేరవచ్చు,ಮುಂಬರುವ ವರ್ಷ ಸೇರಬಹುದು,வரும் ஆண்டு சேரலாம்,આવતા વર્ષે જોડાઈ શકે છે,آئندہ سال شامل ہو سکتے ہیں
USER_REGISTRATION,,NO_DATA,No Data,डेटा नाही,कोई डेटा नहीं,କୌଣସି ଡାଟା ନାହିଁ,డేటా లేదు,ಡೇಟಾ ಇಲ್ಲ,தரவு இல்லை,કોઈ ડેટા નથી,کوئی ڈیٹا موجود نہیں ہے
USER_REGISTRATION,,LEARNER,learner,शिकणारा,शिक्षार्थी,ଶିକ୍ଷାର୍ଥୀ,నేర్చుకునేవాడు,ಕಲಿಯುವವನು,கற்பவர்,શીખનાર,سیکھنے والا
USER_REGISTRATION,,LEARNERS,learners,शिकणारे,शिक्षार्थियों,ଶିକ୍ଷାର୍ଥୀ,అభ్యాసకులు,ಕಲಿಯುವವರು,கற்பவர்கள்,શીખનારાઓ,طلباء
USER_REGISTRATION,,CANCEL,Cancel,रद्द करा,रद्द करना,ବାତିଲ କରନ୍ତୁ,రద్దు చేయి,ರದ್ದುಮಾಡಿ,ரத்துசெய்,રદ કરો,منسوخ کریں۔
USER_REGISTRATION,,ASSIGN_BATCH,Assign Batch,बॅच नियुक्त करा,बैच असाइन करें,ବ୍ୟାଚ୍ ଆସାଇନ୍ କରନ୍ତୁ,బ్యాచ్‌ను కేటాయించండి,ಬ್ಯಾಚ್ ನಿಯೋಜಿಸಿ,தொகுப்பை ஒதுக்கு,બેચ સોંપો,بیچ مقرر کریں
USER_REGISTRATION,,SOMETHING_WENT_WRONG_ASSIGNING_BATCH,Something went wrong while assigning the batch.,बॅच नियुक्त करताना काहीतरी चूक झाली.,बैच असाइन करते समय कुछ गड़बड़ी हो गई।,ବ୍ୟାଚ୍ ଦେବା ସମୟରେ କିଛି ଭୁଲ ହୋଇଗଲା।,బ్యాచ్‌ను కేటాయించేటప్పుడు ఏదో తప్పు జరిగింది.,ಬ್ಯಾಚ್ ನಿಯೋಜಿಸುವಾಗ ಏನೋ ತಪ್ಪಾಗಿದೆ.,தொகுப்பை ஒதுக்கும்போது ஏதோ தவறு ஏற்பட்டது.,બેચ સોંપતી વખતે કંઈક ખોટું થયું.,بیچ تفویض کرتے وقت کچھ غلط ہو گیا۔
USER_REGISTRATION,,UNNAMED_BATCH,Unnamed batch,अनामित बॅच,अनाम बैच,ବେନାମୀ ବ୍ୟାଚ୍‌,పేరులేని బ్యాచ్,ಹೆಸರಿಸದ ಬ್ಯಾಚ್,பெயரிடப்படாத தொகுதி,અનામી બેચ,بغیر نام کے  بیچ
USER_REGISTRATION,,LEARNERS_SELECTED,{{count}} Learners Selected,{{count}} निवडलेले विद्यार्थी,{{count}} चयनित शिक्षार्थी,{{count}} ଶିକ୍ଷାର୍ଥୀ ଚୟନ କରାଯାଇଛି,{{count}} అభ్యాసకులు ఎంపిక చేయబడ్డారు,{{count}} ಕಲಿಯುವವರನ್ನು ಆಯ್ಕೆ ಮಾಡಲಾಗಿದೆ,{{count}} கற்றவர்கள் தேர்ந்தெடுக்கப்பட்டனர்,{{count}} શીખનારાઓ પસંદ કર્યા,{{count}} سیکھنے والے منتخب کیے گئے۔
USER_REGISTRATION,,LEARNERS_LABEL,Learners,शिकणारे,शिक्षार्थियों,ଶିକ୍ଷାର୍ଥୀମାନେ,అభ్యాసకులు,ಕಲಿಯುವವರು,கற்றவர்கள்,શીખનારાઓ,طلباء
USER_REGISTRATION,,CENTER,Center,केंद्र,केंद्र,କେନ୍ଦ୍ର,సెంటర్,ಕೇಂದ್ರ,மையம்,કેન્દ્ર,مرکز
USER_REGISTRATION,,LOADING_CENTERS,Loading centers...,केंद्रे लोड करत आहे...,लोडिंग केंद्र...,କେନ୍ଦ୍ରଗୁଡ଼ିକ ଲୋଡ୍ ହେଉଛି...,లోడింగ్ కేంద్రాలు...,ಲೋಡ್ ಕೇಂದ್ರಗಳು...,ஏற்றுதல் மையங்கள்...,કેન્દ્રો લોડ કરી રહ્યું છે...,سینٹرز لوڈ ہو رہے ہیں…
USER_REGISTRATION,,SET_LOCATION_FILTERS_FIRST,Set location filters first,प्रथम स्थान फिल्टर सेट करा,पहले स्थान फ़िल्टर सेट करें,ପ୍ରଥମେ ଲୋକେସନ୍ ଫିଲ୍ଟରଗୁଡ଼ିକ ସେଟ୍ କରନ୍ତୁ,ముందుగా స్థాన ఫిల్టర్‌లను సెట్ చేయండి,ಮೊದಲು ಸ್ಥಳ ಫಿಲ್ಟರ್‌ಗಳನ್ನು ಹೊಂದಿಸಿ,முதலில் இருப்பிட வடிப்பான்களை அமைக்கவும்.,પહેલા સ્થાન ફિલ્ટર સેટ કરો,پہلے لوکیشن فلٹرز مقرر کریں۔
USER_REGISTRATION,,NO_CENTERS_AVAILABLE,No centers available,कोणतेही केंद्र उपलब्ध नाहीत.,कोई केंद्र उपलब्ध नहीं है,କୌଣସି କେନ୍ଦ୍ର ଉପଲବ୍ଧ ନାହିଁ,కేంద్రాలు అందుబాటులో లేవు,ಯಾವುದೇ ಕೇಂದ್ರಗಳು ಲಭ್ಯವಿಲ್ಲ.,மையங்கள் எதுவும் இல்லை,કોઈ કેન્દ્રો ઉપલબ્ધ નથી,کوئی سینٹر دستیاب نہیں ہے۔
USER_REGISTRATION,,BATCH,Batch,बॅच,बैच,ବ୍ୟାଚ୍,బ్యాచ్,ಬ್ಯಾಚ್,தொகுதி,બેચ,بیچ
USER_REGISTRATION,,LOADING_BATCHES,Loading batches...,बॅचेस लोड करत आहे...,बैच लोड हो रहे हैं...,ବ୍ୟାଚ୍‌ଗୁଡ଼ିକ ଲୋଡ୍ ହେଉଛି...,బ్యాచ్‌లను లోడ్ చేస్తోంది...,ಬ್ಯಾಚ್‌ಗಳನ್ನು ಲೋಡ್ ಮಾಡಲಾಗುತ್ತಿದೆ...,தொகுப்புகளை ஏற்றுகிறது...,બેચ લોડ કરી રહ્યું છે...,"بیچز لوڈ کیے جا رہے ہیں..."""
USER_REGISTRATION,,SELECT_CENTER_FIRST,Select center first,प्रथम केंद्र निवडा,पहले केंद्र का चयन करें,ପ୍ରଥମେ କେନ୍ଦ୍ର ଚୟନ କରନ୍ତୁ,ముందుగా కేంద్రాన్ని ఎంచుకోండి,ಮೊದಲು ಕೇಂದ್ರವನ್ನು ಆರಿಸಿ,முதலில் மையத்தைத் தேர்ந்தெடுக்கவும்,પહેલા કેન્દ્ર પસંદ કરો,پہلے مرکز منتخب کریں
USER_REGISTRATION,,NO_BATCHES_AVAILABLE,No batches available,कोणतेही बॅच उपलब्ध नाहीत.,कोई बैच उपलब्ध नहीं है,କୌଣସି ବ୍ୟାଚ୍ ଉପଲବ୍ଧ ନାହିଁ,బ్యాచ్‌లు అందుబాటులో లేవు,ಯಾವುದೇ ಬ್ಯಾಚ್‌ಗಳು ಲಭ್ಯವಿಲ್ಲ.,தொகுப்புகள் எதுவும் கிடைக்கவில்லை.,કોઈ બેચ ઉપલબ્ધ નથી,کوئی بیچ دستیاب نہیں ہے
USER_REGISTRATION,,ASSIGN_BATCH_LEARNERS,Assign Batch ({{count}} learners),बॅच ({{count}} शिकणाऱ्यांना) नियुक्त करा,बैच असाइन करें ({{count}} शिक्षार्थी),ବ୍ୟାଚ୍ ({{count}} ଜଣ ଶିକ୍ଷାର୍ଥୀ) ନ୍ୟସ୍ତ କରନ୍ତୁ,బ్యాచ్ ({{count}} అభ్యాసకులు) కేటాయించండి,ಬ್ಯಾಚ್ ({{count}} ಕಲಿಯುವವರನ್ನು) ನಿಯೋಜಿಸಿ,தொகுதி ({{count}} கற்பவர்களுக்கு) ஒதுக்கவும்,બેચ ({{count}} શીખનારાઓ) સોંપો,بیچ تفویض کریں ({{count}} سیکھنے والے)
USER_REGISTRATION,,LEARNER_FALLBACK,Learner,शिकणारा,शिक्षार्थी,ଶିକ୍ଷାର୍ଥୀ,అభ్యాసకుడు,ಕಲಿಯುವವರು,கற்பவர்,શીખનાર,سیکھنے والا
USER_REGISTRATION,,LEARNERS_ASSIGNED,Learner(s) have been assigned,शिकणाऱ्यांना नियुक्त केले आहे,शिक्षार्थी(यों) को आवंटित कर दिया गया है,ଶିକ୍ଷାର୍ଥୀ(ମାନଙ୍କୁ) ନିଯୁକ୍ତ କରାଯାଇଛି,అభ్యాసకులను కేటాయించారు,ಕಲಿಯುವವರನ್ನು ನಿಯೋಜಿಸಲಾಗಿದೆ,கற்பவர்கள் நியமிக்கப்பட்டுள்ளனர்.,શીખનારા(ઓ) ને સોંપવામાં આવ્યા છે,طلبہ کو تفویض کر دیا گیا ہے
USER_REGISTRATION,,MOVED_TO_BATCH,and moved to the batch,आणि बॅचमध्ये हलवले,और बैच में चले गए,ଏବଂ ବ୍ୟାଚକୁ ସ୍ଥାନାନ୍ତରିତ ହୋଇଗଲା,మరియు బ్యాచ్‌కి తరలించబడింది,ಮತ್ತು ಬ್ಯಾಚ್‌ಗೆ ಸ್ಥಳಾಂತರಗೊಂಡರು,மற்றும் தொகுதிக்கு மாற்றப்பட்டது,અને બેચમાં ખસેડાયા,اور بیچ (گروپ) میں منتقل کر دیا گیا
USER_REGISTRATION,,OKAY,Okay,ठीक आहे,ठीक है,ଠିକ୍ ଅଛି,సరే,ಸರಿ,சரி,ઠીક છે,ٹھیک ہے۔
USER_REGISTRATION,,NOT_INTERESTED_TO_JOIN,Not interested to join,सामील होण्यास रस नाही.,शामिल होने में रुचि नहीं है,ଯୋଗଦେବାକୁ ଆଗ୍ରହୀ ନୁହେଁ,చేరడానికి ఆసక్తి లేదు,ಸೇರಲು ಆಸಕ್ತಿ ಇಲ್ಲ.,சேர ஆர்வமில்லை.,જોડાવામાં રસ નથી,دلچسپی نہیں، شامل ہونے کے لیے۔
USER_REGISTRATION,,INTERESTED_MAY_JOIN_NEXT_YEAR,"Interested, may join next year","इच्छुक, पुढच्या वर्षी सामील होऊ शकता.","इच्छुक हूं, अगले साल शामिल हो सकता हूं।","ଆଗ୍ରହୀ, ଆସନ୍ତା ବର୍ଷ ଯୋଗ ଦେଇପାରିବେ",ఆసక్తి ఉన్నవారు వచ్చే ఏడాది చేరవచ్చు.,"ಆಸಕ್ತಿ ಇದೆ, ಮುಂದಿನ ವರ್ಷ ಸೇರಬಹುದು.",ஆர்வமுள்ளவர்கள் அடுத்த ஆண்டு சேரலாம்.,"રસ ધરાવો છો, આવતા વર્ષે જોડાઈ શકો છો",دلچسپی رکھنے والے، اگلے سال شامل ہو سکتے ہیں۔
USER_REGISTRATION,,SELECT_ALL,Select All,सर्व निवडा,सभी का चयन करें,ସମସ୍ତ ଚୟନ କରନ୍ତୁ,అన్నీ ఎంచుకోండి,ಎಲ್ಲವನ್ನೂ ಆಯ್ಕೆಮಾಡಿ,அனைத்தையும் தேர்ந்தெடுக்கவும்,બધા પસંદ કરો,سبھی کو منتخب کریں۔
USER_REGISTRATION,,DESELECT_ALL,Deselect All,सर्वांची निवड रद्द करा,सभी का चयन रद्द करें,ସମସ୍ତକୁ ଅଚୟନ କରନ୍ତୁ,అన్నీ ఎంపిక తీసివేయి,ಎಲ್ಲವನ್ನೂ ಆಯ್ಕೆ ರದ್ದುಮಾಡಿ,அனைத்தையும் தேர்வுநீக்கு,બધા નાપસંદ કરો,سبھی کو غیر منتخب کریں۔
COMMON,,RESET,Reset,,,,,,,,
COMMON,,RESET_ATTENDANCE,Reset Attendance?,उपस्थिती रीसेट करायची आहे का?,क्या आप उपस्थिति रीसेट करना चाहते हैं?,ଉପସ୍ଥାନ ରିସେଟ୍ କରିବେ?,హాజరును రీసెట్ చేయాలా?,ಹಾಜರಾತಿಯನ್ನು ಮರುಹೊಂದಿಸುವುದೇ?,வருகையை ரீசெட் செய்யவா?,હાજરી રીસેટ કરીએ?,حاضری کو دوبارہ ترتیب دیں؟
COMMON,,RESET_ATTENDANCE_CONFIRM_MESSAGE,"Resetting attendance will clear all marked attendance for this day, including in-person and online sessions. This action cannot be undone.",उपस्थिती रीसेट केल्यास या दिवसाची सर्व नोंदवलेली उपस्थिती (प्रत्यक्ष आणि ऑनलाइन सत्रांसह) हटवली जाईल. ही क्रिया परत मागे घेता येणार नाही.,उपस्थिति रीसेट करने से आज की सारी दर्ज उपस्थिति (ऑफलाइन और ऑनलाइन दोनों) हट जाएगी। यह कार्रवाई वापस नहीं ली जा सकती।,"ଉପସ୍ଥାନକୁ ରିସେଟ୍ କରିବା ଦ୍ୱାରା ଏହି ଦିନର ସମସ୍ତ ଚିହ୍ନିତ ଉପସ୍ଥାନ ଖାଲି ହୋଇଯିବ, ଯେଉଁଥିରେ ବ୍ୟକ୍ତିଗତ ଏବଂ ଅନଲାଇନ୍ ଅଧିବେଶନ ଅନ୍ତର୍ଭୁକ୍ତ। ଏହି କାର୍ଯ୍ୟକୁ ପୂର୍ବବତ୍ କରାଯାଇପାରିବ ନାହିଁ।","హాజరును రీసెట్ చేయడం వలన, వ్యక్తిగత మరియు ఆన్‌లైన్ సెషన్‌లతో సహా ఈ రోజుకు గుర్తించబడిన హాజరు అంతా తొలగించబడుతుంది. ఈ చర్యను రద్దు చేయడం సాధ్యపడదు.","ಹಾಜರಾತಿಯನ್ನು ಮರುಹೊಂದಿಸುವುದರಿಂದ, ಈ ದಿನದ ಎಲ್ಲಾ ಗುರುತಿಸಲಾದ ಹಾಜರಾತಿಗಳು, ನೇರ  ಮತ್ತು ಆನ್‌ಲೈನ್  ಸೆಷನ್‌ಗಳು ಸೇರಿದಂತೆ ತೆರವುಗೊಳಿಸಲ್ಪಡುತ್ತವೆ. ಈ ಕ್ರಿಯೆಯನ್ನು ರದ್ದುಗೊಳಿಸಲಾಗುವುದಿಲ್ಲ.","வருகையை ரீசெட் செய்தால், அந்த நாளுக்கான அனைத்து வருகை பதிவுகளும் (நேரடி மற்றும் ஆன்லைன்) நீக்கப்படும். இந்த செயலை திரும்ப மாற்ற முடியாது.","હાજરી રીસેટ કરવાથી આ દિવસની બધી ચિહ્નિત હાજરી નીકળી જશે, જેમાં રૂબરૂ અને ઓનલાઇન સત્રોનો સમાવેશ થાય છે. આ ક્રિયા ફરી નહીં લાવી શકાય.",حاضری کو دوبارہ ترتیب دینے سے اس دن کی تمام نشان زد حاضری مٹ جائے گی، بشمول ذاتی اور آن لائن سیشن۔ اس کارروائی کو کالعدم نہیں کیا جا سکتا۔
COMMON,,RESET_ATTENDANCE_BUTTON,Reset Attendance,उपस्थिती रीसेट करा,उपस्थिति रीसेट करें,ଉପସ୍ଥାନ ରିସେଟ୍ କରନ୍ତୁ,హాజరును రీసెట్ చేయండి,ಹಾಜರಾತಿಯನ್ನು ಮರುಹೊಂದಿಸಿ,வருகையை ரீசெட் செய்யவும்,હાજરી રીસેટ કરો,حاضری کو دوبارہ ترتیب دیں۔
COMMON,,MAP_NEW,Map New,नवीन नकाशित करा,नया जोड़ें / नया मैप करें,ନୂତନ ମ୍ୟାପ୍,మ్యాప్ కొత్త,ಹೊಸದನ್ನು ಜೋಡಿಸಿ,புதியதை மேப் செய்யவும்,નવું મેપ કરો,نیا میپ کریں
COMMON,,RESIGNED_FROM_COMPANY,Resigned from Company,कंपनीतून राजीनामा दिला,कंपनी से इस्तीफा दे दिया,କମ୍ପାନୀରୁ ଇସ୍ତଫା ଦେଇଛନ୍ତି,కంపెనీ నుండి రాజీనామా చేశారు,ಕಂಪನಿಗೆ ರಾಜೀನಾಮೆ ನೀಡಿದ್ದಾರೆ,நிறுவனத்திலிருந்து விலகினார்,કંપનીમાંથી રાજીનામું આપ્યું,کمپنی سے استعفیٰ دے دیا۔
COMMON,,MOVED_TO_DIFFERENT_ROLE,Moved to Different Role,वेगळ्या भूमिकेत बदली,दूसरी भूमिका/पद पर स्थानांतरित हो गए,ଭିନ୍ନ ଭୂମିକାକୁ ସ୍ଥାନାନ୍ତରିତ ହୋଇଛି,వేరే పాత్రకు బదిలీ అయ్యారు,ವಿಭಿನ್ನ ಪಾತ್ರಕ್ಕೆ ತೆರಳಿದ್ದಾರೆ,வேறு பொறுப்புக்கு மாற்றப்பட்டார்,અલગ/બીજી  ભૂમિકામાં ખસેડાયા,مختلف کردار میں منتقل ہوئے۔
COMMON,,DELETE_FROM_BATCH_WARNING,I confirm I want to remove this user from batches as well,तुम्हाला वर नमूद केलेल्या केंद्रांच्या बॅचमधून वापरकर्त्याला हटवायचे आहे का?,क्या आप यूज़र को ऊपर दिए गए सेंटर के बैचों से हटाना चाहते हैं?,ଆପଣ ଉପରୋକ୍ତ କେନ୍ଦ୍ରର ବ୍ୟାଚଗୁଡ଼ିକରୁ ଉପଯୋଗକର୍ତ୍ତାଙ୍କୁ ବିଲୋପ କରିବାକୁ ଚାହୁଁଛନ୍ତି କି?,మీరు పై సెంటర్ బ్యాచ్‌ల నుండి యూజర్‌ను తొలగించాలనుకుంటున్నారా?,ಮೇಲಿನ  ಸೆಂಟರ್ ಗಳ ಬ್ಯಾಚ್‌ಗಳಿಂದ ಬಳಕೆದಾರರನ್ನು ಡಿಲೀಟ್ ಮಾಡಲು ನೀವು ಬಯಸುವಿರಾ?,மேலே உள்ள மையத்தின் குழுக்களிலிருந்து பயனரை நீக்க விரும்புகிறீர்களா?,શું તમે ઉપરોક્ત કેન્દ્રના બેચમાંથી વપરાશકર્તાને ડિલીટ કરવા  માંગો છો?,کیا آپ اوپر والے مرکز کے بیچوں سے یوزر کو حذف کرنا چاہتے ہیں؟
COMMON,,COPY_REGISTRATION_LINK,Copy Registration Link,नोंदणी लिंक कॉपी करा,रजिस्ट्रेशन लिंक कॉपी करें,ପଞ୍ଜିକରଣ ଲିଙ୍କ୍ କପି କରନ୍ତୁ,రిజిస్ట్రేషన్ లింక్‌ను కాపీ చేయండి,ನೋಂದಣಿ ಲಿಂಕ್ ಅನ್ನು ಕಾಪಿ ಮಾಡಿ,பதிவு லிங்கை நகலெடுக்கவும்,નોંધણી લિંક કોપી કરો,رجسٹریشن لنک کاپی کریں۔
COMMON,,REGISTRATION_LINK_COPIED,"Registration link copied!
Share this link with learners for program registration.","नोंदणी लिंक कॉपी केली आहे!
प्रोग्रामच्या नोंदणीसाठी ही लिंक शिकणाऱ्यांसोबत शेअर करा.",रजिस्ट्रेशन लिंक कॉपी हो गया! इस लिंक को लर्नर्स के साथ साझा करें ताकि वे प्रोग्राम में रजिस्टर कर सकें।,ପଞ୍ଜିକରଣ ଲିଙ୍କ୍ କପି ହୋଇଛି! ପ୍ରୋଗ୍ରାମ ପଞ୍ଜିକରଣ ପାଇଁ ଏହି ଲିଙ୍କ୍ ଶିକ୍ଷାର୍ଥୀମାନଙ୍କ ସହିତ ସେୟାର କରନ୍ତୁ।,"రిజిస్ట్రేషన్ లింక్ కాపీ చేయబడింది!

ప్రోగ్రామ్ రిజిస్ట్రేషన్ కోసం ఈ లింక్‌ను అభ్యాసకులతో పంచుకోండి.","ನೋಂದಣಿ ಲಿಂಕ್ ಅನ್ನು ಕಾಪಿ ಮಾಡಲಾಗಿದೆ!
 
 ಕಾರ್ಯಕ್ರಮ ನೋಂದಣಿಗಾಗಿ ಈ ಲಿಂಕ್ ಅನ್ನು ಕಲಿಯುವವರೊಂದಿಗೆ ಹಂಚಿಕೊಳ್ಳಿ.",பதிவு லிங்க் நகலெடுக்கப்பட்டது!,"નોંધણી લિંક કોપી થઈ ગઈ!
પ્રોગ્રામ નોંધણી માટે આ લિંક શીખનારાઓ સાથે શેર કરો.","رجسٹریشن کا لنک کاپی ہو گیا!
پروگرام کی رجسٹریشن کے لیے اس لنک کو لرنرس کے ساتھ شیئر کریں۔"
COMMON,,TRY_AGAIN,Try Again,पुन्हा प्रयत्न करा,फिर से कोशिश करें,ପୁଣି ଚେଷ୍ଟା କରନ୍ତୁ,మళ్ళీ ప్రయత్నించండి,ಮತ್ತೆ ಪ್ರಯತ್ನಿಸಿ,மீண்டும் முயற்சி செய்யவும்,ફરી પ્રયાસ કરો,دوبارہ کوشش کریں۔
COMMON,,DOWNLOAD,Download,डाउनलोड करा,डाउनलोड करना,ଡାଉନଲୋଡ୍ କରନ୍ତୁ,డౌన్‌లోడ్,ಡೌನ್‌ಲೋಡ್ ಮಾಡಿ,பதிவிறக்கம்,ડાઉનલોડ કરો,ڈاؤن لوڈ کریں۔
ATTENDANCE,,ATTENDANCE_RESET_SUCCESSFULLY,Attendance reset successfully,उपस्थिती यशस्वीरित्या रीसेट करण्यात आली आहे,उपस्थिति सफलतापूर्वक रीसेट हो गई,ଉପସ୍ଥାନକୁ ସଫଳତାର ସହ ରିସେଟ୍ କରାଯାଇଛି,హాజరు విజయవంతంగా రీసెట్ చేయబడింది,ಹಾಜರಾತಿಯನ್ನು ಯಶಸ್ವಿಯಾಗಿ ಮರುಹೊಂದಿಸಲಾಗಿದೆ,வருகை வெற்றிகரமாக ரீசெட் செய்யப்பட்டது,હાજરી સફળતાપૂર્વક રીસેટ કરવામાં આવી,حاضری کامیابی سے دوبارہ ترتیب دی گئی۔
ATTENDANCE,,IN_PERSON_SESSIONS,In-Person Sessions ({{count}}),प्रत्यक्ष सत्रे ({{count}}),ऑफलाइन सत्र ({{count}}),ବ୍ୟକ୍ତିଗତ ଅଧିବେଶନ ({{count}}),ప్రత్యక్ష సెషన్‌లు ({{count}}),ನೇರ ಸೆಷನ್‌ಗಳು ({{count}}),நேரடி அமர்வுகள் ({{count}}),વ્યક્તિગત સત્રો ({{count}}),ذاتی سیشنز ({{count}})
ATTENDANCE,,ONLINE_SESSIONS,Online Sessions ({{count}}),ऑनलाइन सत्रे ({{count}}),ऑनलाइन सत्र ({{count}}),ଅନଲାଇନ୍ ଅଧିବେଶନ ({{count}}),ఆన్‌లైన్ సెషన్‌లు ({{count}}),ಆನ್‌ಲೈನ್ ಸೆಷನ್‌ಗಳು ({{count}}),ஆன்லைன் அமர்வுகள் ({{count}}),ઓનલાઇન સત્રો ({{count}}),آن لائن سیشنز ({{count}})
ATTENDANCE,,ONLINE_ATTENDANCE_AUTO_MARKED_NOTE,Online attendance is auto-marked based on 50% session duration threshold.,ऑनलाइन उपस्थिती सत्राच्या किमान ५०% कालावधीच्या आधारे आपोआप नोंदवली जाते.,"ऑनलाइन उपस्थिति अपने आप दर्ज हो जाती है, जब कोई व्यक्ति सत्र का कम से कम 50% समय पूरा करता है।",50% ଅଧିବେଶନ ଅବଧି ସୀମା ଆଧାରରେ ଅନଲାଇନ୍ ଉପସ୍ଥାନ ସ୍ୱୟଂଚାଳିତ ଭାବରେ ଚିହ୍ନିତ ହୁଏ।,50% సెషన్ వ్యవధి పరిమితి ఆధారంగా ఆన్‌లైన్ హాజరు స్వయంచాలకంగా గుర్తించబడుతుంది.,50% ಅವಧಿಯ ಮಿತಿಯನ್ನು ಆಧರಿಸಿ ಆನ್‌ಲೈನ್ ಹಾಜರಾತಿಯನ್ನು ಸ್ವಯಂಚಾಲಿತವಾಗಿ ಗುರುತಿಸಲಾಗುತ್ತದೆ.,"ஆன்லைன் வருகை, அமர்வு நேரத்தின் 50% கலந்து கொண்டால் தானாக பதிவு செய்யப்படும்",૫૦% સત્ર સમયગાળાની મર્યાદાના આધારે ઓનલાઈન હાજરી આપમેળે ચિહ્નિત થાય છે.,آن لائن حاضری 50% سیشن دورانیہ کی حد کی بنیاد پر خودکار نشان زد ہوتی ہے۔
ATTENDANCE,,SUBMIT_ATTENDANCE,Submit Attendance,उपस्थिती सादर करा,उपस्थिति लगाएं,ଉପସ୍ଥିତି ଦାଖଲ କରନ୍ତୁ,హాజరును సమర్పించండి,ಹಾಜರಾತಿಯನ್ನು ಸಲ್ಲಿಸಿ,வருகையை சமர்ப்பிக்கவும்,હાજરી સબમિટ કરો,حاضری جمع کروائیں۔
ATTENDANCE,,NO_SESSIONS_FOR_DAY,No sessions scheduled for this day,या दिवशी कोणतीही सत्रे नियोजित नाहीत,इस दिन के लिए कोई सत्र तय नहीं है,ଏହି ଦିନ ପାଇଁ କୌଣସି ସେସନ୍ ସ୍ଥିର କରାଯାଇନାହିଁ,ఈ రోజుకు సెషన్‌లు ఏవీ షెడ్యూల్ చేయబడలేదు,ಈ ದಿನಕ್ಕೆ ಯಾವುದೇ ಸೆಷನ್‌ಗಳು ನಿಗದಿಯಾಗಿಲ್ಲ,இந்த நாளுக்கு எந்த அமர்வும் திட்டமிடப்படவில்லை,આ દિવસ માટે કોઈ સત્ર શેડ્યૂલ કરેલ નથી.,اس دن کے لیے کوئی سیشن طے نہیں کیا گیا ہے۔
ATTENDANCE,,NO_IN_PERSON_SESSIONS,No in-person sessions scheduled,प्रत्यक्ष सत्रे नियोजित नाहीत,कोई ऑफलाइन सत्र तय नहीं है,କୌଣସି ବ୍ୟକ୍ତିଗତ ସେସନ୍ ସୂଚୀବଦ୍ଧ ନୁହେଁ,ప్రత్యక్ష సమావేశాలు ఏవీ షెడ్యూల్ చేయబడలేదు,ಯಾವುದೇ ಇನ್-ಪರ್ಸನ್ ಸೆಷನ್‌ಗಳು ನಿಗದಿಯಾಗಿಲ್ಲ,நேரடி அமர்வுகள் இல்லை,કોઈ રૂબરૂ સત્રો શેડ્યૂલ કરેલ નથી.,کوئی ذاتی سیشن شیڈول نہیں ہے۔
ATTENDANCE,,NO_ONLINE_SESSIONS,No online sessions scheduled,ऑनलाइन सत्रे नियोजित नाहीत,कोई ऑनलाइन सत्र तय नहीं है,କୌଣସି ଅନଲାଇନ୍ ସେସନ୍ ସୂଚୀବଦ୍ଧ କରାଯାଇନାହିଁ,ఆన్‌లైన్ సెషన్‌లు ఏవీ షెడ్యూల్ చేయబడలేదు,ಯಾವುದೇ ಆನ್‌ಲೈನ್ ಸೆಷನ್‌ಗಳು ನಿಗದಿಯಾಗಿಲ್ಲ,ஆன்லைன் அமர்வுகள் இல்லை,કોઈ ઑનલાઇન સત્રો શેડ્યૂલ કરેલ નથી.,کوئی آن لائن سیشن شیڈول نہیں ہیں۔
CENTER_SESSION,,REMOVE_TOPIC_SUBTOPIC_CONFIRMATION,Are you sure you want to remove the topic and subtopic?,तुम्हाला नक्की विषय आणि उपविषय काढायचे आहेत का?,क्या आप वाकई( सच में ) इस विषय और उप-विषय को हटाना चाहते हैं?,ଆପଣ କ’ଣ ନିଶ୍ଚିତ ଯେ ଆପଣ ବିଷୟ ଏବଂ ଉପବିଷୟକୁ ହଟାଇବାକୁ ଚାହୁଁଛନ୍ତି?,మీరు నిజంగా టాపిక్ మరియు సబ్-టాపిక్‌ను తొలగించాలనుకుంటున్నారా?,ನೀವು ವಿಷಯ ಮತ್ತು ಉಪವಿಷಯವನ್ನು ತೆಗೆದುಹಾಕಲು ಖಚಿತವಾಗಿ ಬಯಸುವಿರಾ?,இந்த தலைப்பு மற்றும் துணைத் தலைப்பை நீக்க விரும்புகிறீர்களா?,શું તમે ખરેખર વિષય અને ઉપવિષય દૂર કરવા માંગો છો?,کیا آپ واقعی موضوع اور ذیلی عنوان کو ہٹانا چاہتے ہیں؟
FORM,,BELONG_TO,belong to,संबंधित आहे,से जुड़ा है,ର ଅଟେ,చెందినది,ಸೇರಿದೆ,சேர்ந்துள்ளது,થી સંબંધિત,سے تعلق رکھتا ہے
FORM,,BELONG_TO_MULTIPLE_CENTERS,belong to multiple centers,खालील केंद्रांशी संबंधित आहे,नीचे दिए गए सेंटर से जुड़ा है,ନିମ୍ନଲିଖିତ କେନ୍ଦ୍ରଗୁଡ଼ିକର ଅନ୍ତର୍ଭୁକ୍ତ,దిగువ కేంద్రాలకు చెందినది,ಕೆಳಗಿನ  ಸೆಂಟರ್ ಗಳಿಗೆ ಸೇರಿದೆ,கீழே உள்ள மையங்களுக்கு சேர்ந்துள்ளது,નીચેના કેન્દ્રોથી સંબંધિત,ذیل کے مراکز سے تعلق رکھتا ہے۔
FORM,,WAS_BELONG_TO,was belong to,संबंधित होता/होती,पहले जुड़ा हुआ था,ର ଥିଲା,చెందినది,ಸೇರಿತ್ತು,சேர்ந்திருந்தது,થી સંબંધિત હતા,سے تعلق رکھتا تھا
FORM,,DO_YOU_WANT_TO_DELETE,Do you want to delete from center as well?,तुम्हाला हा वापरकर्ता हटवायचा आहे का?,क्या आप इस यूज़र को हटाना चाहते हैं?,ଆପଣ ଏହି ୟୁଜରଙ୍କୁ ଡିଲିଟ୍ କରିବାକୁ ଚାହୁଁଛନ୍ତି କି?,మీరు ఈ వినియోగదారుని తొలగించాలనుకుంటున్నారా?,ನೀವು ಈ ಬಳಕೆದಾರರನ್ನು ಅಳಿಸಲು ಬಯಸುವಿರಾ?,இந்த பயனரை நீக்க விரும்புகிறீர்களா?,તમે આ વપરાશકર્તાને ડિલીટ કરવા માંગો છો?,کیا آپ اس یوزر کو حذف کرنا چاہتے ہیں؟
FORM,,DO_YOU_WANT_TO_DELETE_MULTIPLE_CENTERS,Do you want to delete from centers as well?,तुम्हाला वापरकर्त्याला सर्व केंद्रांमधून हटवायचे आहे का?,क्या आप यूज़र को सभी सेंटर से हटाना चाहते हैं?,ଆପଣ କ’ଣ ସମସ୍ତ କେନ୍ଦ୍ରରୁ ଉପଭୋକ୍ତାଙ୍କୁ ଡିଲିଟ୍ କରିବାକୁ ଚାହୁଁଛନ୍ତି?,మీరు అన్ని కేంద్రాల నుండి వినియోగదారుని తొలగించాలనుకుంటున్నారా?,ನೀವು ಎಲ್ಲಾ ಬಳಕೆದಾರರನ್ನು ಸೆಂಟರ್ ಗಳಿಂದ ಡಿಲೀಟ್ ಮಾಡಲು  ಬಯಸುವಿರಾ?,அனைத்து மையங்களிலிருந்தும் பயனரை நீக்க விரும்புகிறீர்களா?,શું તમે બધા કેન્દ્રોમાંથી વપરાશકર્તાને ડિલીટ કરવા  માંગો છો?,کیا آپ تمام مراکز سے یوزر کو حذف کرنا چاہتے ہیں؟
FORM,,CONSENT_FILE,Consent File,संमती फाइल,सहमति फाइल,ସମ୍ମତି ଫାଇଲ୍,సమ్మతి పత్రం,ಒಪ್ಪಿಗೆ ಫೈಲ್,ஒப்புதல் கோப்பு,સંમતિ ફાઇલ,رضامندی کی فائل
SCP_PROFILE,,WHAT_IS_YOUR_PREFERRED_MODE_OF_LEARNING,What is Your Preferred Mode of Learning?,तुमचा पसंतीचा शिक्षणाचा प्रकार कोणता आहे?,आपका पसंदीदा शिक्षण मोड क्या है?,ଆପଣଙ୍କ ପସନ୍ଦର ଶିକ୍ଷା ଭାବ କେଉଁଟି ?,మీకు నచ్చిన అభ్యాస విధానం ఏమిటి?,ನಿಮ್ಮ ಆದ್ಯತೆಯ ಕಲಿಕೆಯ ವಿಧಾನ ಯಾವುದು?,உங்களுக்கு விருப்பமான கற்றல் முறை என்ன?,તમારું પસંદીદા શિક્ષણ મોડ શું છે?,
AI,,EXPLANATION,Explanation:,स्पष्टीकरण:,व्याख्या:,ବ୍ୟାଖ୍ୟା:,వివరణ:,ವಿವರಣೆ:,விளக்கம்:,સમજૂતી,وضاحت:
AI,,SEE_LESS,See less,कमी दाखवा,कम देखें,କମ୍ ଦେଖନ୍ତୁ,తక్కువ చూడండి,ಕಡಿಮೆ ನೋಡಿ,குறைவாக பார்க்கவும்,થોડું જુઓ,کم دیکھیں
AI,,SEE_MORE,See more,अधिक दाखवा,और देखें,ଅଧିକ ଦେଖନ୍ତୁ,మరిన్ని చూడండి,ಇನ್ನಷ್ಟು ನೋಡಿ,மேலும் பார்க்கவும்,વધુ જુઓ,مزید دیکھیں
AI,,MARKS_LABEL,Marks:,गुण:,अंक :,ଚିହ୍ନ:,మార్కులు:,ಅಂಕಗಳು:,மதிப்பெண்கள்:,માર્કસ,نشانات:
AI,,APPROVE_MARKS_NOTIFY_LEARNER,Approve Marks & Notify Learner,गुण मंजूर करा आणि शिकणाऱ्याला सूचना द्या.,अंक अप्रूव करें और लर्नर को सूचना दें,ମାର୍କ ଅନୁମୋଦନ କରନ୍ତୁ ଏବଂ ଶିକ୍ଷାର୍ଥୀଙ୍କୁ ସୂଚିତ କରନ୍ତୁ,"మార్కులను ఆమోదించి, అభ్యాసకుడికి తెలియజేయండి",ಅಂಕಗಳನ್ನು ಅನುಮೋದಿಸಿ ಮತ್ತು ಕಲಿಯುವವರಿಗೆ ಸೂಚಿಸಿ,மதிப்பெண்களை ஒப்புதல் அளித்து மாணவர்களுக்கு தகவல் அனுப்பவும்,માર્ક્સ મંજૂર કરો અને લર્નરને સૂચિત કરો,مارکس کو منظور کریں اور لرنر کو مطلع کریں۔
AI,,NO_ASSESSMENT_DATA,No assessment data available,मूल्यमापनाची कोणतीही माहिती उपलब्ध नाही,मूल्यांकन से जुड़ा कोई डेटा उपलब्ध नहीं है,କୌଣସି ମୂଲ୍ୟାଙ୍କନ ଡାଟା ଉପଲବ୍ଧ ନାହିଁ,అంచనా డేటా అందుబాటులో లేదు,ಯಾವುದೇ ಮೌಲ್ಯಮಾಪನ ಡೇಟಾ ಲಭ್ಯವಿಲ್ಲ.,மதிப்பீட்டு தரவு இல்லை,કોઈ મૂલ્યાંકન ડેટા ઉપલબ્ધ નથી,کوئی تشخیصی ڈیٹا دستیاب نہیں ہے۔
AI,,CHECK_IF_COMPLETED,Please check if the assessment has been completed and try again.,कृपया तपासा की मूल्यमापन पूर्ण झाले आहे का आणि पुन्हा प्रयत्न करा.,"कृपया जांच लें कि टेस्ट पूरा हुआ है या नहीं, फिर दोबारा कोशिश करें।",ମୂଲ୍ୟାଙ୍କନ ସମ୍ପୂର୍ଣ୍ଣ ହୋଇଛି କି ନାହିଁ ଯାଞ୍ଚ କରନ୍ତୁ ଏବଂ ପୁଣି ଚେଷ୍ଟା କରନ୍ତୁ।,"దయచేసి అసెస్‌మెంట్ పూర్తయిందో లేదో తనిఖీ చేసి, మళ్లీ ప్రయత్నించండి.",ಮೌಲ್ಯಮಾಪನ ಪೂರ್ಣಗೊಂಡಿದೆಯೇ ಎಂದು ಪರಿಶೀಲಿಸಿ ಮತ್ತು ಮತ್ತೆ ಪ್ರಯತ್ನಿಸಿ.,மதிப்பீடு முடிந்ததா என்பதை சரிபார்த்து மீண்டும் முயற்சி செய்யவும்,કૃપા કરીને તપાસો કે મૂલ્યાંકન પૂર્ણ થયું છે કે નહીં અને ફરી પ્રયાસ કરો.,براہ کرم چیک کریں کہ آیا تشخیص مکمل ہو گیا ہے اور دوبارہ کوشش کریں۔
AI,,DATE_LABEL,Date,दिनांक,तारीख,ତାରିଖ,తేదీ,ದಿನಾಂಕ,தேதி,તારીખ,تاریخ
AI,,STUDENT_NAME,Student Name,विद्यार्थ्याचे नाव,छात्र का नाम,ଛାତ୍ରଙ୍କ ନାମ,విద్యార్థి పేరు,ವಿದ್ಯಾರ್ಥಿಯ ಹೆಸರು,மாணவர் பெயர்,વિધ્યાર્થીનું નામ,طالب علم کا نام
AI,,TOTAL_SCORE,Total Score,एकूण गुण,कुल अंक,ମୋଟ ସ୍କୋର୍,మొత్తం స్కోరు,ಒಟ್ಟು ಅಂಕ,மொத்த மதிப்பெண்,કુલ સ્કોર,کل سکور
AI,,PERCENTAGE,Percentage,टक्केवारी,प्रतिशत,ଶତକଡା,శాతం,ಶೇಕಡ,சதவீதம்,ટકા,فیصد
AI,,STUDENT_ANSWER,Student Answer,विद्यार्थ्याचे उत्तर,छात्र का उत्तर,ଛାତ୍ରଙ୍କ ଉତ୍ତର,విద్యార్థి సమాధానం,ವಿದ್ಯಾರ್ಥಿಯ ಉತ್ತರ,மாணவர் பதில்,વિધર્થીના જવાબ,طالب علم کا جواب
AI,,AI_EXPLANATION_LABEL,AI Explanation,एआय स्पष्टीकरण,AI द्वारा व्याख्या (रिस्पांस),AI ବ୍ୟାଖ୍ୟା,AI వివరణ,AI ವಿವರಣೆ,AI விளக்கம்,AI  સમજૂતી,AI وضاحت
AI,,NO_RESPONSE_AVAILABLE,No response available,कोणताही प्रतिसाद उपलब्ध नाही,कोई उत्तर उपलब्ध नहीं है,କୌଣସି ଉତ୍ତର ଉପଲବ୍ଧ ନାହିଁ,ఎటువంటి స్పందన అందుబాటులో లేదు,ಯಾವುದೇ ಪ್ರತಿಕ್ರಿಯೆ ಲಭ್ಯವಿಲ್ಲ.,பதில் இல்லை,કોઈ પ્રતિભાવ ઉપલબ્ધ નથી,کوئی جواب دستیاب نہیں ہے۔
AI,,FILL_IN_THE_BLANKS,Fill in the Blanks,रिकाम्या जागा भरा,रिक्त स्थान भरें,ଖାଲିସ୍ଥାନ ପୂରଣ କରନ୍ତୁ,ఖాళీలను పూరించండి,ಬಿಟ್ಟ ಸ್ಥಳಗಳನ್ನು ಭರ್ತಿ ಮಾಡಿ,வெற்றிடங்களை நிரப்பவும்,ખાલી જગ્યા પૂરો,خالی جگہوں کو پر کریں۔
AI,,MULTIPLE_CHOICE_QUESTIONS,Multiple Choice Questions,बहुपर्यायी प्रश्न,बहुविकल्पीय प्रश्न,ଏକାଧିକ ବିକଳ୍ପ ପ୍ରଶ୍ନ,బహుళ ఎంపిక ప్రశ్నలు,ಬಹು ಆಯ್ಕೆಯ ಪ್ರಶ್ನೆಗಳು,பல தேர்வு கேள்விகள்,વૈકલ્પિક પ્રશ્નો,متعدد انتخابی سوالات
AI,,SHORT_ANSWER_QUESTIONS,Short Answer Questions,लघु उत्तरीय प्रश्न,छोटे उत्तर वाले प्रश्न ( लघु उत्तरीय प्रश्न ),ସଂକ୍ଷିପ୍ତ ଉତ୍ତର ପ୍ରଶ୍ନ,సంక్షిప్త సమాధాన ప్రశ్నలు,ಸಣ್ಣ ಉತ್ತರ ಪ್ರಶ್ನೆಗಳು,குறுகிய பதில் கேள்விகள்,ટૂંકા જવાબ  પ્રશ્નો,مختصر جواب کے سوالات
AI,,LONG_ANSWER_QUESTIONS,Long Answer Questions,दीर्घ उत्तरीय प्रश्न,लंबे उत्तर वाले प्रश्न ( दीर्घ उत्तरीय प्रश्न ),ଲମ୍ବା ଉତ୍ତର ପ୍ରଶ୍ନ,దీర్ఘ సమాధాన ప్రశ్నలు,ದೀರ್ಘ ಉತ್ತರ ಪ್ರಶ್ನೆಗಳು,நீளமான பதில் கேள்விகள்,લાંબા જવાબ પ્રશ્નો,طویل جواب والے سوالات
AI,,UNKNOWN_SECTION,Unknown Section,अज्ञात विभाग,अपरिचित खंड,ଅଜଣା ବିଭାଗ,తెలియని విభాగం,ತಿಳಿಯದ ವಿಭಾಗ,அறியப்படாத பகுதி,અજ્ઞાત વિભાગ,نامعلوم سیکشن
AI,,GENERATED_ON,Generated on {{date}},तयार केलेले दिनांक: {{date}},{{date}} को तैयार किया गया,{{date}} ରେ ସୃଷ୍ଟି ହୋଇଛି,{{date}} న రూపొందించబడింది,{{date}} ರಂದು ರಚಿಸಲಾಗಿದೆ,உருவாக்கப்பட்ட தேதி: {{date}},{{date}} ના રોજ જનરેટ કરેલ,{{date}} کو تیار کیا گیا
AI,,PAGE_LABEL,Page {{pageNumber}} of {{totalPages}},पृष्ठ {{pageNumber}} पैकी {{totalPages}},पेज {{pageNumber}} / {{totalPages}},{{totalPages}} ମଧ୍ୟରୁ {{pageNumber}} ପୃଷ୍ଠା,{{totalPages}} లోని {{pageNumber}}వ పేజీ,ಪುಟ {{totalPages}} ದಲ್ಲಿ { pageNumber}},பக்கம் {{pageNumber}} / {{totalPages}},{{totalPages}} માંથી {{pageNumber}} પાનું,صفحہ {{pageNumber}} از {{totalPages}}
AI,,TAKE_PHOTO,Take Photo,फोटो काढा,फोटो लें,ଫଟୋ ଉଠାନ୍ତୁ,ఫోటో తీయండి,ಫೋಟೋ ತೆಗೆಯಿರಿ,புகைப்படம் எடுக்கவும்,ફોટો પાડો,تصویر لیں
AI,,LOADING_CAMERA,Loading camera...,कॅमेरा लोड होत आहे...,कैमरा लोड हो रहा है...,କ୍ୟାମେରା ଲୋଡ୍ ହେଉଛି...,కెమెరా లోడ్ అవుతోంది...,ಕ್ಯಾಮೆರಾ ಲೋಡ್ ಆಗುತ್ತಿದೆ...,கேமரா லோடாகிறது...,કૅમેરો લોડ કરી રહ્યું છે...,کیمرہ لوڈ ہو رہا ہے...
AI,,UPLOADING,Uploading...,अपलोड होत आहे...,अपलोड हो रहा है...,ଅପଲୋଡ୍ ହେଉଛି...,అప్‌లోడ్ అవుతోంది...,ಅಪ್‌ಲೋಡ್ ಮಾಡಲಾಗುತ್ತಿದೆ...,அப்லோட் ஆகிறது...,લોડ કરી રહ્યું છે...,اپ لوڈ ہو رہا ہے...
AI,,MAX_IMAGES,Max {{count}} Images,कमाल {{count}} प्रतिमा,अधिकतम {{count}} तस्वीरें,ସର୍ବାଧିକ {{count}} ପ୍ରତିଛବି,గరిష్ట {{count}} చిత్రాలు,ಲೆಕ್ಕ{{count}} ಹಾಕಿ,அதிகபட்சம் {{count}} படங்கள்,મહત્તમ {{count}} ફોટો,زیادہ سے زیادہ {{count}} تصاویر
AI,,TAKE_A_PHOTO,Take A Photo,फोटो घ्या,फोटो लें,ଗୋଟିଏ ଫଟୋ ଉଠାନ୍ତୁ,ఫోటో తీయండి,ಫೋಟೋ ತೆಗೆಯಿರಿ,புகைப்படம் எடுக்கவும்,ફોટો પાડો,ایک تصویر لیں۔
AI,,UPLOAD_A_PHOTO,Upload A Photo,फोटो अपलोड करा,फोटो अपलोड करें,ଏକ ଫଟୋ ଅପଲୋଡ୍ କରନ୍ତୁ,ఫోటోను అప్‌లోడ్ చేయండి,ಫೋಟೋ ಅಪ್‌ಲೋಡ್ ಮಾಡಿ,புகைப்படம் அப்லோட் செய்யவும்,ફોટો અપલોડ કરો,ایک تصویر اپ لوڈ کریں۔
AI,,SUBMITTING,Submitting...,सबमिट करत आहे...,सबमिट हो रहा है...,ଦାଖଲ କରାଯାଉଛି...,సమర్పిస్తోంది...,ಸಲ್ಲಿಸಲಾಗುತ್ತಿದೆ...,சமர்ப்பிக்கப்படுகிறது...,સબમિટ કરી રહ્યું છે...,جمع کر رہا ہے...
AI,,UPLOADING_FILES,Uploading Files...,फाइल्स अपलोड होत आहेत...,फाइलें अपलोड हो रही हैं...,ଫାଇଲଗୁଡ଼ିକ ଅପଲୋଡ୍ ହେଉଛି...,ఫైళ్లను అప్‌లోడ్ చేస్తోంది...,ಫೈಲ್‌ಗಳನ್ನು ಅಪ್‌ಲೋಡ್ ಮಾಡಲಾಗುತ್ತಿದೆ...,கோப்புகள் அப்லோட் ஆகின்றன...,ફાઇલો અપલોડ કરી રહ્યું છે...,فائلیں اپ لوڈ ہو رہی ہیں...
AI,,SAVE_AND_UPLOAD,Save and Upload,जतन करा आणि अपलोड करा,सेव करें और अपलोड करें,ସେଭ୍ କରି ଅପଲୋଡ୍ କରନ୍ତୁ,సేవ్ చేసి అప్‌లోడ్ చేయండి,ಸೇವ್ ಮತ್ತು ಅಪ್‌ಲೋಡ್ ಮಾಡಿ,சேமித்து அப்லோட் செய்யவும்,સેવ અને અપલોડ કરો,محفوظ کریں اور اپ لوڈ کریں۔
AI,,UPLOAD_LIMIT_EXCEEDED,You can only upload up to {{count}} images,तुम्ही फक्त {{count}} पर्यंतच फोटो अपलोड करू शकता.,आप अधिकतम {{count}} तस्वीरें ही अपलोड कर सकते हैं,ଆପଣ କେବଳ {{count}} ଟି ପର୍ଯ୍ୟନ୍ତ ଛବି ଅପଲୋଡ୍ କରିପାରିବେ।,మీరు గరిష్టంగా {{count}} చిత్రాలను మాత్రమే అప్‌లోడ్ చేయగలరు,ನೀವು (count) ಚಿತ್ರಗಳವರೆಗೆ ಮಾತ್ರ ಅಪ್‌ಲೋಡ್ ಮಾಡಬಹುದು,நீங்கள் அதிகபட்சம் {{count}} படங்கள் மட்டுமே அப்லோட் செய்யலாம்,તમે ફક્ત {{count}} ફોટો જ અપલોડ કરી શકો છો.,آپ صرف {{count}} تصاویر تک اپ لوڈ کر سکتے ہیں۔
AI,,INVALID_FILE_TYPE,"Please select valid image files (jpg, jpeg)","कृपया योग्य फोटो फाइल निवडा (jpg, jpeg).","कृपया सही इमेज फाइल (jpg, jpeg) चुनें","ଦୟାକରି ବୈଧ ଛବି ଫାଇଲ୍‌ଗୁଡ଼ିକ (jpg, jpeg) ଚୟନ କରନ୍ତୁ।","దయచేసి చెల్లుబాటు అయ్యే చిత్ర ఫైల్‌లను (jpg, jpeg) ఎంచుకోండి.","ದಯವಿಟ್ಟು ಮಾನ್ಯ ಇಮೇಜ್ ಫೈಲ್‌ಗಳನ್ನು ಆಯ್ಕೆಮಾಡಿ (jpg, jpeg)","சரியான பட கோப்புகளைத் தேர்ந்தெடுக்கவும் (jpg, jpeg)","કૃપા કરીને માન્ય ફોટો ફાઇલો (jpg, jpeg) પસંદ કરો.","براہ کرم درست تصویری فائلیں منتخب کریں (jpg, jpeg)"
AI,,FILE_SIZE_EXCEEDED,File exceeds 5MB limit. Please select a smaller file.,फाइल 5MB मर्यादेपेक्षा मोठी आहे. कृपया लहान फाइल निवडा.,फाइल 5MB से बड़ी है। कृपया छोटी फाइल चुनें।,ଫାଇଲ୍ 5MB ସୀମା ଅତିକ୍ରମ କରିଛି। ଦୟାକରି ଏକ ଛୋଟ ଫାଇଲ୍ ଚୟନ କରନ୍ତୁ।,ఫైల్ 5MB పరిమితిని మించిపోయింది. దయచేసి చిన్న ఫైల్‌ను ఎంచుకోండి.,ಫೈಲ್ 5MB ಮಿತಿಯನ್ನು ಮೀರಿದೆ. ದಯವಿಟ್ಟು ಚಿಕ್ಕ ಫೈಲ್ ಅನ್ನು ಆಯ್ಕೆಮಾಡಿ.,கோப்பு 5MB அளவை மீறுகிறது. சிறிய கோப்பைத் தேர்ந்தெடுக்கவும்,ફાઇલ 5MB ની મર્યાદા કરતાં વધુ છે. કૃપા કરીને એક નાની ફાઇલ પસંદ કરો.,فائل 5MB کی حد سے زیادہ ہے۔ براہ کرم ایک چھوٹی فائل منتخب کریں۔
AI,,IMAGES_UPLOADED_SUCCESS,Images uploaded successfully!,प्रतिमा यशस्वीरित्या अपलोड झाल्या आहेत!,तस्वीरें सफलतापूर्वक अपलोड हो गईं!,ପ୍ରତିଛବିଗୁଡିକ ସଫଳତାର ସହ ଅପଲୋଡ୍ ହୋଇଛି!,చిత్రాలు విజయవంతంగా అప్‌లోడ్ చేయబడ్డాయి!,ಚಿತ್ರಗಳನ್ನು ಯಶಸ್ವಿಯಾಗಿ ಅಪ್‌ಲೋಡ್ ಮಾಡಲಾಗಿದೆ!,படங்கள் வெற்றிகரமாக அப்லோட் செய்யப்பட்டன,ફોટો સફળતાપૂર્વક અપલોડ થઈ!,تصاویر کامیابی کے ساتھ اپ لوڈ ہو گئیں!
AI,,UPLOAD_GALLERY_FAILED,Failed to upload images from gallery. Please try again.,गॅलरीमधून प्रतिमा अपलोड करण्यात अयशस्वी. कृपया पुन्हा प्रयत्न करा.,गैलरी से तस्वीरें अपलोड नहीं हो सकीं। कृपया फिर से कोशिश करें।,ଗ୍ୟାଲେରୀରୁ ଛବିଗୁଡ଼ିକ ଅପଲୋଡ୍ କରିବାରେ ବିଫଳ ହେଲା। ଦୟାକରି ପୁଣି ଚେଷ୍ଟା କରନ୍ତୁ।,గ్యాలరీ నుండి చిత్రాలను అప్‌లోడ్ చేయడంలో విఫలమయ్యాము. దయచేసి మళ్ళీ ప్రయత్నించండి.,ಗ್ಯಾಲರಿಯಿಂದ ಚಿತ್ರಗಳನ್ನು ಅಪ್‌ಲೋಡ್ ಮಾಡಲು ವಿಫಲವಾಗಿದೆ. ದಯವಿಟ್ಟು ಮತ್ತೆ ಪ್ರಯತ್ನಿಸಿ.,கேலரியில் இருந்து படங்களை அப்லோட் செய்ய முடியவில்லை. மீண்டும் முயற்சி செய்யவும்,ગેલેરીમાંથી ફોટો અપલોડ કરવામાં નિષ્ફળ થયા. કૃપા કરીને ફરી પ્રયાસ કરો.,گیلری سے تصاویر اپ لوڈ کرنے میں ناکام۔ براہ کرم دوبارہ کوشش کریں۔
AI,,PHOTO_CAPTURED_SUCCESS,Photo captured and uploaded successfully!,फोटो काढून यशस्वीरित्या अपलोड करण्यात आला आहे!,फोटो खींचकर सफलतापूर्वक अपलोड कर दी गई है!,ଫଟୋ କ୍ୟାପଚର୍‌ ଏବଂ ସଫଳତାର ସହ ଅପଲୋଡ୍‌ କରାଯାଇଛି!,ఫోటో విజయవంతంగా తీయబడింది మరియు అప్‌లోడ్ చేయబడింది!,ಫೋಟೋ ತೆಗೆದು ಯಶಸ್ವಿಯಾಗಿ ಅಪ್‌ಲೋಡ್ ಮಾಡಲಾಗಿದೆ!,புகைப்படம் எடுத்து வெற்றிகரமாக அப்லோட் செய்யப்பட்டது,ફોટો સફળતાપૂર્વક કેપ્ચર અને અપલોડ થયો!,تصویر حاصل کی گئی اور کامیابی کے ساتھ اپ لوڈ ہو گئی!
AI,,CAMERA_UPLOAD_FAILED,Failed to upload image from camera. Please try again.,कॅमेऱ्यातून प्रतिमा अपलोड करण्यात अयशस्वी. कृपया पुन्हा प्रयत्न करा.,कैमरे से फोटो अपलोड नहीं हो सकी। कृपया फिर से कोशिश करें।,କ୍ୟାମେରାରୁ ଇମେଜ୍ ଅପଲୋଡ୍ ହୋଇପାରିଲା ନାହିଁ। ଦୟାକରି ପୁଣି ଚେଷ୍ଟା କରନ୍ତୁ।,కెమెరా నుండి చిత్రాన్ని అప్‌లోడ్ చేయడంలో విఫలమయ్యాము. దయచేసి మళ్ళీ ప్రయత్నించండి.,ಕ್ಯಾಮೆರಾದಿಂದ ಚಿತ್ರವನ್ನು ಅಪ್‌ಲೋಡ್ ಮಾಡಲು ವಿಫಲವಾಗಿದೆ. ದಯವಿಟ್ಟು ಮತ್ತೆ ಪ್ರಯತ್ನಿಸಿ.,கேமராவில் இருந்து படத்தை அப்லோட் செய்ய முடியவில்லை. மீண்டும் முயற்சி செய்யவும்,કૅમેરામાંથી ફોટો અપલોડ કરવામાં નિષ્ફળ. કૃપા કરીને ફરી પ્રયાસ કરો.,کیمرے سے تصویر اپ لوڈ کرنے میں ناکام۔ براہ کرم دوبارہ کوشش کریں۔
AI,,MISSING_REQUIRED_PARAMS,Missing required parameters. Please try again.,आवश्यक घटक उपलब्ध नाहीत. कृपया पुन्हा प्रयत्न करा.,जरूरी जानकारी पूरी नहीं है। कृपया फिर से कोशिश करें।,ଆବଶ୍ୟକୀୟ ପାରାମିଟରଗୁଡ଼ିକ ମିଳୁନାହିଁ। ଦୟାକରି ପୁଣି ଚେଷ୍ଟା କରନ୍ତୁ।,అవసరమైన పారామీటర్లు లేవు. దయచేసి మళ్ళీ ప్రయత్నించండి.,ಅಗತ್ಯವಿರುವ ಪ್ಯಾರಾಮೀಟರ್‌ಗಳು ಕಾಣೆಯಾಗಿವೆ. ದಯವಿಟ್ಟು ಮತ್ತೆ ಪ್ರಯತ್ನಿಸಿ.,தேவையான விவரங்கள் இல்லை. மீண்டும் முயற்சி செய்யவும்,જરૂરી પરિમાણો ખૂટે છે. કૃપા કરીને ફરી પ્રયાસ કરો.,مطلوبہ پیرامیٹرز غائب ہیں۔ براہ کرم دوبارہ کوشش کریں۔
AI,,UPLOAD_ONE_IMAGE_FIRST,Please upload at least one image before submitting.,कृपया सबमिट करण्यापूर्वी किमान एक प्रतिमा अपलोड करा.,सबमिट करने से पहले कम से कम एक फोटो अपलोड करें।,ଦାଖଲ କରିବା ପୂର୍ବରୁ ଦୟାକରି ଅତି କମରେ ଗୋଟିଏ ଚିତ୍ର ଅପଲୋଡ୍ କରନ୍ତୁ।,సమర్పించే ముందు కనీసం ఒక చిత్రాన్ని అప్‌లోడ్ చేయండి.,ಸಲ್ಲಿಸುವ ಮೊದಲು ಕನಿಷ್ಠ ಒಂದು ಚಿತ್ರವನ್ನು ಅಪ್‌ಲೋಡ್ ಮಾಡಿ.,சமர்ப்பிப்பதற்கு முன் குறைந்தது ஒரு படத்தை அப்லோட் செய்யவும்,સબમિટ કરતા પહેલા કૃપા કરીને ઓછામાં ઓછામાં ઓછો એક ફોટો અપલોડ કરો.,براہ کرم جمع کرانے سے پہلے کم از کم ایک تصویر اپ لوڈ کریں۔
AI,,ANSWER_SHEET_SUBMITTED,Answer sheet submitted successfully!,उत्तरपत्रिका यशस्वीरित्या सबमिट करण्यात आली आहे!,उत्तर-पुस्तिका सफलतापूर्वक जमा ( सबमिट) हो गई!,ଉତ୍ତର ପତ୍ର ସଫଳତାର ସହ ଦାଖଲ ହୋଇଛି!,జవాబు పత్రం విజయవంతంగా సమర్పించబడింది!,ಉತ್ತರ ಪತ್ರಿಕೆಯನ್ನು ಯಶಸ್ವಿಯಾಗಿ ಸಲ್ಲಿಸಲಾಗಿದೆ!,பதில் தாள் வெற்றிகரமாக சமர்ப்பிக்கப்பட்டது,આન્સર શીટ  સફળતાપૂર્વક સબમિટ થઈ.,جوابی شیٹ کامیابی کے ساتھ جمع کر دی گئی!
AI,,SUBMIT_ANSWER_SHEET_FAILED,Failed to submit answer sheet. Please try again.,उत्तरपत्रिका सादर करण्यात अयशस्वी. कृपया पुन्हा प्रयत्न करा.,उत्तर-पुस्तिका जमा  ( सबमिट) नहीं हो सकी। कृपया फिर से कोशिश करें।,ଉତ୍ତର ପତ୍ର ଦାଖଲ କରିବାରେ ବିଫଳ ହେଲା। ଦୟାକରି ପୁଣି ଚେଷ୍ଟା କରନ୍ତୁ।,జవాబు పత్రం సమర్పించడంలో విఫలమయ్యారు. దయచేసి మళ్ళీ ప్రయత్నించండి.,ಉತ್ತರ ಪತ್ರಿಕೆಯನ್ನು ಸಲ್ಲಿಸಲು ವಿಫಲವಾಗಿದೆ. ದಯವಿಟ್ಟು ಮತ್ತೆ ಪ್ರಯತ್ನಿಸಿ.,பதில் தாளை சமர்ப்பிக்க முடியவில்லை. மீண்டும் முயற்சி செய்யவும்,આન્સર શીટ સબમિટ કરવામાં નિષ્ફળ. કૃપા કરીને ફરી પ્રયાસ કરો.,جوابی پرچہ جمع کرانے میں ناکام۔ براہ کرم دوبارہ کوشش کریں۔
AI,,PAPER_LABEL,Paper:,पेपर:,पेपर:,କାଗଜ:,కాగితం:,ಪೇಪರ್,வினாத்தாள்,પેપર,پرچہ:
AI,,MAX_MARKS,Max Marks:,जास्तीत जास्त गुण:,अधिकतम अंक:,ସର୍ବାଧିକ ଚିହ୍ନ:,గరిష్ట మార్కులు:,ಗರಿಷ್ಠ ಅಂಕಗಳು:,அதிகபட்ச மதிப்பெண்:,મહત્તમ ગુણ:,زیادہ سے زیادہ نشانات:
AI,,SECTION_LABEL,Section:,विभाग:,सेक्शन:,ବିଭାଗ:,విభాగం:,ವಿಭಾಗ:,பகுதி:,વિભાગ,سیکشن:
AI,,SECTION_MAX,Section Max:,विभागातील कमाल गुण:,सेक्शन के अधिकतम अंक:,ସର୍ବାଧିକ ବିଭାଗ:,సెక్షన్ మాక్స్:,ಗರಿಷ್ಠ ವಿಭಾಗ:,பகுதி அதிகபட்ச மதிப்பெண்:,મહત્તમ વિભાગ:,سیکشن کے زیادہ سے زیادہ نشانات:
AI,,AWARDED,Awarded:,मिळालेले गुण:,दिए गए अंक:,ପୁରସ୍କୃତ:,ప్రదానం చేయబడింది:,ಪ್ರಶಸ್ತಿ ಪಡೆದವರು:,பெற்ற மதிப்பெண்:,મેળવેલ માર્કસ,دیئے گئے نشانات:
AI,,OVERALL_AWARDED,Overall Awarded:,एकूण मिळालेले गुण:,कुल दिए गए अंक:,ମୋଟ ପୁରସ୍କୃତ:,మొత్తం అవార్డు:,ಒಟ್ಟಾರೆ ಪ್ರಶಸ್ತಿ ಪಡೆದವರು:,பெற்ற மொத்த மதிப்பெண்:,કુલ મેળવેલ માર્કસ,کل دیئے گئے نشانات:
AI,,MANUAL_ASSESSMENT_REPORT,Manual Assessment Report,हस्तचालित मूल्यमापन अहवाल,मैनुअल मूल्यांकन रिपोर्ट,ମାନୁଆଲ୍ ମୂଲ୍ୟାଙ୍କନ ରିପୋର୍ଟ,మాన్యువల్ అసెస్‌మెంట్ రిపోర్ట్,ಮೌಲ್ಯಮಾಪನ ವರದಿಯ ಕೈಪಿಡಿ,கைமுறை (Manual ) மதிப்பீட்டு அறிக்கை,મેન્યુઅલ મૂલ્યાંકન રિપોર્ટ,مینول اسسمنٹ رپورٹ
USER_REGISTRATION,,ASSESSMENT_SCORES,Assessment Scores,मूल्यमापन गुण,मूल्यांकन के अंक,ମୂଲ୍ୟାଙ୍କନ ସ୍କୋର୍,అంచనా స్కోర్‌లు,ಮೌಲ್ಯಮಾಪನ ಅಂಕಗಳು,மதிப்பீட்டு மதிப்பெண்கள்,મૂલ્યાંકન સ્કોર્સ,اسسمنٹ کے نشانات
,,Select_Language_For_Learning,Select the language in which you want to learn,तुम्हाला ज्या भाषेत शिकायचे आहे ती भाषा निवडा.,"आप जिस भाषा में सीखना चाहते हैं, उसे चुनें","ଆପଣ ଯେଉଁ ଭାଷାରେ ଶିଖିବାକୁ ଚାହୁଁଛନ୍ତି, ସେହି ଭାଷାକୁ ଚୟନ କରନ୍ତୁ।",మీరు ఏ భాషలో నేర్చుకోవాలనుకుంటున్నారో ఆ భాషను ఎంచుకోండి,ನೀವು ಕಲಿಯಲು ಬಯಸುವ ಭಾಷೆಯನ್ನು ಆಯ್ಕೆಮಾಡಿ.,நீங்கள் எந்த மொழியில் கற்க விரும்புகிறீர்களோ அந்த மொழியைத் தேர்ந்தெடுக்கவும்.,તમે જે ભાષામાં શીખવા માંગો છો તે ભાષા પસંદ કરો.,آپ جس زبان میں سیکھنا چاہتے ہیں، وہ زبان منتخب کریں۔
,,Learning_Language_Info,"Content, courses, and assessments will be shown in your selected language. You can change this language anytime from the Profile section","सामग्री, अभ्यासक्रम आणि मूल्यांकन तुम्ही निवडलेल्या भाषेत दाखवले जातील. तुम्ही ही भाषा कधीही प्रोफाइल विभागातून बदलू शकता.","आपकी चुनी गई भाषा में कंटेंट, कोर्स और टेस्ट दिखाए जाएंगे। आप इस भाषा को कभी भी प्रोफ़ाइल सेक्शन से बदल सकते हैं","ବିଷୟବସ୍ତୁ, କୋର୍ସ ଏବଂ ମୂଲ୍ୟାୟନଗୁଡ଼ିକ ଆପଣ ଚୟନ କରିଥିବା ଭାଷାରେ ଦେଖାଯିବ। ଆପଣ ଏହି ଭାଷାକୁ ଯେକୌଣସି ସମୟରେ ପ୍ରୋଫାଇଲ ବିଭାଗରୁ ପରିବର୍ତ୍ତନ କରିପାରିବେ","కంటెంట్, కోర్సులు మరియు అంచనాలు మీరు ఎంచుకున్న భాషలో చూపబడతాయి. ఈ భాషను మీరు ఎప్పుడైనా ప్రొఫైల్ విభాగం నుండి మార్చుకోవచ్చు.","ನೀವು ಆಯ್ಕೆ ಮಾಡಿದ ಭಾಷೆಯಲ್ಲಿ ವಿಷಯಗಳು, ಕೋರ್ಸ್‌ಗಳು ಮತ್ತು ಮೌಲ್ಯಮಾಪನಗಳು  ತೋರಿಸಲಾಗುತ್ತದೆ.ಈ ಭಾಷೆಯನ್ನು ನೀವು ಯಾವುದೇ ಸಮಯದಲ್ಲಿ ಪ್ರೊಫೈಲ್  ವಿಭಾಗದಿಂದ ಬದಲಾಯಿಸಬಹುದು.","உள்ளடக்கம், பாடப்பிரிவுகள் மற்றும் மதிப்பீடுகள் அனைத்தும்  நீங்கள் தேர்ந்தெடுத்த மொழியில் காண்பிக்கப்படும். இந்த மொழியை நீங்கள் எப்போது வேண்டுமானாலும் சுயவிவரப் பகுதியில் மாற்றலாம்.","સામગ્રી, કોર્સ અને મૂલ્યાંકન તમારી પસંદ કરેલી ભાષામાં બતાવવામાં આવશે. તમે આ ભાષાને કોઈપણ સમયે પ્રોફાઇલ વિભાગમાંથી બદલી શકો છો.","مواد، کورسز، اور اسیسمنٹس آپ کی منتخب کردہ زبان میں دکھائے جائیں گے۔ آپ اس زبان کو کسی بھی وقت پروفائل سیکشن سے تبدیل کر سکتے ہیں۔"