Module,Submodule,Key,English,Marathi,Hindi,Odiya,Telugu,Kannada,Tamil,Gujarati,Urdu,,
,,LANGUAGE,Language ,भाषा ,भाषा ,ଭାଷା en,భాష,ಭಾಷೆ en,மொழி,ભાષા en,زبان,,
,,ENGLISH,English,इंग्रजी,अंग्रेज़ी,ଇଂରାଜୀ,ఆంగ్లం,ಇಂಗ್ಲಿಷ್,ஆங்கிலம்,અંગ્રેજી ,انگریزی,,
,,HINDI,Hindi,हिंदी,हिंदी,ହିନ୍ଦୀ,హిందీ,ಹಿಂದಿ,இந்தி,હિન્દી,ہندی,,
,,MARATHI,Marathi,मराठी,मराठी,ମରାଠୀ,మరాఠీ,ಮರಾಠಿ,மராத்தி,મરાઠી,مراٹھی,,
,,URDU,Urdu,उर्दू,उर्दू,ଉର୍ଦ୍ଦୁ,ఉర్దూ,ಉರ್ದು,உருது,ઉર્દૂ,اردو,,
,,UNIT_NAME,Unit Name,युनिटचे नाव,इकाई का नाम,ୟୁନିଟ୍ ର ନାମ,యూనిట్ పేరు,ಯೂನಿಟ್  ಹೆಸರು,அலகு பெயர்,યુનિટનું નામ ,یونٹ کا نام,,
,,TYPE_OF_CENTER,Type of Center,केंद्राचा प्रकार,सेंटर के प्रकार,ସେଣ୍ଟର ର ପ୍ରକାର,కేంద్రం రకం,ಸೆಂಟರ್ ಪ್ರಕಾರ,மையத்தின் வகை,સેન્ટરનો પ્રકાર ,مرکز کی قسم,,
,,GOOGLE MAP_LINK,Google Map Link,गूगल नकाशा लिंक,गूगल मैप लिंक,ଗୁଗୁଲ୍ ମ୍ୟାପ୍ ଲିଙ୍କ,గూగుల్ మ్యాప్ లింక్,ಗೂಗಲ್ ಮ್ಯಾಪ್ ಲಿಂಕ್,கூகுள் மேப் இணைப்பு,ગૂગલ મેપ લિંક,گوگل میپ لنک,,
,,MY_MAIN_SUBJECTS,Main subjects,माझे मुख्य विषय,मुख्य विषय,ମୁଖ୍ୟ ବିଷୟ,ప్రధాన అంశాలు,ನನ್ನ ಮುಖ್ಯ ವಿಷಯಗಳು,முக்கிய பாடங்கள்,મારા મુખ્ય વિષયો,اہم مضامین,,
,,LIFE_SKILLS,Life Skills,जीवन कौशल्ये,लाइफ स्किल्स,ଜୀବନ କୌଶଳ,లైఫ్ స్కిల్స్,ಜೀವನ ಕೌಶಲ್ಯಗಳು,வாழ்க்கை திறன்கள்,લાઇફ સ્કિલ્સ,زندگی کی مہارتیں,,
,,HOME_SCIENCE,Home Science,गृहशास्त्र,होम साइंस,ଗୃହ ବିଜ୍ଞାନ,హోమ్ సైన్స్,ಹೋಂ ಸೈನ್ಸ್ ,ஹோம் சயின்ஸ்,હોમ સાયન્સ,ہوم سائنس,,
,,MATH,Math,गणित,गणित,ଗଣିତ,గణితం,ಗಣಿತ,கணிதம்,ગણિત,ریاضی,,
,,SCIENCE,Science,विज्ञान,विज्ञान,ବିଜ୍ଞାନ,సైన్స్,ವಿಜ್ಞಾನ,அறிவியல்,વિજ્ઞાન,سائنس,,
,,SOCIAL_SCIENCE,Social Science,सामाजिक शास्त्र,सामाजिक विज्ञान,ସାମାଜିକ ବିଜ୍ଞାନ,సామాజిక శాస్త్రం,ಸಮಾಜ ವಿಜ್ಞಾನ,சமூக அறிவியல்,સામાજિક વિજ્ઞાન,"سماجی علم
",,
,,SUBJECTS_I_TEACH,Subject I Teach,मी शिकणारे विषय,विषय जो मैं पढ़ाता/पढ़ाती हूँ,ଯେଉଁ ବିଷୟ ମୁ ପଢାଏ,నేను బోధించే విషయం,ನಾನು ಕಲಿಸುವ ವಿಷಯಗಳು,நான் கற்பிக்கும் பாடம்,હું જે વિષય શીખવું છું,مضمون جو میں پڑھاتا ہوں۔,,
,,CENTER:,Center:,केंद्र:,सेंटर,ସେଣ୍ଟର୍,కేంద్రం,ಸೆಂಟರ್:,மையம்:,સેન્ટર ,مرکز:,,
,,District,District,जिल्हा,ज़िला,ଜିଲ୍ଲା,జిల్లా,ಜಿಲ್ಲೆ,மாவட்டம்,જિલ્લો,ضلع,,
,,State,State,राज्य,राज्य,ରାଜ୍ୟ,రాష్టం ,ರಾಜ್ಯ,மாநிலம்,રાજ્ય,ریاست,,
,,Village,Village,गाव,गांव,ଗାଁ,గ్రామం,ಗ್ರಾಮ,கிராமம்,ગામ,گاؤں,,
,,CENTER,Center,केंद्र,सेंटर,ସେଣ୍ଟର୍,కేంద్రం,ಸೆಂಟರ್ ,மையம்,કેન્દ્ર,مرکز,,
,,BOARD,Board,बोर्ड,बोर्ड,ବୋର୍ଡ,బోర్డ్ ,ಬೋರ್ಡ್,கல்வி வாரியம்,બોર્ડ,بورڈ,,
,,MEDIUM,Medium,माध्यम,माध्यम,ମାଧ୍ୟମ,మీడియం,ಮಾಧ್ಯಮ,பயிற்று மொழி,મીડીયમ,ذریعہ تعلیم,,
,,GRADE,Grade,इयत्ता,कक्षा,ଶ୍ରେଣୀ,స్థాయి ,ಗ್ರೇಡ್ ,வகுப்பு,કક્ષા,گریڈ,,
,,REGULAR,Regular,नियमित,नियमित,ରେଗୁଲାର୍,క్రమం తప్పకుండా ,ರೆಗ್ಯುಲರ್ ,ரெகுலர்,નિયમિત,باقاعدہ,,
,,REMOTE,Remote,दूरस्थ,दूरस्थ,ରିମୋଟ୍ ,రిమోట్,ರಿಮೋಟ್ ,ரிமோட்,દૂરથી,ریموٹ,,
,,SKILLING_CENTER_IMAGE,Sklling Center Image,स्किलिंग केंद्र फोटो ,स्किलिंग सेंटर की फोटो,ସ୍କିଲିଙ୍ଗ ସେଣ୍ଟର ଚିତ୍ର,వృత్తి నైపుణ్యాల  చిత్రం,ಕೌಶಲ್ಯ ಕೇಂದ್ರದ ಚಿತ್ರ,ஸ்கில்லிங் சென்டர் படம்,સ્કિલિંગ સેન્ટર ઇમેજ ,اسکلنگ سینٹر کی تصویر,,
,,INDUSTRY,Industry,उद्योग,उद्योग,ଉଦ୍ୟୋଗ,పరిశ్రమ,ಉದ್ಯಮ,தொழில்,ઉદ્યોગ,صنعت,,
,,GOOGLE_MAP_LINK,Google Map Link,गूगल नकाशा लिंक,गूगल मैप लिंक,ଗୁଗୁଲ୍ ମ୍ୟାପ୍ ଲିଙ୍କ,గూగుల్ మ్యాప్ లింక్,ಗೂಗಲ್ ಮ್ಯಾಪ್  ಲಿಂಕ್,கூகுள் மேப் லிங்க்,ગૂગલ મેપ લિંક,گوگل میپ لنک,,
,,ADDRESS,Address,पत्ता,पता,ଠିକଣା,చిరునామా,ವಿಳಾಸ,முகவரி,સરનામું,پتہ,,
,,DOB,Date of Birth,जन्म तारीख,जन्म तिथि,ଜନ୍ମ ତାରିଖ,పుట్టిన తేదీ,ಜನ್ಮ  ದಿನಾಂಕ,பிறந்த தேதி,જન્મ તારીખ,"تاریخ پیدائش
",,
,,SUBJECT,Subject,विषय,विषय,ବିଷୟ,విషయం,ವಿಷಯ,பாடம்,વિષય,موضوع,,
,,SELF_PLACED,Self Placed,स्वत: चे ठिकाण ,स्वयं नियुक्त,ସ୍ୱନିଯୁକ୍ତି,స్వీయ స్థానం,ಸ್ವಯಂ ಉದ್ಯೋಗಿ,சுயமாக பணியமர்த்தப்பட்டவர்,સ્વયં નિયુક્ત,"خود منتخب کردہ
",,
,,Male,Male,पुरुष,पुरुष,ପୁରୁଷ,పురుషుడు,ಪುರುಷ,ஆண்,પુરુષ,مرد,,
,,Female,Female,स्त्री,महिला,ମହିଳା,మహిళ,ಸ್ತ್ರೀ,பெண்,સ્ત્રી,عورت,,
,,Transgender,Other,ट्रान्सजेंडर,ट्रांसजेंडर,ଟ୍ରାନ୍ସଜେଣ୍ଡର,ఇతర,ಟ್ರಾನ್ಸ್ ಜೇಂಡರ್ ,மற்றவை,ટ્રાન્સજેન્ડર,دیگر,,
,,email,Email,ईमेल,ईमेल,ଇମେଲ୍,ఈమెయిల్,ಈಮೈಲ್,மின்னஞ்சல்,ઇમેલ,"ای میل
",,
,,DESIGNATION,Designation,पद,पदनाम,ପଦବି,పదవి,ಹುದ್ದೆ,பதவி,હોદ્દો ,عہدہ,,
,,Facilitator,Facilitator,फॅसिलिटेटर,सुविधाकर्ता,ଫାସିଲିଟେଟର୍,ఫెసిలిటేటర్,ಪೆಸಿಲಿಟೆಟರ್ ,ஆசிரியர்,ફેસિલિટેટર ,"فیسیلیٹیٹر (رہنما)
",,
,,English,English,इंग्रजी,अंग्रेज़ी,ଇଂରାଜୀ,ఆంగ్లం ,ಇಂಗ್ಲಿಷ್,ஆங்கிலம்,અંગ્રેજી ,انگریزی,,
,,Home Science,Home Science,गृहशास्त्र,होम साइंस,ଗୃହ ବିଜ୍ଞାନ,గృహ విజ్ఞాన శాస్త్రము,ಹೋಂ ಸೈನ್ಸ್ ,ஹோம் சயின்ஸ்,હોમ સાયન્સ,ہوم سائنس,,
,,Math,Math,गणित,गणित,ଗଣିତ,గణితం,ಗಣಿತ,கணிதம்,ગણિત,ریاضی,,
,,Language,Language,भाषा,भाषा,ଭାଷା,భాష,ಭಾಷೆ,மொழி,ભાષા,زبان,,
,,Science,Science,विज्ञान,विज्ञान,ବିଜ୍ଞାନ,విజ్ఞాన శాస్త్రం,ವಿಜ್ಞಾನ,அறிவியல்,વિજ્ઞાન,سائنس,,
,,Social Science,Social Science,सामाजिक शास्त्र,सामाजिक विज्ञान,ସାମାଜିକ ବିଜ୍ଞାନ,సామాజిక శాస్త్రం,ಸಮಾಜ ವಿಜ್ಞಾನ,சமூக அறிவியல்,સામાજિક વિજ્ઞાન,"سماجی علم
",,
,,Life Skills,Life Skills,जीवन कौशल्ये,लाइफ स्किल्स,ଜୀବନ କୌଶଳ,వృత్తి నైపుణ్యాలు ,ಜೀವನ  ಕೌಶಲ್ಯಗಳು,வாழ்க்கைத் திறன்கள்,લાઇફ સ્કિલ્સ,زندگی کی مہارتیں,,
,,Smartphone,Smartphone,स्मार्टफोन,स्मार्टफोन,ସ୍ମାର୍ଟଫୋନ୍,స్మార్ట్‌ఫోన్,ಸ್ಮಾರ್ಟ್‌ಫೋನ್,ஸ்மார்ட்போன்,સ્માર્ટફોન ,اسمارٹ فون,,
,,Keypad,Keypad,कीपॅड फोन ,कीपैड,କିପ୍ୟାଡ୍,కీప్యాడ్,ಕೀಪ್ಯಾಡ್,கீபேட்,કીપેડ,کی پیڈ,,
,,SCHOOL_INACCESSIBLE,School inaccessible,शाळा उपलब्ध नाही,विद्यालय अनुपलब्ध,ସ୍କୁଲ୍ ଅପହଞ୍ଚ,పాఠశాలకు అనుమతి లేనివారు ,ಶಾಲೆ ಲಭ್ಯವಿಲ್ಲ,பள்ளி அணுக முடியாதது,શાળા ઉપલબ્ધ નથી ,اسکول ناقابل رسائی,,
,,FINANCIAL_CONSTRAINTS,Financial Constraints,आर्थिक अडचणी,आर्थिक बाधाएँ,ଆର୍ଥିକ ସଂକଟ,ఆర్థిక పరిమితులు,ಆರ್ಥಿಕ ತೊಂದರೆಗಳು,நிதி நெருக்கடிகள்,આર્થિક મર્યાદાઓ,مالی رکاوٹیں,,
,,LACK_OF_INTEREST,Lack of Interest,रुची चा अभाव,रुचि की कमी,ଇଚ୍ଛା ନାହିଁ,ఆసక్తి లేకపోవడం,ಆಸಕ್ತಿಯ ಕೊರತೆ,ஆர்வமின்மை,રુચીનો અભાવ,عدم دلچسپی ,,
,,FAMILY_RESPONSIBILITIES,Family responsibilities,कौटुंबिक जबाबदाऱ्या,पारिवारिक जिम्मेदारियां,ପାରିବାର ର ଦାୟିତ୍ୱ,కుటుంబ బాధ్యతలు,ಕುಟುಂಬದ ಹೊಣೆಗಾರಿಕೆಗಳು,குடும்பப் பொறுப்புகள்,પરિવારની જવાબદારીઓ,خاندانی ذمہ داریاں,,
,,FAILED,Failed,नापास ,असफल,ବିଫଳ,విఫలం,ವಿಫಲವಾಗಿದೆ,தோல்வியடைந்தது,અસફળ ,ناکام,,
,,ILLNESS,Illness,आजारीपणा,बीमारी,ରୋଗ,అనారోగ్యం,ಅನಾರೋಗ್ಯ,உடல்நலக்குறைவு,બીમારી ,بیماری,,
,,MARRIAGE,Marriage,विवाह,विवाह,ବିବାହ,వివాహం,ವಿವಾಹ,திருமணம்,વિવાહ,شادی,,
,,MIGRATION,Migration,प्रवास,प्रवास,ସ୍ଥାନାନ୍ତର,వలస,ವಲಸೆ,இடம்பெயர்வு,સ્થળાંતર ,ہجرت,,
,,STARTED_VOCATIONAL_COURSE,Started vocational course,व्यावसायिक अभ्यासक्रम सुरू केला,व्यावसायिक पाठ्यक्रम शुरू किया,ଭକେସନାଲ୍ କୋର୍ସ ଆରମ୍ଭ,వృత్తి కోర్సు ప్రారంభించబడింది,ವೃತ್ತಿಪರ ಕೋರ್ಸ್ ಪ್ರಾರಂಭಿಸಲಾಗಿದೆ,தொழிற்கல்வி பயிற்சி தொடங்கியது,વ્યાવસાયિક કોર્સ શરૂ કર્યો,ووکیشنل کورس شروع کیا۔,,
,,STARTED_JOB,Started a job,नोकरी सुरू केली,नौकरी शुरू की,ଚାକିରି ଆରମ୍ଭ ,ఉద్యోగం ప్రారంభించబడింది,ಉದ್ಯೋಗ ಪ್ರಾರಂಭಿಸಲಾಗಿದೆ,வேலை தொடங்கியது,નોકરી શરૂ કરી,نوکری شروع کی,,
,,SCHOOL_CLOSURE_DUE_TO_COVID,School closure due to covid,कोविडमुळे शाळा बंद,कोविड के कारण विद्यालय बंद,କୋଭିଡ୍ ଯୋଗୁଁ ସ୍କୁଲ ବନ୍ଦ,కోవిడ్ కారణంగా పాఠశాల మూసివేత,ಕೋವಿಡ್ ಕಾರಣದಿಂದ ಶಾಲೆ ಮುಚ್ಚಲಾಗಿದೆ,கோவிட் காரணமாக பள்ளி மூடல்,COVID-19 કારણે શાળા બંધ,کوویڈ کی وجہ سےا سکول بند,,
,,ENROLLED_IN_EDUCATIONAL_INSTITUTE,Enrolled in educational institute,शैक्षणिक संस्थेत नावनोंद,शैक्षणिक संस्थान में नामांकन,ଶିକ୍ଷାନୁଷ୍ଠାନରେ ନାମ ଲେଖାଇଛି,విద్యా సంస్థలో చేరారు,ಶಿಕ್ಷಣ ಸಂಸ್ಥೆಯಲ್ಲಿ ದಾಖಲಾಗಿದ್ದಾರೆ,கல்வி நிறுவனத்தில் சேர்ந்தது,શૈક્ષણિક સંસ્થામાં નામાંકન ,تعلیمی ادارے میں داخلہ لیا۔,,
,,OWN_FARMING,Own farming,स्वत: शेती,स्वयं खेती,ନିଜସ୍ୱ ଚାଷ,సొంత వ్యవసాయం,ಸ್ವಂತ ಕೃಷಿ,சொந்த விவசாயம்,પોતાની ખેતી ,"خود کی کاشتکاری
",,
,,AGRICULTURAL_FARM_LABORER,Agricultural farm laborer,कृषी मजूर,कृषि मज़दूर,କୃଷି ଶ୍ରମିକ, వ్యవసాయ కార్మికుడు,ಕೃಷಿ ಕೂಲಿ ಕಾರ್ಮಿಕ,விவசாய பண்ணை தொழிலாளி,ખેત મજૂર,زرعی کھیت مزدور,,
,,NON_AGRICULTURAL_LABORER,Non-agricultural laborer,गैर कृषी मजूर,गैर- कृषि मज़दूर,ଅଣ-କୃଷି ଶ୍ରମିକ,వ్యవసాయేతర కార్మికుడు,ಕೃಷಿಯೇತರ ಕೂಲಿ ಕಾರ್ಮಿಕ,விவசாயமற்ற தொழிலாளி,કૃષિ સિવાયનો શ્રમિક,غیر زرعی مزدور,,
,,SALARIED_WORK,Salaried work,पगारी  काम,वेतनभुक्‍त कार्य,ଦରମାପ୍ରାପ୍ତ କାମ,జీతం పొందే పని,ಸಂಬಳದ ಉದ್ಯೋಗ,ஊதிய வேலை,પગારદાર કાર્ય,تنخواہ دار کام,,
,,SELF_EMPLOYMENT,Self-employment,स्वरोजगार,स्व-रोज़गार,ସ୍ୱନିଯୁକ୍ତି,స్వయం ఉపాధి,ಸ್ವ ಉದ್ಯೋಗ,சுய வேலைவாய்ப்பு,સ્વ-રોજગાર,خود روزگار,,
,,UNEMPLOYED_OR_DOMESTIC_WORK,Unemployed or Domestic Work,बेरोजगार किंवा घरगुती काम,बेरोज़गार या घरेलू कार्य,ବେକାର କିମ୍ବା ଘରୋଇ କାମ,నిరుద్యోగం లేదా గృహపనులు,ನಿರುದ್ಯೋಗಿ ಅಥವಾ ಗೃಹ ಕಾರ್ಯ ನಿರ್ವಹಿಸುವವರು,வேலையில்லாதவர் அல்லது வீட்டு வேலை,બેરોજગાર અથવા ગૃહકાર્ય,بے روزگار یا گھریلو کام,,
,,phone_type_accessible,Type of Phone Accessible,उपलब्ध असलेल्या फोन चा प्रकार,उपलब्ध फ़ोन का प्रकार,ଆକ୍ସେସ୍ ଯୋଗ୍ୟ ଫୋନର ପ୍ରକାର,అందుబాటులో ఉన్న ఫోన్ రకం,ಲಭ್ಯವಿರುವ ಫೋನ್‌ನ ಟೈಪ್ ,அணுகக்கூடிய தொலைபேசி வகை,ઉપલબ્ધ ફોનનો પ્રકાર,قابل رسائی فون کی قسم,,
,,PHONE_TYPE_ACCESSIBLE,Type of Phone Accessible,उपलब्ध असलेल्या फोन चा प्रकार,उपलब्ध फ़ोन का प्रकार,ଆକ୍ସେସ୍ ଯୋଗ୍ୟ ଫୋନର ପ୍ରକାର,అందుబాటులో ఉన్న ఫోన్ రకం,ಲಭ್ಯವಿರುವ ಫೋನ್‌ನ ಟೈಪ್ ,அணுகக்கூடிய தொலைபேசி வகை,ઉપલબ્ધ ફોનનો પ્રકાર,قابل رسائی فون کی قسم,,
,,WHAT_IS_YOUR_PRIMARY_WORK,What is your primary work?,तुमचे प्राथमिक काम काय आहे?,आपका मुख्य कार्य क्या है?,ତୁମର ପ୍ରାଥମିକ କାମ କ’ଣ?,మీ ప్రాధమిక  పని  ఏమిటి?,ನಿಮ್ಮ ಪ್ರಾಥಮಿಕ ಕೆಲಸ ಯಾವುದು?,உங்கள் முதன்மை வேலை என்ன?,તમારું પ્રાથમિક કાર્ય શું છે?,آپ کا بنیادی کام کیا ہے؟,,
,,UNEMPLOYED_HOUSEWIFE_DOMESTIC_WORK,"Unemployed, Housewife or Domestic Work","बेरोजगार,गृहिणी ,घरातील कामगार","बेरोजगार, गृहिणी या घरेलू कामगार","ବେକାର, ଗୃହିଣୀ କିମ୍ବା ଘରୋଇ କାମ","నిరుద్యోగం, గృహిణి లేదా గృహపనులు","ನಿರುದ್ಯೋಗಿ, ಗೃಹಿಣಿ ಅಥವಾ ಗೃಹ ಕಾರ್ಯ ನಿರ್ವಹಿಸುವವರು","வேலையில்லாதவர், இல்லத்தரசி அல்லது வீட்டு வேலை","બેરોજગાર, ગૃહિણી અથવા ઘરકામ",بے روزگار، گھریلو خاتون یا گھریلو کام,,
,,WORKING_LOCATION,Working Location,कार्यक्षेत्र,कार्यस्थल,କାର୍ଯ୍ୟସ୍ଥଳୀ ର ଲୋକେସନ୍,పని చేసే ప్రదేశం,ಕೆಲಸದ ಸ್ಥಳ,வேலை செய்யும் இடம்,કાર્યસ્થળ,کام کرنے کی جگہ,,
,,CATCHMENT_AREA,Catchment Area,पाणलोट क्षेत्र,कैचमेंट क्षेत्र,କ୍ୟାଚମେଟ୍  ଏରିଆ,పరీవాహక ప్రాంతం,ಕ್ಯಾಚ್ಮೆಂಟ್ ಏರಿಯಾ,கேட்ச்மென்ட் பகுதி,કેચમેન્ટ એરિયા,"عملی دائرۂ کار
",,
,,TYPE_OF_BATCH,Type of Batch,बॅचचा प्रकार,बैच का प्रकार,ବ୍ୟାଚର ପ୍ରକାର,బ్యాచ్ రకం,ಬ್ಯಾಚ್ ಟೈಪ್ ,பேட்ச் வகை,બેચનો પ્રકાર,بیچ کی قسم,,
SURVEYS,,SURVEYS,Surveys,सर्वेक्षण,सर्वेक्षण,ସର୍ଭେ,సర్వేలు,ಸರ್ವೇಗಳು ,கணக்கெடுப்புகள்,સર્વેક્ષણ,سروے,,
SURVEYS,,ACTIVE_SURVEYS,Active Surveys,सक्रिय सर्वेक्षण,सक्रिय सर्वेक्षण,ସକ୍ରିୟ ସର୍ଭେ,క్రియాశీల సర్వేలు,ಆಕ್ಟಿವ್ ಸರ್ವೇಗಳು ,செயலில் உள்ள கணக்கெடுப்புகள்,સક્રિય સર્વેક્ષણ,فعال سروے,,
SURVEYS,,PREVIOUS_SURVEYS,Previous Surveys,मागील सर्वेक्षण,पिछले सर्वेक्षण,ପୂର୍ବ ସର୍ଭେଗୁଡ଼ିକ,మునుపటి సర్వేలు,ಹಿಂದಿನ ಸರ್ವೇಗಳು ,முந்தைய கணக்கெடுப்புகள்,પૂર્વ સર્વેક્ષણ,پچھلا سروے,,
SURVEYS,,VILLAGES,Villages,गाव,गाँव,ଗ୍ରାମ ଗୁଡିକ,గ్రామాలు,ಗ್ರಾಮಗಳು,கிராமங்கள்,ગામો,"گاؤں / دیہات
",,
SURVEYS,,SUBMISSION,Submissions,सबमिशन,सबमिशन,ଦାଖଲ,సమర్పణలు,ಸಲ್ಲಿಸುವಿಕೆ,சமர்ப்பிப்பு,સબમિશન,"جمع کرانا
",,
SURVEYS,,SUMMARY,Summary,सारांश,सारांश,ସାରାଂଶ,సారాంశం,ಸಾರಾಂಶ,சுருக்கம்,સારાંશ,خلاصہ,,
SURVEYS,,CLOSED_ON,Closed on,बंद झाले,समाप्त हुआ,ବନ୍ଦ ହେବାର ଦିନ,మూసివేయబడింది,ಮುಚ್ಚಲಾಯಿತು,மூடப்பட்ட தேதி,બંધ થયું,پر بند,,
SURVEYS,,CLOSES_ON,Closes on,बंद होत आहे ,समाप्त होता है,ବନ୍ଦ ହେବାର ତାରିଖ,మూసివేయబడింది,ಮುಚ್ಚುವ ಸಮಯ,மூடப்படும் தேதிகள்,બંધ થયું,پر بند ہوتا ہے۔,,
SURVEYS,,TYPE_OF_PHONE_ACCESSIBLE,Type of Phone Accessible,उपलब्ध असलेल्या फोन चा प्रकार,उपलब्ध फ़ोन का प्रकार,ଆକ୍ସେସ୍ ଯୋଗ୍ୟ ଫୋନର ପ୍ରକାର,అందుబాటులో ఉన్న ఫోన్ రకం,ಲಭ್ಯವಿರುವ ಫೋನ್‌ನ ಟೈಪ್ ,அணுகக்கூடிய தொலைபேசி வகை,ઉપલબ્ધ ફોનનો પ્રકાર,قابل رسائی فون کی قسم,,
SURVEYS,,FAMILY_MEMBER_DETAILS,Family Member Details,कुटुंबातील सदस्यांची_तपशील,परिवार के सदस्य का विवरण,ପରିବାର ସଦସ୍ୟଙ୍କ ବିବରଣୀ,కుటుంబ సభ్యుల వివరాలు,ಕುಟುಂಬ ಸದಸ್ಯರ ವಿವರಗಳು,குடும்ப உறுப்பினர் விவரங்கள்,પરિવારના સભ્યની વિગતો,"افراد خاندان کی تفصیل
",,
SURVEYS,,family_member_details,Family Member Details,कुटुंबातील सदस्यांची_तपशील,परिवार के सदस्य का विवरण,ପରିବାର ସଦସ୍ୟଙ୍କ ବିବରଣୀ,కుటుంబ సభ్యుల వివరాలు,ಕುಟುಂಬ ಸದಸ್ಯರ ವಿವರಗಳು,குடும்ப உறுப்பினர் விவரங்கள்,પરિવારના સભ્યની વિગતો,"افراد خاندان کی تفصیل
",,
SURVEYS,,NOPHONE,No Phone, फोन नाही ,फोन नहीं,ଫୋନ୍ ନାହିଁ,ఫోన్ లేదు,ಫೋನ್ ಇಲ್ಲ,தொலைபேசி இல்லை,ફોન નથી,"فون نہیں ہے
",,
SURVEYS,,FATHER,Father,वडील,पिता,ପିତା,తండ్రి,ತಂದೆ,தந்தை,પિતા,"والد
",,
SURVEYS,,MOTHER,Mother,आई,माँ,ମାତା,తల్లి,ತಾಯಿ,தாய்,માતા,"والدہ
",,
SURVEYS,,SPOUSE,Spouse,बायको,जीवनसाथी,ପତି ବା ପତ୍ନି,జీవిత భాగస్వామి,ಪತಿ/ಪತ್ನಿ,மனைவி/கணவர்,જીવનસાથી,"شریکِ حیات
",,
SURVEYS,,SPOUSE_NAME,Spouse Name,बायको चे नाव ,पति/पत्नी का नाम,ପତି ବା ପତ୍ନିଙ୍କ ନାମ,జీవిత భాగస్వామి పేరు,ಪತಿ/ಪತ್ನಿ ಹೆಸರು,மனைவி/கணவர் பெயர்,પતિ/પત્નીનું નામ,شریک حیات کا نام,,
SURVEYS,,FATHER_NAME,Father Name,वडिलांचे  नाव,पिता का नाम,ପିତାଙ୍କ ନାମ,తండ్రి పేరు,ತಂದೆಯ ಹೆಸರು,தந்தை பெயர்,પિતાનું નામ,والد کا نام,,
SURVEYS,,GRADE_1,Grade 1,ग्रेड १,ग्रेड 1,ଗ୍ରେଡ୍ 1,1వ తరగతి,ಗ್ರೇಡ್ 1,1ஆம் வகுப்பு,ગ્રેડ ૧,گریڈ 1,,
SURVEYS,,GRADE_2,Grade 2,ग्रेड २,ग्रेड 2,ଗ୍ରେଡ୍ 2,2వ తరగతి,ಗ್ರೇಡ್ 2,2ஆம் வகுப்பு,ગ્રેડ 2,گریڈ 2,,
SURVEYS,,GRADE_3,Grade 3,ग्रेड ३,ग्रेड 3,ଗ୍ରେଡ୍ 3,3వ తరగతి,ಗ್ರೇಡ್ 3,3ஆம் வகுப்பு,ગ્રેડ 3,گریڈ 3,,
SURVEYS,,GRADE_4,Grade 4,ग्रेड ४,कक्षा 4,ଗ୍ରେଡ୍ 4,4వ తరగతి,ಗ್ರೇಡ್ 4,4ஆம் வகுப்பு,ગ્રેડ ૪,گریڈ 4,,
SURVEYS,,GRADE_5,Grade 5,ग्रेड ५,कक्षा 5,ଗ୍ରେଡ୍ 5,5వ తరగతి,ಗ್ರೇಡ್ 5,5ஆம் வகுப்பு,ગ્રેડ 5,گریڈ 5,,
SURVEYS,,GRADE_6,Grade 6,ग्रेड ६,वर्ग 6,ଗ୍ରେଡ୍ 6,6వ తరగతి,ಗ್ರೇಡ್ 6,6ஆம் வகுப்பு,ગ્રેડ 6,گریڈ 6,,
SURVEYS,,GRADE_7,Grade 7,ग्रेड ७,कक्षा 7,ଗ୍ରେଡ୍ 7,7వ తరగతి,ಗ್ರೇಡ್ 7,7ஆம் வகுப்பு,ગ્રેડ ૭,گریڈ 7,,
SURVEYS,,GRADE_8,Grade 8,ग्रेड ८,कक्षा 8,ଗ୍ରେଡ୍ 8,8వ తరగతి,ಗ್ರೇಡ್ 8,8ஆம் வகுப்பு,ગ્રેડ ૮,گریڈ 8,,
SURVEYS,,GRADE_9,Grade 9,ग्रेड ९,कक्षा 9,ଗ୍ରେଡ୍ 9,9వ తరగతి,ಗ್ರೇಡ್ 9,9ஆம் வகுப்பு,ધોરણ ૯,گریڈ 9,,
SURVEYS,,GRADE_10,Grade 10,ग्रेड १०,कक्षा 10,ଗ୍ରେଡ୍ 10,10వ తరగతి,ಗ್ರೇಡ್ 10,10ஆம் வகுப்பு,ધોરણ ૧૦,دسویں جماعت,,
SURVEYS,,GRADE_11,Grade 11,ग्रेड ११,कक्षा 11,ଗ୍ରେଡ୍ 11,11వ తరగతి,ಗ್ರೇಡ್ 11,11ஆம் வகுப்பு,ધોરણ ૧૧,گریڈ 11,,
SURVEYS,,GRADE_12,Grade 12,ग्रेड १२,कक्षा 12,ଗ୍ରେଡ୍ 12,12వ తరగతి,ಗ್ರೇಡ್ 12,12ஆம் வகுப்பு,ધોરણ ૧૨,گریڈ 12,,
SURVEYS,,NO_SCHOOLING,No Schooling,न शिकलेली ,कोई स्कूली शिक्षा नहीं,ସ୍କୁଲ ନାହିଁ,పాఠశాల విద్య లేదు,ಶಾಲೆಗೆ ಹೋಗಿಲ್ಲ,பள்ளி பயிற்சி இல்லை,ક્યારેય શાળા એ ગયેલ નથી ,"کبھی اسکول نہیں گیا
",,
COMMON,,L1_COURSES,L1 Courses,L1 अभ्यासक्रम,L1 पाठ्यक्रम,L1 କୋର୍ସ ଗୁଡିକ,ఎల్1 కోర్సులు,L1 ಕೋರ್ಸುಗಳು,L1 படிப்புகள்,L1 કોર્સ,L1 کورسز,,
COMMON,,EXPLORE,Explore,पडताळणी करा ,अन्वेषण करें,ଏକ୍ସପ୍ଲୋର୍‍ କରନ୍ତୁ,అన్వేషించు,ಅನ್ವೇಷಿಸಿ,ஆராயுங்கள்,એક્સ્પ્લોર કરો ,دریافت کریں۔,,
COMMON,,SURVEYS,Surveys,सर्वेक्षण,सर्वेक्षण,ସର୍ଭେ,సర్వేలు,ಸರ್ವೇಗಳು ,கணக்கெடுப்புகள்,સર્વેક્ષણ,سروے,,
COMMON,,PROFILE,Profile,प्रोफाइल,प्रोफ़ाइल,ପ୍ରୋଫାଇଲ୍,ప్రొఫైల్,ಪ್ರೊಫೈಲ್,சுயவிவரம்,પ્રોફાઇલ,پروفائل,,
COMMON,,UNITS,Units,घटक,इकाइयाँ,ୟୁୁନିଟ୍,యూనిట్లు,ಯೂನಿಟ್ಸ್ ,அலகுகள்,યુનિટ ,یونٹس,,
COMMON,,COURSES,Courses,अभ्यासक्रम,पाठ्यक्रम,କୋର୍ସ ଗୁଡ଼ିକ,కోర్సులు,ಕೋರ್ಸುಗಳು,படிப்புகள்,કોર્સ,کورسز,,
COMMON,,YES,Yes,होय,हाँ,ହଁ,అవును,ಹೌದು,ஆம்,હા,"ہاں
",,
COMMON,,ADD_NEW,Add New,नवीन जोडा,नया जोड़ें,ଏଡ୍ ନିୟୁ,కొత్తది జోడించు,ಹೊಸದನ್ನು ಸೇರಿಸಿ,புதியவற்றைச் சேர்,નવું ઉમેરો,"نیا جمع کریں
",,
COMMON,,YOU_HAVE_UNSAVED_CHANGES,You have unsaved changes. Are you sure you want to go back?,तुमचे बदल सेव झालेले नाहीत. तुम्ही निश्चितपणे मागे जाऊ इच्छिता का?,आपके पास असुरक्षित परिवर्तन हैं। क्या आप वाकई वापस जाना चाहते हैं?,ଆପଣଙ୍କର ପରିବର୍ତ୍ତନଗୁଡ଼ିକ ସେଭ୍ ହୋଇନାହିଁ। ଆପଣ କ’ଣ ସିୟର୍ ଅଛନ୍ତି ଯେ ଫେରିବାକୁ ଚାହୁଁଛନ୍ତି?,మీరు సేవ్ చేయని మార్పులు కలిగి ఉన్నారు. మీరు నిజంగా వెనక్కి వెళ్లాలనుకుంటున్నారా?,ನಿಮ್ಮ ಬದಲಾವಣೆಗಳನ್ನು ಇನ್ನೂ ಉಳಿಸಲಾಗಿಲ್ಲ. ನೀವು ಖಚಿತವಾಗಿ ಹಿಂದಿರುಗಲು ಬಯಸುವಿರಾ?,சேமிக்கப்படாத மாற்றங்கள் உள்ளன. நிச்சயமாகப் பின்னால் செல்ல விரும்புகிறீர்களா?,તમારા પાસેથી સેવ ન થયેલા બદલાવ છે. શું તમે ખરેખર પાછા જવા ઈચ્છો છો?,"آپ نے ترمیم شدہ محفوظ نہیں کیا ہے تو کیا آپ واقعی، واپس جانا چاہتے ہیں؟
",,
COMMON,,SUBMIT,Submit,सबमिट करा,प्रस्तुत करें,ସବମିଟ୍,సమర్పించు,ಸಲ್ಲಿಸಿ,சமர்ப்பி,સબમિટ કરો,"جمع کرائیں۔
",,
COMMON,,CLOSE,Close,बंद करा,बंद करें,କ୍ଲୋଜ ,మూసివేయి,ಮುಚ್ಚಿ,மூடு,બંધ કરો,بند کریں,,
COMMON,,CANCEL,Cancel,रद्द करा,रद्द करें,କେନସେଲ୍,రద్దు చేయి,ರದ್ದುಗೊಳಿ,ரத்து செய்,રદ કરો,منسوخ کریں۔,,
COMMON,,OK,OK,ठीक आहे,ठीक है,ଠିକ ଅଛି,సరే,ಸರಿ ,சரி,બરાબર,ٹھیک ہے,,
COMMON,,BACK,Back,मागे,पीछे,ବେକ୍,వెనక్కి,ಹಿಂದೆ,திரும்பிச் செல்,પાછળ,پیچھے,,
COMMON,,INPROGRESS,In-Progress,प्रगति वर आहे .,प्रगति पर,କାମ ଚାଲିଛି ,ప్రోగ్రెస్‌లో,ಪ್ರಗತಿಯಲ್ಲಿದೆ,நடந்து கொண்டிருக்கிறது,પ્રગતિમાં છે ,جاری ہے۔,,
COMMON,,SURE_LOGOUT,Are you sure you want to Logout?,तुम्हाला खरंच बाहेर पडायचं आहे का?,क्या आप वाकई लॉगआउट करना चाहते हैं?,ଆପଣ ସିୟର କି ଆପଣ ଲଗଆଉଟ୍ କରିବାକୁ ଚାହୁଁଛନ୍ତି?,మీరు నిజంగా లాగౌట్ చేయాలనుకుంటున్నారా?,ನಿಜವಾಗಿಯೂ ಲಾಗ್ಔಟ್ ಮಾಡುವುದಕ್ಕೆ ಮುಂದಾಗುತ್ತೀರಾ?,நீங்கள் வெளியேற விரும்புகிறீர்களா?,શું તમે ખરેખર લોગઆઉટ કરવા માંગો છો?,کیا آپ واقعی لاگ آؤٹ کرنا چاہتے ہیں؟,,
COMMON,,LOGOUT,Logout,बाहेर पडा,लॉगआउट,ଲଗ୍ ଆଉଟ୍,లాగౌట్,ಲಾಗ್ಔಟ್,வெளியேறு,લોગઆઉટ,لاگ آؤٹ,,
COMMON,,LOADING,Loading..,लोड करत आहे..,लोड हो रहा है..,ଲୋଡିଙ୍ଗ ,లోడ్ అవుతోంది..,ಲೋಡ್ ಮಾಡಲಾಗುತ್ತಿದೆ..,ஏற்றுகிறது..,લોડ થઈ રહ્યું છે..,لوڈ ہو رہا ہے...,,
COMMON,,FAQS,FAQ's,नियमित  विचारले जाणारे प्रश्न,अक्सर पूछे जाने वाले प्रश्न,ସାଧାରଣ ପ୍ରଶ୍ନ (FAQ),తరచుగా అడిగే ప్రశ్నలు,ಸಮಾನ್ಯವಾಗಿ ಕೇಳುವ ಪ್ರಶ್ನೆಗಳು,அடிக்கடி கேட்கப்படும் கேள்விகள்,આવશ્યક પ્રશ્નો,اکثر پوچھے گئے سوالات,,
COMMON,,SHOW_MORE,Show more ▼,अधिक दर्शवा ▼,और दिखाएं ▼,ଅଧିକ ଦେଖାନ୍ତୁ ▼,మరిన్ని చూపించు ▼,ಹೆಚ್ಚು ತೋರಿಸಿ ▼,மேலும் காட்டு ▼,વધારે દર્શાવો ▼,مزید دکھائیں ▼,,
COMMON,,SHOW_LESS,Show less ▲,कमी दर्शवा ▲,कम दिखाएं ▲,କମ୍ ଦେଖାନ୍ତୁ ▲,తక్కువ చూపించు ▲,ಕಡಿಮೆ ತೋರಿಸಿ ▲,குறைவாக காட்டு ▲,ઓછું દર્શાવો ▲,کم دکھائیں ▲,,
COMMON,,READ_MORE,Read more ▼,अधिक वाचा ▼,और पढ़ें ▼,ଅଧିକ ପଢ଼ନ୍ତୁ ▼,ఇంకా చదవండి ▼,ಹೆಚ್ಚು ಓದಿ ▼,மேலும் படி ▼,વધારે વાંચો ▼,مزید پڑھیں,,
COMMON,,READ_LESS,Read less ▲,कमी वाचा ▲,कम पढ़ें ▲,କମ୍ ପଢ଼ନ୍ତୁ ▲,తక్కువ చదవండి ▲,ಕಡಿಮೆ ಓದಿ ▲,குறைவாக படி ▲,ઓછું વાંચો ▲,کم پڑھیں,,
COMMON,,FILTER,Filter,फिल्टर,फ़िल्टर,ଫିଲ୍ଟର ,ఫిల్టర్,ಫಿಲ್ಟರ್,வடிகட்டி,ફિલ્ટર,فلٹر,,
COMMON,,ENROLL_NOW,Enroll Now,आता नावनोंद करा,अभी नामांकन करें,ବର୍ତ୍ତମାନ ପଞ୍ଜିକରଣ କରନ୍ତୁ,ఇప్పుడే నమోదు చేయండి,ಈಗ ದಾಖಲು ಮಾಡಿ,இப்போது சேருங்கள்,હવે ઉમેરાઓ,"ابھی اندراج کریں
",,
COMMON,,GO_TO_MY_PROFILE,Go to My Profile,माझ्या प्रोफाइलवर जा,मेरी प्रोफ़ाइल पर जाएं,ମୋ ପ୍ରୋଫାଇଲକୁ ଯାଆନ୍ତୁ,నా ప్రొఫైల్‌కు వెళ్లు,ನನ್ನ ಪ್ರೊಫೈಲ್‌ಗೆ ಹೋಗಿ,எனது சுயவிவரத்திற்கு செல்,મારી પ્રોફાઇલ પર જાઓ,"میری پروفائل پر جائیں
",,
COMMON,,WHAT_YOU_LL_LEARN,What You'll Learn,तुम्ही काय शिकणार आहात,आप क्या सीखेंगे,ଆପଣ କ'ଣ ଶିଖିବେ,మీరు ఏమి నేర్చుకుంటారు,ನೀವು ಏನು ಕಲಿಯುತ್ತೀರಿ,நீங்கள் கற்றுக்கொள்வது,તમે શું શીખશો,"آپ کیا سیکھنا پسند کریں گے؟
",,
COMMON,,VIEW_ALL,View All,View All,View All,ଭିଉ ଅଲ୍,అన్ని చూపించు,ಎಲ್ಲವನ್ನೂ ವೀಕ್ಷಿಸಿ,அனைத்தையும் காண்க,વધારે દર્શાવો,"تمام دیکھیں
",,
COMMON,,NO_DATA_FOUND,No data found,कोई डेटा नहीं मिला,कोई डेटा नहीं मिला,କୌଣସି ଡାଟା ମିଳିଲା ନାହିଁ,డేటా కనుగొనబడలేదు,ಯಾವುದೇ ಡೇಟಾ ಕಂಡುಬಂದಿಲ್ಲ.,தரவு எதுவும் கிடைக்கவில்லை,કોઈ ડેટા મળ્યો નથી,کوئی ڈیٹا نہیں ملا,,
COMMON,,LOAD_MORE,Load More,अधिक लोड करें,अधिक लोड करें,ଅଧିକ ଲୋଡ୍ କରନ୍ତୁ,మరిన్ని చూపించు,ಹೆಚ್ಚು ಲೋಡ್ ಮಾಡಿ,மேலும் ஏற்று,વધારે લોડ કરો,مزید لوڈ کریں۔,,
COMMON,,SKILLING_CENTERS,Skilling Centers,कौशल  केंद्र,  कौशल केंद्र,ସ୍କିଲିଙ୍ଗ ସେଣ୍ଟର ,వృత్తి కేంద్రాలు,ಕೌಶಲ್ಯ ಕೇಂದ್ರಗಳು ,ஸ்கில்லிங் சென்டர்கள்.,કૌશલ્ય કેન્દ્રો,ہنر مندی کے مراکز,,
COMMON,,SKILLING_CENTERS_NEAR_YOU,Skilling Center Near You,तुमच्या जवळचे कौशल केंद्र ,आपके निकट का कौशल केंद्र,ଆପଣଙ୍କ ନିକଟତମ ସ୍କିଲିଙ୍ଗ ସେଣ୍ଟର  ,మీకు సమీపంలో నైపుణ్య శిక్షణా కేంద్రం,ನಿಮ್ಮ ಹತ್ತಿರದಲ್ಲಿರುವ ಕೌಶಲ್ಯ ಕೇಂದ್ರ,உங்களுக்கு அருகிலுள்ள திறன் மையம்,તમારા નજીકના કૌશલ્ય કેન્દ્ર,"آپ کے نزدیک مہارت آموز مرکز
",,
COMMON,,RETURN_TO_LOGIN,Return to Login,परत लॉगिन वर जा ,लॉगिन पर वापस लौटें,ଲଗଇନକୁ ଫେରନ୍ତୁ,లాగిన్‌కు తిరిగి వెళ్లండి,ಲಾಗಿನ್‌ಗೆ ಹಿಂತಿರುಗಿ,உள்நுழைவுக்குத் திரும்பு,લોગિન પર પાછા ફરો,لاگ ان پر واپس جائیں۔,,
COMMON,,GO_TO_HOME,Go to Home,होम पेज वर  जा,होम पेज पर जाएं,ହୋମ ପେଜ୍ କୁ ଫେରନ୍ତୁ ,హోమ్‌కు వెళ్లండి,ಮುಖಪುಟಕ್ಕೆ ಹೋಗಿ,முகப்புக்குச் செல்,હોમ પર જાઓ,ہوم پر جائیں۔,,
COMMON,,YOU_DONT_HAVE_PERMISSION_TO_ACCESS_THIS_PAGE,You don't have access to this page,तुम्हाला या पेज वर  प्रवेश करण्याची परवानगी नाही.,आपको इस पेज तक पहुंचने की अनुमति नहीं है।,ଆପଣଙ୍କର ଏହି ପେଜ୍ କୁ ଆକ୍ସେସ୍ ନାହିଁ।,ఈ పేజీని యాక్సెస్ చేసే అనుమతి మీకు లేదు,ಈ ಪುಟಕ್ಕೆ ನಿಮಗೆ ಪ್ರವೇಶವಿಲ್ಲ.,இந்தப் பக்கத்திற்கான அணுகல் உங்களிடம் இல்லை.,તમારી પાસે આ પેજનો  ઍક્સેસ નથી.,آپ کو اس صفحہ تک رسائی حاصل نہیں ہے۔,,
COMMON,,ACCESS_DENIED,Access Denied,प्रवेश नाकारला,आपको अनुमति नहीं है,ଏସେସ୍ ଡିନାଇ,యాక్సెస్ నిరాకరించబడింది,ಪ್ರವೇಶ ನಿರಾಕರಿಸಲಾಗಿದೆ,அணுகல் மறுக்கப்பட்டது,પ્રવેશ નકારાયો,رسائی سے انکار کر دیا گیا۔,,
COMMON,,WELCOME,Welcome,स्वागत आहे,स्वागत है,ସ୍ୱାଗତ,స్వాగతం,ಸ್ವಾಗತ,வணக்கம்,સ્વાગત છે ,خوش آمدید,,
COMMON,,Courses,Courses,अभ्यासक्रम,पाठ्यक्रम,କୋର୍ସ ଗୁଡ଼ିକ,కోర్సులు,ಕೋರ್ಸ್‌ಗಳು,படிப்புகள்,કોર્સ ,کورسز,,
COMMON,,Content,Content,सामग्री,सामग्री,ବିଷୟବସ୍ତୁ,విషయం ,ವಿಷಯ,உள்ளடக்கம்,સામગ્રી,مواد,,
COMMON,,SUPPORT_REQUEST,Support Request,सपोर्ट विनंती ,सपोर्ट रिक्वेस्ट ,ସାହାୟତ ପାଇଁ ଅନୁରୋଧ ,సహాయం కోసం అభ్యర్థన,ಬೆಂಬಲಕ್ಕಾಗಿ  ವಿನಂತಿ,ஆதரவு கோரிக்கை,સપોર્ટ વિનંતી,"مدد کی درخواست
",,
COMMON,,SUBMIT_YOUR_REQUEST_FOR_ISSUES,Submit your request and let us assist you with any issues or concerns.,तुमच्या_विनंती_साठी_समर्थन_सबमिट करा,अपना रिक्वेस्ट फॉर्म सबमिट करें और हम आपकी किसी भी समस्या या चिंता में आपकी सहायता करेंगे।,ଆପଣଙ୍କ ଅନୁରୋଧ ଦାଖଲ କରନ୍ତୁ ଏବଂ ଯେକୌଣସି ସମସ୍ୟା କିମ୍ବା ଚିନ୍ତାରେ ଆମକୁ ଆପଣଙ୍କୁ ସାହାଯ୍ୟ କରିବାକୁ ଦିଅନ୍ତୁ।,"మీ అభ్యర్థనను సమర్పించండి, మీ సమస్యలు లేదా సందేహాలపై మేము సహాయం చేస్తాము.",ನಿಮ್ಮ ವಿನಂತಿಯನ್ನು ಸಲ್ಲಿಸಿ ಮತ್ತು ಯಾವುದೇ ಸಮಸ್ಯೆ ಅಥವಾ ಸಂದೇಹಗಳಿಗೆ ನಮ್ಮ ಸಹಾಯವನ್ನು ಪಡೆಯಿರಿ.,"உங்கள் கோரிக்கையைச் சமர்ப்பிக்கவும், ஏதேனும் சிக்கல்கள் அல்லது கவலைகளுக்கு நாங்கள் உங்களுக்கு உதவுவோம்.",તમારી વિનંતી સબમિટ કરો અને કોઈપણ સમસ્યા અથવા ચિંતાઓમાં અમને તમારી સહાય કરવા દો.,اپنی درخواست جمع کروائیں اور ہمیں کسی بھی مسائل یا خدشات میں آپ کی مدد کرنے دیں۔,,
COMMON,,WE_ARE_HERE_TO_HELP,We’re Here to Help,आम्ही मदत करण्यासाठी येथे आहोत,हम आपकी मदद के लिए यहाँ हैं,ଆମେ ସାହାଯ୍ୟ କରିବାକୁ ଅଛୁ,మేము మీకు సహాయం చేయడానికి ఇక్కడ ఉన్నాము,ಸಹಾಯ ಮಾಡಲು ನಾವು ಇಲ್ಲಿದ್ದೇವೆ,நாங்கள் உதவ இங்கே இருக்கிறோம்,અમે મદદ કરવા માટે અહીં છીએ,ہم مدد کے لیے حاضر ہیں۔,,
COMMON,,Job family,Job family,जॉब कुटुंब,कार्य वाला परिवार,ଚାକିରି ପରିବାର,ఉద్యోగ కుటుంబం,ಉದ್ಯೋಗ ಕುಟುಂಬ,பணி வகைப்பிரிவு,જોબ પરિવાર,ملازمت کرنے والا خاندان,,
COMMON,,Group Membership,Group Membership,गट सदस्यत्व,समूह सदस्यता,ଗୃପ  ମେମ୍ବରସିପ ,గ్రూప్ సభ్యత్వం,ಗುಂಪು ಸದಸ್ಯತ್ವ,குழு உறுப்பினர்,ગ્રુપ સભ્યપદ,گروپ ممبر شپ,,
COMMON,,PSU,PSU,पीएसयू,पीएसयू,ପିଏସୟୁ,పిఎస్‌యు,ಪಿಎಸ್‌ಯು,PSU,PSU ,psu,,
COMMON,,UNAUTHORIZED,You are not authorized to access this site,तुम्हाला या साईट वर  प्रवेश करण्याची परवानगी नाही.,आपको इस साइट तक पहुँचने की अनुमति नहीं है,ଆପଣ ଏହି ସାଇଟ୍‌କୁ ପ୍ରବେଶ କରିବାକୁ ସ୍ଵୀକୃତ ନୁହଁନ୍ତି।,ఈ సైట్‌ను యాక్సెస్ చేయడానికి మీకు అనుమతి లేదు,ಈ ಸೈಟ್‌ನ್ನು ಪ್ರವೇಶಿಸಲು ನಿಮಗೆ ಅನುಮತಿ ಇಲ್ಲ,இந்த தளத்தை அணுக உங்களுக்கு அங்கீகாரம் இல்லை.,તમને આ સાઇટને ઍક્સેસ કરવા માટે અનુમતિ નથી.,آپ اس سائٹ تک رسائی کے مجاز نہیں ہیں۔,,
COMMON,,For Children,For Children,मुलांसाठी,बच्चों के लिए,ପିଲାମାନଙ୍କ ପାଇଁ,పిల్లల కోసం,ಮಕ್ಕಳಿಗಾಗಿ,குழந்தைகளுக்கு,બાળકો માટે,بچوں کے لیے,,
COMMON,,Self,Self,स्वतः,खुद,ନିଜେ,నేనే,ಸ್ವಯಂ,தனது,સ્વ.,خود,,
COMMON,,FINISH_ENROLL,Finish Enroll,नोंदणी पूर्ण करा,नामांकन पूरा करें,ପଞ୍ଜିକରଣ ସମାପ୍ତ କରନ୍ତୁ,నమోదును పూర్తి చేయండి,ದಾಖಲಾತಿಯನ್ನು ಪೂರ್ಣಗೊಳಿಸಿ,பதிவை முடிக்கவும்,નોંધણી પૂર્ણ કરો,اندراج مکمل کریں۔,,
COMMON,STATUS,completed,Completed,पूर्ण झाले,पूरा हुआ,ସମ୍ପୂର୍ଣ୍ଣ,పూర్తయింది,ಪೂರ್ಣಗೊಂಡಿದೆ,முடிந்தது,પૂર્ણ થયું,"مکمل
",,
COMMON,STATUS,in_progress,In Progress,प्रगति वर,प्रगति पर,ଚାଲୁଛି,ప్రోగ్రెస్‌లో,ಪ್ರಗತಿಯಲ್ಲಿದೆ,நடந்து கொண்டிருக்கிறது,પ્રગતિ પર,جاری ہے۔,,
COMMON,STATUS,enrolled_not_started,"Enrolled, not started","नोंदणी, सुरू झालेली नाही","नामांकित, शुरू नहीं हुआ","ଭର୍ତ୍ତି, ଆରମ୍ଭ ହେଲାନାହିଁ","నమోదు చేయబడింది, ప్రారంభం కాలేదు",ದಾಖಲಾತಿಯನ್ನು  ಪ್ರಾರಂಭಿಸಿಲ್ಲ,"சேர்ந்தவர், தொடங்கவில்லை","નોંધણી, શરૂ થઈ નથી",اندراج  شروع نہیں ہوا۔,,
COMMON,STATUS,not_started,Not Started,सुरू झाले नाही,शुरू नहीं हुआ,ଆରମ୍ଭ ହେଲାନାହିଁ,ప్రారంభం కాలేదు,ಪ್ರಾರಂಭಿಸಿಲ್ಲ,தொடங்கவில்லை,શરૂ થયું નથી,شروع نہیں ہوا۔,,
COMMON,,CHANGE_USER,Change User,युजर बदला,उपयोगकर्ता बदलें,ୟୁଜର ଚେଞ୍ଜ କରନ୍ତୁ ,వినియోగదారుని మార్చండి,ಬಳಕೆದಾರರನ್ನು ಬದಲಿಸಿ,பயனரை மாற்று,વપરાશકર્તા બદલો,صارف کو تبدیل کریں۔,,
COMMON,,FETCH_USER,Fetch User,युजर  मिळवा,उपयोगकर्ता खोजें,ୟୁଜରଙ୍କୁ ଆଣିବା ,యూజర్‌ను పొందండి,ಬಳಕೆದಾರರ ಮಾಹಿತಿಯನ್ನು ಪಡೆಯಿರಿ,பயனரைப் பெறு,વપરાશકર્તા મેળવો,صارف بازیافت کریں۔,,
COMMON,,SEARCH_USER_BY_EMAIL_DESCRIPTION,Search for an existing user by email and allocate working village to them,ईमेलद्वारे युजर चा शोध घ्या आणि त्यांना कार्यरत गाव वाटून घ्या.,ईमेल के माध्यम से मौजूदा उपयोगकर्ता को खोजें और उन्हें कार्यक्षेत्र आवंटित करें।,ଇମେଲ ମାଧ୍ୟମରେ ଜଣେ ଏକଜିଷ୍ଟ  ୟୁଜରଙ୍କୁ  ଖୋଜନ୍ତୁ ଏବଂ ତାଙ୍କୁ କାର୍ଯ୍ୟରତ ଗ୍ରାମ ବଣ୍ଟନ କରନ୍ତୁ।,ఇప్పటికే ఉన్న వినియోగదారుని ఇమెయిల్ ద్వారా శోధించండి మరియు వారికి పని చేసే గ్రామాన్ని కేటాయించండి.,ಇಮೇಲ್ ಮೂಲಕ ಅಸ್ತಿತ್ವದಲ್ಲಿರುವ ಬಳಕೆದಾರರನ್ನು ಹುಡುಕಿ ಮತ್ತು ಅವರಿಗೆ ಕೆಲಸದ ಗ್ರಾಮವನ್ನು ಹಂಚಿಕೆ ಮಾಡಿ.,"மின்னஞ்சல் மூலம் ஏற்கனவே உள்ள பயனரைத் தேடி, அவர்களுக்கு வேலை செய்யும் கிராமத்தை ஒதுக்கவும்.",ઈમેલ દ્વારા હાલના વપરાશકર્તાને શોધો અને તેમને કાર્યકારી ગામ ફાળવો.,ای میل کے ذریعے موجودہ صارف کو تلاش کریں اور ان کے لیے کام کرنے والا گاؤں مختص کریں۔,,
COMMON,,CONTINUE,Continue,Continue,जारी रखें,Continue,కొనసాగించండి,Continue,தொடரவும்,ચાલુ રાખો,جاری رکھیں,,
SWITCH_ACCOUNT,,TITLE,Select Account,खाते निवडा,खाता चुनें,ଆକାଉଣ୍ଟ ସିଲେକ୍ଟ  କରନ୍ତୁ,ఖాతాను ఎంచుకోండి,ಖಾತೆಯನ್ನು ಆಯ್ಕೆಮಾಡಿ,கணக்கைத் தேர்ந்தெடுக்கவும்,એકાઉન્ટ પસંદ કરો,"اکاؤنٹ منتخب کریں
",,
SWITCH_ACCOUNT,,STEP_SELECT_TENANT,Select Tenant,टेनेंट निवडा,टेनेंट चुनें,ଭଡାଟିଆ  ସିଲେକ୍ଟ  କରନ୍ତୁ,అద్దెదారుని ఎంచుకోండి,ಬಾಡಿಗೆದಾರರನ್ನು ಆಯ್ಕೆಮಾಡಿ,டெனன்ட்டைத் தேர்ந்தெடுக்கவும்,ભાડૂઆત પસંદ કરો,کرایہ دار کو منتخب کریں۔,,
SWITCH_ACCOUNT,,STEP_SELECT_ROLE,Select Role,रोल निवडा ,भूमिका चुनें,ରୋଲ ସିଲେକ୍ଟ  କରନ୍ତୁ,పాత్రను ఎంచుకోండి,ಪಾತ್ರವನ್ನು ಆಯ್ಕೆಮಾಡಿ,பொறுப்பைத் தேர்ந்தெடு,ભૂમિકા પસંદ કરો,کردار منتخب کریں۔,,
SWITCH_ACCOUNT,,SELECT_YOUR_ORGANIZATION,Select Your Organization,संस्था निवडा,अपना संगठन चुनें,ଆପଣଙ୍କର ସଂସ୍ଥା ସିଲେକ୍ଟ କରନ୍ତୁ ,మీ సంస్థను ఎంచుకోండి,ನಿಮ್ಮ ಸಂಸ್ಥೆಯನ್ನು ಆಯ್ಕೆಮಾಡಿ,உங்கள் நிறுவனத்தைத் தேர்ந்தெடுக்கவும்,તમારી સંસ્થા પસંદ કરો,اپنی تنظیم کو منتخب کریں۔,,
SWITCH_ACCOUNT,,CHOOSE_ORGANIZATION_SUBTEXT,Choose the organization you want to access,जी संस्था तुम्हाला एक्सेस देईल ती निवडा .,वह संगठन चुनें जिसे आप एक्सेस करना चाहते हैं,ଆପଣ ଆକ୍ସେସ୍ କରିବାକୁ ଚାହୁଁଥିବା ସଂସ୍ଥା ବାଛନ୍ତୁ,మీరు యాక్సెస్ చేయాలనుకుంటున్న సంస్థను ఎంచుకోండి,ನೀವು ಪ್ರವೇಶಿಸಲು ಬಯಸುವ ಸಂಸ್ಥೆಯನ್ನು ಆಯ್ಕೆಮಾಡಿ,நீங்கள் அணுக விரும்பும் நிறுவனத்தைத் தேர்வுசெய்யவும்.,તમે જે સંસ્થાને ઍક્સેસ કરવા માંગો છો તે પસંદ કરો,وہ تنظیم منتخب کریں جس تک آپ رسائی حاصل کرنا چاہتے ہیں۔,,
SWITCH_ACCOUNT,,SELECT_ROLE_FOR,Select Role for,भूमिका निवडा,भूमिका चुनें -,ରୋଲ ସିଲେକ୍ଟ  କରନ୍ତୁ,దీని కోసం పాత్రను ఎంచుకోండి,ಇದಕ್ಕಾಗಿ ಪಾತ್ರವನ್ನು ಆಯ್ಕೆಮಾಡಿ,இதற்கான பொறுப்பைத் தேர்ந்தெடுக்கவும்,માટે ભૂમિકા પસંદ કરો,کے لیے کردار منتخب کریں۔,,
SWITCH_ACCOUNT,,CHOOSE_ROLE_SUBTEXT,Choose the role you want to access,तुम्हाला जी भूमिका पाहिजे ती निवडा .,वह भूमिका चुनें जिसे आप एक्सेस करना चाहते हैं,ଆପଣ ଯେଉଁ ରୋଲ  ପାଇବାକୁ ଚାହୁଁଛନ୍ତି ତାହା ବାଛନ୍ତୁ,మీరు యాక్సెస్ చేయాలనుకుంటున్న పాత్రను ఎంచుకోండి,ನೀವು ಪ್ರವೇಶಿಸಲು ಬಯಸುವ ಪಾತ್ರವನ್ನು ಆರಿಸಿ,நீங்கள் அணுக விரும்பும் இதற்கான பொறுப்பைத் தேர்ந்தெடுக்கவும் தேர்வுசெய்யவும்.,તમે જે ભૂમિકા મેળવવા માંગો છો તે પસંદ કરો,وہ کردار منتخب کریں جس تک آپ رسائی حاصل کرنا چاہتے ہیں۔,,
SWITCH_ACCOUNT,,ROLE_ID_LABEL,Role ID:,रोल आयडी:,रोल आईडी:,ରୋଲ  ID:,పాత్ర ID:,ಪಾತ್ರ ID:,பொறுப்பு அடையாள எண்:,ભૂમિકા ID:,"کردار کی شناخت :
",,
SWITCH_ACCOUNT,,CONFIRM_SELECTION,Confirm Selection,निवड निश्चित करा,चयन की पुष्टि करें,ସିଲେକ୍ଶନ କନଫର୍ମ କରନ୍ତୁ ,ఎంపికను నిర్ధారించండి,ಆಯ್ಕೆಯನ್ನು ದೃಢೀಕರಿಸಿ,தேர்வை உறுதிப்படுத்தவும்,પસંદગી કન્ફર્મ કરો ,انتخاب کی تصدیق کریں۔,,
LEARNER_APP,COMPLETE_PROFILE_BANNER,MESSAGE,Complete your profile so we can guide you better on your learning journey,आम्ही तुमच्या शिकण्याच्या प्रवासासाठी उत्तम मार्गदर्शन करू शकू म्हणून तुमची प्रोफाइल पूर्ण करा,अपनी प्रोफ़ाइल पूरी करें ताकि हम आपके सीखने की यात्रा में बेहतर मार्गदर्शन कर सकें,"ଆପଣଙ୍କ ପ୍ରୋଫାଇଲ୍‌ କମ୍ପଲିଟ କରନ୍ତୁ, ଯାହାଦ୍ୱାରା ଆମେ ଆପଣଙ୍କୁ ଶିକ୍ଷା ଯାତ୍ରାରେ ଭଲଭାବରେ ମାର୍ଗଦର୍ଶନ କରିପାରିବୁ।",మీ లెర్నింగ్ జర్నీలో మీకు మంచి మార్గదర్శనం అందించడానికి మీ ప్రొఫైల్‌ను పూర్తి చేయండి,ನಿಮ್ಮ ಕಲಿಕೆಯ ಪ್ರಯಾಣದಲ್ಲಿ ನಿಮಗೆ ಉತ್ತಮ ಮಾರ್ಗದರ್ಶನ ನೀಡಲು ನಿಮ್ಮ ಪ್ರೊಫೈಲ್ ಅನ್ನು ಪೂರ್ಣಗೊಳಿಸಿ.,உங்கள் கற்றல் பயணத்தில் உங்களுக்கு சிறப்பாக வழிகாட்டுவதற்கு உங்கள் சுயவிவரத்தை முழுமையாக்குங்கள்,તમારી પ્રોફાઇલ પૂર્ણ કરો જેથી અમે તમારી શીખવાની સફર માં તમને સારી રીતે માર્ગદર્શન આપી શકીએ,"اپنی پروفائل مکمل کریں تاکہ ہم آپ کے تعلیمی سفر میں بہتر رہنمائی کر سکیں۔
",,
LEARNER_APP,COMPLETE_PROFILE_BANNER,BUTTON,Complete Profile,प्रोफाइल पूर्ण करा,प्रोफ़ाइल पूरी करें,ପ୍ରୋଫାଇଲ୍ କମ୍ପଲିଟ କରନ୍ତୁ,ప్రొఫైల్ పూర్తి చేయండి,ಪ್ರೊಫೈಲ್ ಪೂರ್ಣಗೊಳಿಸಿ,சுயவிவரத்தை முழுமையாக்கு,પ્રોફાઇલ પૂર્ણ કરો,"پروفائل مکمل کریں
",,
LEARNER_APP,EDIT_PROFILE,TITLE,Edit Profile,प्रोफाइल संपादित करा,प्रोफ़ाइल संपादित करें,ପ୍ରୋଫାଇଲ୍ ଏଡିଟ କରନ୍ତୁ,ప్రొఫైల్‌ను సవరించండి,ಎಡಿಟ್ ಪ್ರೊಫೈಲ್ ,சுயவிவரத்தை திருத்து,પ્રોફાઇલ એડિટ કરો,"پروفائل میں ترمیم کریں
",,
LEARNER_APP,EDIT_PROFILE,COMPLETE_PROFILE_TITLE,Complete Your Profile,तुमची प्रोफाइल पूर्ण करा,अपनी प्रोफ़ाइल पूरी करें,ଆପଣଙ୍କ ପ୍ରୋଫାଇଲ୍ କମ୍ପଲିଟ  କରନ୍ତୁ,మీ ప్రొఫైల్‌ను పూర్తి చేయండి,ನಿಮ್ಮ ಪ್ರೊಫೈಲ್ ಪೂರ್ಣಗೊಳಿಸಿ,உங்கள் சுயவிவரத்தை முழுமையாக்கு,તમારી પ્રોફાઇલ પૂર્ણ કરો,"""اپنی پروفائل مکمل کریں۔
",,
LEARNER_APP,EDIT_PROFILE,BACKGROUND_HELP_TEXT,Help us with your background & other details,कृपया आमच्या मदतीसाठी तुमचा पार्श्वभूमी आणि इतर तपशील द्या,हमें अपने पृष्ठभूमि और अन्य विवरण बताएं,ଆପଣଙ୍କ ବେକଗ୍ରାଉଣ୍ଡ  ଓ ଅନ୍ୟାନ୍ୟ ବିବରଣୀ ସହିତ ଆମକୁ ସହଯୋଗ କରନ୍ତୁ।,మీ నేపథ్యం మరియు ఇతర వివరాలను మాతో పంచుకోండి,ನಿಮ್ಮ ಹಿನ್ನೆಲೆ ಹಾಗೂ ಇತರ ವಿವರಗಳನ್ನು ನಮಗೆ ತಿಳಿಸಿ,உங்கள் பின்னணி மற்றும் பிற தகவல்களை வழங்கவும்,અમને તમારા વિષે વિગતવાર જાણવામાં મદદ કરો,"براہِ کرم اپنا پس منظر اور دیگر معلومات فراہم کریں تاکہ ہم آپ کی بہتر رہنمائی کر سکیں۔
",,
LEARNER_APP,EDIT_PROFILE,INVALID_LINK,Invalid Link,अवैध लिंक,अमान्य लिंक,ଇନଭେଲିଡ  ଲିଙ୍କ,చెల్లని లింక్,ಅಮಾನ್ಯ ಲಿಂಕ್,தவறான இணைப்பு,અમાન્ય લિંક,غلط لنک,,
LEARNER_APP,EDIT_PROFILE,FUTURE_WORK,What do you want to become?,तुम्हाला भविष्यात काय व्हायचे आहे?,आप क्या बनना चाहते हैं?,ଭବିଷ୍ୟତରେ ଆପଣ କ’ଣ ହେବାକୁ ଚାହାଁନ୍ତି?,మీరు ఏమి కావాలనుకుంటున్నారు?,ನೀವು ಭವಿಷ್ಯದಲ್ಲಿ ಏನಾಗಲು ಬಯಸುತ್ತೀರಿ?,உங்கள் எதிர்கால இலக்கு என்ன?,તમે શું બનવા ઇચ્છો છો?,آپ کیا بننا چاہتے ہیں؟,,
LEARNER_APP,EDIT_PROFILE,ENROLL_IN_TO,Enroll in to,यामध्ये नोंदणी करा,इसमें नामांकन करें,ଏଥିରେ ପଞ୍ଜିକରଣ କରନ୍ତୁ,నమోదు చేసుకోండి,ನೋಂದಾಯಿಸಿಕೊಳ್ಳಿ,பதிவு செய்யவும்,નોંધણી કરો,میں اندراج کریں۔,,
LEARNER_APP,COMMON,L1_COURSES,L1 Courses,L1 अभ्यासक्रम,L1 पाठ्यक्रम,L1 ପାଠ୍ୟକ୍ରମ,L1 కోర్సులు,L1 ಕೋರ್ಸುಗಳು,L1 படிப்புகள்,L1 કોર્સ,L1 کورسز,,
LEARNER_APP,COMMON,EXPLORE,Explore,अन्वेषण करा,एक्सप्लोर करें,ଏକ୍ସପ୍ଲୋର ,అన్వేషించు,ಅನ್ವೇಷಿಸಿ,ஆராயுங்கள்,એક્સ્પ્લોર કરો ,دریافت کریں۔,,
LEARNER_APP,COMMON,SURVEYS,Surveys,सर्वेक्षण,सर्वेक्षण,ସର୍ଭେ,సర్వేలు,ಸರ್ವೇಗಳು ,கணக்கெடுப்புகள்,સર્વેક્ષણ,سروے,,
LEARNER_APP,COMMON,PROFILE,Profile,प्रोफाइल,प्रोफ़ाइल,ପ୍ରୋଫାଇଲ୍,ప్రొఫైల్,ಪ್ರೊಫೈಲ್,சுயவிவரம்,પ્રોફાઇલ,پروفائل,,
LEARNER_APP,COMMON,UNITS,Units,घटक,इकाइयाँ,ୟୁନିଟ ,యూనిట్లు,ಯೂನಿಟ್ಸ್ ,அலகுகள்,યુનિટ ,یونٹس,,
LEARNER_APP,COMMON,COURSES,Courses,अभ्यासक्रम,पाठ्यक्रम,ପାଠ୍ୟକ୍ରମ,కోర్సులు,ಕೋರ್ಸುಗಳು,படிப்புகள்,કોર્સ,کورسز,,
LEARNER_APP,COMMON,YES,Yes,होय,हाँ,ହଁ,అవును,ಹೌದು,ஆம்,હા,ہاں,,
LEARNER_APP,COMMON,ADD_NEW,Add New,नवीन जोडा,नया जोड़ें,ନୂତନ ଯୋଡନ୍ତୁ,కొత్తది జోడించు,ಹೊಸದನ್ನು ಸೇರಿಸಿ,புதியவற்றைச் சேர்,નવું ઉમેરો,"نیا جمع کرائیں
",,
LEARNER_APP,COMMON,YOU_HAVE_UNSAVED_CHANGES,You have unsaved changes. Are you sure you want to go back?,तुमचे बदल सेव्ह झालेले नाहीत. तुम्ही नक्की मागे जाऊ इच्छिता का?,बदलाव सहेजे नहीं गए हैं। क्या आप वाकई वापस जाना चाहते हैं?,"ତୁମେ କିଛି ପରିବର୍ତ୍ତନ କରିଛ, କିନ୍ତୁ ସେଗୁଡ଼ିକୁ ସେଭ୍‌ କରିନାହା। ତୁମେ ପଛକୁ ଯିବାକୁ ଚାହୁଁଛ କି ?",మీరు సేవ్ చేయని మార్పులు ఉన్నాయి. మీరు నిజంగా వెనక్కి వెళ్లాలనుకుంటున్నారా?,ನಿಮ್ಮ ಬಳಿ ಸುರಕ್ಷಿತ (unsaved) ಬದಲಾವಣೆಗಳಿವೆ. ಹಿಂತಿರುಗಲು ಖಚಿತವಾಗಿ ಬಯಸುತ್ತೀರಾ?,நீங்கள் சேமிக்கப்படாத மாற்றங்களை வைத்திருக்கிறீர்கள். பின்செல்ல விரும்புகிறீர்களா?,તમારા પાસેથી સેવ ન થયેલા બદલાવ છે. શું તમે ખરેખર પાછા જવા ઈચ્છો છો?,"آپ نے ترمیم کو محفوظ نہیں کیا بے تو کیا آپ واقعی، واپس جانا چاہتے ہو؟
",,
LEARNER_APP,COMMON,SUBMIT,Submit,सबमिट करा,सबमिट करें,ସବମିଟ କରନ୍ତୁ,సమర్పించు,ಸಲ್ಲಿಸಿ,சமர்ப்பி,સબમિટ કરો,جمع کروائیں۔,,
LEARNER_APP,COMMON,CLOSE,Close,बंद करा,बंद करें,କ୍ଲୋଜ କରନ୍ତୁ ,మూసివేయి,ಮುಚ್ಚಿ,மூடு,બંધ કરો,بند کریں,,
LEARNER_APP,COMMON,CANCEL,Cancel,रद्द करा,रद्द करें,କେନସିଲ କରନ୍ତୁ ,రద్దు చేయి,ರದ್ದು ಮಾಡಿ,ரத்து செய்,રદ કરો,منسوخ کریں۔,,
LEARNER_APP,COMMON,OK,OK,ठीक आहे,ठीक है,ଠିକ ଅଛି,సరే,ಸರೀ,சரி,બરાબર,ٹھیک ہے,,
LEARNER_APP,COMMON,INPROGRESS,In-Progress,चालू,प्रगति पर,ଚାଲୁଛି,పురోగతిలో,ಪ್ರಗತಿಯಲ್ಲಿ,நடந்து கொண்டிருக்கிறது,ચાલૂ છે,جاری ہے۔,,
LEARNER_APP,COMMON,LOADING,Loading..,लोड करत आहे,लोड हो रहा है,ଲୋଡ଼ ହେଉଛି,లోడింగ్...,ಲೋಡ್ ಮಾಡಲಾಗುತ್ತಿದೆ,ஏற்றுகிறது..,લોડ થઈ રહ્યું છે,لوڈ ہو رہا ہے...,,
LEARNER_APP,COMMON,SKILLING_CENTERS,Skilling Centers,कौशल्य केंद्रे,कौशल केंद्र,ସ୍କିଲିଙ୍ଗ ସେଣ୍ଟର ,నైపుణ్య కేంద్రాలు,ಕೌಶಲ್ಯ ಕೇಂದ್ರಗಳು,ஸ்கில்லிங் சென்டர்கள்,કૌશલ્ય કેન્દ્રો,ہنر مندی کے مراکز,,
LEARNER_APP,COMMON,HOME,Home,घर,घर,ଘର,ఇల్లు ,ಮರಳಿ ಪ್ರಥಮ ಪುಟಕ್ಕೆ,முகப்புப் பக்கம்,ઘર,گھر,,
LEARNER_APP,COMMON,KNOWLEDGE_BANK,Knowledge Bank,ज्ञान बँक,ज्ञान बैंक,ନଲେଜ ବ୍ୟାଙ୍କ ,నాలెడ్జ్ బ్యాంక్,ಜ್ಞಾನ ಬ್ಯಾಂಕ್,அறிவு வங்கி,નોલેજ બેંક,"معلومات کا خزانہ
",,
LEARNER_APP,COMMON,REACHOUT_TO_MENTOR,Reach out to your mentor,तुमच्या मेंटर  बरोबर  संपर्क साधा,अपने मेंटर से संपर्क करें,ଆପଣଙ୍କ ମେନ୍ଟରଙ୍କ  ସହିତ ଯୋଗାଯୋଗ କରନ୍ତୁ,మీ మెంటర్‌ను సంప్రదించండి,ನಿಮ್ಮ ಮಾರ್ಗದರ್ಶಕರನ್ನು ಸಂಪರ್ಕಿಸಿ,உங்கள் வழிகாட்டியைத் தொடர்பு கொள்ளுங்கள்,તમારા મેંટરનો સંપર્ક કરો,اپنے سرپرست سے رابطہ کریں۔,,
LEARNER_APP,COURSE,COMPLETED_ON,Completed on,पूर्ण झाले,पूरा हुआ,ସମ୍ପୂର୍ଣ୍ଣ ହେଲା,పూర్తయింది,ಪೂರ್ಣಗೊಂಡಿತು,முடிந்த தேதி,પૂર્ણ થયું,وقت پر مکمل ہوا۔,,
LEARNER_APP,COURSE,STARTED_ON,Started on,सुरू झाले,शुरू हुआ,ଆରମ୍ଭ ହେଲା,ప్రారంభించిన తేదీ,ಪ್ರಾರಂಭಗೊಂಡಿದೆ,தொடங்கிய தேதி,શરૂ થયું,وقت پر شروع ہوا۔,,
LEARNER_APP,COURSE,GET_STARTED,Get Started with L1 Courses,L1 अभ्यासक्रम सुरू करा,L1 पाठ्यक्रम शुरू करें,L1 ପାଠ୍ୟକ୍ରମ ଆରମ୍ଭ କରନ୍ତୁ,L1 కోర్సులతో ప్రారంభించండి,L1 ಕೋರ್ಸು ಪ್ರಾರಂಭಿಸಿ ,L1 படிப்புகளுடன் தொடங்குங்கள்,L1 કોર્સ શરૂ કરો,"L1 کورسز سے شروع کریں۔
",,
LEARNER_APP,COURSE,GET_STARTED_CLUB_COURSES,Get Started with Camp to Club Courses/Contents,कॅम्प टू क्लब अभ्यासक्रम/सामग्रीसह सुरुवात करा,कैंप टू क्लब कोर्स/सामग्री के साथ शुरुआत करें,କ୍ୟାମ୍ପ ଟୁ କ୍ଲବ ପାଠ୍ୟକ୍ରମ / ବିଷୟବସ୍ତୁ ସହିତ ଆରମ୍ଭ କରନ୍ତୁ,క్యాంప్ టు క్లబ్ కోర్సులు/విషయాలతో ప్రారంభించండి,ಶಿಬಿರದಿಂದ ಕ್ಲಬ್ ಕೋರ್ಸ್‌ಗಳು/ವಿಷಯಗಳೊಂದಿಗೆ ಪ್ರಾರಂಭಿಸಿ,கேம்ப் டு கிளப் பாடங்களைத் தொடங்குங்கள்,કેમ્પ ટુ ક્લબ અભ્યાસક્રમો/સામગ્રી સાથે શરૂઆત કરો,"کیمپ ٹو کلب کے کورسز/مواد کا آغاز کریں۔
",,
LEARNER_APP,COURSE,EXPLORE_MORE_COURSES,Explore More Courses,अधिक अभ्यासक्रम एक्सप्लोर करा,और भी कोर्स देखें,ଅଧିକ ପାଠ୍ୟକ୍ରମ ଏକ୍ସପ୍ଲୋର୍ କରନ୍ତୁ,మరిన్ని కోర్సులను అన్వేషించండి,ಹೆಚ್ಚಿನ ಕೋರ್ಸ್‌ಗಳನ್ನು ಅನ್ವೇಷಿಸಿ,மேலும் படிப்புகளை ஆராயுங்கள்,વધુ અભ્યાસક્રમો એક્સ્પ્લોર કરો,مزید کورسز دریافت کریں۔,,
LEARNER_APP,COURSE,EXPLORE_ADDITIONAL_RESOURCES,Explore Additional Resources & Materials,अतिरिक्त संसाधने आणि साहित्य एक्सप्लोर करा,अतिरिक्त संसाधन और सामग्री देखें,ଆଡ଼ିସ୍ନାଲ ଋଷିର୍ସ  ଏବଂ ବିଷୟବସ୍ତୁ  ଏକ୍ସପ୍ଲୋର୍ କରନ୍ତୁ,అదనపు వనరులు & సామగ్రిని అన్వేషించండి,ಹೆಚ್ಚುವರಿ ಸಂಪನ್ಮೂಲಗಳು ಮತ್ತು ಸಾಮಗ್ರಿಗಳನ್ನು ಅನ್ವೇಷಿಸಿ,கூடுதல் வளங்கள் & பொருட்களை ஆராயுங்கள்,વધારાના સંસાધનો અને સામગ્રી એક્સ્પ્લોર  કરો,اضافی وسائل اور مواد دریافت کریں۔,,
LEARNER_APP,COURSE,SECOND_CHANCE_REGISTRATION_MESSAGE,"Thank you for registering for the second chance program. Our team will get in touch with you soon. Till then, you can explore the courses available.","सेकंड चान्स कार्यक्रमासाठी नोंदणी केल्याबद्दल धन्यवाद. आमची टीम लवकरच तुमच्याशी संपर्क साधेल. तोपर्यंत, उपलब्ध अभ्यासक्रमांची माहिती तुम्ही पाहू शकता.","सेकंड चांस प्रोग्राम के लिए पंजीकरण करने के लिए धन्यवाद। हमारी टीम जल्द ही आपसे संपर्क करेगी। तब तक, आप उपलब्ध पाठ्यक्रमों के बारे में जानकारी प्राप्त कर सकते हैं।","ସେକେଣ୍ଡ ଚାନ୍ସ ପ୍ରୋଗ୍ରାମରେ  ପଞ୍ଜିକରଣ କରିଥିବା  ପାଇଁ ଧନ୍ୟବାଦ। ଆମର ଟିମ ଖୁବ୍ ଶୀଘ୍ର ଆପଣଙ୍କ ସହିତ ଯୋଗାଯୋଗ କରିବ। ସେପର୍ଯ୍ୟନ୍ତ, ଆପଣ ଉପଲବ୍ଧ ପାଠ୍ୟକ୍ରମଗୁଡ଼ିକ ଅନୁସନ୍ଧାନ କରିପାରିବେ।",సెకండ్ ఛాన్స్ ప్రోగ్రామ్‌కు నమోదు చేసుకున్నందుకు ధన్యవాదాలు. మా బృందం త్వరలో మీతో సంప్రదిస్తుంది. అంతవరకు అందుబాటులో ఉన్న కోర్సులను మీరు అన్వేషించవచ్చు.,"ಸೆಕಂಡ್ ಚಾನ್ಸ್  ಕಾರ್ಯಕ್ರಮಕ್ಕೆ ನೋಂದಾಯಿಸಿಕೊಂಡಿದ್ದಕ್ಕಾಗಿ ಧನ್ಯವಾದಗಳು. ನಮ್ಮ ತಂಡವು ಶೀಘ್ರದಲ್ಲೇ ನಿಮ್ಮನ್ನು ಸಂಪರ್ಕಿಸುತ್ತದೆ. ಅಲ್ಲಿಯವರೆಗೆ, ನೀವು ಲಭ್ಯವಿರುವ ಕೋರ್ಸ್‌ಗಳನ್ನು ಅನ್ವೇಷಿಸಬಹುದು.","செகண்ட் சான்ஸ் திட்டத்தில் பதிவு செய்ததற்கு நன்றி. எங்கள் குழு விரைவில் உங்களைத் தொடர்புகொள்ளும். அதுவரை, கிடைக்கக்கூடிய பாடங்களைப் பார்வையிடலாம்.","સેકન્ડ ચાંસ કાર્યક્રમ માટે નોંધણી કરાવવા બદલ આભાર. અમારી ટીમ ટૂંક સમયમાં તમારો સંપર્ક કરશે. ત્યાં સુધી, તમે ઉપલબ્ધ કોર્સ કરી શકો છો.",سیکنڈ چانس کے پروگرام کے لیے اندراج کے لیے آپ کا شکریہ۔ ہماری ٹیم جلد ہی آپ سے رابطہ کرے گی۔ تب تک، آپ دستیاب کورسز کو تلاش کر سکتے ہیں۔,,
LEARNER_APP,COURSE,PLAYSTORE_DOWNLOAD_MESSAGE,You can download the app from {playStoreLink} to access your account also.,तुमच्या खात्यात प्रवेश करण्यासाठी तुम्ही {playStoreLink} येथून app डाउनलोड करू शकता.,आप अपने खाते तक पहुंचने के लिए {playStoreLink} से ऐप डाउनलोड कर सकते हैं।,ଆପଣ ଆପଣଙ୍କର ଆକାଉଣ୍ଟକୁ ଆକ୍ସେସ୍ କରିବା ପାଇଁ {ପ୍ଲେ ଷ୍ଟୋରରୁ } ଆପ୍ ଡାଉନଲୋଡ୍ କରିପାରିବେ।,మీ ఖాతాను యాక్సెస్ చేయడానికి {playStoreLink} నుండి యాప్‌ను డౌన్‌లోడ్ చేసుకోవచ్చు.,ನಿಮ್ಮ ಖಾತೆಯನ್ನು ಪ್ರವೇಶಿಸಲು ನೀವು {playStoreLink} ನಿಂದ ಅಪ್ಲಿಕೇಶನ್ ಅನ್ನು ಡೌನ್‌ಲೋಡ್ ಮಾಡಬಹುದು.,"உங்கள் கணக்கை அணுக, {playStoreLink} இலிருந்து செயலியைப் பதிவிறக்கம் செய்யலாம்.",તમે તમારા એકાઉન્ટને ઍક્સેસ કરવા માટે {playStoreLink} પરથી એપ્લિકેશન ડાઉનલોડ કરી શકો છો.,آپ اپنے اکاؤنٹ تک رسائی کے لیے {playStoreLink} سے ایپ ڈاؤن لوڈ کر سکتے ہیں۔,,
LEARNER_APP,COURSE,FILTER_BY,Filter by, फिल्टर करा,के अनुसार फ़िल्टर करें,ଫିଲ୍ଟର  କରନ୍ତୁ ,ఫిల్టర్ చేయండి, ಫಿಲ್ಟರ್ ಮಾಡಿ,வடிகட்டு,દ્વારા ફિલ્ટર કરો,کے لحاظ سے فلٹر کریں۔,,
LEARNER_APP,COURSE,CLEAR_FILTER,Clear Filter,फिल्टर काढा.,फ़िल्टर साफ़ करें,ଫିଲ୍ଟର କ୍ଲିୟର କରନ୍ତୁ ,ఫిల్టర్‌ను తొలగించు,ಫಿಲ್ಟರ್ ಕ್ಲಿಯರ್ ,வடிகட்டியை நீக்கு,ફિલ્ટર સાફ કરો,فلٹر صاف کریں۔,,
LEARNER_APP,COURSE,APPLY_FILTER,Apply Filter,फिल्टर लागू करा,फिल्टर लागू करें,ଫିଲ୍ଟର ଲଗାନ୍ତୁ,ఫిల్టర్ వర్తింపజేయి,ಫಿಲ್ಟರ್ ಅನ್ನು ಅನ್ವಯಿಸಿ,வடிகட்டியைப் பயன்படுத்து,ફિલ્ટર લાગુ કરો,فلٹر لگائیں۔,,
LEARNER_APP,COURSE,DONE,Done,पूर्ण झाले,पूरा हुआ,ସମ୍ପୂର୍ଣ୍ଣ,పూర్తయింది,ಮುಗಿದಿದೆ,முடிந்தது,પૂર્ણ,ہو گیا,,
LEARNER_APP,EXPLORE,EXPLORE_ADDITIONAL_COURSES,Explore Additional Courses,अतिरिक्त अभ्यासक्रम पाहा,अतिरिक्त पाठ्यक्रम देखें,ଆଡିସ୍ନାଲ  କୋର୍ସଗୁଡିକୁ ଏକ୍ସପ୍ଲୋର କରନ୍ତୁ ,అదనపు కోర్సులను అన్వేషించండి,ಹೆಚ್ಚಿನ ಕೋರ್ಸುಗಳನ್ನು ಅನ್ವೇಷಿಸಿ,கூடுதல் படிப்புகளை ஆராயுங்கள்,બીજા કોર્સ શોધો ,اضافی کورسز دریافت کریں۔,,
LEARNER_APP,HOME,WELCOME_TITLE,Welcome to Pratham myLearning!,Pratham myLearning मध्ये तुमचे स्वागत आहे!,Pratham myLearning में आपका स्वागत है!,Pratham myLearning କୁ ସ୍ବାଗତ!,ప్రథమ్ మైలెర్నింగ్‌కు స్వాగతం!,Pratham myLearningಗೆ ಸ್ವಾಗತ!,பிரதம் மைலேர்னிங்கிற்கு வரவேற்கிறோம்!,Pratham myLearning માં આપનું સ્વાગત છે!,پرتھم مائی لرننگ میں خوش آمدید!,,
LEARNER_APP,HOME,WELCOME_SUBTITLE,Your Learning Journey begins here,येथून तुमची शिकण्याची यात्रा सुरू होते,यहाँ से आपकी सीखने की यात्रा शुरू होती है,ଏଠାରୁ ଆପଣଙ୍କର ଶିକ୍ଷା ଯାତ୍ରା ଆରମ୍ଭ ହୁଏ,మీ లెర్నింగ్ జర్నీ ఇక్కడ ప్రారంభమవుతుంది,ಇಲ್ಲಿ ನಿಮ್ಮ ಕಲಿಕಾ ಪ್ರಯಾಣ ಪ್ರಾರಂಭವಾಗುತ್ತದೆ,உங்கள் கற்றல் பயணம் இங்கு தொடங்குகிறது,અહીંથી તમારી શીખવાની સફર શરૂ થાય છે,آپ کا سیکھنے کا سفر یہاں سے شروع ہوتا ہے۔,,
LEARNER_APP,HOME,SIGN_UP_BUTTON,Sign Up for Program Now!,आता प्रोग्रामसाठी साइन अप करा.,अभी प्रोग्राम के लिए साइन अप करें!,ବର୍ତ୍ତମାନ ପ୍ରୋଗ୍ରାମ୍ ପାଇଁ ସାଇନ୍-ଅପ୍ କରନ୍ତୁ!,ఇప్పుడు ప్రోగ్రామ్ కోసం సైన్ అప్ చేయండి!,ಕಾರ್ಯಕ್ರಮಕ್ಕೆ ಈಗಲೇ ಸೈನ್ ಅಪ್ ಮಾಡಿ!,இப்போது திட்டத்தில் பதிவு செய்யுங்கள்!,હવે કાર્યક્રમ માટે સાઇન અપ કરો!,ابھی پروگرام کے لیے سائن اپ کریں!,,
LEARNER_APP,HOME,ALREADY_SIGNED_UP,Already signed up?,आधीच साइन अप केले आहे का?,पहले से साइन अप किया हुआ?,ପୂର୍ବରୁ ସାଇନ୍-ଅପ୍ ହୋଇଛି?,ఇప్పటికే సైన్ అప్ చేసారా?,ಈಗಾಗಲೇ ಸೈನ್ ಅಪ್ ಆಗಿದ್ದೀರಾ?,ஏற்கனவே பதிவு செய்துவிட்டீர்களா?,પહેલેથી સાઇન અપ કરેલ છે? ,لاگ ان کریں۔,,
LEARNER_APP,HOME,LOGIN_LINK,Click here to login,लॉगिन करण्यासाठी येथे क्लिक करा,लॉगिन के लिए यहाँ क्लिक करें,ଲଗିନ୍ ପାଇଁ ଏଠାକୁ କ୍ଲିକ୍ କରନ୍ତୁ,లాగిన్ చేయడానికి ఇక్కడ క్లిక్ చేయండి,ಲಾಗಿನ್ ಮಾಡಲು ಇಲ್ಲಿ ಕ್ಲಿಕ್ ಮಾಡಿ,உள்நுழைய இங்கே கிளிக் செய்யவும்,લોગિન કરવા અહીં ક્લિક કરો,لاگ ان کرنے کے لیے یہاں کلک کریں۔,,
LEARNER_APP,HOME,GET_THE_APP,Get the App,App मिळवा,एप्लिकेशन प्राप्त करें,ଆପ୍ ପାଆନ୍ତୁ,యాప్‌ను పొందండి,ಅಪ್ಲಿಕೇಶನ್‌ನ್ನು ಪಡೆಯಿರಿ,பயன்பாட்டைப் பெறு,એપ્લિકેશન મેળવો,ایپ حاصل کریں۔,,
LEARNER_APP,HOME,POINT_CAMERA,Point your phone camera here,तुमचा फोन कॅमेरा येथे ठेवा,अपना फोन कैमरा यहाँ रखें,ଆପଣଙ୍କର ଫୋନ୍ କ୍ୟାମେରା ଏଠାରେ ରଖନ୍ତୁ,మీ ఫోన్ కెమెరాను ఇక్కడ సూచించండి,ನಿಮ್ಮ ಫೋನ್ ಕ್ಯಾಮೆರಾವನ್ನು ಇಲ್ಲಿ ಇರಿಸಿ,உங்கள் தொலைபேசி கேமராவை இங்கே சுட்டிக்காட்டவும்,તમારો ફોન કેમેરા અહીં રાખો ,اپنے فون کیمرہ کو یہاں رکھیں,,
LEARNER_APP,HOME,OR,OR,किंवा,या,କିମ୍ବା,లేదా,ಅಥವಾ,அல்லது,અથવા,یا,,
LEARNER_APP,HOME,SEARCH_PLAYSTORE,"Search ""Pratham myLearning"" on Playstore","प्लेस्टोअरमध्ये ""Pratham myLearning"" शोधा","""Pratham myLearning"" को प्लेस्टोर पर खोजें","""Pratham myLearning""କୁ ପ୍ଲେସ୍ଟୋର୍ରେ ଖୋଜନ୍ତୁ","ప్లేస్టోర్‌లో ""ప్రథమ్ మైలెర్నింగ్"" శోధించండి","""Pratham myLearning"" ಅನ್ನು ಪ್ಲೇಸ್ಟೋರ್‌ನಲ್ಲಿ ಹುಡುಕಿ","Playstore இல் ""பிரதம் மைலேர்னிங்"" என தேடவும்","""Pratham myLearning"" પ્લેસ્ટોર પર શોધો","پلے اسٹور پر ""Pratham myLearning"" تلاش کریں۔",,
LEARNER_APP,HOME,ABOUT_PRATHAM_TITLE,About Pratham,Pratham बद्दल,Pratham के बारे में,ପ୍ରଥମ  ବିଷୟରେ,ప్రథమ్ గురించి,ಪ್ರಥಮ್ ಬಗ್ಗೆ,பிரதம் பற்றி,Pratham વિશે,پرتھم کے بارے میں,,
LEARNER_APP,HOME,ABOUT_PRATHAM_DESC,"Pratham addresses gaps in education systems with innovative, low-cost, replicable interventions that span the age spectrum. Working both directly and through government systems, these programs collectively reach millions of children and thousands of school dropouts each year. In “direct” work, a Pratham instructor works with children either in the school or in the community, whereas the “partnership” model involves Pratham teams working closely with government teams at the state, district or city level to design and implement programs. Pratham’s approach to improving learning outcomes continues to serve as a model, both within India and beyond.","प्रथम ही संस्था शिक्षण व्यवस्थेतील उणिवा दूर करण्यासाठी नाविन्यपूर्ण, कमी खर्चिक आणि सहजपणे इतर ठिकाणीही राबवता येतील अशा उपक्रमांवर काम करते. हे उपक्रम विविध वयोगटांतील मुलांसाठी आहेत. थेट काम तसेच शासकीय यंत्रणांसोबत भागीदारीत काम करून, हे कार्यक्रम दरवर्षी लाखो मुलांपर्यंत आणि हजारो शाळाबाह्य मुलांपर्यंत पोहोचतात.
""थेट"" (Direct) कामाच्या पद्धतीत, प्रथमचे प्रशिक्षक शाळेत किंवा समुदायामध्ये मुलांसोबत प्रत्यक्ष काम करतात. तर ""भागीदारी"" (Partnership) पद्धतीत, प्रथमची टीम राज्य, जिल्हा किंवा शहर स्तरावरील शासकीय पथकांसोबत जवळून काम करून कार्यक्रमांची रचना आणि अंमलबजावणी करते.शिक्षणातील शिकण्याचे परिणाम सुधारण्यासाठी प्रथमने विकसित केलेली कार्यपद्धती भारतात तसेच आंतरराष्ट्रीय स्तरावरही एक आदर्श मॉडेल म्हणून ओळखली जाते.","Pratham शिक्षा प्रणालियों में अंतर को शिक्षण, कम-लागत, दोहराने योग्य हस्तक्षेपों के साथ भरता है जो आयु स्पेक्ट्रम में फैले होते हैं। प्रत्यक्ष कार्य में, एक Pratham प्रशिक्षक बच्चों के साथ स्कूल या समुदाय में काम करता है, जबकि साझेदारी मॉडल में Pratham टीमें राज्य, जिला या शहर स्तर पर सरकारी टीमों के साथ मिलकर कार्यक्रमों को डिज़ाइन और कार्यान्वित करती हैं। सीखने के परिणामों में सुधार के लिए Pratham का दृष्टिकोण भारत में और विदेशों में एक मॉडल के रूप में कार्य करता है।","ପ୍ରଥମ (Pratham) ଶିକ୍ଷା ବ୍ୟବସ୍ଥାରେ ଥିବା ବିଭିନ୍ନ ଅଭାବ ଓ ଚ୍ୟାଲେଞ୍ଜଗୁଡ଼ିକୁ ନୂତନ, କମ୍ ଖର୍ଚ୍ଚସାଧ୍ୟ ଏବଂ ଅନ୍ୟତ୍ର ସହଜରେ ପ୍ରୟୋଗଯୋଗ୍ୟ ପଦକ୍ଷେପ ମାଧ୍ୟମରେ ସମାଧାନ କରିବାକୁ କାମ କରେ। ଏହି ପଦକ୍ଷେପଗୁଡ଼ିକ ଶିଶୁଠାରୁ ଆରମ୍ଭ କରି ବିଭିନ୍ନ ବୟସ୍କ ଗୋଷ୍ଠୀକୁ ଅନ୍ତର୍ଭୁକ୍ତ କରେ। ପ୍ରଥମ ନିଜସ୍ୱ ଭାବରେ ଏବଂ ସରକାରୀ ବ୍ୟବସ୍ଥା ସହ ମିଶି କାର୍ଯ୍ୟ କରି ପ୍ରତିବର୍ଷ ସମୁଦାୟ ଭାବେ ଲକ୍ଷ ଲକ୍ଷ ଶିଶୁ ଏବଂ ହଜାର ହଜାର ବିଦ୍ୟାଳୟ ଛାଡ଼ିଥିବା ଶିଶୁଙ୍କ ପାଖରେ ପହଞ୍ଚୁଛି।

""ପ୍ରତ୍ୟକ୍ଷ"" (Direct) କାର୍ଯ୍ୟପଦ୍ଧତିରେ, ପ୍ରଥମର ଜଣେ ପ୍ରଶିକ୍ଷକ ବିଦ୍ୟାଳୟ କିମ୍ବା ସମୁଦାୟ ସ୍ତରରେ ଶିଶୁମାନଙ୍କ ସହ ସିଧାସଳଖ ଭାବରେ କାମ କରନ୍ତି। ଅନ୍ୟପକ୍ଷରେ, ""ସହଭାଗିତା"" (Partnership) ମଡେଲରେ ପ୍ରଥମର ଟିମ୍ ରାଜ୍ୟ, ଜିଲ୍ଲା କିମ୍ବା ସହର ସ୍ତରର ସରକାରୀ ଟିମ୍ ସହ ଘନିଷ୍ଠ ଭାବରେ କାମ କରି କାର୍ଯ୍ୟକ୍ରମଗୁଡ଼ିକର ଯୋଜନା ପ୍ରସ୍ତୁତି ଏବଂ କାର୍ଯ୍ୟାନ୍ୱୟନ କରେ।

ଶିକ୍ଷାର ଫଳାଫଳରେ ଉନ୍ନତି ଆଣିବା ପାଇଁ ପ୍ରଥମର ଏହି ଦୃଷ୍ଟିକୋଣ ଭାରତରେ ଏବଂ ଭାରତ ବାହାରେ ମଧ୍ୟ ଏକ ଆଦର୍ଶ ମଡେଲ ଭାବେ ନିରନ୍ତର ଭାବରେ ପରିଗଣିତ ହେଉଛି।","ప్రథమ్, అన్ని వయసుల వారికి వర్తించే వినూత్నమైన, తక్కువ ఖర్చుతో కూడిన, పునరావృతం చేయగల కార్యక్రమాల ద్వారా విద్యా వ్యవస్థలలోని లోపాలను పరిష్కరిస్తుంది. ప్రత్యక్షంగా మరియు ప్రభుత్వ వ్యవస్థల ద్వారా పనిచేస్తూ, ఈ కార్యక్రమాలు ప్రతి సంవత్సరం లక్షలాది మంది పిల్లలను మరియు వేలాది మంది బడి మానేసిన వారిని చేరుకుంటున్నాయి. ""ప్రత్యక్ష"" విధానంలో, ప్రథమ్ బోధకుడు పాఠశాలలో లేదా సమాజంలో పిల్లలతో కలిసి పనిచేస్తాడు. అయితే ""భాగస్వామ్య"" నమూనాలో, కార్యక్రమాలను రూపొందించి, అమలు చేయడానికి ప్రథమ్ బృందాలు రాష్ట్ర, జిల్లా లేదా నగర స్థాయిలో ప్రభుత్వ బృందాలతో సన్నిహితంగా కలిసి పనిచేస్తాయి. అభ్యసన ఫలితాలను మెరుగుపరచడంలో ప్రథమ్ అనుసరిస్తున్న విధానం, భారతదేశంలోనే కాకుండా వెలుపల కూడా ఒక ఆదర్శంగా నిలుస్తూనే ఉంది.","Pratham ಶಿಕ್ಷಣ ವ್ಯವಸ್ಥೆಗಳಲ್ಲಿ ಇರುವ ಅಂತರವನ್ನು ಬಜೆಟ್‌ಗೆ ತಕ್ಕ, ಪ್ರತಿಕ್ರಿಯಾಶೀಲ, ಪುನರಾವೃತ್ತಿಸಲು ಮಧ್ಯಸ್ಥಿಕೆಗಳ ಮೂಲಕ ತುಂಬುತ್ತದೆ, ಅವುಗಳು ವಯೋಮಾನದತ್ತ ವ್ಯಾಪಿಸಿರುತ್ತವೆ. “ನೇರ” ಕಾರ್ಯದಲ್ಲಿ, Pratham ತರಬೇತುದಾರರು ಮಕ್ಕಳೊಂದಿಗೆ ಶಾಲೆ ಅಥವಾ ಸಮುದಾಯದಲ್ಲಿ ಕೆಲಸ ಮಾಡುತ್ತಾರೆ, ಮತ್ತು “""ಪಾಲುದಾರಿಕೆ""” ಮಾದರಿಯಲ್ಲಿ Pratham ತಂಡಗಳು ರಾಜ್ಯ, ಜಿಲ್ಲೆ ಅಥವಾ ನಗರದ ಮಟ್ಟದಲ್ಲಿ ಸರಕಾರದ ತಂಡಗಳೊಂದಿಗೆ ಸೇರಿ ಕಾರ್ಯಕ್ರಮಗಳನ್ನು ವಿನ್ಯಾಸಗೊಳಿಸಿ ನಿರ್ವಹಿಸುತ್ತವೆ. ಶಿಕ್ಷಣ ಫಲಿತಾಂಶಗಳ ಸುಧಾರಣೆಗೆ Pratham ನ ದೃಷ್ಟಿಕೋನವು ಭಾರತದಲ್ಲೇ ಅಲ್ಲದೆ ವಿದೇಶದಲ್ಲಿಯೂ ಮಾದರಿಯಾಗಿರುತ್ತದೆ.","பிரதம், கல்வி அமைப்புகளில் உள்ள இடைவெளிகளைச் சரிசெய்வதற்காக புதுமையான, குறைந்த செலவிலான மற்றும் எளிதில் மீண்டும் செயல்படுத்தக்கூடிய திட்டங்களை பல்வேறு வயதினருக்காக செயல்படுத்துகிறது. நேரடியாகவும், அரசு அமைப்புகளுடன் இணைந்தும் செயல்படும் இந்தத் திட்டங்கள், ஒவ்வொரு ஆண்டும் இலட்சக்கணக்கான குழந்தைகளையும் ஆயிரக்கணக்கான பள்ளிப் படிப்பை இடைநிறுத்திய இளைஞர்களையும் சென்றடைகின்றன.

நேரடி (Direct) முறை செயல்பாட்டில், பிரதமின் பயிற்றுநர் பள்ளியிலோ அல்லது சமூகத்திலோ குழந்தைகளுடன் நேரடியாகப் பணியாற்றுகிறார். கூட்டாண்மை (Partnership) முறை செயல்பாட்டில், மாநில, மாவட்ட அல்லது நகர மட்ட அரசுக் குழுக்களுடன் பிரதம் நெருக்கமாக இணைந்து திட்டங்களை வடிவமைத்து செயல்படுத்துகிறது.

கற்றல் திறன்களை மேம்படுத்துவதற்கான பிரதமின் அணுகுமுறை, இந்தியாவிலும் உலகின் பல பகுதிகளிலும் ஒரு முன்னோடி மாதிரியாக தொடர்ந்து விளங்கி வருகிறது.","પ્રથમ શિક્ષણ પ્રણાલીઓમાં રહેલી ખામીઓને દૂર કરવા માટે નવીન, ઓછા ખર્ચે, વિવિધ વયજૂથના હસ્તક્ષેપોનો ઉપયોગ કરે છે. સીધા અને સરકારી પ્રણાલીઓ દ્વારા કાર્ય કરીને, આ કાર્યક્રમો સામૂહિક રીતે દર વર્ષે લાખો બાળકો અને હજારો શાળા છોડી દેનારાઓ સુધી પહોંચે છે. ""પ્રત્યક્ષ"" કાર્યમાં, પ્રથમ પ્રશિક્ષક શાળામાં અથવા સમુદાયમાં બાળકો સાથે કામ કરે છે, જ્યારે ""ભાગીદારી"" મોડેલમાં પ્રથમ ટીમો રાજ્ય, જિલ્લા અથવા શહેર સ્તરે સરકારી ટીમો સાથે મળીને કામ કરે છે જેથી કાર્યક્રમો ડિઝાઇન અને અમલમાં મૂકી શકાય. શિક્ષણ પરિણામો સુધારવા માટે પ્રથમનો અભિગમ ભારત અને તેની બહાર પણ એક મોડેલ તરીકે સેવા આપી રહ્યો છે.","پرتھم جدید، کم لاگت، قابل تقلید مداخلتوں کے ساتھ تعلیمی نظام میں پائے جانے والے خلاء کو دور کرتا ہے جو عمر کے دائرے میں پھیلے ہوئے ہیں۔ براہ راست اور حکومتی نظام دونوں کے ذریعے کام کرتے ہوئے، یہ پروگرام اجتماعی طور پر ہر سال لاکھوں بچوں اور اسکول چھوڑنے والے ہزاروں بچوں تک پہنچتے ہیں۔ ""براہ راست"" کام میں، ایک پرتھم انسٹرکٹر یا تو اسکول میں یا کمیونٹی میں بچوں کے ساتھ کام کرتا ہے، جب کہ ""شراکت داری"" کے ماڈل میں پرتھم ٹیمیں شامل ہوتی ہیں جو ریاست، ضلع یا شہر کی سطح پر سرکاری ٹیموں کے ساتھ مل کر پروگراموں کو ڈیزائن اور نافذ کرنے کے لیے کام کرتی ہیں۔سیکھنے کے نتائج کو بہتر بنانے کے لیے پرتھم کا نقطہ نظر ہندوستان کے اندر اور اس سے باہر بھی ایک ماڈل کے طور پر کام کر رہا ہے۔",,
LEARNER_APP,HOME,OUR_PROGRAMS,Our Programs,आमचे कार्यक्रम,हमारे कार्यक्रम,ଆମର କାର୍ଯ୍ୟକ୍ରମ,మా ప్రోగ్రామ్‌లు,ನಮ್ಮ ಕಾರ್ಯಕ್ರಮಗಳು,எங்கள் திட்டங்கள்,અમારા કાર્યક્રમો,ہمارے پروگرام,,
LEARNER_APP,HOME,SIGN_UP,Sign Up,साइन अप करा,साइन अप करें,ସାଇନ୍-ଅପ୍ କରନ୍ତୁ,సైన్ అప్,ಸೈನ್ ಅಪ್ ಮಾಡಿ,பதிவு செய்,સાઇન અપ કરો,سائن اپ کریں۔,,
LEARNER_APP,HOME,SIGN_IN,Sign In,साइन करा,लॉग इन करें,ସାଇନ୍ ଇନ୍,సైన్ ఇన్ చేయండి,ಲಾಗಿನ್ ಮಾಡಿ,உள்நுழை,સાઇન ઇન કરો,سائن ان کریں۔,,
LEARNER_APP,HOME,Login with Newton ERP,Login with Newton ERP,Newton ERP वापरून लॉगिन करा,Newton ERP वापर करके लॉगिन करें,ନ୍ୟୁଟନ୍ ERP ସହିତ ଲଗଇନ୍ କରନ୍ତୁ,న్యూటన్ ERP తో లాగిన్ అవ్వండి,ನ್ಯೂಟನ್ ERP ಯೊಂದಿಗೆ ಲಾಗಿನ್ ಮಾಡಿ,நியூட்டன் ஈஆர்பியுடன் உள்நுழையவும்,ન્યૂટન ERP સાથે લોગિન કરો,نیوٹن ERP کے ساتھ لاگ ان کریں۔,,
LEARNER_APP,HOME,DISCOVER_LEARNING_OPPORTUNITIES,Discover learning opportunities and sign up for programs that match your goals,शिकण्याच्या संधी शोधा आणि तुमच्या ध्येयांशी जुळणाऱ्या कार्यक्रमांसाठी साइन अप करा,सीखने के अवसरों की खोज करें और ऐसे कार्यक्रमों में शामिल हों जो आपके लक्ष्यों के अनुरूप हों।,ଶିକ୍ଷଣ ସୁଯୋଗ ଖୋଜନ୍ତୁ ଏବଂ ଆପଣଙ୍କ ଲକ୍ଷ୍ୟ ସହିତ ମେଳ ଖାଉଥିବା କାର୍ଯ୍ୟକ୍ରମ ପାଇଁ ସାଇନ୍ ଅପ୍ କରନ୍ତୁ,మీ లక్ష్యాలకు సరిపోయే అభ్యాస అవకాశాలను కనుగొని ప్రోగ్రామ్‌లకు నమోదు చేసుకోండి,ಕಲಿಕೆಯ ಅವಕಾಶಗಳನ್ನು ಅನ್ವೇಷಿಸಿ ಮತ್ತು ನಿಮ್ಮ ಗುರಿಗಳಿಗೆ ಹೊಂದಿಕೆಯಾಗುವ ಕಾರ್ಯಕ್ರಮಗಳಿಗೆ ಸೈನ್ ಅಪ್ ಮಾಡಿ.,"கற்றல் வாய்ப்புகளைக் கண்டறிந்து, உங்கள் இலக்குகளுடன் பொருந்தக்கூடிய திட்டங்களில் பதிவு செய்யவும்.",શીખવાની તકો શોધો અને તમારા લક્ષ્યો સાથે મેળ ખાતા કાર્યક્રમો માટે સાઇન અપ કરો,سیکھنے کے مواقع دریافت کریں اور ایسے پروگراموں کے لیے سائن اپ کریں جو آپ کے مقاصد سے مماثل ہوں۔,,
LEARNER_APP,HOME,ENROLL,Enroll,नोंदणी करा,नामांकन,ଏନରୋଲ କରନ୍ତୁ ,నమోదు చేసుకోండి,ದಾಖಲಾತಿ,பதிவுசெய்யவும்,નોંધણી કરો,اندراج کریں۔,,
LEARNER_APP,HOME,ENROLLING,Enrolling...,नोंदणी करत आहे...,नामांकन प्रक्रिया जारी है...,ଏନରୋଲ କରାଯାଉଛି l ,నమోదు జరుగుతోంది...,ನೋಂದಾಯಿಸಲಾಗುತ್ತಿದೆ...,பதிவுசெய்கிறது...,નોંધણી કરાવી રહ્યું છે...,اندراج ہو رہا ہے...,,
LEARNER_APP,HOME,ACCESS_PROGRAM,Access Program,एक्सेस प्रोग्राम,एक्सेस प्रोग्राम,ଆକ୍ସେସ ପ୍ରୋଗ୍ରାମ ,ప్రోగ్రామ్‌ను యాక్సెస్ చేయండి,ಪ್ರವೇಶ ಕಾರ್ಯಕ್ರಮ,திட்டத்தை அணுகவும்,એક્સેસ પ્રોગ્રામ, پروگرام کھولیں,,
LEARNER_APP,HOME,ACCESSING_PROGRAM,Accessing Program...,प्रोग्राममध्ये प्रवेश करत आहे...,प्रोग्राम तक पहुंच...,ପ୍ରୋଗ୍ରାମ୍ ଆକ୍ସେସ୍ କରାଯାଉଛି...,ప్రోగ్రామ్‌ను యాక్సెస్ చేస్తున్నాం...,ಕಾರ್ಯಕ್ರಮವನ್ನು ಪ್ರವೇಶಿಸಲಾಗುತ್ತಿದೆ...,திட்டத்தை அணுகுகிறது...,પ્રોગ્રામ ઍક્સેસ કરી રહ્યું છે...,پروگرام کھول رہا ہے...,,
LEARNER_APP,HOME,NO_REGISTERED_PROGRAMS,You haven't registered for any program.,तुम्ही कोणत्याही कार्यक्रमासाठी नोंदणी केलेली नाही.,आपने किसी भी कार्यक्रम के लिए पंजीकरण नहीं कराया है।,ଆପଣ କୌଣସି ପ୍ରୋଗ୍ରାମ  ପାଇଁ ପଞ୍ଜିକରଣ କରିନାହାଁନ୍ତି।,మీరు ఏ ప్రోగ్రామ్‌కు కూడా నమోదు కాలేదు.,ನೀವು ಯಾವುದೇ ಕಾರ್ಯಕ್ರಮಕ್ಕೆ ನೋಂದಾಯಿಸಿಲ್ಲ.,நீங்கள் எந்த திட்டத்திற்கும் பதிவு செய்யவில்லை.,તમે કોઈપણ કાર્યક્રમ માટે નોંધણી કરાવી નથી.,آپ نے کسی پروگرام کے لیے رجسٹر نہیں کیا ہے۔,,
LEARNER_APP,HOME,NO_PROGRAMS_FOUND,No programs found.,कोणतेही प्रोग्राम आढळले नाहीत.,कोई प्रोग्राम नहीं मिला।,କୌଣସି ପ୍ରୋଗ୍ରାମ୍ ମିଳିଲା ନାହିଁ।,ఎలాంటి ప్రోగ్రామ్‌లు లభించలేదు.,ಯಾವುದೇ ಕಾರ್ಯಕ್ರಮಗಳು ಕಂಡುಬಂದಿಲ್ಲ.,எந்தத் திட்டங்களும் கிடைக்கவில்லை.,કોઈ પ્રોગ્રામ મળ્યા નથી.,کوئی پروگرام نہیں ملا۔,,
LEARNER_APP,LOGIN,welcome_title,Welcome to Pratham myLearning!,Pratham myLearning मध्ये तुमचे स्वागत आहे!,Pratham myLearning में आपका स्वागत है!,Pratham myLearning କୁ ସ୍ବାଗତ!,ప్రథమ్ మైలెర్నింగ్‌కు స్వాగతం!,Pratham myLearningಗೆ ಸ್ವಾಗತ!,பிரதம் மைலேர்னிங்கிற்கு வரவேற்கிறோம்!,Pratham myLearning માં આપનું સ્વાગત છે!,پرتھم مائی لرننگ میں خوش آمدید!,,
LEARNER_APP,LOGIN,welcome_subtitle,Your Learning Journey Begins here,येथून तुमची शिकण्याची यात्रा सुरू होते,यहाँ से आपकी सीखने की यात्रा शुरू होती है,ଏଠାରୁ ଆପଣଙ୍କର ଶିକ୍ଷା ଯାତ୍ରା ଆରମ୍ଭ ହୁଏ,మీ లెర్నింగ్ జర్నీ ఇక్కడ ప్రారంభమవుతుంది,ಇಲ್ಲಿ ನಿಮ್ಮ ಕಲಿಕಾ ಪ್ರಯಾಣ ಪ್ರಾರಂಭವಾಗುತ್ತದೆ,உங்கள் கற்றல் பயணம் இங்கு தொடங்குகிறது,અહીંથી તમારી શીખવાની સફર શરૂ થાય છે,آپ کا سیکھنے کا سفر یہاں سے شروع ہوتا ہے۔,,
LEARNER_APP,LOGIN,welcome_image_alt,Smiley face,हसलेला चेहरा ,मुस्कराता चेहरा,ହସୁଥିବା ମୁହଁ,ముఖం పై చిరునవ్వు ,ನಗುಮುಖ,புன்னகை முகம்,સ્માઇલી ફેસ ,مسکراتا چہرہ,,
LEARNER_APP,LOGIN,qr_get_app,Get the App,App मिळवा,एप्लिकेशन प्राप्त करें,ଆପ୍ ପାଆନ୍ତୁ,యాప్‌ను పొందండి,ಅಪ್‌ಲಿಕೇಶನ್‌ ಪಡೆಯಿರಿ,செயலியைப் பதிவிறக்குங்கள்,એપ્લિકેશન મેળવો,ایپ حاصل کریں۔,,
LEARNER_APP,LOGIN,qr_instruction,"Point your phone 
 camera here",तुमचा फोन कॅमेरा येथे ठेवा,अपना फोन कैमरा यहाँ रखें,ଆପଣଙ୍କର ଫୋନ୍ କ୍ୟାମେରା ଏଠାରେ ରଖନ୍ତୁ,మీ ఫోన్ కెమెరాను ఇక్కడ సూచించండి,ನಿಮ್ಮ ಫೋನ್ ಕ್ಯಾಮೆರಾವನ್ನು ಇಲ್ಲಿ ಇರಿಸಿ,"உங்கள் தொலைபேசி 
 கேமராவை இங்கே சுட்டிக்காட்டவும்",તમારો ફોન કેમેરા અહીં રાખો ,اپنے فون کیمرہ کو یہاں رکھیں,,
LEARNER_APP,LOGIN,qr_image_alt,QR Code,QR कोड,QR कोड,QR କୋଡ୍,QR కోడ్,QR ಕೋಡ್,QR குறியீடு,QR કોડ,کیو آر کوڈ,,
LEARNER_APP,LOGIN,or,OR,किंवा,या,କିମ୍ବା,లేదా,ಅಥವಾ,அல்லது,અથવા,یا,,
LEARNER_APP,LOGIN,playstore_image_alt,Get it on Google Play,प्लेस्टोअर मध्ये मिळवा,प्लेस्टोर पर प्राप्त करें,Google Play ରୁ ଏହାକୁ ଡାଉନଲୋଡ୍ କରନ୍ତୁ,గూగుల్ ప్లేలో పొందండి,ಪ್ಲೇಸ್ಟೋರ್‌ನಲ್ಲಿ ಪಡೆಯಿರಿ,Google Play இல் பெறவும்,પ્લેસ્ટોર પરથી મેળવો,اسے Google Play پر حاصل کریں۔,,
LEARNER_APP,LOGIN,playstore_instruction,Search “Pratham myLearning” on Playstore,"प्लेस्टोअरमध्ये ""Pratham myLearning"" शोधा","""Pratham myLearning"" को प्लेस्टोर पर खोजें",Play Storeରେ 'Pratham myLearning' ସର୍ଚ୍ଚ କରନ୍ତୁ,"ప్లేస్టోర్‌లో ""ప్రథమ్ మైలెర్నింగ్"" శోధించండి","""Pratham myLearning"" ಅನ್ನು ಪ್ಲೇಸ್ಟೋರ್‌ನಲ್ಲಿ ಹುಡುಕಿ",Playstore இல் “பிரதம் மைலேர்னிங்” என தேடவும்,"""Pratham myLearning"" પ્લેસ્ટોર પર શોધો","پلے اسٹور پر ""Pratham myLearning"" تلاش کریں۔",,
LEARNER_APP,LOGIN,login_title,Login,लॉगिन,लॉगिन,ଲଗିନ୍,లాగిన్,ಲಾಗಿನ್,உள்நுழை,લોગિન,لاگ ان,,
LEARNER_APP,LOGIN,username_label,Username,युजर चे नाव ,यूज़रनेम,ୟୁଜର ନେମ ,యూజర్‌నేమ్,ಬಳಕೆದಾರ ಹೆಸರು,பயனர்பெயர்,યુઝર્નેમ,صارف نام,,
LEARNER_APP,LOGIN,password_label,Password,पासवर्ड,पासवर्ड,ପାସୱାର୍ଡ,పాస్‌వర్డ్,ಪಾಸ್ವರ್ಡ್ ,கடவுச்சொல்,પાસવર્ડ,پاس ورڈ,,
LEARNER_APP,LOGIN,remember_me,Remember Me,माझी आठवण ठेवा,मुझे याद रखें,ମୋତେ ମନେ ପକାଅ ,నన్ను గుర్తుంచుకో,ನನ್ನ ಲಾಗಿನ್ ಮಾಹಿತಿಯನ್ನು ನೆನಪಿಡಿ,என்னை நினைவில் வை,મને યાદ રાખો,مجھے یاد رکھیں,,
LEARNER_APP,LOGIN,forgot_password,Forgot Password?,पासवर्ड विसरलात?,पासवर्ड भूल गए?,ପାସୱାର୍ଡ ଭୁଲିଗଲା?,పాస్‌వర్డ్ మర్చిపోయారా?,ಫರ್ಗಾಟ್ ಪಾಸ್ವರ್ಡ್ ,கடவுச்சொல் மறந்துவிட்டதா?,પાસવર્ડ ભૂલી ગયા?,پاس ورڈ بھول گئے؟,,
LEARNER_APP,LOGIN,login_button,Login,लॉगिन,लॉगिन,ଲଗିନ୍,లాగిన్,ಲಾಗಿನ್,உள்நுழை,લોગિન,لاگ ان,,
LEARNER_APP,LOGIN,no_account,I don’t have an Account,माझ्याकडे खाते नाही,मेरे पास खाता नहीं है,ମୋ ପାଖରେ ଖାତା ନାହିଁ,నాకు ఖాతా లేదు,ನನಗೆ ಖಾತೆ ಇಲ್ಲ,எனக்கு கணக்கு இல்லை,મારી પાસે એકાઉન્ટ નથી,میرے پاس اکاؤنٹ نہیں ہے۔,,
LEARNER_APP,LOGIN,make_sure_to_cross_check_the_state_district_block_village,"Make sure to cross check the State, District, Block, Village","राज्य, जिल्हा, ब्लॉक, गाव यांची काटेकोर तपासणी करा","राज्य, जिला, ब्लॉक, गांव को ध्यान से जांचें","ରାଜ୍ୟ, ଜିଲ୍ଲା, ବ୍ଲକ ଓ ଗ୍ରାମର ବିବରଣୀକୁ ଭଲଭାବେ ଯାଞ୍ଚ କରି ନିଶ୍ଚିତ ହୁଅନ୍ତୁ","రాష్ట్రం, జిల్లా, బ్లాక్, గ్రామాన్ని క్రాస్ చెక్ చేయండి","ರಾಜ್ಯ, ಜಿಲ್ಲೆ, ಬ್ಲಾಕ್, ಗ್ರಾಮವನ್ನು ಪರಿಶೀಲಿಸಿ","மாநிலம், மாவட்டம், வட்டம், கிராமம் ஆகியவற்றை சரிபார்க்கவும்","રાજ્ય, જિલ્લા, બ્લોક, ગામ ચકાસી લેજો",ریاست، ضلع، بلاک، گاؤں کو کراس کرنا یقینی بنائیں,,
LEARNER_APP,LOGIN,GET_THE_APP,Get the App,App मिळवा,एप्लिकेशन प्राप्त करें,ଆପ୍ ପାଆନ୍ତୁ,యాప్ పొందండి,ಅಪ್‌ಲಿಕೇಶನ್‌ ಪಡೆಯಿರಿ,செயலியைப் பெறுங்கள்,એપ્લિકેશન મેળવો,ایپ حاصل کریں۔,,
LEARNER_APP,LOGIN,POINT_YOUR_PHONE,Point your phone,तुमचा फोन येथे ठेवा,अपना फोन रखें,ଆପଣଙ୍କ ଫୋନକୁ ସାମ୍ନାକୁ ଦେଖାନ୍ତୁ,మీ ఫోన్ కెమెరాను ఇక్కడ సూచించండి,ನಿಮ್ಮ ಫೋನನ್ನು ಇಲ್ಲಿ ಇರಿಸಿ,உங்கள் தொலைபேசியை சுட்டிக்காட்டவும்,તમારો ફોન અહીં રાખો ,اپنے فون کی طرف اشارہ کریں۔,,
LEARNER_APP,LOGIN,POINT_CAMERA,camera here,कॅमेरा येथे ठेवा,कैमरा यहाँ रखें,କ୍ୟାମେରା ଏଠାରେ ରଖନ୍ତୁ,ఇక్కడ కెమెరాను సూచించండి,ಕ್ಯಾಮೆರಾವನ್ನು ಇಲ್ಲಿ ಇರಿಸಿ,கேமராவை இங்கே,કેમેરા અહીં રાખો ,کیمرہ یہاں,,
LEARNER_APP,LOGIN,OR,OR,किंवा,या,କିମ୍ବା,లేదా,ಅಥವಾ,அல்லது,અથવા,یا,,
LEARNER_APP,LOGIN,SEARCH_PLAYSTORE,Search “Pratham myLearning” on Playstore,"""Pratham myLearning"" प्लेस्टोअरमध्ये शोधा","""Pratham myLearning"" को प्लेस्टोर पर खोजें","Play Store ରେ 'Pratham myLearning' ଖୋଜନ୍ତୁ।""","ప్లేస్టోర్‌లో ""ప్రథమ్ మైలెర్నింగ్"" శోధించండి","""Pratham myLearning"" ಅನ್ನು ಪ್ಲೇಸ್ಟೋರ್‌ನಲ್ಲಿ ಹುಡುಕಿ",Playstore இல் “பிரதம் மைலேர்னிங்” என தேடவும்,"""Pratham myLearning"" પ્લેસ્ટોર પર શોધો","پلے اسٹور پر ""Pratham myLearning"" تلاش کریں۔",,
LEARNER_APP,LOGIN,ON_PLAYSTORE,on Playstore,प्लेस्टोअर मध्ये ,प्लेस्टोर पर,ପ୍ଲେ ସ୍ଟୋର୍,ప్లేస్టోర్‌లో,ಪ್ಲೇಸ್ಟೋರ್‌ನಲ್ಲಿ,ப்ளே ஸ்டோரில்,પ્લેસ્ટોર પર,پلے اسٹور پر,,
LEARNER_APP,L_ONE_COURSE,IN_PROGRESS_TITLE,In Progress,प्रगती वर आहे .,प्रगति पर,ଚାଲୁଛି,పురోగతిలో,ಪ್ರಗತಿಯಲ್ಲಿ,நடந்து கொண்டிருக்கிறது,પ્રગતિ પર,جاری ہے۔,,
LEARNER_APP,L_ONE_COURSE,ONGOING_COURSES,You have {count} Ongoing Courses,तुमच्याकडे {count} चालू अभ्यासक्रम आहेत,आपके पास {count} चल रहे पाठ्यक्रम हैं,ଆପଣଙ୍କଠାରେ {count} ଚାଲୁଥିବା ପାଠ୍ୟକ୍ରମ ଅଛି,మీకు {count} కొనసాగుతున్న కోర్సులు ఉన్నాయి,ನಿಮ್ಮ ಬಳಿ {count} ನಡೆಯುತ್ತಿರುವ ಕೋರ್ಸುಗಳಿವೆ,உங்களுக்கு {count} நடந்து கொண்டிருக்கும் படிப்புகள் உள்ளன,તમને {count} ચાલતા કોર્સ છે,آپ کے پاس {count} جاری کورسز ہیں۔,,
LEARNER_APP,L_ONE_COURSE,VIEW_ALL_BUTTON,View All,सर्व पहा,सभी देखें,ଭିଉ ଅଲ୍,అన్నీ చూడండి,ಎಲ್ಲವನ್ನು ವೀಕ್ಷಿಸಿ,அனைத்தையும் காண்க,બધું જુઓ,سبھی دیکھیں,,
LEARNER_APP,L_TWO_COURSE,TITLE,L2 Course,L2 अभ्यासक्रम,L2 पाठ्यक्रम,L2 ପାଠ୍ୟକ୍ରମ,L2 కోర్సు,L2 ಕೋರ್ಸು,L2 படிப்பு,L2 કોર્સ,L2 کورس,,
LEARNER_APP,L_TWO_COURSE,DESCRIPTION,You can boost your skills and unlock new job opportunities with our L2 course.,आमच्या L2 अभ्यासक्रमासह तुम्ही तुमची कौशल्ये वाढवू शकता आणि नवीन नोकरीच्या संधी प्राप्त करू शकता.,आप हमारे L2 पाठ्यक्रम के साथ अपनी कौशल को बढ़ा सकते हैं और नए नौकरी के अवसर प्राप्त कर सकते हैं।,ଆପଣ ଆମର L2 ପାଠ୍ୟକ୍ରମ ସହିତ ଆପଣଙ୍କର କୌଶଳ ବୃଦ୍ଧି କରି ନୂଆ ଚାକିରି ସୁଯୋଗ ପାଇପାରିବେ।,మా L2 కోర్సుతో మీ నైపుణ్యాలను పెంచుకోండి మరియు కొత్త ఉద్యోగ అవకాశాలను అన్‌లాక్ చేయండి.,ನೀವು ನಮ್ಮ L2 ಕೋರ್ಸಿನೊಂದಿಗೆ ನಿಮ್ಮ ಕೌಶಲ್ಯಗಳನ್ನು ಬೆಳೆಸಿ ಹೊಸ ಉದ್ಯೋಗಗಳ ಅವಕಾಶಗಳನ್ನು ಪಡೆದುಕೊಳ್ಳಬಹುದು.,"எங்களின் L2 பாடநெறியின் மூலம் உங்கள் திறன்களை மேம்படுத்தி, புதிய வேலைவாய்ப்புகளைப் பெறும் வாய்ப்புகளை உருவாக்கலாம்.",તમે અમારા L2 કોર્સ સાથે તમારા કૌશલ્ય વધારી શકો છો અને નવા નોકરીઓનાં અવસર મેળવી શકો છો.,آپ ہمارے L2 کورس کے ساتھ اپنی صلاحیتوں کو بڑھا سکتے ہیں اور ملازمت کے نئے مواقع کھول سکتے ہیں۔,,
LEARNER_APP,L_TWO_COURSE,SUB_DESCRIPTION,Show your interest to receive personalized guidance from our expert!,वैयक्तिक मार्गदर्शनासाठी तुमची रुची दाखवा!,व्यक्तिगत मार्गदर्शन के लिए अपनी रुचि दिखाएँ!,ଆମ ବିଶେଷଜ୍ଞଙ୍କ ଠାରୁ ବ୍ୟକ୍ତିଗତ ମାର୍ଗଦର୍ଶନ ପାଇବା ପାଇଁ ଆପଣଙ୍କ ଆଗ୍ରହ ପ୍ରକାଶ କରନ୍ତୁ,మా నిపుణుడి నుండి వ్యక్తిగత మార్గదర్శనం పొందడానికి మీ ఆసక్తిని చూపించండి!,ವೈಯಕ್ತಿಕ ಮಾರ್ಗದರ್ಶನಕ್ಕಾಗಿ ನಿಮ್ಮ ಆಸಕ್ತಿ ತೋರಿಸಿ!,எங்கள் நிபுணரிடமிருந்து தனிப்பயன் வழிகாட்டலைப் பெற உங்கள் ஆர்வத்தை தெரிவிக்கவும்!,વ્યક્તિગત માર્ગદર્શન માટે તમારો રસ દર્શાવો!,ہمارے ماہر سے ذاتی رہنمائی حاصل کرنے کے لیے اپنی دلچسپی دکھائیں!,,
LEARNER_APP,L_TWO_COURSE,INTEREST_BUTTON,I'm interested,मला रुची आहे,मैं रुचि रखता हूँ,ମୁଁ  ଆଗ୍ରହ ଅଛି,నాకు ఆసక్తి ఉంది,ನನಗೆ ಆಸಕ್ತಿ ಇದೆ,நான் ஆர்வமாக உள்ளேன்,હું રસ ધરાવું છુ ,مجھے دلچسپی ہے۔,,
LEARNER_APP,L_TWO_COURSE,SUBMIT_BUTTON,Submit,सबमिट करा,सबमिट करें,ସବମିଟ କରନ୍ତୁ,సమర్పించు,ಸಲ್ಲಿಸಿ,சமர்ப்பி,સબમિટ કરો,جمع کروائیں۔,,
LEARNER_APP,L_TWO_COURSE,OKAY_BUTTON,Okay,ठीक आहे,ठीक है,ଠିକ ଅଛି,సరే,ಸರಿ ,சரி,બરાબર,ٹھیک ہے۔,,
LEARNER_APP,LEVEL_UP,TITLE,Great! We're Excited to Help You Level Up!,उत्तम! आम्हाला तुमची मदत करण्यात आनंद होत आहे!,अद्भुत! हम आपकी मदद करने के लिए उत्साहित हैं!,ବହୁତ ଭଲ ! ଆପଣଙ୍କ ଉନ୍ନତି ଯାତ୍ରାରେ ସହଯୋଗ କରିବାକୁ ଆମେ ଆନନ୍ଦିତ!,గొప్ప! మీకు లెవల్ అప్ చేయడానికి మేము సంతోషిస్తున్నాము!,ಶುಭವಾಗಿದೆ! ನಾವು ನಿಮಗೆ ಸಹಾಯ ಮಾಡಲು ಉತ್ಸಾಹಿತರಾಗಿದ್ದೇವೆ!,அருமை! உங்களை மேம்படுத்த உதவுவதில் நாங்கள் உற்சாகமாக உள்ளோம்!,વાહ! અમે તમારી મદદ માટે ઉત્સાહિત છીએ!,بہت اچھا! ہم آپ کی مدد کرنے کے لیے پرجوش ہیں!,,
LEARNER_APP,LEVEL_UP,SUB_TITLE,Which topic are you most interested in?,तुम्हाला कोणत्या विषयात सर्वाधिक रुची आहे?,आप किस विषय में सबसे अधिक रुचि रखते हैं?,ଆପଣ କେଉଁ ବିଷୟରେ ସବୁଠାରୁ ଅଧିକ ଆଗ୍ରହୀ?,మీరు ఏ అంశంపై ఎక్కువ ఆసక్తి కలిగి ఉన్నారు?,ನೀವು ಯಾವ ವಿಷಯದಲ್ಲಿ ಹೆಚ್ಚು ಆಸಕ್ತಿ ಹೊಂದಿದ್ದೀರಿ?,நீங்கள் எந்த தலைப்பில் மிகவும் ஆர்வமாக உள்ளீர்கள்?,તમને કયા વિષયમાં સૌથી વધુ રસ છે?,آپ کو کس موضوع میں سب سے زیادہ دلچسپی ہے؟,,
LEARNER_APP,LEVEL_UP,TOPICS_PLACEHOLDER,Topics,विषय,विषय,ବିଷୟ,విషయ సూచిక ,ವಿಷಯಗಳು,தலைப்புகள்,વિષય,موضوعات,,
LEARNER_APP,LEVEL_UP,TOPIC_PLUMBING,Plumbing,प्लंबिंग,प्लम्बिंग,ପ୍ଲମ୍ବିଙ୍ଗ ,ప్లంబింగ్,ಪ್ಲಂಬಿಂಗ್ ,பிளம்பிங் (குழாய் வேலை),પ્લમ્બિંગ,پلمبنگ,,
LEARNER_APP,LEVEL_UP,TOPIC_ELECTRICAL,Electrical,इलेक्ट्रिकल,इलेक्ट्रिकल,ଇଲେକ୍ଟ୍ରିକାଲ୍,విద్యుత్ ,ವಿದ್ಯುತ್ ,எலக்ட்ரிக்கல் (மின்சாரம்),ઇલેક્ટ્રિકલ,برقی,,
LEARNER_APP,LEVEL_UP,TOPIC_CARPENTRY,Carpentry,सुतारकाम ,बढ़ईगीरी,କାଠ କାମ ,వడ్రంగి పని,ಕಾರ್ಪೆಂಟರಿ ,கார்பென்ட்ரி (தச்சு வேலை),કાર્પેન્ટરી,کارپینٹری,,
LEARNER_APP,LEVEL_UP,TOPIC_MASONRY,Masonry,मेसनरी,बजरी का काम,ରାଜମିସ୍ତ୍ରୀ କାମ,మేస్త్రీ,ಮೇಸ್ತ್ರಿ ,மேசன்ரி (கட்டிட வேலை),મેસનરી,لیبر,,
LEARNER_APP,LEVEL_UP,TOPIC_PAINTING,Painting,पेंटिंग,पेंटिंग,ପେଣ୍ଟିଙ୍ଗ ,పెయింటింగ్,ಪೆಟಿಂಗ್ ,பேயிண்டிங்,પેઇન્ટિંગ,پینٹنگ,,
LEARNER_APP,LEVEL_UP,FOOTER_TEXT,"Once you select a course, our expert will contact you with more information!",एकदा तुम्ही अभ्यासक्रम निवडल्यावर आमचा तज्ञ तुम्हाला पुढील माहिती देण्यासाठी संपर्क करेल!,"एक बार जब आप एक पाठ्यक्रम चुन लेते हैं, तो हमारा विशेषज्ञ आपको और अधिक जानकारी के साथ संपर्क करेगा!","ଆପଣ ଏକ ପାଠ୍ୟକ୍ରମ ବାଛିବା ପରେ, ଆମର ବିଶେଷଜ୍ଞ ଅଧିକ ସୂଚନା ସହିତ ଆପଣଙ୍କ ସହ ଯୋଗାଯୋଗ କରିବେ।","మీరు ఒక కోర్సును ఎంచుకున్న తర్వాత, మా నిపుణుడు మరింత సమాచారంతో మిమ్మల్ని సంప్రదిస్తారు!","ನೀವು ಕೋರ್ಸನ್ನು ಆಯ್ಕೆ ಮಾಡಿಕೊಂಡ ಬಳಿಕ, ನಮ್ಮ ಮಾರ್ಗದರ್ಶಕರು  ಹೆಚ್ಚಿನ ಮಾಹಿತಿಗಾಗಿ ನಿಮ್ಮನ್ನು ಸಂಪರ್ಕಿಸುತ್ತಾರೆ!","நீங்கள் ஒரு படிப்பைத் தேர்ந்தெடுத்தவுடன், எங்கள் நிபுணர் மேலும் தகவல்களுடன் உங்களைத் தொடர்பு கொள்வார்!","એકવાર તમે કોર્સ પસંદ કરો, પછી અમારા નિષ્ણાત તમારી સાથે વધુ માહિતી માટે સંપર્ક કરશે!",ایک بار جب آپ کسی کورس کا انتخاب کرتے ہیں، تو ہمارا ماہر مزید معلومات کے ساتھ آپ سے رابطہ کرے گا!,,
LEARNER_APP,POS,SCHOOL,School,शाळा,स्कूल,ବିଦ୍ୟାଳୟ,బడి ,ಶಾಲೆ,பள்ளி,શાળા,اسکول,,
LEARNER_APP,POS,WORK,Work,काम,काम,କାମ,పని,ಕೆಲಸ,வேலை,કામ,کام,,
LEARNER_APP,POS,LIFE,Life,जीवन,जीवन,ଜୀବନ,జీవితం,ಜೀವನ,வாழ்க்கை,જીવન,زندگی,,
LEARNER_APP,POS,PROGRAM,Program,प्रोग्राम,कार्यक्रम,ପ୍ରୋଗ୍ରାମ୍,కార్యక్రమం ,ಕಾರ್ಯಕ್ರಮ,திட்டம்,કાર્યક્રમ,پروگرام,,
LEARNER_APP,POS,ABOUT_US,About Us,आमच्याबद्दल,हमारे बारे में,ଆମ ବିଷୟରେ,మా గురించి,ನಮ್ಮ ಬಗ್ಗೆ,எங்களைப் பற்றி,અમારા વિશે,ہمارے بارے میں,,
LEARNER_APP,POS,THEMATIC_REPOSITORY,Thematic Repository,थीमॅटिक रेपॉझिटरी,थीमैटिक रिपॉज़िटरी,ବିଷୟଭିତ୍ତିକ ଭଣ୍ଡାର ,ఇతివృత ఆదారిత నిల్వ ,ಥೀಮ್ಯಾಟಿಕ್ ಸಂಗ್ರಹಶಾಲೆ,கருப்பொருள் களஞ்சியம்,થિમેટિક રિપોઝિટરી,موضوعاتی ذخیرہ,,
LEARNER_APP,RESPONSE_RECORDED,TITLE,Your response has been recorded,तुमची प्रतिक्रिया नोंदवली गेली,आपकी प्रतिक्रिया रिकॉर्ड कर ली गई है,ଆପଣଙ୍କର ପ୍ରତିକ୍ରିୟା ରେକର୍ଡ ହେଲା,మీ స్పందన రికార్డ్ చేయబడింది,ನಿಮ್ಮ ಪ್ರತಿಕ್ರಿಯೆ ದಾಖಲಿಸಲಾಗಿದೆ,உங்கள் பதில் பதிவு செய்யப்பட்டது,તમારો પ્રતિસાદ નોંધાયો છે,آپ کا جواب ریکارڈ کر لیا گیا ہے۔,,
LEARNER_APP,RESPONSE_RECORDED,SUB_TITLE,Our expert will reach out to you soon,आमचा तज्ञ लवकर तुम्हाला संपर्क करेल,हमारा विशेषज्ञ आपको जल्द ही संपर्क करेगा,ଆମର ବିଶେଷଜ୍ଞ ଶୀଘ୍ର ଆପଣଙ୍କୁ ସଂପର୍କ କରିବେ,మా నిపుణుడు త్వరలో మిమ్మల్ని సంప్రదిస్తారు,ನಮ್ಮ ಮಾರ್ಗದರ್ಶಕರು ಶೀಘ್ರದಲ್ಲಿಯೇ ನಿಮ್ಮನ್ನು ಸಂಪರ್ಕಿಸುತ್ತಾರೆ,எங்கள் நிபுணர் விரைவில் உங்களைத் தொடர்பு கொள்வார்,અમારો નિષ્ણાત તમને વહેલી તકે સંપર્ક કરશે,ہمارا ماہر جلد ہی آپ سے رابطہ کرے گا۔,,
LEARNER_APP,RESPONSE_RECORDED,FOOTER_TEXT,"In the meantime, feel free to explore more courses or continue building your skills!","दरम्यान, तुम्ही आणखी अभ्यासक्रम पाहू शकता किंवा तुमची कौशल्ये वाढवत राहा!","इस बीच, आप और पाठ्यक्रम देख सकते हैं या अपनी कौशल विकसित करना जारी रख सकते हैं!","ତଥାପି, ଆପଣ ଅଧିକ ପାଠ୍ୟକ୍ରମ ଅନ୍ବେଷଣ କରିପାରିବେ କିମ୍ବା ଆପଣଙ୍କର କୌଶଳ ବୃଦ୍ଧି କରିବାକୁ ଚାଲୁ ରହନ୍ତୁ!","ఈ లోపు, మరిన్ని కోర్సులను అన్వేషించడానికి లేదా మీ నైపుణ్యాలను కొనసాగించడానికి స్వేచ్ఛగా ఉండండి!","ಈ ಮಧ್ಯದಲ್ಲಿ, ಇನ್ನಷ್ಟು ಕೋರ್ಸ್‌ಗಳನ್ನು ಅನ್ವೇಷಿಸಲು ಅಥವಾ ನಿಮ್ಮ ಕೌಶಲ್ಯಗಳನ್ನು ಮತ್ತಷ್ಟು ಅಭಿವೃದ್ಧಿಪಡಿಸಲು ಮುಕ್ತವಾಗಿರಿ!","இதற்கிடையில், மேலும் படிப்புகளை ஆராய்ந்து உங்கள் திறன்களை மேம்படுத்துங்கள்!","તે વચ્ચે, તમે બીજા કોર્સ જુઓ અથવા તમારા કૌશલ્યને  વિકસાવવાનું  ચાલુ રાખો!",اس دوران، مزید کورسز دریافت کرنے کے لیے آزاد محسوس کریں یا اپنی صلاحیتوں کو بڑھانا جاری رکھیں!,,
LEARNER_APP,CONTENT,DEFAULT_IMAGE_ALT,Default course image,डिफॉल्ट अभ्यासक्रम प्रतिमा,डिफ़ॉल्ट पाठ्यक्रम छवि,ଡିଫଲ୍ଟ କୋର୍ସ ଇମେଜ ,డిఫాల్ట్ కోర్సు చిత్రం,ಡೀಫಾಲ್ಟ್ ಕೋರ್ಸ್ ಚಿತ್ರ,முன்னிருப்பு பாடப் படம்,ડિફોલ્ટ કોર્સ ચિત્ર,پہلے سے طے شدہ کورس کی تصویر,,
LEARNER_APP,CONTENT,FILTERS,Filters,फिल्टर्स,फ़िल्टर,ଫିଲ୍ଟର ,వడపోతలు,ಫಿಲ್ಟರ್‌ಗಳು,வடிகட்டிகள்,ફિલ્ટર્સ,فلٹرز,,
LEARNER_APP,IN_PROGRESS,ALL_COURSES,All In Progress Courses,सर्व चालू अभ्यासक्रम,सभी प्रगति पर पाठ्यक्रम,ସମସ୍ତ ଚାଲୁଥିବା ପାଠ୍ୟକ୍ରମ,అన్ని పురోగతిలో ఉన్న కోర్సులు,ಎಲ್ಲಾ ಪ್ರಗತಿಯಲ್ಲಿ ಇರುವ ಕೋರ್ಸುಗಳು,அனைத்து நடந்து கொண்டிருக்கும் படிப்புகள்,બધી પ્રગતિ પરના કોર્સ,تمام جاری کورسز,,
LEARNER_APP,SEARCH_COMPONENT,PLACEHOLDER,Search...,सामग्री शोधा..,सामग्री खोजें..,ସର୍ଚ କରନ୍ତୁ ,కంటెంట్‌ను శోధించండి...,ವಿಷಯವನ್ನು ಹುಡುಕಿ..,தேடு..,શોધો..,تلاش کریں...,,
LEARNER_APP,SEARCH_COMPONENT,Course,Course,अभ्यासक्रम,पाठ्यक्रम,ପାଠ୍ୟକ୍ରମ,కోర్సు,ಕೋರ್ಸು,படிப்பு,કોર્સ,کورس,,
LEARNER_APP,CONTENT_TABS,LOAD_MORE,Load More,आणखी लोड करा,और लोड करें,ଅଧିକ ଲୋଡ୍ କରନ୍ତୁ,మరిన్ని లోడ్ చేయండి,ಇನ್ನೂ ಲೋಡ್ ಮಾಡಿ,மேலும் ஏற்று,વધારે લોડ કરો,مزید لوڈ کریں۔,,
LEARNER_APP,CONTENT_TABS,NO_MORE_DATA,No more data available,आणखी डेटा उपलब्ध नाही,और डेटा उपलब्ध नहीं,ଅଧିକ ତଥ୍ୟ ଉପଲବ୍ଧ ନାହିଁ,ఇక మీదట డేటా అందుబాటులో లేదు,ಇನ್ನೂ ಡೇಟಾ ಲಭ್ಯವಿಲ್ಲ,மேலும் தரவு இல்லை,વધુ ડેટા ઉપલબ્ધ નથી,مزید ڈیٹا دستیاب نہیں ہے۔,,
LEARNER_APP,PLAYER,MORE_RELATED_RESOURCES,More Related Resources,अधिक संबंधित स्रोत,और संबंधित संसाधन,ଅଧିକ ଜଡିତ ରିସୋର୍ସ ,మరిన్ని సంబంధిత వనరులు,ಹೆಚ್ಚಿನ ಸಂಬಂಧಿತ ಸಂಪನ್ಮೂಲಗಳು,மேலும் தொடர்புடைய வளங்கள்,વધુ સંબંધિત સંસાધનો,مزید متعلقہ مواد,,
LEARNER_APP,,other_filters,Other Filters,इतर फिल्टर्स,अन्य फ़िल्टर,ଅନ୍ୟାନ୍ୟ  ଫିଲ୍ଟର ,ఇతర వడపోతలు,ಇತರೆ ಫಿಲ್ಟರ್‌ಗಳು,பிற வடிகட்டிகள்,અન્ય ફિલ્ટર્સ,دوسرے فلٹرز,,
LEARNER_APP,USER_PROFILE_CARD,MY_PROFILE,My Profile,माझी प्रोफाइल,मेरी प्रोफ़ाइल,ମୋର ପ୍ରୋଫାଇଲ୍,నా యొక్క వివరాలు ,ನನ್ನ ಪ್ರೊಫೈಲ್,எனது சுயவிவரம்,મારી પ્રોફાઇલ,میرا پروفائل,,
LEARNER_APP,USER_PROFILE_CARD,JOINED_ON,Joined on,सदस्य झाले,शामिल हुआ,ଯୋଡି ହେଲେ ,చేరిన తేదీ,ಸೇರಿದರು,சேர்ந்த தேதி,જોડાયા ,پر شامل ہوا۔,,
LEARNER_APP,USER_PROFILE_CARD,CONTACT_INFORMATION,Contact Information,संपर्क माहिती,संपर्क जानकारी,ସଂପର୍କ ସୂଚନା,సంప్రదింపు సమాచారం,ಸಂಪರ್ಕ ಮಾಹಿತಿ,தொடர்பு தகவல்,સંપર્ક માહિતી,رابطہ کی معلومات,,
LEARNER_APP,USER_PROFILE_CARD,EMAIL_ADDRESS,Email Address,ईमेल पत्ता,ईमेल पता,ଇମେଲ ଠିକଣା,ఈమెయిల్ చిరునామా,ಈಮೈಲ್ ವಿಳಾಸ,மின்னஞ்சல் முகவரி,ઇમેલ સરનામું,ای میل ایڈریس,,
LEARNER_APP,USER_PROFILE_CARD,PHONE_NUMBER,Phone Number,दूरध्वनी क्रमांक,फोन नंबर,ମୋବାଇଲ୍ ନମ୍ବର,ఫోన్ నంబర్,ದೂರವಾಣಿ ಸಂಖ್ಯೆ,தொலைபேசி எண்,ફોન નંબર,فون نمبر ,,
LEARNER_APP,USER_PROFILE_CARD,PHONE_BELONGS_TO_YOU,Does this phone belong to you?,ही फोन तुमची आहे का?,क्या यह फोन आपका है?,ଏହି ଫୋନ୍ ଆପଣଙ୍କର କି?,ఈ ఫోన్ మీ సొంతమా?,ಈ ಫೋನ್ ನಿಮ್ಮದೇ?,இந்த தொலைபேசி உங்களுடையதா?,શું આ ફોન તમારો છે?,کیا یہ فون آپ کا ہے؟,,
LEARNER_APP,USER_PROFILE_CARD,PERSONAL_INFORMATION,Personal Information,व्यक्तिगत माहिती,व्यक्तिगत जानकारी,ବ୍ୟକ୍ତିଗତ ସୂଚନା,వ్యక్తిగత సమాచారం,ವೈಯಕ್ತಿಕ ಮಾಹಿತಿ,தனிப்பட்ட தகவல்,વ્યક્તિગત માહિતી,ذاتی معلومات,,
LEARNER_APP,USER_PROFILE_CARD,GENDER,Gender,लिंग,लिंग,ଲିଙ୍ଗ,లింగం,ಲಿಂಗ,பாலினம்,જાતિ,جنس,,
LEARNER_APP,USER_PROFILE_CARD,DOB,Date of Birth,जन्म तारीख,जन्म तिथि,ଜନ୍ମ ତାରିଖ,పుట్టిన తేదీ,ಜನ್ಮ  ದಿನಾಂಕ,பிறந்த தேதி,જન્મ તારીખ,تاریخ پیدائش,,
LEARNER_APP,USER_PROFILE_CARD,MARITAL_STATUS,Marital Status,वैवाहिक स्थिती,वैवाहिक स्थिति,ବିବାହିତ ଅବସ୍ଥା,వైవాహిక స్థితి,ವೈವಾಹಿಕ ಸ್ಥಿತಿ,திருமண நிலை,વૈવાહિક સ્થિતિ,ازدواجی حیثیت,,
LEARNER_APP,USER_PROFILE_CARD,MOTHER_NAME,Mother's Name,आईचे नाव,माता का नाम,ମାଆଙ୍କ ନାମ,తల్లి పేరు,ತಾಯಿಯ ಹೆಸರು,தாயின் பெயர்,માતાનું નામ,ماں کا نام,,
LEARNER_APP,USER_PROFILE_CARD,HIGHEST_QUALIFICATION,Highest Qualification/Last Passed Grade,सर्वोच्च पात्रता/शेवटचा उत्तीर्ण वर्ग,उच्चतम योग्यता/अंतिम उत्तीर्ण कक्षा,ଅତିରିକ୍ତ ଯୋଗ୍ୟତା/ଶେଷ ପାସ ଶ୍ରେଣୀ,అత్యధిక విద్యార్హత/చివరి ఉత్తీర్ణ తరగతి ,ಅತ್ಯುನ್ನತ ಅರ್ಹತೆ / ಕೊನೆಯದಾಗಿ ಪಾಸಾದ ತರಗತಿ.,அதிகபட்ச கல்வித் தகுதி / கடைசியாக தேர்ச்சி பெற்ற வகுப்பு,ઉચ્ચતમ લાયકાત/છેલ્લે પાસ થયેલ ગ્રેડ,اعلیٰ ترین اہلیت/ آخری پاس شدہ گریڈ,,
LEARNER_APP,USER_PROFILE_CARD,LOCATION,Location,स्थान,स्थान,ଅବସ୍ଥାନ,స్థానం,ಸ್ಥಳ,இடம்,સ્થાન,مقام,,
LEARNER_APP,USER_PROFILE_CARD,ASPIRATION_EXPERIENCE,Aspiration & Experience,आकांक्षा आणि अनुभव,आकांक्षा और अनुभव,ଆକାଙ୍କ୍ଷା ଏବଂ ଅନୁଭବ,ఆకాంక్ష & అనుభవం,ಆಕಾಂಕ್ಷೆ ಮತ್ತು ಅನುಭವ,ஆசை & அனுபவம்,મહત્વાકાંક્ષા અને અનુભવ,خواہش اور تجربہ,,
LEARNER_APP,USER_PROFILE_CARD,PRIOR_TRAINING,Have you received any prior training?,तुम्ही पूर्वी कोणतीही प्रशिक्षण घेतली आहे का?,क्या आपने पहले कोई प्रशिक्षण प्राप्त किया है?,ଆପଣ ପୂର୍ବରୁ କୌଣସି ପ୍ରଶିକ୍ଷଣ ନେଇଛନ୍ତି କି?,మీరు గతంలో ఏదైనా శిక్షణ పొందారా?,ನೀವು ಹಿಂದೆಯೇ ಯಾವುದೇ ತರಬೇತಿ ಪಡೆದಿದ್ದೀರಾ?,நீங்கள் ஏதேனும் முந்தைய பயிற்சி பெற்றிருக்கிறீர்களா?,શું તમે પૂર્વે કોઈ તાલીમ લીધી છે?,کیا آپ نے کوئی پیشگی تربیت حاصل کی ہے؟,,
LEARNER_APP,USER_PROFILE_CARD,CURRENT_WORK,Have you ever worked or are you currently working?,तुम्ही काम केले आहे किंवा सध्या करता आहात का?,क्या आपने कभी काम किया है या वर्तमान में काम कर रहे हैं?,ଆପଣ କାମ କରୁଛନ୍ତି କିମ୍ବା ପୂର୍ବରୁ କରିଥିଲେ?,మీరు ఎప్పుడైనా పనిచేశారా లేదా ప్రస్తుతం పనిచేస్తున్నారా?,ನೀವು ಹಿಂದೆ ಯಾವುದಾದರೂ ಕೆಲಸ ಮಾಡಿದ್ದೀರಾ ಅಥವಾ ಪ್ರಸ್ತುತ ಕೆಲಸ ಮಾಡುತ್ತಿದ್ದೀರಾ?,நீங்கள் எப்போதாவது வேலை செய்திருக்கிறீர்களா அல்லது தற்போது வேலை செய்கிறீர்களா?,શું તમે અગાઉ કામ કર્યું છે કે હાલ કરી રહ્યા છે?,کیا آپ نے کبھی کام کیا ہے یا آپ فی الحال کام کر رہے ہیں؟,,
LEARNER_APP,USER_PROFILE_CARD,FUTURE_WORK,What do you want to become?,तुम्हाला भविष्यात काय व्हायचे आहे?,आप क्या बनना चाहते हैं?,ଆପଣ ଭବିଷ୍ୟତରେ କ’ଣ ହେବାକୁ ଚାହାଁନ୍ତି?,మీరు ఏమి కావాలనుకుంటున్నారు?,ನೀವು ಭವಿಷ್ಯದಲ್ಲಿ ಏನಾಗಲು ಬಯಸುತ್ತೀರಿ?,உங்கள் எதிர்கால இலக்கு என்ன?,તમે શું બનવા માંગો છો?,آپ کیا بننا چاہتے ہیں؟,,
LEARNER_APP,USER_PROFILE_CARD,EDIT_PROFILE,Edit Profile,प्रोफाइल संपादित करा,प्रोफ़ाइल संपादित करें,ପ୍ରୋଫାଇଲ୍ ସଂପାଦନା କରନ୍ତୁ,ప్రొఫైల్‌ను సవరించండి, ಎಡಿಟ್ ಪ್ರೊಫೈಲ್ ,சுயவிவரத்தை திருத்து,પ્રોફાઇલ ઉમેરો ,پروفائل میں ترمیم کریں۔,,
LEARNER_APP,USER_PROFILE_CARD,CHANGE_USERNAME,Change Username,युजर नाव  बदलवा,यूज़रनेम बदलें,ବ୍ୟବହାରକାରୀ ନାମ ପରିବର୍ତ୍ତନ କରନ୍ତୁ,యూజర్‌నేమ్‌ను మార్చండి,ಬಳಕೆದಾರ ಹೆಸರನ್ನು ಬದಲಿಸಿ,பயனர்பெயரை மாற்று,યુઝરનેમ બદલો,صارف کا نام تبدیل کریں۔,,
LEARNER_APP,USER_PROFILE_CARD,CHANGE_PASSWORD,Change Password,पासवर्ड बदलवा,पासवर्ड बदलें,ପାସୱାର୍ଡ ପରିବର୍ତ୍ତନ କରନ୍ତୁ,పాస్‌వర్డ్‌ను మార్చండి,ಪಾಸ್ವರ್ಡ್ ಬದಲಿಸಿ,கடவுச்சொல்லை மாற்று,પાસવર્ડ બદલો,پاس ورڈ تبدیل کریں۔,,
LEARNER_APP,USER_PROFILE_CARD,PRIVACY_GUIDELINES,Privacy Guidelines,गोपनीयतेच्या मार्गदर्शक तत्त्वे,गोपनीयता दिशानिर्देश,ଗୋପନୀୟତା ନିର୍ଦ୍ଦେଶାବଳୀ,గోప్యతా మార్గదర్శకాలు,ಗೌಪ್ಯತಾ ಮಾರ್ಗಸೂಚಿ,தனியுரிமை வழிகாட்டுதல்கள்,ગોપનીયતા માર્ગદર્શિકા,رازداری کے رہنما خطوط,,
LEARNER_APP,USER_PROFILE_CARD,CONSENT_FORM,Consent Form,संमती फॉर्म,अनुमति पत्र,କନ୍ ସେଣ୍ଟ  ଫର୍ମ,సమ్మతి ఫారం,ಒಪ್ಪಿಗೆ ಪತ್ರ,ஒப்புதல் படிவம்,સંમતિ ફોર્મ,رضامندی کا فارم,,
LEARNER_APP,USER_PROFILE_CARD,PARENT_PHONE_NUMBRER,Parent's Phone Number,पालकांचा दूरध्वनी क्रमांक,अभिभावक का फोन नंबर,ପିତା/ମାତାଙ୍କ ଫୋନ୍ ନମ୍ବର,తల్లిదండ్రుల ఫోన్ నంబర్,ಪೋಷಕರ ದೂರವಾಣಿ ಸಂಖ್ಯೆ,பெற்றோர் தொலைபேசி எண்,માતાપિતાનો ફોન નંબર,والدین کا فون نمبر,,
LEARNER_APP,USER_PROFILE_CARD,GUARDIAN_RELATION,Relation with Guardian,पालकांचा संबंध,अभिभावक के साथ संबंध,ଅଭିଭାବକଙ୍କ ସହ ସମ୍ପର୍କ,సంరక్షకుడితో సంబంధం,ಪೋಷಕರೊಂದಿಗೆ ನಿಮ್ಮ ಸಂಬಂಧ,பாதுகாவலருடனான உறவு,અભિભાવક સાથેનો સંબંધ,گارڈین کے ساتھ رشتہ,,
LEARNER_APP,USER_PROFILE_CARD,GUARDIAN_NAME,Guardian's Name,पालकांचे नाव,अभिभावक का नाम,ଅଭିଭାବକଙ୍କର ନାମ,సంరక్షకుని పేరు, ಪೋಷಕರ ಹೆಸರು,பாதுகாவலர் பெயர்,અભિભાવકનું નામ,سرپرست کا نام,,
LEARNER_APP,USER_PROFILE_CARD,GUARDIAN_DETAILS,Guardian Details,पालकांचे तपशील,अभिभावक का विवरण,ଅଭିଭାବକ ବିବରଣୀ,సంరక్షకుని వివరాలు,ಪೋಷಕರ ವಿವರಗಳು,பாதுகாவலர் விவரங்கள்,અભિભાવક વિગતો,گارڈین کی تفصیلات,,
LEARNER_APP,USER_PROFILE_CARD,I_WANT_TO_BECOME,I want to become {futureWork},मला {futureWork} व्हायचे आहे,मैं {futureWork} बनना चाहता/चाहती हूँ,ମୁଁ {futureWork} ହେବାକୁ ଚାହାଁଛି,నేను {futureWork} అవ్వాలనుకుంటున్నాను,ನಾನು {futureWork} ಆಗಲು ಬಯಸುತ್ತೇನೆ,நான் {futureWork} ஆக விரும்புகிறேன்,હું {futureWork} બનવા માંગું છુ,میں مستقبل{futureWork} بننا چاہتا ہوں,,
LEARNER_APP,USER_PROFILE_CARD,PTM_NAME,PTM Name,पेटीएम नाव,पीटीएम नाम,ପିଟିଏମ୍ ନାମ,పేటీఎం పేరు,ಪಿಟಿಎಂ ಹೆಸರು,PTM பெயர்,PTM નામ ,پی ٹی ایم کا نام,,
LEARNER_APP,USER_PROFILE_CARD,ADDITIONAL_INFORMATION,Additional Information,अतिरिक्त माहिती,अतिरिक्त जानकारी,ଅତିରିକ୍ତ ସୂଚନା,అదనపు సమాచారం,ಹೆಚ್ಚುವರಿ ಮಾಹಿತಿ,கூடுதல் தகவல்,વધારાની માહિતી,اضافی معلومات,,
LEARNER_APP,USER_PROFILE_CARD,MY_MENTOR_DETAILS,My Mentor Details,माझ्या मार्गदर्शकाची माहिती,मेरे मेंटर का विवरण,ମୋର ପରାମର୍ଶଦାତାଙ୍କ ବିବରଣୀ,నా గురువు వివరాలు,ನನ್ನ ಮಾರ್ಗದರ್ಶಕರ ವಿವರಗಳು,எனது வழிகாட்டி விவரங்கள்,મારા માર્ગદર્શકની વિગતો,میرے مینٹر کی تفصیلات,,
LEARNER_APP,USER_PROFILE_CARD,MENTOR_NAME,Mentor Name,मार्गदर्शकाचे नाव,मेंटर का नाम,ମେଣ୍ଟରଙ୍କ  ନାମ,గురువు పేరు,ಮಾರ್ಗದರ್ಶಕರ ಹೆಸರು,வழிகாட்டி பெயர்,માર્ગદર્શકનું નામ,مینٹر کا نام,,
LEARNER_APP,USER_PROFILE_CARD,MENTOR_EMAIL,Mentor Email,मार्गदर्शक ईमेल,मेंटर का ईमेल,ମେଣ୍ଟରଙ୍କ  ଇମେଲ୍,మెంటర్ ఇమెయిల్,ಮಾರ್ಗದರ್ಶಕರ ಇಮೇಲ್,வழிகாட்டி மின்னஞ்சல்,માર્ગદર્શક ઇમેઇલ,مینٹر ای میل,,
LEARNER_APP,USERNAME_SUGGESTION,USERNAME,Username,युजर नाव  ,यूज़रनेम,ୟୁଜରଙ୍କ  ନାମ,యూజర్‌నేమ్,ಬಳಕೆದಾರ ಹೆಸರು,பயனர்பெயர்,યુઝર્નેમ,صارف نام,,
LEARNER_APP,USERNAME_SUGGESTION,AVAILABLE_USERNAMES,Available usernames,उपलब्ध युजर नाव ,उपलब्ध यूज़रनेम,ଉପଲବ୍ଧ ୟୁଜର ନାମଗୁଡିକ ,అందుబాటులో ఉన్న యూజర్‌నేమ్‌లు,ಲಭ್ಯವಿರುವ ಬಳಕೆದಾರ ಹೆಸರುಗಳು,கிடைக்கும் பயனர்பெயர்கள்,ઉપલબ્ધ યુઝરનેમ ,دستیاب صارف کا نام,,
LEARNER_APP,USERNAME_SUGGESTION,CONTINUE,Continue,सुरू ठेवा,जारी रखें,ଚାଲୁ ରଖନ୍ତୁ,కొనసాగించు,ಮುಂದುವರಿಸಿ,தொடரவும்,ચાલુ રાખો,جاری رکھیں,,
LEARNER_APP,REGISTRATION,SIGN_UP_FOR,Sign Up for,साइन अप करा,के लिए साइन अप करें,ସାଇନ୍-ଅପ୍ କରନ୍ତୁ,సైన్ అప్ చేయండి,ಸೈನ್ ಅಪ್,பதிவு செய்யவும்,કામ માટે સાઇન અપ,کے لیے سائن اپ کریں۔,,
LEARNER_APP,REGISTRATION,GET_VOCATIONAL_TRAINING_TO_LAND,Get vocational training to land,नोकरी मिळवण्यासाठी व्यावसायिक प्रशिक्षण घ्या,नौकरी पाने के लिए व्यावसायिक प्रशिक्षण प्राप्त करें,ଚାକିରି ପାଇବା ପାଇଁ ବୃତ୍ତିଗତ ପ୍ରଶିକ୍ଷଣ ଗ୍ରହଣ କରନ୍ତୁ,వ్యవసాయంకి వృత్తి శిక్షణ పొందండి,ಉದ್ಯೋಗಕ್ಕಾಗಿ ವೃತ್ತಿಪರ ತರಬೇತಿ ಪಡೆಯಿರಿ,வேலைவாய்ப்பு பெற தொழில்முறை பயிற்சி பெறுங்கள்,નોકરી પ્રાપ્ત કરવા માટે  વ્યાવસાયિક તાલીમ મેળવો,نوکری کرنے کے لیے پیشہ ورانہ تربیت حاصل کریں۔,,
LEARNER_APP,REGISTRATION,AN_ENTRY_LEVEL_JOB_WITH_2_MONTHS_OF,an entry level job with 2 months of,2 महिन्यांच्या प्रशिक्षणासह प्रवेश स्तराचे काम,2 महीने के साथ प्रवेश स्तर की नौकरी,୨ ମାସର ପ୍ରଶିକ୍ଷଣ ପରେ ମିଳୁଥିବା ପ୍ରାରମ୍ଭିକ ସ୍ତରର ଚାକିରି,2 నెలల అనుభవంతో ప్రారంభ స్థాయి ఉద్యోగం,2 ತಿಂಗಳ ... ಅನುಭವ ಹೊಂದಿರುವ ಪ್ರವೇಶ ಹಂತದ ಉದ್ಯೋಗ,2 மாத பயிற்சியுடன் நுழைவு நிலை வேலை,2 માસની તાલીમ સાથે એન્ટ્રી લેવલ નોકરી,2 ماہ کے ساتھ داخلہ سطح کی نوکری,,
LEARNER_APP,REGISTRATION,TRAINING,training,प्रशिक्षण,प्रशिक्षण,ପ୍ରଶିକ୍ଷଣ,శిక్షణ,ತರಬೇತಿ,பயிற்சி,તાલીમ,ٹریننگ ,,
LEARNER_APP,REGISTRATION,ALREADY_SIGNED_UP,Already signed up?,आधीच साइन अप केले आहे का?,पहले से साइन अप किया हुआ?,ପୂର୍ବରୁ ସାଇନ୍-ଅପ୍ କରିଛନ୍ତି କି?,ఇప్పటికే నమోదు చేసుకున్నారా?,ಈಗಾಗಲೇ ಸೈನ್ ಅಪ್ ಮಾಡಿದ್ದೀರಾ?,ஏற்கனவே பதிவு செய்துவிட்டீர்களா?,પહેલેથી સાઇન અપ કર્યું?,پہلے ہی سائن اپ کیا ہے؟,,
LEARNER_APP,REGISTRATION,CLICK_HERE_TO_LOGIN,Click here to login,लॉगिन करण्यासाठी येथे क्लिक करा,लॉगिन के लिए यहाँ क्लिक करें,ଲଗିନ୍ ପାଇଁ ଏଠାକୁ କ୍ଲିକ୍ କରନ୍ତୁ,లాగిన్ చేయడానికి ఇక్కడ క్లిక్ చేయండి,ಲಾಗಿನ್ ಮಾಡಲು ಇಲ್ಲಿ ಕ್ಲಿಕ್ ಮಾಡಿ,உள்நுழைய இங்கே கிளிக் செய்யவும்,લોગિન કરવા અહીં ક્લિક કરો,لاگ ان کرنے کے لیے یہاں کلک کریں۔,,
LEARNER_APP,REGISTRATION,TELL_US_ABOUT_YOURSELF,1/2 Tell us about yourself,"1/2, आम्हाला तुमच्या बद्दल सांगा",1/2 हमारे बारे में बताएं,୧/୨: ଆପଣଙ୍କ ବିଷୟରେ କିଛି ସୂଚନା ଦିଅନ୍ତୁ,1/2 మీ గురించి మాకు తెలియజేయండి,1/2 ನಮ್ಮ ಬಗ್ಗೆ ಮಾಹಿತಿ ನೀಡಿ,1/2 உங்களைப் பற்றி எங்களிடம் கூறுங்கள்,1/2 અમારો વિશે જણાવો,1/2 ہمیں اپنے بارے میں بتائیں,,
LEARNER_APP,REGISTRATION,CONTINUE,Continue,सुरू ठेवा,जारी रखें,ଚାଲୁ ରଖନ୍ତୁ,కొనసాగించండి,ಮುಂದುವರಿಸಿ,தொடரவும்,ચાલુ રાખો,جاری رکھیں,,
LEARNER_APP,REGISTRATION,INVALID_LINK,Invalid Link,अवैध दुवा,अमान्य लिंक,ଇନଭେଲିଡ  ଲିଙ୍କ,చెల్లని లింక్,ಅಮಾನ್ಯ ಲಿಂಕ್,தவறான இணைப்பு,અમાન્ય લિંક,غلط لنک,,
LEARNER_APP,REGISTRATION,GET_STARTED_WITH_YOUR_LEARNING_JOURNEY_NOW,Get Started With Your Learning Journey Now!,तुमचा शिक्षण प्रवास आत्ताच सुरू करा!,अभी अपनी सीखने की यात्रा शुरू करें!,ଏବେ ଆପଣଙ୍କର ଶିକ୍ଷଣ ଯାତ୍ରା ଆରମ୍ଭ କରନ୍ତୁ!,మీ అభ్యాస ప్రయాణాన్ని ఇప్పుడే ప్రారంభించండి!,ನಿಮ್ಮ ಕಲಿಕೆಯ ಪ್ರಯಾಣವನ್ನು ಈಗಲೇ ಪ್ರಾರಂಭಿಸಿ!,உங்கள் கற்றல் பயணத்தை இப்போதே தொடங்குங்கள்!,તમારી શીખવાની યાત્રા હમણાં જ શરૂ કરો!,ابھی اپنے سیکھنے کے سفر کے ساتھ شروع کریں!,,
LEARNER_APP,REGISTRATION,CREATE_ACCOUNT_TO_PROGRAMS,"Create your account to explore and access all our learning programs, Anytime","आमचे सर्व शिक्षण कार्यक्रम एक्सप्लोर करण्यासाठी आणि त्यात प्रवेश करण्यासाठी तुमचे खाते तयार करा, कधीही",हमारे सभी लर्निंग प्रोग्राम्स को कभी भी एक्सप्लोर करने और एक्सेस करने के लिए अपना अकाउंट बनाएं।,ଯେକୌଣସି ସମୟରେ ଆମର ସମସ୍ତ ଶିକ୍ଷଣ କାର୍ଯ୍ୟକ୍ରମ ଅନୁସନ୍ଧାନ ଏବଂ ପ୍ରବେଶ କରିବା ପାଇଁ ଆପଣଙ୍କର ଆକାଉଣ୍ଟ୍ ତିଆରି କରନ୍ତୁ,ఎప్పుడైనా మా అన్ని అభ్యాస ప్రోగ్రామ్‌లను అన్వేషించడానికి మరియు యాక్సెస్ చేయడానికి మీ ఖాతాను సృష్టించండి,"ನಮ್ಮ ಎಲ್ಲಾ ಕಲಿಕಾ ಕಾರ್ಯಕ್ರಮಗಳನ್ನು ಅನ್ವೇಷಿಸಲು ಮತ್ತು ಪ್ರವೇಶಿಸಲು ನಿಮ್ಮ ಖಾತೆಯನ್ನು ರಚಿಸಿ, ಯಾವುದೇ ಸಮಯದಲ್ಲಿ",எங்கள் அனைத்து கற்றல் திட்டங்களை எப்போது வேண்டுமானாலும் அணுக உங்கள் கணக்கை உருவாக்குங்கள்.,"અમારા બધા શિક્ષણ કાર્યક્રમોને એક્સ્પ્લોર કરવા અને ઍક્સેસ કરવા માટે, ગમે ત્યારે તમારું એકાઉન્ટ બનાવો",کسی بھی وقت، ہمارے تمام سیکھنے کے پروگراموں کو دریافت کرنے اور ان تک رسائی کے لیے اپنا اکاؤنٹ بنائیں,,
LEARNER_APP,RESET_PASSWORD_FORM,OLD_PASSWORD,Old Password,जुना पासवर्ड,पुराना पासवर्ड,ପୁରୁଣା ପାସୱାର୍ଡ ,పాత పాస్‌వర్డ్,ಹಳೆಯ ಪಾಸ್ವರ್ಡ್ ,பழைய கடவுச்சொல்,જૂનો પાસવર્ડ,پرانا پاس ورڈ,,
LEARNER_APP,RESET_PASSWORD_FORM,NEW_PASSWORD,New Password,नवीन पासवर्ड,नया पासवर्ड,ନୂତନ ପାସୱାର୍ଡ ,కొత్త పాస్‌వర్డ్,ಹೊಸ ಪಾಸ್ವರ್ಡ್ ,புதிய கடவுச்சொல்,નવો પાસવર્ડ,نیا پاس ورڈ,,
LEARNER_APP,RESET_PASSWORD_FORM,CONFIRM_NEW_PASSWORD,Confirm New Password,नवीन पासवर्डची पुष्टी,नए पासवर्ड की पुष्टि करें,ନୂତନ ପାସୱାର୍ଡ କନଫର୍ମ କରନ୍ତୁ ,కొత్త పాస్‌వర్డ్‌ను నిర్ధారించండి,ಹೊಸ ಪಾಸ್ವರ್ಡ್ ದೃಢೀಕರಿಸಿ ,புதிய கடவுச்சொல்லை உறுதி செய்யவும்,નવા પાસવર્ડની પુષ્ટિ કરો,نئے پاس ورڈ کی تصدیق کریں۔,,
LEARNER_APP,RESET_PASSWORD_FORM,RESET_PASSWORD,Reset Password,पासवर्ड रीसेट,पासवर्ड रीसेट करें,ପାସୱାର୍ଡ ରିସେଟ କରନ୍ତୁ ,పాస్‌వర్డ్‌ను రీసెట్ చేయండి,ರೀಸೆಟ್ ಪಾಸ್ವರ್ಡ್ ,கடவுச்சொல்லை மீட்டமை,પાસવર્ડ ફરીથી સેટ કરો,پاس ورڈ ری سیٹ کریں۔,,
LEARNER_APP,RESET_PASSWORD_FORM,FORGOT_PASSWORD,Forgot Password?,पासवर्ड विसरलात?,पासवर्ड भूल गए?,ପାସୱାର୍ଡ ଭୁଲିଯାଇଛନ୍ତି କି ?,పాస్‌వర్డ్ మర్చిపోయారా?,ಪಾಸ್ವರ್ಡ್ ಮರೆತಿರಾ?,கடவுச்சொல் மறந்துவிட்டதா?,પાસવર્ડ ભૂલી ગયા?,پاس ورڈ بھول گئے؟,,
LEARNER_APP,RESET_PASSWORD_FORM,FILL_ALL_FIELDS,Please fill in all fields.,कृपया सर्व फील्ड भरा.,कृपया सभी फ़ील्ड भरें।,ଦୟାକରି ସମସ୍ତ ଫିଲ୍ଡ ପୂରଣ କରନ୍ତୁ।,దయచేసి అన్ని ఫీల్డ్‌లను పూరించండి.,ದಯವಿಟ್ಟು ಎಲ್ಲಾವನ್ನು  ಭರ್ತಿ ಮಾಡಿ.,தயவுசெய்து அனைத்து புலங்களையும் நிரப்பவும்.,કૃપા કરીને બધા માહિતી ભરો.,براہ کرم تمام فیلڈز کو پُر کریں۔,,
LEARNER_APP,RESET_PASSWORD_FORM,PASSWORDS_MUST_MATCH,New Password and Confirm Password must be the same.,नवीन पासवर्ड आणि पुष्टी पासवर्ड जुळणे आवश्यक आहे.,नया पासवर्ड और पुष्टि पासवर्ड समान होने चाहिए।,ନୂତନ ପାସୱାର୍ଡ ଏବଂ  କନଫର୍ମ  ପାସୱାର୍ଡ ସମାନ ହେବା ଆବଶ୍ୟକ।,కొత్త పాస్‌వర్డ్ మరియు నిర్ధారణ పాస్‌వర్డ్ ఒకేలా ఉండాలి.,ಹೊಸ ಪಾಸ್ವರ್ಡ್  ಮತ್ತು ದೃಢೀಕರಣ ಪಾಸ್ವರ್ಡ್ ಒಂದೇ ಇರಬೇಕು.,புதிய கடவுச்சொல் மற்றும் உறுதிப்படுத்தும் கடவுச்சொல் ஒன்றாக இருக்க வேண்டும்.,નવો પાસવર્ડ અને પુષ્ટિ પાસવર્ડ સમાન હોવા જોઈએ.,نیا پاس ورڈ اور کنفرم پاس ورڈ ایک جیسا ہونا چاہیے۔,,
LEARNER_APP,RESET_PASSWORD_FORM,PASSWORD_MIN_LENGTH,Password must be at least 4 characters long,पासवर्ड किमान 4 अक्षरांचा असावा,पासवर्ड कम से कम 4 वर्ण का होना चाहिए,ପାସୱାର୍ଡରେ ଅତି କମରେ ୪ଟି ଅକ୍ଷର ଥିବା ଦରକାର।,పాస్‌వర్డ్ కనీసం 4 అక్షరాల పొడవు ఉండాలి, ಪಾಸ್ವರ್ಡ್ ನ  ಕನಿಷ್ಠ 4 ಅಕ್ಷರಗಳಿರಬೇಕು,கடவுச்சொல் குறைந்தது 4 எழுத்துகள் இருக்க வேண்டும். ,પાસવર્ડ ઓછામાં ઓછા 4 અક્ષરોનું હોવું જોઈએ,پاس ورڈ کم از کم 4 حروف کا ہونا چاہیے۔,,
LEARNER_APP,RESET_PASSWORD_FORM,PASSWORD_UPPERCASE,Password must contain at least one uppercase letter,पासवर्डमध्ये किमान एक मोठे अक्षर असावे,पासवर्ड में कम से कम एक बड़ा अक्षर होना चाहिए,ପାସୱାର୍ଡରେ ଅତି କମରେ ଗୋଟିଏ ବଡ଼ ଇଂରାଜୀ ଅକ୍ଷର ରହିବା ଦରକାର।,పాస్‌వర్డ్‌లో కనీసం ఒక పెద్ద అక్షరం ఉండాలి,ಪಾಸ್ವರ್ಡ್ ನಲ್ಲಿ ಕನಿಷ್ಠ ಒಂದು ದೊಡ್ಡ ಅಕ್ಷರ ಇರಬೇಕು,கடவுச்சொல்லில் குறைந்தது ஒரு பெரிய எழுத்து இருக்க வேண்டும்.,પાસવર્ડમાં ઓછામાં ઓછો એક કેપિટલ લેટર હોવું જોઈએ,پاس ورڈ میں کم از کم ایک بڑے حرف کا ہونا ضروری ہے۔,,
LEARNER_APP,RESET_PASSWORD_FORM,PASSWORD_LOWERCASE,Password must contain at least one lowercase letter,पासवर्डमध्ये किमान एक छोटे अक्षर असावे,पासवर्ड में कम से कम एक छोटा अक्षर होना चाहिए,ପାସୱାର୍ଡରେ ଅତି କମରେ ଗୋଟିଏ ଛୋଟ ଇଂରାଜୀ ଅକ୍ଷର ରହିବା ଦରକାର।,పాస్‌వర్డ్‌లో కనీసం ఒక చిన్న అక్షరం ఉండాలి,ಪಾಸ್ವರ್ಡ್ ನಲ್ಲಿ  ಕನಿಷ್ಠ ಒಂದು ಚಿಕ್ಕ ಅಕ್ಷರ ಇರಬೇಕು,கடவுச்சொல்லில் குறைந்தது ஒரு சிறிய எழுத்து இருக்க வேண்டும்.,પાસવર્ડમાં ઓછીમાં ઓછી એક સ્મોલ લેટર  હોવું જોઈએ,پاس ورڈ میں کم از کم ایک چھوٹے حرف کا ہونا ضروری ہے۔,,
LEARNER_APP,RESET_PASSWORD_FORM,PASSWORD_NUMBER,Password must contain at least one number,पासवर्डमध्ये किमान एक संख्या असावी,पासवर्ड में कम से कम एक अंक होना चाहिए,ପାସୱାର୍ଡରେ ଅତି କମରେ ଗୋଟିଏ ସଂଖ୍ୟା ଥିବା ଆବଶ୍ୟକ।,పాస్‌వర్డ్‌లో కనీసం ఒక సంఖ్య ఉండాలి,ಪಾಸ್ವರ್ಡ್ ನಲ್ಲಿ  ಕನಿಷ್ಠ ಒಂದು ಸಂಖ್ಯೆ ಇರಬೇಕು,கடவுச்சொல் குறைந்தது ஒரு எண்ணைக் கொண்டிருக்க வேண்டும்,પાસવર્ડમાં ઓછામાં ઓછો  એક નંબર હોવો જોઈએ,پاس ورڈ میں کم از کم ایک نمبر ہونا چاہیے۔,,
LEARNER_APP,RESET_PASSWORD_FORM,PASSWORD_SPECIAL,Password must contain at least one special character,पासवर्डमध्ये किमान एक विशेष अक्षर असावे,पासवर्ड में कम से कम एक विशेष वर्ण होना चाहिए,ପାସୱାର୍ଡରେ ଅତି କମରେ ଗୋଟିଏ ସ୍ପେଶାଲ କାରେକ୍ଟର ରହିବା ଦରକାର।,పాస్‌వర్డ్‌లో కనీసం ఒక ప్రత్యేక అక్షరం ఉండాలి,ಪಾಸ್ವರ್ಡ್ ನಲ್ಲಿ  ಕನಿಷ್ಠ ಒಂದು ವಿಶೇಷ ಅಕ್ಷರ ಇರಬೇಕು,கடவுச்சொல் குறைந்தது ஒரு சிறப்பு எழுத்து கொண்டிருக்க வேண்டும்,પાસવર્ડમાં ઓછામાં ઓછો એક વિશેષ અક્ષર હોવું જોઈએ,پاس ورڈ میں کم از کم ایک خاص حرف ہونا چاہیے۔,,
LEARNER_APP,RESET_PASSWORD_FORM,PASSWORD_LETTER,Password must contain at least one uppercase and lowercase letter,पासवर्डमध्ये किमान एक मोठे व एक छोटे अक्षर असावे,पासवर्ड में कम से कम एक बड़ा और एक छोटा अक्षर होना चाहिए,ପାସୱାର୍ଡରେ ଅତି କମରେ ଗୋଟିଏ ବଡ଼ ଇଂରାଜୀ ଅକ୍ଷର ଏବଂ ଗୋଟିଏ ଛୋଟ ଇଂରାଜୀ ଅକ୍ଷର ରହିବା ଦରକାର।,పాస్‌వర్డ్‌లో కనీసం ఒక పెద్ద మరియు చిన్న అక్షరం ఉండాలి,ಪಾಸ್ವರ್ಡ್ ನಲ್ಲಿ  ಕನಿಷ್ಠ ಒಂದು ದೊಡ್ಡ ಮತ್ತು ಒಂದು ಚಿಕ್ಕ ಅಕ್ಷರ ಇರಬೇಕು,கடவுச்சொல் குறைந்தது ஒரு பெரிய மற்றும் சிறிய எழுத்து கொண்டிருக்க வேண்டும்,પાસવર્ડમાં ઓછામાં ઓછો એક કેપિટલ અને એક સ્મ્મોલ લેટર હોવો જોઈએ,پاس ورڈ میں کم از کم ایک بڑے اور چھوٹے حروف کا ہونا ضروری ہے۔,,
LEARNER_APP,WELCOME_SCREEN,GET_APP,Get the App,App मिळवा,एप्लिकेशन प्राप्त करें,ଆପ୍ ପାଆନ୍ତୁ,యాప్‌ను పొందండి,ಅಪ್‌ಲಿಕೇಶನ್‌ ಪಡೆಯಿರಿ,செயலியைப் பதிவிறக்குங்கள்,એપ્લિકેશન મેળવો,ایپ حاصل کریں۔,,
LEARNER_APP,WELCOME_SCREEN,POINT_PHONE,Point your phone,फोन येथे ठेवा,फोन रखें,ଫୋନ୍ ଏଠାରେ ରଖନ୍ତୁ,మీ ఫోన్‌ను గుర్తించండి,ಫೋನನ್ನು ಇಲ್ಲಿ ಇರಿಸಿ,உங்கள் தொலைபேசியை சுட்டிக்காட்டவும்,ફોન અહીં રાખો ,اپنے فون کی طرف اشارہ کریں۔,,
LEARNER_APP,WELCOME_SCREEN,CAMERA_HERE,camera here,कॅमेरा येथे ठेवा,कैमरा यहाँ,କ୍ୟାମେରା ଏଠାରେ ରଖନ୍ତୁ,కెమెరాను ఇక్కడ,ಕ್ಯಾಮೆರಾವನ್ನು ಇಲ್ಲಿ ಇರಿಸಿ,கேமராவை இங்கே,કેમેરા અહીં રાખો ,کیمرہ یہاں,,
LEARNER_APP,WELCOME_SCREEN,OR,OR,किंवा,या,କିମ୍ବା,లేదా,ಅಥವಾ,அல்லது,અથવા,یا,,
LEARNER_APP,WELCOME_SCREEN,SEARCH_TEXT,Search,शोधा,खोजें,ସର୍ଚ କରନ୍ତୁ ,శోధించండి,ಹುಡುಕಿ,தேடுக,શોધો,تلاش کریں۔,,
LEARNER_APP,WELCOME_SCREEN,APP_NAME,Pratham myLearning,Pratham myLearning,Pratham myLearning,Pratham myLearning,ప్రథమ్ మై లెర్నింగ్,Pratham myLearning,பிரதம் மைலேர்னிங்,Pratham myLearning,پرتھم مائی لرننگ,,
LEARNER_APP,WELCOME_SCREEN,ON_PLAYSTORE,on Playstore,प्लेस्टोअरवर,प्लेस्टोर पर,ପ୍ଲେ ସ୍ଟୋର୍,ప్లే స్టోర్‌లో,ಪ್ಲೇಸ್ಟೋರ್‌ನಲ್ಲಿ,ப்ளே ஸ்டோரில்,પ્લેસ્ટોર પર,پلے اسٹور پر,,
LEARNER_APP,SSO,TITLE,SSO Authentication,एसएसओ प्रमाणीकरण,एसएसओ प्रमाणीकरण,SSO ଅଥଣ୍ଟିକେସନ ,SSO ప్రామాణీకరణ,SSO ದೃಢೀಕರಣ,SSO அங்கீகாரம்,SSO પ્રમાણીકરણ,ایس ایس او کی توثیق,,
LEARNER_APP,SSO,IMAGE_ALT,Authentication in progress,प्रमाणीकरण प्रगतीपथावर आहे,प्रमाणीकरण प्रक्रिया जारी है,ଅଥଣ୍ଟିକେସନ ଚାଲିଛି,ప్రామాణీకరణ ప్రోగ్రెస్‌లో ఉంది,ದೃಢೀಕರಣ ಪ್ರಗತಿಯಲ್ಲಿದೆ,அங்கீகாரம் செயலில் உள்ளது,પ્રમાણીકરણ ચાલુ છે,تصدیق جاری ہے۔,,
LEARNER_APP,SSO,INITIALIZING,Initializing SSO authentication...,SSO प्रमाणीकरण सुरू करत आहे...,एसएसओ प्रमाणीकरण प्रारंभ किया जा रहा है...,SSO ଅଥଣ୍ଟିକେସନ ଆରମ୍ଭ କରାଯାଉଛି...,SSO ప్రామాణీకరణను ప్రారంభిస్తోంది...,SSO ದೃಢೀಕರಣವನ್ನು ಪ್ರಾರಂಭಿಸಲಾಗುತ್ತಿದೆ...,SSO அங்கீகாரத்தைத் தொடங்குகிறது...,SSO પ્રમાણીકરણ શરૂ કરી રહ્યું છે...,SSO کی توثیق شروع کی جا رہی ہے...,,
LEARNER_APP,SSO,EXTRACTING_PARAMS,Extracting authentication parameters...,प्रमाणीकरण पॅरामीटर्स काढत आहे...,प्रमाणीकरण पैरामीटर निकाले जा रहे हैं...,ଅଥଣ୍ଟିକେସନ  ପାରାମିଟରଗୁଡ଼ିକ ବାହାର କରାଯାଉଛି...,అధీకరణ పారామీటర్లను సంగ్రహిస్తోంది...,ದೃಢೀಕರಣಕ್ಕೆ ಅಗತ್ಯವಾದ ಮಾಹಿತಿಯನ್ನು ಪಡೆಯಲಾಗುತ್ತಿದೆ....,அங்கீகார தகவல்கள் எடுக்கப்படுகின்றன..,પ્રમાણીકરણ પરિમાણો  નિકાળી રહ્યા છીએ...,توثیق کے پیرامیٹرز کو نکالا جا رہا ہے...,,
LEARNER_APP,SSO,AUTHENTICATING,Authenticating with server...,सर्व्हरसह प्रमाणीकरण करत आहे...,सर्वर के साथ प्रमाणीकरण हो रहा है...,ସର୍ଭର ସହିତ ଅଥଣ୍ଟିକେସନ କରାଯାଉଛି...,సర్వర్‌తో ప్రామాణీకరిస్తోంది...,ಸರ್ವರ್‌ನೊಂದಿಗೆ ದೃಢೀಕರಿಸಲಾಗುತ್ತಿದೆ...,சேவையகத்துடன் அங்கீகரிக்கிறது...,સર્વર સાથે પ્રમાણિત કરી રહ્યું છે...,سرور کے ساتھ تصدیق ہو رہی ہے...,,
LEARNER_APP,SSO,AUTH_SUCCESS,Authentication successful! Redirecting...,प्रमाणीकरण यशस्वी! पुनर्निर्देशित करत आहे...,प्रमाणीकरण सफल! पुनर्निर्देशित किया जा रहा है...,ଅଥଣ୍ଟିକେସନ  ସଫଳ! ପୁନଃନିର୍ଦ୍ଦେଶିତ ହେଉଛି...,ప్రామాణీకరణ విజయవంతమైంది! మళ్లింపు జరుగుతోంది...,ದೃಢೀಕರಣ ಯಶಸ್ವಿಯಾಗಿದೆ! ಮರುನಿರ್ದೇಶಿಸಲಾಗುತ್ತಿದೆ...,அங்கீகாரம் வெற்றிகரமாக முடிந்தது! திருப்பிவிடுகிறது...,પ્રમાણીકરણ સફળ! રીડાયરેક્ટ કરી રહ્યું છે...,توثیق کامیاب! ری ڈائریکٹ ہو رہا ہے...,,
LEARNER_APP,SSO,AUTH_FAILED,Authentication failed,प्रमाणीकरण अयशस्वी झाले,प्रमाणीकरण विफल होना,ଅଥଣ୍ଟିକେସନ ବିଫଳ ହୋଇଛି,ప్రామాణీకరణ విఫలమైంది,ದೃಢೀಕರಣ ವಿಫಲವಾಗಿದೆ,அங்கீகாரம் தோல்வியடைந்தது,પ્રમાણીકરણ નિષ્ફળ થયું,تصدیق ناکام ہوگئی,,
LEARNER_APP,SSO,PLEASE_WAIT,Please wait while we verify your credentials...,आम्ही तुमची क्रेडेन्शियल्स पडताळून पाहेपर्यंत कृपया वाट पहा...,कृपया प्रतीक्षा करें जब तक हम आपकी पहचान सत्यापित नहीं कर लेते...,ଆମେ ଆପଣଙ୍କର ପ୍ରମାଣପତ୍ର ଯାଞ୍ଚ କରିବା ପର୍ଯ୍ୟନ୍ତ ଦୟାକରି ଅପେକ୍ଷା କରନ୍ତୁ...,"మీ వివరాలను ధృవీకరిస్తున్నాం, దయచేసి వేచి ఉండండి...",ನಿಮ್ಮ ರುಜುವಾತುಗಳನ್ನು ನಾವು ಪರಿಶೀಲಿಸುವವರೆಗೆ ದಯವಿಟ್ಟು ಕಾಯಿರಿ...,உங்கள் சான்றுகளை நாங்கள் சரிபார்க்கும் வரை காத்திருங்கள்...,કૃપા કરીને અમે તમારા ઓળખપત્રો ચકાસીએ ત્યાં સુધી રાહ જુઓ...,براہ کرم انتظار کریں جب تک ہم آپ کی اسناد کی تصدیق کر لیں...,,
LEARNER_APP,SSO,REDIRECTING_LOGIN,Redirecting you to the login page in a moment...,तुम्हाला काही क्षणातच लॉगिन पेजवर रीडायरेक्ट करत आहे...,हम आपको कुछ ही देर में लॉगिन पेज पर रीडायरेक्ट कर रहे हैं...,କିଛି ମୁହୂର୍ତ୍ତ ମଧ୍ୟରେ ଆପଣଙ୍କୁ ଲଗଇନ୍ ପୃଷ୍ଠାକୁ ପୁନଃନିର୍ଦ୍ଦେଶିତ କରାଯାଉଛି...,కొద్ది సేపట్లో మిమ్మల్ని లాగిన్ పేజీకి మళ్లిస్తున్నాం...,ಕೆಲವೇ ಕ್ಷಣಗಳಲ್ಲಿ ನಿಮ್ಮನ್ನು ಲಾಗಿನ್ ಪುಟಕ್ಕೆ ಮರುನಿರ್ದೇಶಿಸಲಾಗುತ್ತಿದೆ...,உங்களை சில நொடிகளில் உள்நுழைவு பக்கத்துக்கு மாற்றுகிறது...,થોડીવારમાં તમને લોગિન પેજ પર રીડાયરેક્ટ કરી રહ્યા છીએ...,آپ کو ایک لمحے میں لاگ ان صفحہ پر ری ڈائریکٹ کیا جا رہا ہے...,,
LEARNER_APP,SSO,REDIRECTING_DASHBOARD,Redirecting you to your dashboard...,तुम्हाला तुमच्या डॅशबोर्डवर पुनर्निर्देशित करत आहे...,आपको आपके डैशबोर्ड पर रीडायरेक्ट किया जा रहा है...,ଆପଣଙ୍କୁ ଆପଣଙ୍କର ଡ୍ୟାସବୋର୍ଡକୁ ପୁନଃନିର୍ଦ୍ଦେଶିତ କରାଯାଉଛି...,మిమ్మల్ని మీ డాష్‌బోర్డ్‌కు మళ్లిస్తున్నాం...,ನಿಮ್ಮ ಡ್ಯಾಶ್‌ಬೋರ್ಡ್‌ಗೆ ನಿಮ್ಮನ್ನು ಮರುನಿರ್ದೇಶಿಸಲಾಗುತ್ತಿದೆ...,உங்கள் டாஷ்போர்டுக்கு உங்களைத் திருப்பிவிடுகிறது...,તમને તમારા ડેશબોર્ડ પર રીડાયરેક્ટ કરી રહ્યું છે...,آپ کو آپ کے ڈیش بورڈ پر ری ڈائریکٹ کیا جا رہا ہے...,,
LEARNER_APP,SSO,SUCCESS_MESSAGE,SSO authentication successful!,SSO प्रमाणीकरण यशस्वी झाले!,एसएसओ प्रमाणीकरण सफल!,SSO ଅଥଣ୍ଟିକେସନ  ସଫଳ ହେଲା!,SSO ప్రామాణీకరణ విజయవంతమైంది!,SSO ದೃಢೀಕರಣ ಯಶಸ್ವಿಯಾಗಿದೆ!,SSO அங்கீகாரம் வெற்றிகரமாக முடிந்தது!,SSO પ્રમાણીકરણ સફળ થયું!,SSO کی توثیق کامیاب!,,
LEARNER_APP,SSO,ERROR_GENERAL,An error occurred during SSO authentication,SSO प्रमाणीकरणादरम्यान एक त्रुटी आली.,एसएसओ प्रमाणीकरण के दौरान एक त्रुटि उत्पन्न हुई।,SSO ଅଥଣ୍ଟିକେସନ  ସମୟରେ ଏକ ତ୍ରୁଟି ଦେଖାଦେଲା।,SSO ప్రామాణీకరణ సమయంలో లోపం సంభవించింది.,SSO ದೃಢೀಕರಣದ ಸಮಯದಲ್ಲಿ ದೋಷ ಸಂಭವಿಸಿದೆ.,SSO அங்கீகாரத்தின் போது பிழை ஏற்பட்டது.,SSO પ્રમાણીકરણ દરમિયાન એક ભૂલ આવી.,SSO تصدیق کے دوران ایک خرابی پیش آگئی,,
LEARNER_APP,SSO,ERROR_MISSING_PARAMS,Missing required parameters,आवश्यक पॅरामीटर्स गहाळ आहेत,आवश्यक पैरामीटर अनुपलब्ध हैं,ଆବଶ୍ୟକୀୟ ପାରାମିଟରଗୁଡ଼ିକ ଉପଲବ୍ଧ ନାହିଁ,అవసరమైన పారామితులు లేవు,ಅಗತ್ಯವಾದ ಮಾಹಿತಿ ಲಭ್ಯವಿಲ್ಲ,தேவையான தகவல்கள் இல்லை,જરૂરી પરિમાણો ખૂટે છે,مطلوبہ پیرامیٹرز غائب ہیں۔,,
LEARNER_APP,SSO,ERROR_AUTH_FAILED,Authentication failed,प्रमाणीकरण अयशस्वी झाले,प्रमाणीकरण विफल होना,ଅଥଣ୍ଟିକେସନ  ବିଫଳ ହୋଇଛି,ప్రామాణీకరణ విఫలమైంది,ದೃಢೀಕರಣ ವಿಫಲವಾಗಿದೆ,அங்கீகாரம் தோல்வியடைந்தது,પ્રમાણીકરણ નિષ્ફળ થયું,تصدیق ناکام ہوگئی,,
LEARNER_APP,PROGRAMS,EXPLORE_PROGRAMS,Explore Programs,कार्यक्रम एक्सप्लोर करा,कार्यक्रमों का अन्वेषण करें,ପ୍ରୋଗ୍ରାମଗୁଡ଼ିକୁ ଏକ୍ସପ୍ଲୋର୍ କରନ୍ତୁ,ప్రోగ్రామ్‌లను అన్వేషించండి,ಕಾರ್ಯಕ್ರಮಗಳನ್ನು ಅನ್ವೇಷಿಸಿ,திட்டங்களை ஆராயுங்கள்,કાર્યક્રમો એક્સ્પ્લોર કરો ,پروگراموں کو دریافت کریں۔,,
LEARNER_APP,PROGRAMS,MY_PROGRAMS,My Programs,माझे कार्यक्रम,मेरे कार्यक्रम,ମୋ ପ୍ରୋଗ୍ରାମଗୁଡ଼ିକ,నా ప్రోగ్రామ్‌లు,ನನ್ನ ಕಾರ್ಯಕ್ರಮಗಳು,எனது திட்டங்கள்,મારા કાર્યક્રમો,میرے پروگرام,,
LEARNER_APP,PROGRAMS,LOADING,Loading...,लोड होत आहे...,लोड हो रहा है...,ଲୋଡ୍ ହେଉଛି...,లోడ్ అవుతోంది...,ಲೋಡ್ ಆಗುತ್ತಿದೆ...,ஏற்றுகிறது...,લોડ કરી રહ્યું છે...,لوڈ ہو رہا ہے...,,
LEARNER_APP,REGISTRATION_FLOW,USERNAME_ALREADY_EXIST,Username Already Exist,युजर चे  नाव आधीच अस्तित्वात आहे,उपयोगकर्ता नाम पहले से मौजूद है,ୟୁଜରଙ୍କ ନାମ  ପୂର୍ବରୁ ଅଛି,వినియోగదారు పేరు ఇప్పటికే ఉంది,ಬಳಕೆದಾರ ಹೆಸರು ಈಗಾಗಲೇ ಅಸ್ತಿತ್ವದಲ್ಲಿದೆ,பயனர்பெயர் ஏற்கனவே உள்ளது,વપરાશકર્તા નામ પહેલેથી જ અસ્તિત્વમાં છે,صارف نام پہلے سے موجود ہے۔,,
LEARNER_APP,REGISTRATION_FLOW,EMAIL_ALREADY_EXISTS,Email already exists,ईमेल आधीच अस्तित्वात आहे,ईमेल पहले से ही मौजूद है,ଇମେଲ୍ ପୂର୍ବରୁ ବିଦ୍ୟମାନ ଅଛି,ఇమెయిల్ ఇప్పటికే ఉంది,ಇಮೇಲ್ ಈಗಾಗಲೇ ಅಸ್ತಿತ್ವದಲ್ಲಿದೆ.,மின்னஞ்சல் ஏற்கனவே உள்ளது.,ઇમેઇલ પહેલેથી જ અસ્તિત્વમાં છે,ای میل پہلے سے موجود ہے۔,,
LEARNER_APP,REGISTRATION_FLOW,PLEASE_ENTER_VALID_OTP,Please enter valid otp,कृपया वैध ओटीपी एंटर करा.,कृपया वैध ओटीपी दर्ज करें,ଦୟାକରି ବୈଧ ଓଟିପି ଲେଖନ୍ତୁ।,దయచేసి చెల్లుబాటు అయ్యే OTP ని నమోదు చేయండి,ದಯವಿಟ್ಟು ಮಾನ್ಯವಾದ ಒಟಿಪಿ ನಮೂದಿಸಿ.,சரியான OTP-ஐ உள்ளிடவும்,કૃપા કરીને માન્ય ઓટીપી દાખલ કરો,براہ کرم درست او ٹی پی درج کریں۔,,
LEARNER_APP,REGISTRATION_FLOW,YES_CREATE_ANOTHER_ACCOUNT,"Yes, Create Another Account","हो, दुसरे खाते तयार करा.","हां, एक और खाता बनाएं","ହଁ, ଆଉ ଏକ ଆକାଉଣ୍ଟ ତିଆରି କରନ୍ତୁ","అవును, మరో ఖాతాను సృష్టించండి","ಹೌದು, ಇನ್ನೊಂದು ಖಾತೆಯನ್ನು ರಚಿಸಿ","ஆம், வேறொரு கணக்கை உருவாக்கு","હા, બીજું એકાઉન્ટ બનાવો",ہاں، دوسرا اکاؤنٹ بنائیں,,
LEARNER_APP,REGISTRATION_FLOW,ACCOUNT_ALREADY_EXISTS,Account Already Exists,खाते आधीच अस्तित्वात आहे,खाता पहले से मौजूद है,ଆକାଉଣ୍ଟ ପୂର୍ବରୁ ଅଛି,ఖాతా ఇప్పటికే ఉంది,ಖಾತೆ ಈಗಾಗಲೇ ಅಸ್ತಿತ್ವದಲ್ಲಿದೆ.,கணக்கு ஏற்கனவே உள்ளது,એકાઉન્ટ પહેલેથી જ અસ્તિત્વમાં છે,اکاؤنٹ پہلے سے موجود ہے۔,,
LEARNER_APP,REGISTRATION_FLOW,ARE_YOU_SURE_CREATE_ANOTHER_ACCOUNT,Are you sure you want to create another account?,तुम्हाला नक्की दुसरे खाते तयार करायचे आहे का?,क्या आप वाकई एक और खाता बनाना चाहते हैं?,ଆପଣ କ’ଣ ନିଶ୍ଚିତ ଯେ ଆପଣ ଅନ୍ୟ ଏକ ଆକାଉଣ୍ଟ ତିଆରି କରିବାକୁ ଚାହୁଁଛନ୍ତି?,మీరు నిజంగా మరో ఖాతాను సృష్టించాలనుకుంటున్నారా?,ನೀವು ಇನ್ನೊಂದು ಖಾತೆಯನ್ನು ರಚಿಸಲು ಖಚಿತವಾಗಿ ಬಯಸುವಿರಾ?,நீங்கள் நிச்சயமாக வேறொரு கணக்கை உருவாக்க விரும்புகிறீர்களா?,શું તમે ખરેખર બીજું એકાઉન્ટ બનાવવા માંગો છો?,کیا آپ واقعی دوسرا اکاؤنٹ بنانا چاہتے ہیں؟,,
LEARNER_APP,REGISTRATION_FLOW,VERIFY_OTP,Verify OTP,ओटीपी पडताळणी करा,ओटीपी सत्यापित करें,OTP ଯାଞ୍ଚ କରନ୍ତୁ,OTP ని ధృవీకరించండి,ಒಟಿಪಿ ಪರಿಶೀಲಿಸಿ,OTP-ஐச் சரிபார்க்கவும்,OTP ચકાસો,OTP کی تصدیق کریں۔,,
LEARNER_APP,REGISTRATION_FLOW,VERIFY_YOUR_PHONE_NUMBER,Verify Your Phone Number,तुमचा फोन नंबर सत्यापित करा,अपना फोन का नंबर जांच लें,ଆପଣଙ୍କ ଫୋନ୍ ନମ୍ବର ଯାଞ୍ଚ କରନ୍ତୁ,మీ ఫోన్ నంబర్‌ను ధృవీకరించండి,ನಿಮ್ಮ ಫೋನ್ ಸಂಖ್ಯೆಯನ್ನು ಪರಿಶೀಲಿಸಿ,உங்கள் தொலைபேசி எண்ணைச் சரிபார்க்கவும்,તમારો ફોન નંબર ચકાસો,اپنے فون نمبر کی تصدیق کریں۔,,
LEARNER_APP,REGISTRATION_FLOW,OKAY,Okay,ठीक आहे,ठीक है,ଠିକ୍ ଅଛି,సరే,ಸರಿ,சரி,ઠીક છે,ٹھیک ہے۔,,
LEARNER_APP,REGISTRATION_FLOW,START_EXPLORING,Start Exploring,एक्सप्लोर करणे सुरू करा,अन्वेषण शुरू करें,ଏକ୍ସପ୍ଲୋର୍ କରିବା ଆରମ୍ଭ କରନ୍ତୁ,అన్వేషించడం ప్రారంభించండి,ಅನ್ವೇಷಿಸಲು ಪ್ರಾರಂಭಿಸಿ,ஆராயத் தொடங்குங்கள்,શોધખોળ શરૂ કરો,دریافت کرنا شروع کریں۔,,
LEARNER_APP,REGISTRATION_FLOW,START_LEARNING,Start learning,शिकायला सुरुवात करा,सीखना शुरू करें,ଶିଖିବା ଆରମ୍ଭ କରନ୍ତୁ,అభ్యాసం ప్రారంభించండి,ಕಲಿಯಲು ಪ್ರಾರಂಭಿಸಿ,கற்றுக்கொள்ளத் தொடங்குங்கள்,શીખવાનું શરૂ કરો,سیکھنا شروع کریں۔,,
LEARNER_APP,REGISTRATION_FLOW,YOU_HAVE_SUCCESSFULLY_SIGNED_UP_FOR,You have successfully signed up for,तुम्ही यशस्वीरित्या साइन अप केले आहे,आपने सफलतापूर्वक साइन अप कर लिया है,ଆପଣ ସଫଳତାର ସହ ସାଇନ୍ ଅପ୍ କରିଛନ୍ତି,మీరు విజయవంతంగా నమోదు చేసుకున్నారు,ನೀವು ಯಶಸ್ವಿಯಾಗಿ ಸೈನ್ ಅಪ್ ಮಾಡಿದ್ದೀರಿ,நீங்கள் வெற்றிகரமாக பதிவு செய்துள்ளீர்கள்,તમે સફળતાપૂર્વક સાઇન અપ કર્યું છે,آپ نے کامیابی کے ساتھ سائن اپ کر لیا ہے۔,,
LEARNER_APP,REGISTRATION_FLOW,LEARNING_JOURNEY_FIRST_STEP,Great job! You have taken the first step in your learning journey with Pratham,खूप छान काम! तुम्ही प्रथमसोबतच्या तुमच्या शिक्षण प्रवासात पहिले पाऊल टाकले आहे.,बहुत बढ़िया! आपने प्रथम के साथ अपनी सीखने की यात्रा का पहला कदम उठा लिया है।,ବହୁତ ଭଲ କାମ ! ତୁମେ ପ୍ରଥମ ସହିତ ତୁମର ଶିକ୍ଷା ଯାତ୍ରାରେ ପ୍ରଥମ ପଦକ୍ଷେପ ନେଇଛ।,చాలా బాగా చేసారు! ప్రథమ్ తో మీ అభ్యాస ప్రయాణంలో మీరు మొదటి అడుగు వేశారు.,ಒಳ್ಳೆಯ ಕೆಲಸ! ಪ್ರಥಮ್ ಜೊತೆ ನಿಮ್ಮ ಕಲಿಕಾ ಪ್ರಯಾಣದಲ್ಲಿ ನೀವು ಮೊದಲ ಹೆಜ್ಜೆ ಇಟ್ಟಿದ್ದೀರಿ.,மிகச் சிறப்பு! பிரதம் உடன் உங்கள் கற்றல் பயணத்தில் முதல் படியை எடுத்துள்ளீர்கள்.,ખુબ સરસ! તમે પ્રથમ સાથે તમારી શીખવાની યાત્રામાં પહેલું પગલું ભર્યું છે.,بہت خوب ! آپ نے پرتھم کے ساتھ اپنے سیکھنے کے سفر میں پہلا قدم اٹھایا ہے۔,,
,,Login with Newton ERP,Login with Newton ERP,Newton ERP वापरून लॉगिन करा,Newton ERP वापरून लॉगिन करें,ନ୍ୟୁଟନ୍ ERP ସହିତ ଲଗଇନ୍ କରନ୍ତୁ   ,న్యూటన్ ERP తో లాగిన్ అవ్వండి,ನ್ಯೂಟನ್ ERP ಯೊಂದಿಗೆ ಲಾಗಿನ್ ಮಾಡಿ,நியூட்டன் ஈஆர்பியுடன் உள்நுழையவும்,ન્યૂટન ERP સાથે લોગિન કરો,نیوٹن ERP کے ساتھ لاگ ان کریں۔,,
LANDING,,WELCOME_TO_PRATHAM_LEARNING_PLATFORM,Welcome to the Pratham Learning Platform!,प्रथम लर्निंग प्लॅटफॉर्मवर आपले स्वागत आहे!,प्रथम लर्निंग प्लेटफॉर्म में आपका स्वागत है!,ପ୍ରଥମ ଲର୍ଣ୍ଣିଙ୍ଗ ପ୍ଲାଟଫର୍ମକୁ ସ୍ୱାଗତ!,Pratham Learning Platform! కు స్వాగతం!,ಪ್ರಥಮ್ ಕಲಿಕಾ ವೇದಿಕೆಗೆ ಸುಸ್ವಾಗತ!,பிரதம் கற்றல் தளத்திற்கு வருக!,પ્રથમ લર્નિંગ પ્લેટફોર્મ પર આપનું સ્વાગત છે!,پرتھم لرننگ پلیٹ فارم میں خوش آمدید!,,
LANDING,,YOUR_LEARNING_JOURNEY_BEGINS_HERE,Your Learning Journey Begins here,तुमचा शिक्षण प्रवास येथून सुरू होतो,आपकी सीखने की यात्रा यहीं से शुरू होती है।,ତୁମର ଲର୍ଣ୍ଣିଙ୍ଗ ଯାତ୍ରା ଏଠାରେ ଆରମ୍ଭ ହୁଏ,మీ అభ్యాస ప్రయాణం ఇక్కడ ప్రారంభమవుతుంది,ನಿಮ್ಮ ಕಲಿಕೆಯ ಪ್ರಯಾಣ ಇಲ್ಲಿಂದ ಪ್ರಾರಂಭವಾಗುತ್ತದೆ,உங்கள் கற்றல் பயணம் இங்கே தொடங்குகிறது,તમારી શીખવાની સફર અહીંથી શરૂ થાય છે,آپ کا سیکھنے کا سفر یہاں سے شروع ہوتا ہے۔,,
LANDING,,GET_STARTED,Get Started!,सुरुवात करा!,शुरू हो जाओ!,ଆରମ୍ଭ କରନ୍ତୁ!,ప్రారంభించండి!,ಪ್ರಾರಂಭಿಸಿ!,தொடங்குங்கள்!,શરૂ કરો!,شروع کریں!,,
LANDING,,ALREADY_SIGNED_UP,Already signed up?,आधीच साइन अप केले आहे?,पहले से ही साइन अप कर चुके हैं?,ପୂର୍ବରୁ ସାଇନ୍ ଅପ୍ କରିଛନ୍ତି?,ఇప్పటికే నమోదు చేసుకున్నారా?,ಈಗಾಗಲೇ ಸೈನ್ ಅಪ್ ಆಗಿದ್ದೀರಾ?,ஏற்கனவே பதிவு செய்துவிட்டீர்களா?,પહેલેથી જ સાઇન અપ કર્યું છે?,لاگ ان کریں۔,,
LANDING,,CLICK_HERE,Click here,इथे क्लिक करा,यहाँ क्लिक करें,ଏଠାରେ କ୍ଲିକ୍ କରନ୍ତୁ,ఇక్కడ క్లిక్ చేయండి,ಇಲ್ಲಿ ಕ್ಲಿಕ್ ಮಾಡಿ,இங்கே கிளிக் செய்யவும்,અહીં ક્લિક કરો,یہاں کلک کریں۔,,
LANDING,,TO_LOGIN,to login,लॉगिन करणे,लॉगिन करने के लिए,ଲଗଇନ୍ କରିବାକୁ,లాగిన్ చేయడానికి,ಲಾಗಿನ್ ಮಾಡಲು,உள்நுழைய,લોગિન કરવા માટે,لاگ ان کرنے کے لیے,,
LANDING,,ARE_YOU_PRATHAM_EMPLOYEE,Are you a Pratham Employee?,तुम्ही प्रथमचे कर्मचारी आहात का?,क्या आप प्रथम के कर्मचारी हैं?,ଆପଣ କ’ଣ ପ୍ରଥମ ଏମ୍ପଲୟୀ ?,మీరు ప్రథమ్ ఉద్యోగినా?,ನೀವು ಪ್ರಥಮ್ ಉದ್ಯೋಗಿಯೇ?,நீங்கள் பிரதம் ஊழியரா?,શું તમે પ્રથમના કર્મચારી છો?,کیا آپ پرتھم کے ملازم ہیں؟,,
LANDING,,TO_GET_ACCESS_TO_PRAGYANPATH,to get access to Pragyanpath,प्रज्ञानपथला प्रवेश मिळवण्यासाठी,प्रज्ञानपथ तक पहुँच प्राप्त करने के लिए,ପ୍ରଜ୍ଞାନପଥ ବ୍ୟବହାର କରିବାର ସୁବିଧା ପାଇବା ପାଇଁ,Pragyanpath కు యాక్సెస్ పొందడానికి,ಪ್ರಜ್ಞಾನ್‌ಪಥ್‌ಗೆ ಪ್ರವೇಶ ಪಡೆಯಲು,பிரக்யான்பத் செல்ல,પ્રજ્ઞાનપથની ઍક્સેસ મેળવવા માટે,پراگیان پاتھ تک رسائی حاصل کرنے کے لیے,,
LANDING,,LOGIN,Log in,लॉग इन करा,लॉग इन करें,ଲଗ୍ ଇନ୍ କରନ୍ତୁ,లాగిన్,ಲಾಗ್ ಇನ್,உள்நுழைய,લૉગ ઇન કરો,لاگ ان کریں۔,,
LANDING,,FOR_PRATHAM_EMPLOYEES,For Pratham Employees,प्रथम कर्मचाऱ्यांसाठी,प्रथम कर्मचारियों के लिए,ପ୍ରଥମ ଏମ୍ପଲୟୀଙ୍କ ପାଇଁ,ప్రథమ్ ఉద్యోగుల కోసం,ಪ್ರಥಮ್ ಉದ್ಯೋಗಿಗಳಿಗೆ,பிரதம் ஊழியர்களுக்கு,પ્રથમ કર્મચારીઓ માટે,پرتھم ملازمین کے لیے,,
LANDING,,ACCESS_PRAGYANPATH,Access Pragyanpath,प्रज्ञानपथला प्रवेश करा,प्रज्ञानपथ तक पहुंचें,ପ୍ରଜ୍ଞାନପଥକୁ ଆକ୍ସେସ୍  କରନ୍ତୁ   ,Pragyanpath కు యాక్సెస్,ಪ್ರಜ್ಞಾನ್‌ಪಥ್ ಪ್ರವೇಶಿಸಿ,பிரக்யான்பத்தை அணுகவும்,પ્રજ્ઞાનપથ ઍક્સેસ કરો,پرگیان پاتھ تک رسائی حاصل کریں۔,,
LANDING,,ABOUT_PRATHAM,About Pratham,प्रथम बद्दल,प्रथम के बारे में,ପ୍ରଥମ ବିଷୟରେ,ప్రథమ్ గురించి,ಪ್ರಥಮ್ ಬಗ್ಗೆ,பிரதம் பற்றி,પ્રથમ વિશે,یہاں کلک کریں۔,,
LANDING,,ABOUT_PRATHAM_LEARNING_PLATFORM,About Pratham Learning Platform,प्रथम लर्निंग प्लॅटफॉर्म बद्दल,प्रथम लर्निंग प्लेटफॉर्म के बारे में,ପ୍ରଥମ ଲର୍ଣ୍ଣିଙ୍ଗ  ପ୍ଲାଟଫର୍ମ ବିଷୟରେ,Pratham Learning Platform గురించి,ಪ್ರಥಮ್ ಕಲಿಕಾ ವೇದಿಕೆಯ ಬಗ್ಗೆ,பிரதம் கற்றல் தளம் பற்றி,પ્રથમ લર્નિંગ પ્લેટફોર્મ વિશે,پرتھم لرننگ پلیٹ فارم کے بارے میں,,
LANDING,,OUR_PROGRAMS,Our Programs,आमचे कार्यक्रम,हमारे कार्यक्रम,ଆମର ପ୍ରୋଗ୍ରାମଗୁଡିକ ,మా ప్రోగ్రామ్‌లు,ನಮ್ಮ ಕಾರ್ಯಕ್ರಮಗಳು,எங்கள் திட்டங்கள்,અમારા પ્રોગ્રામ,ہمارے پروگرام,,
LANDING,,LOADING_PROGRAMS,Loading programs...,प्रोग्राम लोड करत आहे...,प्रोग्राम लोड हो रहे हैं...,ପ୍ରୋଗ୍ରାମ୍‌ଗୁଡ଼ିକ ଲୋଡ୍ ହେଉଛି...,ప్రోగ్రామ్‌లు లోడ్ అవుతున్నాయి...,ಪ್ರೋಗ್ರಾಂಗಳನ್ನು ಲೋಡ್ ಮಾಡಲಾಗುತ್ತಿದೆ...,திட்டங்களை ஏற்றுகிறது...,પ્રોગ્રામ્સ લોડ કરી રહ્યું છે...,پروگرام لوڈ ہو رہے ہیں...,,
LANDING,,NO_PROGRAMS_AVAILABLE,No programs available at the moment.,सध्या कोणतेही कार्यक्रम उपलब्ध नाहीत.,फिलहाल कोई कार्यक्रम उपलब्ध नहीं है।,ଏହି ସମୟରେ କୌଣସି ପ୍ରୋଗ୍ରାମ୍ ଉପଲବ୍ଧ ନାହିଁ।,ప్రస్తుతం ఎలాంటి ప్రోగ్రామ్‌లు అందుబాటులో లేవు.,ಈ ಸಮಯದಲ್ಲಿ ಯಾವುದೇ ಕಾರ್ಯಕ್ರಮಗಳು ಲಭ್ಯವಿಲ್ಲ.,இப்போதைக்கு திட்டங்கள் எதுவும் கிடைக்கவில்லை.,હાલમાં કોઈ પ્રોગ્રામ ઉપલબ્ધ નથી.,اس وقت کوئی پروگرام دستیاب نہیں ہے۔,,
LANDING,,GET_STARTED_WITH_YOUR_LEARNING_JOURNEY_NOW,Get Started With Your Learning Journey Now!,तुमचा शिक्षण प्रवास आत्ताच सुरू करा!,अभी अपनी सीखने की यात्रा शुरू करें!,ଏବେ ଆପଣଙ୍କର ଲର୍ଣ୍ଣିଙ୍ଗ ଯାତ୍ରା ଆରମ୍ଭ କରନ୍ତୁ!,మీ అభ్యాస ప్రయాణాన్ని ఇప్పుడే ప్రారంభించండి!,ನಿಮ್ಮ ಕಲಿಕೆಯ ಪ್ರಯಾಣವನ್ನು ಈಗಲೇ ಪ್ರಾರಂಭಿಸಿ!,உங்கள் கற்றல் பயணத்தை இப்போதே தொடங்குங்கள்!,તમારી શીખવાની સફર હમણાં જ શરૂ કરો!,ابھی اپنے سیکھنے کے سفر کے ساتھ شروع کریں!,,
LANDING,,ABOUT_PRATHAM_TEXT,"The Pratham Learning Platform (PLP) is designed to help learners easily access education and skill-building opportunities. Users can create an account using their mobile number, explore available programs, enroll in courses, watch learning videos, read study material, and track their progress in one place. After completing courses, learners can also receive certificates. The platform is simple to use, mobile-friendly, and suitable for first-time users, enabling students, youth, volunteers, and learners from different backgrounds to learn at their own pace and grow their skills.","प्रथम एज्युकेशन फाउंडेशन (प्रथम) ही भारतातील सर्वात मोठ्या शैक्षणिक स्वयंसेवी संस्थांपैकी एक आहे ज्यांच्याकडे नाविन्यपूर्ण, कठोर मूल्यांकन केलेल्या कार्यक्रमांचा रेकॉर्ड आहे ज्यांनी तीन खंडांमध्ये समान कार्यक्रमांना प्रेरणा दिली आहे. 30 वर्षांचा इतिहास असलेल्या, प्रथमचे कार्य आज सुरुवातीच्या आणि प्राथमिक वर्षांच्या कार्यक्रमांपासून ते मुली आणि महिला आणि तरुणांना कौशल्य प्रदान करण्यापर्यंत पसरलेले आहे.

सरासरी वर्षामध्ये 25 राज्ये आणि केंद्रशासित प्रदेशांना व्यापणाऱ्या कार्यक्रमांद्वारे, प्रथम सहसा 6 दशलक्षाहून अधिक मुले आणि तरुणांपर्यंत पोहोचते. हे प्रयत्नांच्या संयोजनाद्वारे साध्य केले जाते: समुदायांमधील मुले आणि तरुणांशी थेट काम करणे, तसेच राज्य आणि जिल्हा-स्तरीय सरकारांशी सहकार्य करून. प्रथमला लुई चे वू पुरस्कार, नवोन्मेषासाठी WISE पुरस्कार, सामाजिक उद्योजकतेसाठी स्कॉल पुरस्कार, नेतृत्वातील हेन्री आर क्रॅविस पुरस्कार आणि सार्वजनिक सेवेसाठी CNN-IBN इंडियन ऑफ द इयर असे उल्लेखनीय पुरस्कार मिळाले आहेत. प्रथमला 2021 चा शिक्षण विकासासाठी यिदान पुरस्कार आणि 2025 मध्ये यशराज भारती सन्मान देखील मिळाला.","प्रथम एजुकेशन फाउंडेशन (प्रथम) भारत के सबसे बड़े शिक्षा गैर-सरकारी संगठनों में से एक है, जिसके पास नवोन्मेषी और कड़ाई से मूल्यांकित कार्यक्रमों का एक लंबा इतिहास है, जिसने तीन महाद्वीपों में इसी तरह के कार्यक्रमों को प्रेरित किया है। 30 वर्षों के इतिहास के साथ, प्रथम का कार्य आज प्रारंभिक और प्राथमिक शिक्षा से लेकर लड़कियों और महिलाओं के लिए कार्यक्रमों और युवा कौशल विकास तक फैला हुआ है।

25 राज्यों और केंद्र शासित प्रदेशों में फैले कार्यक्रमों के माध्यम से, प्रथम औसतन एक वर्ष में 60 लाख से अधिक बच्चों और युवाओं तक पहुंचता है। यह कई प्रयासों के संयोजन से हासिल किया जाता है: समुदायों में बच्चों और युवाओं के साथ सीधे काम करना, साथ ही राज्य और जिला स्तरीय सरकारों के साथ सहयोग करना। प्रथम को लुई चे वू पुरस्कार, नवाचार के लिए WISE पुरस्कार, सामाजिक उद्यमिता के लिए स्कोल पुरस्कार, नेतृत्व में हेनरी आर क्राविस पुरस्कार और लोक सेवा के लिए CNN-IBN इंडियन ऑफ द ईयर जैसे उल्लेखनीय पुरस्कार प्राप्त हुए हैं। प्रथम को 2021 में शिक्षा विकास के लिए यिदान पुरस्कार और 2025 में यशराज भारती सम्मान भी प्राप्त हुआ।","ପ୍ରଥମ ଲର୍ଣ୍ଣିଂ ପ୍ଲାଟଫର୍ମ (PLP) ଶିକ୍ଷା ଓ ଦକ୍ଷତା ବିକାଶର ସୁଯୋଗଗୁଡ଼ିକୁ ଶିକ୍ଷାର୍ଥୀମାନଙ୍କ ପାଇଁ ସହଜରେ ଉପଲବ୍ଧ କରାଇବା ଉଦ୍ଦେଶ୍ୟରେ ପ୍ରସ୍ତୁତ କରାଯାଇଛି। ଉପଭୋକ୍ତାମାନେ ନିଜ ମୋବାଇଲ୍ ନମ୍ବର ବ୍ୟବହାର କରି ଏକ ଖାତା ସୃଷ୍ଟି କରିପାରିବେ, ଉପଲବ୍ଧ କାର୍ଯ୍ୟକ୍ରମଗୁଡ଼ିକୁ ଦେଖିପାରିବେ, ପାଠ୍ୟକ୍ରମରେ ନାମଲେଖା କରିପାରିବେ, ଶିକ୍ଷଣୀୟ ଭିଡିଓ ଦେଖିପାରିବେ, ପାଠ୍ୟସାମଗ୍ରୀ ପଢ଼ିପାରିବେ ଏବଂ ନିଜର ଶିକ୍ଷାଗତ ଅଗ୍ରଗତିକୁ ଏକ ମାତ୍ର ସ୍ଥାନରେ ଟ୍ରାକ୍ କରିପାରିବେ।","“ప్రథమ్ ఎడ్యుకేషన్ ఫౌండేషన్ (ప్రథమ్) భారతదేశంలోని అతిపెద్ద విద్యా స్వచ్ఛంద సంస్థలలో ఒకటి. నూతనతతో కూడిన, కఠినంగా మూల్యాంకనం చేయబడిన కార్యక్రమాల ద్వారా ప్రథమ్ మూడు ఖండాల్లో సమానమైన కార్యక్రమాలకు ప్రేరణనిచ్చింది. 30 సంవత్సరాల చరిత్ర కలిగిన ప్రథమ్, ప్రస్తుతం చిన్నారులు మరియు ప్రాథమిక విద్య నుండి అమ్మాయిలు, మహిళలు మరియు యువత నైపుణ్యాభివృద్ధి కార్యక్రమాల వరకు తన సేవలను విస్తరించింది.


25 రాష్ట్రాలు మరియు కేంద్రపాలిత ప్రాంతాలలో అమలవుతున్న కార్యక్రమాల ద్వారా, ఒక సగటు సంవత్సరంలో ప్రథమ్ సుమారు 60 లక్షల మంది పిల్లలు మరియు యువతను చేరుకుంటుంది. ఇది సమాజాల్లో పిల్లలు మరియు యువతతో నేరుగా పనిచేయడం, అలాగే రాష్ట్ర మరియు జిల్లా స్థాయి ప్రభుత్వాలతో భాగస్వామ్యాల ద్వారా సాధ్యమవుతోంది. ప్రథమ్ లూయి చె వూ ప్రైజ్, వైజ్ ఇన్నోవేషన్ ప్రైజ్, స్కోల్ అవార్డ్ ఫర్ సోషల్ ఎంటర్‌ప్రెన్యూర్‌షిప్, హెన్రీ ఆర్. క్రావిస్ ప్రైజ్ ఇన్ లీడర్‌షిప్, మరియు సిఎన్‌ఎన్-ఐబిఎన్ ఇండియన్ ఆఫ్ ది ఇయర్ ఫర్ పబ్లిక్ సర్వీస్ వంటి ప్రముఖ అవార్డులను పొందింది. అదనంగా, ప్రథమ్ 2021లో యిడాన్ ప్రైజ్ ఫర్ ఎడ్యుకేషన్ డెవలప్‌మెంట్‌ను మరియు 2025లో యశ్‌రాజ్ భారతి సమ్మాన్‌ను కూడా అందుకుంది.","ಪ್ರಥಮ್ ಎಜುಕೇಶನ್ ಫೌಂಡೇಶನ್ (ಪ್ರಥಮ್) ಭಾರತದ ಅತಿದೊಡ್ಡ ಶಿಕ್ಷಣ ಎನ್‌ಜಿಒಗಳಲ್ಲಿ ಒಂದಾಗಿದೆ, ಇದು ಮೂರು ಖಂಡಗಳಲ್ಲಿ ಇದೇ ರೀತಿಯ ಕಾರ್ಯಕ್ರಮಗಳಿಗೆ ಸ್ಫೂರ್ತಿ ನೀಡಿದ ನವೀನ, ಕಟ್ಟುನಿಟ್ಟಾಗಿ ಮೌಲ್ಯಮಾಪನ ಮಾಡಿದ ಕಾರ್ಯಕ್ರಮಗಳ ದಾಖಲೆಯನ್ನು ಹೊಂದಿದೆ. 30 ವರ್ಷಗಳ ಇತಿಹಾಸದೊಂದಿಗೆ, ಪ್ರಥಮ್‌ನ ಕೆಲಸವು ಇಂದು ಆರಂಭಿಕ ಮತ್ತು ಪ್ರಾಥಮಿಕ ವರ್ಷಗಳ ಕಾರ್ಯಕ್ರಮಗಳಿಂದ ಹುಡುಗಿಯರು ಮತ್ತು ಮಹಿಳೆಯರು ಮತ್ತು ಯುವ ಕೌಶಲ್ಯದವರೆಗೆ ವಿಸ್ತರಿಸಿದೆ.

ಸರಾಸರಿ ವರ್ಷದಲ್ಲಿ 25 ರಾಜ್ಯಗಳು ಮತ್ತು ಕೇಂದ್ರಾಡಳಿತ ಪ್ರದೇಶಗಳನ್ನು ಒಳಗೊಂಡ ಕಾರ್ಯಕ್ರಮಗಳ ಮೂಲಕ, ಪ್ರಥಮ್ ಸಾಮಾನ್ಯವಾಗಿ 6 ​​ಮಿಲಿಯನ್‌ಗಿಂತಲೂ ಹೆಚ್ಚು ಮಕ್ಕಳು ಮತ್ತು ಯುವಕರನ್ನು ತಲುಪುತ್ತದೆ. ಇದನ್ನು ಪ್ರಯತ್ನಗಳ ಸಂಯೋಜನೆಯ ಮೂಲಕ ಸಾಧಿಸಲಾಗುತ್ತದೆ: ಸಮುದಾಯಗಳಲ್ಲಿನ ಮಕ್ಕಳು ಮತ್ತು ಯುವಕರೊಂದಿಗೆ ನೇರವಾಗಿ ಕೆಲಸ ಮಾಡುವುದು, ಹಾಗೆಯೇ ರಾಜ್ಯ ಮತ್ತು ಜಿಲ್ಲಾ ಮಟ್ಟದ ಸರ್ಕಾರಗಳೊಂದಿಗೆ ಸಹಯೋಗದ ಮೂಲಕ. ಪ್ರಥಮ್ ಲುಯಿ ಚೆ ವೂ ಪ್ರಶಸ್ತಿ, ನಾವೀನ್ಯತೆಗಾಗಿ WISE ಪ್ರಶಸ್ತಿ, ಸಾಮಾಜಿಕ ಉದ್ಯಮಶೀಲತೆಗಾಗಿ ಸ್ಕೋಲ್ ಪ್ರಶಸ್ತಿ, ನಾಯಕತ್ವಕ್ಕಾಗಿ ಹೆನ್ರಿ ಆರ್ ಕ್ರಾವಿಸ್ ಪ್ರಶಸ್ತಿ ಮತ್ತು ಸಾರ್ವಜನಿಕ ಸೇವೆಗಾಗಿ ವರ್ಷದ CNN-IBN ಇಂಡಿಯನ್ ಮುಂತಾದ ಗಮನಾರ್ಹ ಪ್ರಶಸ್ತಿಗಳನ್ನು ಪಡೆದಿದ್ದಾರೆ. ಪ್ರಥಮ್ 2021 ರ ಶಿಕ್ಷಣ ಅಭಿವೃದ್ಧಿಗಾಗಿ ಯಿದಾನ್ ಪ್ರಶಸ್ತಿ ಮತ್ತು 2025 ರಲ್ಲಿ ಯಶರಾಜ್ ಭಾರತಿ ಸಮ್ಮಾನ್ ಅನ್ನು ಸಹ ಪಡೆದರು.","பிரதம் கற்றல் தளம் (PLP) என்பது, கற்றல் மற்றும் திறன் மேம்பாட்டு வாய்ப்புகளை எளிதாக அணுக உதவுவதற்காக வடிவமைக்கப்பட்டுள்ளது. பயனர்கள் தங்கள் மொபைல் எண்ணைப் பயன்படுத்தி கணக்கை உருவாக்கி, கிடைக்கக்கூடிய திட்டங்களை ஆராய்ந்து, பாடங்களில் சேர்ந்து, கற்றல் வீடியோக்களைப் பார்த்து, படிப்பு உள்ளடக்கங்களை வாசித்து, தங்களின் முன்னேற்றத்தை ஒரே இடத்தில் கண்காணிக்க முடியும்.

பாடங்களை முடித்த பின், கற்றலாளர்கள் சான்றிதழ்களையும் பெறலாம். இந்த தளம் எளிதாக பயன்படுத்தக்கூடியது, மொபைல்-ஃப்ரெண்ட்லி மற்றும் முதல் முறையாக பயன்படுத்துபவர்களுக்கும் ஏற்றதாக உள்ளது. இது மாணவர்கள், இளைஞர்கள், தன்னார்வலர்கள் மற்றும் பல்வேறு பின்னணியிலுள்ள கற்றலாளர்கள் தங்கள் சொந்த வேகத்தில் கற்று, தங்களின் திறன்களை மேம்படுத்த உதவுகிறது.","પ્રથમ લર્નિંગ પ્લેટફોર્મ (PLP) શીખનારાઓને શિક્ષણ અને કૌશલ્ય નિર્માણની તકો સરળતાથી મેળવવામાં મદદ કરવા માટે રચાયેલ છે. વપરાશકર્તાઓ તેમના મોબાઇલ નંબરનો ઉપયોગ કરીને એકાઉન્ટ બનાવી શકે છે, ઉપલબ્ધ કાર્યક્રમોને  એક્સ્પ્લોર  કરી શકે છે, અભ્યાસક્રમોમાં નોંધણી કરાવી શકે છે, શીખવાના વિડિઓઝ જોઈ શકે છે, અભ્યાસ સામગ્રી વાંચી શકે છે અને એક જ જગ્યાએ તેમની પ્રગતિને ટ્રેક કરી શકે છે. અભ્યાસક્રમો પૂર્ણ કર્યા પછી, શીખનારાઓ પ્રમાણપત્રો પણ મેળવી શકે છે. આ પ્લેટફોર્મ વાપરવા માટે સરળ, મોબાઇલ-ફ્રેંડલી અને પ્રથમ વખત વપરાશકર્તાઓ માટે યોગ્ય છે, જે વિદ્યાર્થીઓ, યુવાનો, સ્વયંસેવકો અને વિવિધ પૃષ્ઠભૂમિના શીખનારાઓને તેમની પોતાની ગતિએ શીખવા અને તેમની કુશળતા વિકસાવવા માટે સક્ષમ બનાવે છે.","پرتھم ایجوکیشن فاؤنڈیشن (پرتھم) ہندوستان کی سب سے بڑی تعلیمی این جی اوز میں سے ایک ہے جس کے پاس جدید، سختی سے جانچے گئے پروگراموں کا ریکارڈ ہے جس نے تین براعظموں میں اسی طرح کے پروگراموں کو متاثر کیا ہے۔ 30 سال پر محیط تاریخ کے ساتھ، پرتھم کا کام آج ابتدائی اور ابتدائی سالوں کے پروگراموں سے لے کر لڑکیوں اور خواتین اور نوجوانوں کی مہارت تک پھیلا ہوا ہے۔

25 ریاستوں اور مرکز کے زیر انتظام علاقوں کا احاطہ کرنے والے پروگراموں کے ذریعے، ایک اوسط سال میں، پرتھم عام طور پر 6 ملین سے زیادہ بچوں اور نوجوانوں تک پہنچتا ہے۔ یہ کوششوں کے امتزاج سے حاصل ہوتا ہے: کمیونٹیز میں بچوں اور نوجوانوں کے ساتھ براہ راست کام کرنے کے ساتھ ساتھ ریاستی اور ضلعی سطح کی حکومتوں کے ساتھ تعاون کے ذریعے۔ پرتھم نے قابل ذکر ایوارڈز حاصل کیے ہیں جیسے Lui Che Woo پرائز، WISE پرائز برائے اختراع، Skoll Award for Social Entrepreneurship، The Henry R Kravis Prize in Leadership اور CNN-IBN انڈین آف دی ایئر فار پبلک سروس۔ پرتھم کو 2021 کا یدان انعام برائے تعلیم ترقی اور 2025 میں یشراج بھارتی سمان بھی ملا۔",,
NAVAPATHAM,,WELCOME_TO_NAVAPATHAM,Welcome to NavaPatham!,नवप्रथम  मध्ये आपले स्वागत आहे!,नवपथम में आपका स्वागत है!,ନବପଥମକୁ ସ୍ୱାଗତ!,నవపథం కు స్వాగతం!,ನವಪಥಂ ಗೆ ಸುಸ್ವಾಗತ!,நவபதத்திற்கு வருக!,નવપથમમાં આપનું સ્વાગત છે!,NavaPatham میں خوش آمدید!,,
NAVAPATHAM,,ABOUT_NAVAPATHAM,About Navapatham,नवपथम बद्दल,नवपथम के बारे में,ନବପଥମ ବିଷୟରେ,నవపథం గురించి,ನವಪಥಂ ಬಗ್ಗೆ,நவபதம் பற்றி,નવપથમ વિશે,ناواپاتھم کے بارے میں,,
NAVAPATHAM,,TYPE_IN_ENGLISH,Please type this information in English language only,कृपया ही माहिती फक्त इंग्रजी भाषेत टाइप करा.,कृपया यह जानकारी केवल अंग्रेजी में ही टाइप करें।,ଦୟାକରି ଏହି ସୂଚନା କେବଳ ଇଂରାଜୀ ଭାଷାରେ ଲେଖନ୍ତୁ।,దయచేసి ఈ సమాచారాన్ని ఇంగ్లీష్ భాషలో మాత్రమే నమోదు చేయండి,ದಯವಿಟ್ಟು ಈ ಮಾಹಿತಿಯನ್ನು ಇಂಗ್ಲಿಷ್ ಭಾಷೆಯಲ್ಲಿ ಮಾತ್ರ ಟೈಪ್ ಮಾಡಿ.,இந்தத் தகவலை ஆங்கிலத்தில் டைப் செய்யவும்.,કૃપા કરીને આ માહિતી ફક્ત અંગ્રેજી ભાષામાં જ લખો.,براہ کرم یہ معلومات صرف انگریزی زبان میں ٹائپ کریں۔,,
NAVAPATHAM,,ABOUT_NAVAPATHAM_TEXT,"Navapatham"" is a program developed by the Society for Elimination of Rural Poverty (SERP) and Pratham. This program is designed to provide educational support to women belonging to SERP groups who have enrolled in the Open School system, helping them successfully complete their 10th-grade education. ""Navapatham"" is a promising initiative aimed at empowering these women through education and supporting them in achieving their academic goals.","नवपथम्"" हा गरीबी निर्मूलन समिती (SERP) आणि Pratham संस्थेने संयुक्तपणे तयार केलेला कार्यक्रम आहे. या कार्यक्रमाद्वारे ओपन स्कूलमधून शिक्षण घेत असलेल्या SERP गटातील महिलांना दहावीची परीक्षा पूर्ण करण्यासाठी शैक्षणिक मार्गदर्शन व आवश्यक शैक्षणिक सहाय्य प्रदान केले जाते. महिलांना शिक्षणाच्या मुख्य प्रवाहात आणण्यासाठी आणि त्यांचे शैक्षणिक सक्षमीकरण करण्यासाठी ""नवपथम्"" हा एक आशादायक आणि प्रभावी उपक्रम आहे.","""నవపథం"" और अधिक पढ़ें मेरे पास एक अच्छा विकल्प है। और अधिक पढ़ें एक वर्ष से अधिक समय के लिए SERP डाउनलोड करें कृपया ध्यान दें, एक वर्ष से अधिक समय तक ऋण प्राप्त करें एक और वीडियो देखें ""నవపథం""।","ନବପଥମ"" ହେଉଛି ଦାରିଦ୍ର୍ୟ ନିରାକରଣ ସମିତି (SERP) ଏବଂ ପ୍ରଥମ (Pratham) ଦ୍ୱାରା ପ୍ରସ୍ତୁତ ଏକ କାର୍ଯ୍ୟକ୍ରମ। ଏହି କାର୍ଯ୍ୟକ୍ରମ ମାଧ୍ୟମରେ ଓପେନ୍ ସ୍କୁଲରେ ନାମଲେଖା କରିଥିବା SERP ଗୋଷ୍ଠୀର ମହିଳାମାନଙ୍କୁ ଦଶମ ଶ୍ରେଣୀ ଶିକ୍ଷା ସଫଳତାର ସହିତ ସମାପ୍ତ କରିବା ପାଇଁ ଶିକ୍ଷାଗତ ସହାୟତା ପ୍ରଦାନ କରାଯାଏ। ମହିଳାମାନଙ୍କୁ ଶିକ୍ଷା ମାଧ୍ୟମରେ ସଶକ୍ତ କରିବା ଏବଂ ସେମାନଙ୍କର ଶିକ୍ଷାଗତ ଲକ୍ଷ୍ୟ ପୂରଣରେ ସହାୟତା କରିବା ଉଦ୍ଦେଶ୍ୟରେ ""ନବପଥମ"" ଏକ ଆଶାଜନକ ପଦକ୍ଷେପ।","""నవపథం"" అనేది పేదరిక నిర్మూలన సమితి మరియు ప్రథమ్ సంస్థ రూపొందించిన కార్యక్రమం. ఈ కార్యక్రమం ద్వారా ఓపెన్ స్కూల్ లో నమోదు చేసుకున్న SERP గ్రూప్ మహిళలకు 10 వ తరగతి పూర్తి చేయటానికి, విద్యాపరమైన మద్దతు అందించుట కొరకు రూపొందించిన ఆశాజనకమైన కార్యక్రమం ఈ ""నవపథం"".","""ನವಪಥಂ"" ಎಂಬುದು ಬಡತನ ನಿರ್ಮೂಲನಾ ಸಮಿತಿ (SERP) ಮತ್ತು ಪ್ರಥಮ ಸಂಸ್ಥೆ ಜಂಟಿಯಾಗಿ ಅಭಿವೃದ್ಧಿಪಡಿಸಿದ ಕಾರ್ಯಕ್ರಮವಾಗಿದೆ. ಈ ಕಾರ್ಯಕ್ರಮದ ಮೂಲಕ, ಮುಕ್ತ ಶಾಲೆಗಳಲ್ಲಿ ಓದುತ್ತಿರುವ SERP ಗುಂಪಿನ ಮಹಿಳೆಯರಿಗೆ ಅವರ 10 ನೇ ತರಗತಿಯ ಪರೀಕ್ಷೆಗಳನ್ನು ಪೂರ್ಣಗೊಳಿಸಲು ಶೈಕ್ಷಣಿಕ ಮಾರ್ಗದರ್ಶನ ಮತ್ತು ಅಗತ್ಯವಾದ ಶೈಕ್ಷಣಿಕ ಬೆಂಬಲವನ್ನು ನೀಡಲಾಗುತ್ತದೆ. ""ನವಪಥಂ"" ಮಹಿಳೆಯರನ್ನು ಶಿಕ್ಷಣದ ಮುಖ್ಯವಾಹಿನಿಗೆ ತರಲು ಮತ್ತು ಅವರನ್ನು ಶೈಕ್ಷಣಿಕವಾಗಿ ಸಬಲೀಕರಣಗೊಳಿಸಲು ಒಂದು ಭರವಸೆಯ ಮತ್ತು ಪರಿಣಾಮಕಾರಿ ಉಪಕ್ರಮವಾಗಿದೆ.",“நவபதம்” என்பது வறுமை ஒழிப்பு குழு (SERP) மற்றும் பிரதம் நிறுவனம் இணைந்து உருவாக்கிய ஒரு திட்டமாகும். இந்த திட்டம் மூலம் ஓபன் ஸ்கூலில் பதிவு செய்த SERP குழு பெண்களுக்கு 10-ம் வகுப்பை முடிக்க கல்வி ஆதரவு வழங்குவதற்காக வடிவமைக்கப்பட்ட ஒரு நம்பிக்கையூட்டும் முயற்சியாகும்.,"""నవపథం"" అనేది పేదరిక నిర్మూలన సమితియియ ప్రథమ్ సంస్థ రూపొందించిన కార్యక్మర. ఈ కార్యక్రమం ద్వారా ఓపెన్ స్కూల్ లనో చేసుకున్న SERP గ్రూప్ మహిళలకు 10 వ తరగతంిి చేయటానికి, విద్యాపరమైన మద్దతు అందచటిి కొరకు రూపొందించిన ఆశాజనకమైన కొరకు ""నవపథం"".","""نواپتھم"" ایک پروگرام ہے جسے غربت مٹاؤ کمیٹی اور پرتھم سنستھا نے ڈیزائن کیا ہے۔ ""نواپتھم"" ایک امید افزا پروگرام ہے جو SERP گروپ کی خواتین کو تعلیمی مدد فراہم کرنے کے لیے ڈیزائن کیا گیا ہے جو 10ویں جماعت کو مکمل کرنے کے لیے اوپن اسکولوں میں داخل ہیں۔",,
NAVAPATHAM,,ABOUT_PRATHAM,About Pratham ,प्रथम (Pratham) बद्दल माहिती,పరథమ్ గురించి,ପ୍ରଥମ ବିଷୟରେ,ప్రథమ్ గురించి,ಪ್ರಥಮ್ ಬಗ್ಗೆ,பிரதம் பற்றி,ప్రథమ్ గురించి,پرتھم کے بارے میں,,
NAVAPATHAM,,ABOUT_PRATHAM_INFO,"Pratham Education Foundation is one of the largest educational non-governmental organizations (NGOs) in India. The organization is widely recognized for implementing innovative and impactful programs in the field of education. Its initiatives have inspired educational programs not only across India but also in many countries around the world.  With a history spanning nearly 30 years, Pratham's work has expanded from primary education to include education for girls and women, as well as skill development programs for youth.  Through various programs implemented across 25 states and union territories in India, Pratham reaches, on average, more than 6 million children and young people every year. This work is carried out through multiple approaches—by working directly with children and youth in communities, as well as by partnering with government systems at the state and district levels to design and implement educational programs.
Pratham has been honored with several prestigious awards in recognition of its outstanding work. These include the Yidan Prize (2021), the WISE Prize for Education, the Skoll Award for Social Entrepreneurship, and many other international accolades. In addition, the organization received the Yashraj Bharti Samman in 2025.
Pratham's contribution to improving the quality of education, strengthening foundational literacy and numeracy, and bringing disadvantaged and marginalized groups into the mainstream of education is considered highly significant.","प्रथम एज्युकेशन फाउंडेशन (Pratham Education Foundation) ही भारतातील सर्वात मोठ्या शैक्षणिक स्वयंसेवी संस्थांपैकी एक आहे. शिक्षण क्षेत्रात नाविन्यपूर्ण आणि परिणामकारक कार्यक्रम राबविण्यासाठी ही संस्था प्रसिद्ध आहे. तिच्या उपक्रमांमुळे केवळ भारतातच नव्हे तर जगातील अनेक देशांतील शैक्षणिक कार्यक्रमांनाही प्रेरणा मिळाली आहे.

सुमारे 30 वर्षांचा इतिहास असलेल्या Pratham संस्थेचे कार्य आज प्राथमिक शिक्षणापासून मुली आणि महिलांच्या शिक्षणापर्यंत तसेच युवकांच्या कौशल्य विकास कार्यक्रमांपर्यंत विस्तारले आहे.

भारतातील 25 राज्ये आणि केंद्रशासित प्रदेशांमध्ये राबविल्या जाणाऱ्या विविध कार्यक्रमांद्वारे प्रथम दरवर्षी सरासरी 60 लाखांहून अधिक मुले आणि युवकांपर्यंत पोहोचते. हे कार्य विविध माध्यमांतून केले जाते—समुदायांमध्ये मुलांबरोबर आणि युवकांबरोबर थेट काम करणे तसेच राज्य आणि जिल्हा स्तरावरील शासकीय यंत्रणांसोबत भागीदारी करून कार्यक्रमांची अंमलबजावणी करणे.

प्रथमला तिच्या उत्कृष्ट कार्यासाठी अनेक प्रतिष्ठित पुरस्कारांनी गौरविण्यात आले आहे. त्यामध्ये Yidan Prize (2021), WISE Prize for Education, Skoll Award for Social Entrepreneurship आणि इतर अनेक आंतरराष्ट्रीय सन्मानांचा समावेश आहे. तसेच 2025 मध्ये संस्थेला Yashraj Bharti Samman हा सन्मानही प्राप्त झाला.

शिक्षणातील गुणवत्ता सुधारणा, मूलभूत साक्षरता आणि अंकज्ञान वाढविणे तसेच वंचित घटकांना शिक्षणाच्या मुख्य प्रवाहात आणणे या क्षेत्रांत प्रथमचे योगदान अत्यंत महत्त्वपूर्ण मानले जाते.प्रथम एज्युकेशन फाउंडेशन (Pratham Education Foundation) ही भारतातील सर्वात मोठ्या शैक्षणिक स्वयंसेवी संस्थांपैकी एक आहे. शिक्षण क्षेत्रात नाविन्यपूर्ण आणि परिणामकारक कार्यक्रम राबविण्यासाठी ही संस्था प्रसिद्ध आहे. तिच्या उपक्रमांमुळे केवळ भारतातच नव्हे तर जगातील अनेक देशांतील शैक्षणिक कार्यक्रमांनाही प्रेरणा मिळाली आहे.

सुमारे 30 वर्षांचा इतिहास असलेल्या Pratham संस्थेचे कार्य आज प्राथमिक शिक्षणापासून मुली आणि महिलांच्या शिक्षणापर्यंत तसेच युवकांच्या कौशल्य विकास कार्यक्रमांपर्यंत विस्तारले आहे.

भारतातील 25 राज्ये आणि केंद्रशासित प्रदेशांमध्ये राबविल्या जाणाऱ्या विविध कार्यक्रमांद्वारे प्रथम दरवर्षी सरासरी 60 लाखांहून अधिक मुले आणि युवकांपर्यंत पोहोचते. हे कार्य विविध माध्यमांतून केले जाते—समुदायांमध्ये मुलांबरोबर आणि युवकांबरोबर थेट काम करणे तसेच राज्य आणि जिल्हा स्तरावरील शासकीय यंत्रणांसोबत भागीदारी करून कार्यक्रमांची अंमलबजावणी करणे.

प्रथमला तिच्या उत्कृष्ट कार्यासाठी अनेक प्रतिष्ठित पुरस्कारांनी गौरविण्यात आले आहे. त्यामध्ये Yidan Prize (2021), WISE Prize for Education, Skoll Award for Social Entrepreneurship आणि इतर अनेक आंतरराष्ट्रीय सन्मानांचा समावेश आहे. तसेच 2025 मध्ये संस्थेला Yashraj Bharti Samman हा सन्मानही प्राप्त झाला.

शिक्षणातील गुणवत्ता सुधारणा, मूलभूत साक्षरता आणि अंकज्ञान वाढविणे तसेच वंचित घटकांना शिक्षणाच्या मुख्य प्रवाहात आणणे या क्षेत्रांत प्रथमचे योगदान अत्यंत महत्त्वपूर्ण मानले जाते.","होम टैग्स (ప్రథమ్) భారతదేశంలోని అతిపెద్ద విద్యా స్వచ్ఛంద बहुत बढ़िया. और पढ़ें क्रेडिट कार्ड क्रेडिट कार्ड, ఇవి एक नया क्रेडिट कार्ड डाउनलोड करें उत्तर. 30 वर्ष पहले एक वर्ष से अधिक का समय क्रेडिट कार्ड डाउनलोड करें धन्यवाद क्रेडिट कार्ड, क्रेडिट कार्ड क्रेडिट कार्ड मेरे पास एक अच्छा विकल्प है।

25 वर्ष पहले की तिथि क्रेडिट कार्ड, क्रेडिट कार्ड और क्रेडिट कार्ड एक वर्ष से अधिक समय तक 6 वर्ष की आयु यह एक अच्छा विचार है. और अधिक पढ़ें क्रेडिट कार्ड: क्रेडिट कार्ड डाउनलोड యువతతో और उत्तर, उत्तर और दक्षिण अफ्रीका एक वर्ष से अधिक समय तक ऋण प्राप्त करना धन्यवाद. लूई चे ​​वू (Lui Che Woo) के लिए धन्यवाद, धन्यवाद बुद्धिमान व्यक्ति, एक अच्छा विचार ठीक है, मेरे पति और पत्नी (हेनरी आर क्राविस) सीएनएन-आईबीएन पर एक और पोस्ट देखें और पढ़ें धन्यवाद. नया साल 2021 डाउनलोड करें బహుమతిని 2025 లో యశ్hరాజ్ భారతి उत्तर అందుకుంది.","ପ୍ରଥମ ଏଜୁକେସନ୍ ଫାଉଣ୍ଡେସନ୍ (Pratham Education Foundation) ଭାରତର ସବୁଠାରୁ ବଡ଼ ଶିକ୍ଷାମୂଳକ ସ୍ୱେଚ୍ଛାସେବୀ ସଂଗଠନମାନଙ୍କ ମଧ୍ୟରୁ ଅନ୍ୟତମ। ଶିକ୍ଷା କ୍ଷେତ୍ରରେ ନବୀନ ଏବଂ ପ୍ରଭାବଶାଳୀ କାର୍ଯ୍ୟକ୍ରମ ରୂପାୟଣ ପାଇଁ ଏହି ସଂସ୍ଥା ବେଶ୍ ପରିଚିତ। ଏହାର ପଦକ୍ଷେପଗୁଡ଼ିକ କେବଳ ଭାରତରେ ନୁହେଁ, ବରଂ ବିଶ୍ୱର ଅନେକ ଦେଶର ଶିକ୍ଷା କାର୍ଯ୍ୟକ୍ରମକୁ ମଧ୍ୟ ପ୍ରେରଣା ଯୋଗାଇଛି। ପ୍ରାୟ ୩୦ ବର୍ଷର ଇତିହାସ ଥିବା ପ୍ରଥମ ସଂସ୍ଥାର କାର୍ଯ୍ୟକ୍ଷେତ୍ର ଆଜି ପ୍ରାଥମିକ ଶିକ୍ଷାଠାରୁ ଆରମ୍ଭ କରି ଝିଅ ଏବଂ ମହିଳାମାନଙ୍କ ଶିକ୍ଷା, ତଥା ଯୁବମାନଙ୍କ ଦକ୍ଷତା ବିକାଶ କାର୍ଯ୍ୟକ୍ରମ ପର୍ଯ୍ୟନ୍ତ ବିସ୍ତାରିତ ହୋଇଛି।   ଭାରତର ୨୫ଟି ରାଜ୍ୟ ଏବଂ କେନ୍ଦ୍ରଶାସିତ ଅଞ୍ଚଳରେ କାର୍ଯ୍ୟାନ୍ୱିତ ବିଭିନ୍ନ କାର୍ଯ୍ୟକ୍ରମ ମାଧ୍ୟମରେ ପ୍ରଥମ ପ୍ରତିବର୍ଷ ହାରାହାରି ୬୦ ଲକ୍ଷରୁ ଅଧିକ ଶିଶୁ ଏବଂ ଯୁବମାନଙ୍କ ପାଖରେ ପହଞ୍ଚିଥାଏ। ଏହି କାର୍ଯ୍ୟ ବିଭିନ୍ନ ଉପାୟରେ କରାଯାଏ—ସମୁଦାୟ ସ୍ତରରେ ଶିଶୁ ଏବଂ ଯୁବମାନଙ୍କ ସହ ସିଧାସଳଖ କାମ କରିବା ସହିତ ରାଜ୍ୟ ଏବଂ ଜିଲ୍ଲା ସ୍ତରର ସରକାରୀ ବ୍ୟବସ୍ଥା ସହ ସହଭାଗିତାରେ କାର୍ଯ୍ୟକ୍ରମ ରୂପାୟଣ କରାଯାଏ।  ପ୍ରଥମ ତାହାର ଉଲ୍ଲେଖନୀୟ କାର୍ଯ୍ୟ ପାଇଁ ଅନେକ ସମ୍ମାନଜନକ ପୁରସ୍କାରରେ ସମ୍ମାନିତ ହୋଇଛି। ସେଥିରେ Yidan Prize (2021), WISE Prize for Education, Skoll Award for Social Entrepreneurship ଏବଂ ଅନ୍ୟାନ୍ୟ ଅନ୍ତର୍ଜାତୀୟ ସମ୍ମାନ ଅନ୍ତର୍ଭୁକ୍ତ। ଏହା ସହିତ, ୨୦୨୫ ମସିହାରେ ସଂସ୍ଥା Yashraj Bharti Samman ଦ୍ୱାରା ମଧ୍ୟ ସମ୍ମାନିତ ହୋଇଥିଲା।","ప్రథమ్ ఎడ్యుకేషన్ ఫౌండేషన్ (ప్రథమ్) భారతదేశంలోని అతిపెద్ద విద్యా స్వచ్ఛంద సంస్థలలో ఒకటి. ఇది వినూత్నమైన, కఠినంగా మూల్యాంకనం చేయబడిన కార్యక్రమాలను అమలు చేయడంలో పేరుగాంచింది, ఇవి మూడు ఖండాలలో ఇలాంటి కార్యక్రమాలకు స్ఫూర్తినిచ్చాయి. 30 సంవత్సరాల చరిత్ర కలిగిన ప్రథమ్ యొక్క కార్యకలాపాలు నేడు ప్రాథమిక విద్య నుండి బాలికలు మరియు మహిళలు, అలాగే యువత నైపుణ్యాభివృద్ధి కార్యక్రమాల వరకు విస్తరించి ఉన్నాయి.

25 రాష్ట్రాలు మరియు కేంద్రపాలిత ప్రాంతాలలో కార్యక్రమాల ద్వారా, ప్రథమ్ సాధారణంగా ప్రతి సంవత్సరం సగటున 6 మిలియన్లకు పైగా పిల్లలు మరియు యువతకు చేరువవుతుంది. ఈ విజయం అనేక రకాల ప్రయత్నాల ద్వారా సాధించబడుతుంది: సమాజాలలో పిల్లలు మరియు యువతతో నేరుగా పనిచేయడం, అలాగే రాష్ట్ర మరియు జిల్లా స్థాయి ప్రభుత్వాలతో సహకరించడం ద్వారా ఇది సాధ్యమవుతుంది. ప్రథమ్ లూయీ చే వూ (Lui Che Woo) బహుమతి, ఇన్నోవేషన్ కోసం WISE బహుమతి, సామాజిక వ్యవస్థాపకత కోసం స్కోల్ అవార్డు, నాయకత్వంలో హెన్రీ ఆర్ క్రావిస్ (Henry R Kravis) బహుమతి మరియు ప్రజా సేవ కోసం CNN-IBN ఇండియన్ ఆఫ్ ది ఇయర్ వంటి ప్రతిష్టాత్మక అవార్డులను అందుకుంది. ప్రథమ్ 2021లో విద్యా అభివృద్ధికి యిడాన్ బహుమతిని మరియు 2025లో యశ్‌రాజ్ భారతి సమ్మాన్‌ను కూడా అందుకుంది.","ಪ್ರಥಮ್ ಎಜುಕೇಶನ್ ಫೌಂಡೇಶನ್ ಭಾರತದ ಅತಿದೊಡ್ಡ ಶೈಕ್ಷಣಿಕ ಎನ್‌ಜಿಒಗಳಲ್ಲಿ ಒಂದಾಗಿದೆ. ಇದು ಶಿಕ್ಷಣ ಕ್ಷೇತ್ರದಲ್ಲಿ ನವೀನ ಮತ್ತು ಪರಿಣಾಮಕಾರಿ ಕಾರ್ಯಕ್ರಮಗಳನ್ನು ಜಾರಿಗೆ ತರಲು ಹೆಸರುವಾಸಿಯಾಗಿದೆ. ಇದರ ಉಪಕ್ರಮಗಳು ಭಾರತದಲ್ಲಿ ಮಾತ್ರವಲ್ಲದೆ ಪ್ರಪಂಚದಾದ್ಯಂತದ ಅನೇಕ ದೇಶಗಳಲ್ಲಿ ಶೈಕ್ಷಣಿಕ ಕಾರ್ಯಕ್ರಮಗಳಿಗೆ ಸ್ಫೂರ್ತಿ ನೀಡಿವೆ.

ಸುಮಾರು 30 ವರ್ಷಗಳ ಇತಿಹಾಸ ಹೊಂದಿರುವ ಪ್ರಥಮ್‌ನ ಕೆಲಸವು ಇಂದು ಪ್ರಾಥಮಿಕ ಶಿಕ್ಷಣದಿಂದ ಬಾಲಕಿಯರ ಮತ್ತು ಮಹಿಳಾ ಶಿಕ್ಷಣದವರೆಗೆ ಹಾಗೂ ಯುವಕರಿಗೆ ಕೌಶಲ್ಯ ಅಭಿವೃದ್ಧಿ ಕಾರ್ಯಕ್ರಮಗಳವರೆಗೆ ವಿಸ್ತರಿಸಿದೆ.

ಪ್ರಥಮ್ ಭಾರತದ 25 ರಾಜ್ಯಗಳು ಮತ್ತು ಕೇಂದ್ರಾಡಳಿತ ಪ್ರದೇಶಗಳಲ್ಲಿ ಜಾರಿಗೆ ತರಲಾದ ವಿವಿಧ ಕಾರ್ಯಕ್ರಮಗಳ ಮೂಲಕ ಪ್ರತಿ ವರ್ಷ ಸರಾಸರಿ 60 ಲಕ್ಷಕ್ಕೂ ಹೆಚ್ಚು ಮಕ್ಕಳು ಮತ್ತು ಯುವಕರನ್ನು ತಲುಪುತ್ತದೆ. ಈ ಕೆಲಸವನ್ನು ವಿವಿಧ ಮಾರ್ಗಗಳ ಮೂಲಕ ಮಾಡಲಾಗುತ್ತದೆ - ಸಮುದಾಯಗಳಲ್ಲಿನ ಮಕ್ಕಳು ಮತ್ತು ಯುವಕರೊಂದಿಗೆ ನೇರವಾಗಿ ಕೆಲಸ ಮಾಡುವುದು ಮತ್ತು ರಾಜ್ಯ ಮತ್ತು ಜಿಲ್ಲಾ ಮಟ್ಟದ ಸರ್ಕಾರಿ ಸಂಸ್ಥೆಗಳೊಂದಿಗೆ ಸಹಭಾಗಿತ್ವದಲ್ಲಿ ಕಾರ್ಯಕ್ರಮಗಳನ್ನು ಅನುಷ್ಠಾನಗೊಳಿಸುವುದು.

ಪ್ರಥಮ್ ತನ್ನ ಅತ್ಯುತ್ತಮ ಕೆಲಸಕ್ಕಾಗಿ ಹಲವಾರು ಪ್ರತಿಷ್ಠಿತ ಪ್ರಶಸ್ತಿಗಳನ್ನು ಪಡೆದಿದ್ದಾರೆ. ಇವುಗಳಲ್ಲಿ ಯಿದಾನ್ ಪ್ರಶಸ್ತಿ (2021), ಶಿಕ್ಷಣಕ್ಕಾಗಿ WISE ಪ್ರಶಸ್ತಿ, ಸಾಮಾಜಿಕ ಉದ್ಯಮಶೀಲತೆಗಾಗಿ ಸ್ಕೋಲ್ ಪ್ರಶಸ್ತಿ ಮತ್ತು ಇತರ ಅನೇಕ ಅಂತರರಾಷ್ಟ್ರೀಯ ಪ್ರಶಸ್ತಿಗಳು ಸೇರಿವೆ. ಈ ಸಂಸ್ಥೆಯು 2025 ರಲ್ಲಿ ಯಶ್‌ರಾಜ್ ಭಾರತಿ ಸಮ್ಮಾನ್ ಅನ್ನು ಸಹ ಗೌರವಿಸಿದೆ.

ಪ್ರಥಮ್ ಶಿಕ್ಷಣ ಪ್ರತಿಷ್ಠಾನವನ್ನು ಒಂದು ಎಂದು ಪರಿಗಣಿಸಲಾಗಿದೆ ಭಾರತದ ಅತಿದೊಡ್ಡ ಶೈಕ್ಷಣಿಕ ಎನ್‌ಜಿಒಗಳು. ಶಿಕ್ಷಣ ಕ್ಷೇತ್ರದಲ್ಲಿ ನವೀನ ಮತ್ತು ಪರಿಣಾಮಕಾರಿ ಕಾರ್ಯಕ್ರಮಗಳನ್ನು ಜಾರಿಗೆ ತರಲು ಇದು ಹೆಸರುವಾಸಿಯಾಗಿದೆ. ಇದರ ಉಪಕ್ರಮಗಳು ಭಾರತದಲ್ಲಿ ಮಾತ್ರವಲ್ಲದೆ ಪ್ರಪಂಚದಾದ್ಯಂತದ ಅನೇಕ ದೇಶಗಳಲ್ಲಿ ಶೈಕ್ಷಣಿಕ ಕಾರ್ಯಕ್ರಮಗಳಿಗೆ ಸ್ಫೂರ್ತಿ ನೀಡಿವೆ.

ಸುಮಾರು 30 ವರ್ಷಗಳ ಇತಿಹಾಸ ಹೊಂದಿರುವ ಪ್ರಥಮ್‌ನ ಕೆಲಸವು ಇಂದು ಪ್ರಾಥಮಿಕ ಶಿಕ್ಷಣದಿಂದ ಬಾಲಕಿಯರ ಮತ್ತು ಮಹಿಳಾ ಶಿಕ್ಷಣದವರೆಗೆ ಹಾಗೂ ಯುವಕರಿಗೆ ಕೌಶಲ್ಯ ಅಭಿವೃದ್ಧಿ ಕಾರ್ಯಕ್ರಮಗಳವರೆಗೆ ವಿಸ್ತರಿಸಿದೆ.

ಭಾರತದ 25 ರಾಜ್ಯಗಳು ಮತ್ತು ಕೇಂದ್ರಾಡಳಿತ ಪ್ರದೇಶಗಳಲ್ಲಿ ಜಾರಿಗೆ ತರಲಾದ ವಿವಿಧ ಕಾರ್ಯಕ್ರಮಗಳ ಮೂಲಕ ಪ್ರಥಮ್ ಪ್ರತಿ ವರ್ಷ ಸರಾಸರಿ 60 ಲಕ್ಷಕ್ಕೂ ಹೆಚ್ಚು ಮಕ್ಕಳು ಮತ್ತು ಯುವಕರನ್ನು ತಲುಪುತ್ತಾರೆ. ಈ ಕೆಲಸವನ್ನು ವಿವಿಧ ಮಾರ್ಗಗಳ ಮೂಲಕ ಮಾಡಲಾಗುತ್ತದೆ - ಸಮುದಾಯಗಳಲ್ಲಿನ ಮಕ್ಕಳು ಮತ್ತು ಯುವಕರೊಂದಿಗೆ ನೇರವಾಗಿ ಕೆಲಸ ಮಾಡುವುದರ ಜೊತೆಗೆ ರಾಜ್ಯ ಮತ್ತು ಜಿಲ್ಲಾ ಮಟ್ಟದಲ್ಲಿ ಸರ್ಕಾರಿ ಸಂಸ್ಥೆಗಳೊಂದಿಗೆ ಸಹಭಾಗಿತ್ವದಲ್ಲಿ ಕಾರ್ಯಕ್ರಮಗಳನ್ನು ಅನುಷ್ಠಾನಗೊಳಿಸುವುದು.

ಪ್ರಥಮ್ ಅವರ ಅತ್ಯುತ್ತಮ ಕೆಲಸಕ್ಕಾಗಿ ಹಲವಾರು ಪ್ರತಿಷ್ಠಿತ ಪ್ರಶಸ್ತಿಗಳನ್ನು ನೀಡಲಾಗಿದೆ. ಇವುಗಳಲ್ಲಿ ಯಿದಾನ್ ಪ್ರಶಸ್ತಿ (2021) ಸೇರಿವೆ, ಶಿಕ್ಷಣಕ್ಕಾಗಿ WISE ಪ್ರಶಸ್ತಿ, ಸಾಮಾಜಿಕ ಉದ್ಯಮಶೀಲತೆಗಾಗಿ ಸ್ಕೋಲ್ ಪ್ರಶಸ್ತಿ ಮತ್ತು ಇತರ ಹಲವು ಅಂತರರಾಷ್ಟ್ರೀಯ ಪ್ರಶಸ್ತಿಗಳನ್ನು ಸಂಸ್ಥೆಯು ಪಡೆದಿದೆ. 2025 ರಲ್ಲಿ ಸಂಸ್ಥೆಯು ಯಶ್‌ರಾಜ್ ಭಾರತಿ ಸಮ್ಮಾನ್ ಅನ್ನು ಸಹ ಪಡೆದುಕೊಂಡಿದೆ.

ಗುಣಮಟ್ಟ ಸುಧಾರಣೆಯ ಕ್ಷೇತ್ರಗಳಲ್ಲಿ ಪ್ರಥಮ್ ಅವರ ಕೊಡುಗೆ ಶಿಕ್ಷಣ, ಮೂಲಭೂತ ಸಾಕ್ಷರತೆ ಮತ್ತು ಸಂಖ್ಯಾಶಾಸ್ತ್ರವನ್ನು ಹೆಚ್ಚಿಸುವುದು ಮತ್ತು ಶಿಕ್ಷಣದಲ್ಲಿ ಅನನುಕೂಲಕರ ಗುಂಪುಗಳನ್ನು ಮುಖ್ಯವಾಹಿನಿಗೆ ತರುವುದು ಬಹಳ ಮಹತ್ವದ್ದಾಗಿ ಪರಿಗಣಿಸಲಾಗಿದೆ.","பிரதம் கல்வி அறக்கட்டளை (Pratham) இந்தியாவின் மிகப்பெரிய கல்வி தொண்டு நிறுவனங்களில் ஒன்றாகும். புதுமையான மற்றும் துல்லியமாக மதிப்பீடு செய்யப்பட்ட கல்வி திட்டங்களை செயல்படுத்தி, உலகின் பல இடங்களில் இதுபோன்ற திட்டங்களுக்கு பிரதாம் முன்மாதிரியாக உள்ளது. 30 ஆண்டுகளாக செயல்பட்டு வரும் பிரதம் கல்வி அறக்கட்டளை, இப்போது சிறுவர் மற்றும் ஆரம்பக் கல்வி முதல் பெண்கள் மற்றும் இளைஞர்களின் திறன் மேம்பாட்டு திட்டங்கள் வரை பல துறைகளில் பணியாற்றுகிறது.

இந்தியாவின் 25 மாநிலங்கள் மற்றும் யூனியன் பிரதேசங்களில் செயல்படும் இத்திட்டங்களின் மூலம், ஆண்டுதோறும்  பிரதாம் அமைப்பு சராசரியாக 60 லட்சத்திற்கும் அதிகமான குழந்தைகள் மற்றும் இளைஞர்களைச் சென்றடைகிறது. குழந்தைகள் மற்றும் இளைஞர்களுடன் நேரடியாக பணிபுரிவதோடு, மாநில மற்றும் மாவட்ட அரசுகளுடன் இணைந்து செயல்படுவதன் மூலம் இந்த இலக்கு எட்டப்படுகிறது.

பிரதம் பல முக்கிய விருதுகளை பெற்றுள்ளது. அவற்றில் Lui Che Woo Prize, WISE Innovation Prize, Skoll Award for Social Entrepreneurship, Henry R Kravis Leadership Prize மற்றும் CNN-IBN Indian of the Year (Public Service) ஆகியவை அடங்கும். மேலும், 2021 ஆம் ஆண்டு Yidan Prize for Education Development மற்றும் 2025 ஆம் ஆண்டு Yashraj Bharati Samman விருதுகளையும் பெற்றுள்ளது.","ప్రథమ్ ఎడ్యుకేషన్ ఫౌండేషన్ (ప్రథమ్) భారతదేశంలోని అతిపెద్ద విద్యా స్వచం సంస్థలలో ఒకటి. ఇది వినూత్నమైన, కఠినంగా మూల్యాంకనయయనం కార్యక్రమాలను అమలు చేయడంలో పేరుగంాి ఇవి మూడు ఖండాలలో ఇలాంటి కార్యక్రమాలకు స్ఫూర్తినిచ్చాయి. 30 సంవత్సరాల చరిత్ర కలిగిన ప్రథమ్ య్కొ కార్యకలాపాలు నేడు ప్రాథమిక విద్య ంిద్య నేడు బాలికలు మరియు మహిళలు, అలాగే యువత నైపుణ్యాభివృద్ధి కార్యక్రమాల వరకు విస్తరించి ఉన్ని.

25 రాష్ట్రాలు మరియు కేంద్రపాలిత ప్రలాత కార్యక్రమాల ద్వారా, ప్రథమ్ సా౤ారణపరి సంవత్సరం 6 మిలియన్లకు పైగా సగటున మరియు యువతకు చేరువవుతుంది. ఈ విజయం అనేక రకాల ప్రయత్నాల ద్వారా సాధించబడుతుంది: సమాజాలలో పిల్లలు మయయి તુ జిల్లా స్థాయి ప్రభుత్వాలతో సహకరిడంి ద్వారా ఇది సాధ్యమవుతుంది. ప్రథమ్ లూయీ చే వూ (લુઈ ચે વૂ) బహుమతి, ఇన్నోవయ౰ే WISE బహుమతి, సామాజిక వ్యవస్థాపకత కోసం సకో అవార్డు, నాయకత్వంలో హెన్రీ ఆర్ క్రావిస్ (હેનરી આર ક્રેવિસ) ఇండియన్ ఆఫ్ ది ఇయర్ వంటి ప్రతిష్టా఍మతి అవార్డులను అందుకుంది. ప్రథమ్ 2021లో విద్యా అభివృద్ధికి యిడాి బహుమతిని మరియు 2025లో యశ్రాజ్ భారతి సమ్మాన్ను కూడా అందుకుంది.","پرتھم ایجوکیشن فاؤنڈیشن (پرتھم) ہندوستان کی سب سے بڑی تعلیمی این جی اوز میں سے ایک ہے۔ یہ جدید، سختی سے جانچے گئے پروگراموں کو نافذ کرنے کے لیے جانا جاتا ہے جنہوں نے تین براعظموں میں اسی طرح کے پروگراموں کو متاثر کیا ہے۔ 30 سال کی تاریخ کے ساتھ، پرتھم کی سرگرمیاں آج پرائمری تعلیم سے لے کر لڑکیوں اور خواتین کے ساتھ ساتھ نوجوانوں کے ہنر کی ترقی کے پروگراموں تک پھیلی ہوئی ہیں۔

25 ریاستوں اور مرکز کے زیر انتظام علاقوں میں پروگراموں کے ذریعے، پرتھم عام طور پر ہر سال اوسطاً 6 ملین سے زیادہ بچوں اور نوجوانوں تک پہنچتا ہے۔ یہ کامیابی مختلف کوششوں کے ذریعے حاصل کی گئی ہے: کمیونٹیز میں بچوں اور نوجوانوں کے ساتھ براہ راست کام کرنا، نیز ریاستی اور ضلعی سطح کی حکومتوں کے ساتھ تعاون کرنا۔ پرتھم نے لوئی چی وو پرائز، اختراع کے لیے WISE پرائز، سماجی انٹرپرینیورشپ کے لیے اسکال ایوارڈ، لیڈرشپ میں ہنری آر کراویس پرائز، اور CNN-IBN انڈین آف دی ایئر فار پبلک سروس جیسے نامور اعزازات حاصل کیے ہیں۔ پرتھم کو 2021 میں یدان انعام برائے تعلیمی ترقی اور 2025 میں یش راج بھارتی سمان بھی ملا۔",,
NAVAPATHAM,,ACCOUNT_ALREADY_EXISTS_MESSAGE,"As listed below, one or more accounts already exist with this name, email ID, and/or phone number","खाली सूचीबद्ध केल्याप्रमाणे, या नावाचे, ईमेल आयडीचे आणि/किंवा फोन नंबरचे एक किंवा अधिक खाते आधीच अस्तित्वात आहेत.","इस नाम, ईमेल आईडी और/या फ़ोन नंबर से एक या अधिक खाते पहले से मौजूद हैं, जैसा कि नीचे सूचीबद्ध है।","ନିମ୍ନରେ ଦିଆଯାଇଥିବା ତାଲିକା ଅନୁସାରେ, ଏହି ନାମ, ଇ-ମେଲ୍ ଆଇଡି ଏବଂ/କିମ୍ବା ଫୋନ୍ ନମ୍ବର ସହ ଜଡିତ ଗୋଟିଏ କିମ୍ବା ଅଧିକ ଆକାଉଣ୍ଟ ପୂର୍ବରୁ ହିଁ ଅବସ୍ଥିତ ଅଛି।","ఈ పేరు, ఈమెయిల్ ఐడి మరియు/లేదా ఫోన్ నంబర్‌తో ఇప్పటికే ఒకటి లేదా అంతకంటే ఎక్కువ ఖాతాలు ఉన్నాయి. అవి క్రింద చూపబడుతున్నాయి","ಕೆಳಗೆ ಪಟ್ಟಿ ಮಾಡಿರುವಂತೆ, ಈ ಹೆಸರು, ಇಮೇಲ್ ಐಡಿ ಮತ್ತು/ಅಥವಾ ಫೋನ್ ಸಂಖ್ಯೆಯನ್ನು ಹೊಂದಿರುವ ಒಂದು ಅಥವಾ ಹೆಚ್ಚಿನ ಖಾತೆಗಳು ಈಗಾಗಲೇ ಅಸ್ತಿತ್ವದಲ್ಲಿವೆ.","இந்த பெயர், மின்னஞ்சல் ஐடி மற்றும்/அல்லது தொலைபேசி எண்ணுடன் ஏற்கனவே ஒரு அல்லது அதற்கு மேற்பட்ட கணக்குகள் உள்ளன. கீழே அவை பட்டியலிடப்பட்டுள்ளன.","નીચે સૂચિબદ્ધ કર્યા મુજબ, આ નામ, ઇમેઇલ ID અને/અથવા ફોન નંબર ધરાવતા એક અથવા વધુ એકાઉન્ટ પહેલેથી જ અસ્તિત્વમાં છે.",اس نام، ای میل، اور/یا فون نمبر والے ایک یا زیادہ اکاؤنٹس پہلے سے موجود ہیں، جیسا کہ ذیل میں درج ہے۔,,
NAVAPATHAM,,LOGIN_WITH_USERNAME,Log in using this username.,या युजर नावाने  लॉगिन करा.,इस उपयोगकर्ता नाम से लॉग इन करें,ଏହି ୟୁଜରନେମ୍ ବ୍ୟବହାର କରି ଲଗ୍-ଇନ୍ କରନ୍ତୁ।,ఈ యూజర్‌నేమ్‌తో లాగిన్ అవ్వండి,ಈ ಯೂಸರ್ ಹೆಸರಿನೊಂದಿಗೆ ಲಾಗಿನ್ ಮಾಡಿ,இந்த பயனர்பெயருடன் உள்நுழைக.,આ વપરાશકર્તાનામ સાથે લોગિન કરો,پرگیان پاتھ تک رسائی حاصل کرنے کے لیے,,
NAVAPATHAM,,ALREADY_SIGNED_UP,Already signed up,आधीच साइन अप केले आहे,पहले से ही साइन अप किया हुआ है,ପୂର୍ବରୁ ସାଇନ୍ ଅପ୍ ହୋଇସାରିଛି,ఇప్పటికే నమోదు చేసుకున్నారు,ಈಗಾಗಲೇ ಸೈನ್ ಅಪ್ ಮಾಡಲಾಗಿದೆ,ஏற்கனவே பதிவு செய்துவிட்டேன்,પહેલેથી જ સાઇન અપ કરેલ છે,پہلے ہی سائن اپ کر چکے ہیں۔,,
NAVAPATHAM,,CLICK_HERE_TO_LOGIN,Click here to log in.,लॉगिन करण्यासाठी येथे क्लिक करा.,लॉग इन करने के लिए यहां क्लिक करें,ଲଗଇନ୍ କରିବାକୁ ଏଠାରେ କ୍ଲିକ୍ କରନ୍ତୁ,లాగిన్ అవ్వడానికి ఇక్కడ క్లిక్ చేయండి,ಲಾಗಿನ್ ಮಾಡಲು ಇಲ್ಲಿ ಕ್ಲಿಕ್ ಮಾಡಿ,உள்நுழைய இங்கே கிளிக் செய்யவும்,લોગીન કરવા માટે અહીં ક્લિક કરો,لاگ ان کرنے کے لیے یہاں کلک کریں۔,,
NAVAPATHAM,,CREATE_USERNAME_PASSWORD,Create your username and password.,तुमचे युजर नाव  पासवर्ड तयार करा,अपना उपयोगकर्ता नाम और पासवर्ड बनाएं,ଆପଣଙ୍କର ୟୁଜର ନାମ  ଏବଂ ପାସୱାର୍ଡ ତିଆରି କରନ୍ତୁ,మీ యూజర్‌నేమ్ & పాస్‌వర్డ్ సృష్టించండి,ನಿಮ್ಮ ಯೂಸರ್ ಹೆಸರು ಮತ್ತು ಪಾಸ್‌ವರ್ಡ್ ರಚಿಸಿ,உங்கள் பயனர்பெயர் மற்றும் கடவுச்சொல்லை உருவாக்கவும்,તમારું વપરાશકર્તા નામ અને પાસવર્ડ બનાવો,اپنا یوزر نام اور پاس ورڈ بنا یں,,
NAVAPATHAM,,CREDENTIALS_TIP,Note: Please write down your login credentials somewhere safe so that you can easily access them when needed,टीप: तुमची ओळखपत्रे कुठेतरी सुरक्षित ठिकाणी लिहून ठेवा जेणेकरून ती तुमच्या हातात असतील!,सलाह: अपनी पहचान संबंधी जानकारियों को किसी सुरक्षित स्थान पर लिख लें ताकि वे आपके काम आ सकें!,"ଟିପ୍ପଣୀ: ଆପଣଙ୍କର ଲଗଇନ୍ ସୂଚନା (ୟୁଜରନେମ୍ ଏବଂ ପାସୱାର୍ଡ) କୌଣସି ସୁରକ୍ଷିତ ସ୍ଥାନରେ ଲେଖି ରଖନ୍ତୁ, ଯାହାଫଳରେ ଆବଶ୍ୟକ ସମୟରେ ସହଜରେ ବ୍ୟବହାର କରିପାରିବେ।""","సూచన: మీ లాగిన్ వివరాలను ఎక్కడైనా సురక్షితంగా రాసి పెట్టుకోండి, అవసరమైనప్పుడు ఉపయోగపడతాయి.","ಸಲಹೆ: ನಿಮ್ಮ ರುಜುವಾತುಗಳನ್ನು ಎಲ್ಲೋ ಸುರಕ್ಷಿತವಾಗಿ ಬರೆದಿಟ್ಟುಕೊಳ್ಳಿ, ಇದರಿಂದ ನೀವು ಅವುಗಳನ್ನು ಸುಲಭವಾಗಿ ಬಳಸಬಹುದು!","குறிப்பு: உங்கள் உள்நுழைவு விவரங்களை பாதுகாப்பான இடத்தில் குறித்துவைத்து கொள்ளுங்கள், அவை எப்போது வேண்டுமானாலும் பயன்படலாம்!",ટિપ: તમારા ઓળખપત્રો ક્યાંક સુરક્ષિત રીતે નોંધી લો જેથી તે તમારી પાસે હાથમાં રહે!,مشورہ: اپنی اسناد کو کسی محفوظ جگہ پر نوٹ کریں تاکہ آپ کے پاس یہ کام ہو!,,
NAVAPATHAM,,USERNAME,User name ,युजर नाव ,उपयोगकर्ता नाम,ୟୁଜର ନେମ ,యూజర్‌నేమ్,ಯೂಸರ್ ಹೆಸರು,பயனர்பெயர்,વપરાશકર્તા નામ,صارف کا نام,,
NAVAPATHAM,,USERNAME_HELPER,Make it unique! Customize it with your date of birth or lucky number.,ते अद्वितीय बनवा! तुमच्या जन्मतारीख किंवा लकी नंबरसह ते सानुकूलित करा,इसे खास बनाएं! अपनी जन्मतिथि या शुभ अंक से इसे कस्टमाइज़ करें।,"ହାକୁ ଅନନ୍ୟ କରନ୍ତୁ! ଆପଣଙ୍କ ଜନ୍ମତାରିଖ କିମ୍ବା ଭାଗ୍ୟଶାଳୀ ସଂଖ୍ୟା ଯୋଡ଼ି ଏହାକୁ ନିଜ ପସନ୍ଦ ଅନୁଯାୟୀ କରନ୍ତୁ।""",దీనిని ప్రత్యేకంగా ఉండేలా చేయండి! మీ పుట్టిన తేదీ లేదా మీకు ఇష్టమైన సంఖ్యను జోడించవచ్చు.,ಇದನ್ನು ವಿಶೇಷವಾಗಿಸಿ! ನಿಮ್ಮ ಜನ್ಮ ದಿನಾಂಕ ಅಥವಾ ಅದೃಷ್ಟ ಸಂಖ್ಯೆಯನ್ನು ಸೇರಿಸಿ ವೈಯಕ್ತೀಕರಿಸಿ,இதை தனிப்பட்டதாக மாற்றுங்கள்! உங்கள் பிறந்த தேதி அல்லது அதிர்ஷ்ட எண்ணைப் பயன்படுத்தி இதை தனிப்பயனாக்குங்கள்.,તેને યુનિક બનાવો! તમારી જન્મ તારીખ અથવા લકી નંબર સાથે તેને કસ્ટમાઇઝ કરો,اسے منفرد بنائیں! اسے اپنی تاریخ پیدائش یا لکی نمبر کے ساتھ حسب ضرورت بنائیں۔,,
NAVAPATHAM,,PASSWORD,Password,पासवर्ड,पासवर्ड,ପାସୱାର୍ଡ,పాస్‌వర్డ్,ಪಾಸ್ವರ್ಡ್,கடவுச்சொல்,પાસવર્ડ,پاس ورڈ,,
NAVAPATHAM,,PRIVACY_CONSENT,I have read and agree to the Privacy Guidelines and I consent to the collection and use of my personal data as described in the Consent Form.,मी गोपनीयता मार्गदर्शक तत्त्वे वाचली आहेत आणि त्यांच्याशी सहमत आहे आणि संमती फॉर्ममध्ये वर्णन केल्याप्रमाणे मी माझ्या वैयक्तिक डेटाचे संकलन आणि वापर करण्यास संमती देतो.,"मैंने गोपनीयता दिशानिर्देशों को पढ़ लिया है और मैं उनसे सहमत हूं, और मैं सहमति पत्र में वर्णित अनुसार अपने व्यक्तिगत डेटा के संग्रह और उपयोग के लिए अपनी सहमति देता हूं।",ମୁଁ ଗୋପନୀୟତା ନିର୍ଦ୍ଦେଶାବଳୀ ପଢ଼ିଛି ଏବଂ ଏଥିରେ ରାଜି ଅଛି ଏବଂ ସମ୍ମତି ଫର୍ମରେ ବର୍ଣ୍ଣିତ ମୋର ବ୍ୟକ୍ତିଗତ ତଥ୍ୟ ସଂଗ୍ରହ ଏବଂ ବ୍ୟବହାର ପାଇଁ ମୁଁ ସମ୍ମତି ଦେଉଛି।,వ్యక్తిగత సమాచార సేకరణ మరియు వినియోగానికి సంబంధించిన గోప్యతా మార్గదర్శకాలను నేను చదివాను మరియు అంగీకరిస్తున్నాను. అలాగే కన్సెంట్ ఫారమ్‌లో పేర్కొన్న విధంగా నా వ్యక్తిగత సమాచారాన్ని ఉపయోగించడానికి నేను సమ్మతిస్తున్నాను.,ನಾನು ಗೌಪ್ಯತಾ ಮಾರ್ಗಸೂಚಿಗಳನ್ನು ಓದಿದ್ದೇನೆ ಮತ್ತು ಒಪ್ಪುತ್ತೇನೆ ಮತ್ತು ಒಪ್ಪಿಗೆ ಪತ್ರದಲ್ಲಿ  ವಿವರಿಸಿದಂತೆ ನನ್ನ ವೈಯಕ್ತಿಕ ಡೇಟಾವನ್ನು ಸಂಗ್ರಹಿಸಲು ಮತ್ತು ಬಳಸಲು ನಾನು ಸಮ್ಮತಿಸುತ್ತೇನೆ.,"நான் தனியுரிமை வழிகாட்டுதல்களை வாசித்து ஒப்புக்கொள்கிறேன், மேலும் சம்மதப் படிவத்தில் குறிப்பிடப்பட்டுள்ளபடி எனது தனிப்பட்ட தரவின் சேகரிப்பு மற்றும் பயன்பாட்டிற்கு நான் ஒப்புதல் அளிக்கிறேன்.",મેં ગોપનીયતા માર્ગદર્શિકા વાંચી છે અને હું સંમત છું અને સંમતિ ફોર્મમાં વર્ણવ્યા મુજબ મારા વ્યક્તિગત ડેટાના સંગ્રહ અને ઉપયોગ માટે સંમતિ આપું છું.,میں نے رازداری کے رہنما خطوط کو پڑھ لیا ہے اور ان سے اتفاق کرتا ہوں اور میں اپنے ذاتی ڈیٹا کو جمع کرنے اور استعمال کرنے سے اتفاق کرتا ہوں جیسا کہ رضامندی کے فارم میں بیان کیا گیا ہے۔,,
NAVAPATHAM,,CONFIRM_PASSWORD,Confirm Password,पासवर्डची पुष्टी करा,पासवर्ड की पुष्टि कीजिये,ପାସୱାର୍ଡ ସୁନିଶ୍ଚିତ କରନ୍ତୁ,పాస్‌వర్డ్‌ను మళ్లీ నమోదు చేయండి.,ಪಾಸ್‌ವರ್ಡ್ ದೃಢೀಕರಿಸಿ,கடவுச்சொல்லை உறுதிப்படுத்தவும்,પાસવર્ડ કન્ફર્મ કરો,پاس ورڈ کی تصدیق کریں۔,,
NAVAPATHAM,,ENROLL_INTO,Enroll in to,मध्ये नोंदणी करा,इसमें नामांकन करें,ଏଥିରେ ପଞ୍ଜିକରଣ କରନ୍ତୁ,ఇందులో చేరండి,ನೋಂದಾಯಿಸಿ,பதிவு செய்யவும்,નોંધણી કરો,میں اندراج کریں۔,,
NAVAPATHAM,,WELCOME_JOINED,Great that you've joined,तुम्ही सामील झालात हे खूप छान आहे.,बहुत अच्छा लगा कि आप शामिल हो गए।,ଆପଣ ଯୋଗଦାନ କରିଥିବାରୁ ବହୁତ ଭଲ,మీరు చేరినందుకు ఆనందంగా ఉంది!,ನೀವು ಸೇರಿಕೊಂಡಿದ್ದು ಚೆನ್ನಾಗಿದೆ.,நீங்கள் சேர்ந்தது மகிழ்ச்சி அளிக்கிறது!,તમે જોડાયા તે ખૂબ સારું છે.,بہت اچھا ہے کہ آپ نے شمولیت اختیار کی۔,,
NAVAPATHAM,,ENROLLMENT_INTRO,Let's begin this exciting journey together. Help us with a few additional details,चला या रोमांचक प्रवासाची सुरुवात एकत्र करूया. काही अतिरिक्त तपशीलांसह आम्हाला मदत करा.,आइए इस रोमांचक यात्रा की शुरुआत साथ मिलकर करें। कृपया हमें कुछ अतिरिक्त जानकारी प्रदान करें।,"ଆସନ୍ତୁ, ଏହି ରୋମାଞ୍ଚକର ଯାତ୍ରାକୁ ଏକାଠି ଆରମ୍ଭ କରିବା। କିଛି ଅତିରିକ୍ତ ସୂଚନା ପ୍ରଦାନ କରି ଆମକୁ ସହଯୋଗ କରନ୍ତୁ।",ఈ ఉత్సాహభరితమైన ప్రయాణాన్ని మనం కలిసి ప్రారంభిద్దాం. దయచేసి కొంత అదనపు సమాచారం ఇవ్వండి.,ಈ ರೋಮಾಂಚಕಾರಿ ಪ್ರಯಾಣವನ್ನು ಒಟ್ಟಿಗೆ ಪ್ರಾರಂಭಿಸೋಣ. ಕೆಲವು ಹೆಚ್ಚುವರಿ ವಿವರಗಳೊಂದಿಗೆ ನಮಗೆ ಸಹಾಯ ಮಾಡಿ.,இந்த உற்சாகமான பயணத்தை ஒன்றாக தொடங்கலாம். மேலும் சில கூடுதல் விவரங்களைப் பகிர்ந்து எங்களுக்கு உதவுங்கள்.,ચાલો સાથે મળીને આ રોમાંચક સફરની શરૂઆત  કરીએ. થોડી વધારાની વિગતો સાથે અમને મદદ કરો.,آئیے مل کر اس دلچسپ سفر کا آغاز کریں۔ کچھ اضافی تفصیلات کے ساتھ ہماری مدد کریں۔,,
NAVAPATHAM,,FINISH_ENROLL,Finish Enroll,नोंदणी पूर्ण करा,नामांकन पूरा करें,ପଞ୍ଜିକରଣ ସମାପ୍ତ କରନ୍ତୁ,నమోదును పూర్తి చేయండి,ದಾಖಲಾತಿಯನ್ನು ಪೂರ್ಣಗೊಳಿಸಿ,சேர்க்கையை முடிக்கவும்,નોંધણી પૂર્ણ કરો,اندراج مکمل کریں۔,,
NAVAPATHAM,,NO_LAST_NAME_INSTRUCTION,"If you do not have a last name, please enter your first name again or use a single dot (.) in this field","जर तुमचे आडनाव नसेल, तर कृपया तुमचे पहिले नाव पुन्हा एंटर करा किंवा या क्षेत्रात एकच बिंदू (.) वापरा.","यदि आपका कोई अंतिम नाम नहीं है, तो कृपया अपना पहला नाम दोबारा दर्ज करें या इस फ़ील्ड में एक बिंदु (.) का उपयोग करें।","ଯଦି ଆପଣଙ୍କର ଶେଷ ନାମ ନାହିଁ, ଦୟାକରି ଆପଣଙ୍କର ପ୍ରଥମ ନାମ ପୁଣି ପ୍ରବେଶ କରନ୍ତୁ କିମ୍ବା ଏହି କ୍ଷେତ୍ରରେ ଗୋଟିଏ ବିନ୍ଦୁ (.) ବ୍ୟବହାର କରନ୍ତୁ।","మీకు ఇంటి పేరు లేకపోతే, మీ పేరునే మళ్లీ టైప్ చేయండి లేదా ఒక డాట్ (.) పెట్టండి.","ನಿಮಗೆ ಕೊನೆಯ ಹೆಸರು ಇಲ್ಲದಿದ್ದರೆ, ದಯವಿಟ್ಟು ನಿಮ್ಮ ಮೊದಲ ಹೆಸರನ್ನು ಮತ್ತೊಮ್ಮೆ ನಮೂದಿಸಿ ಅಥವಾ ಈ ಕ್ಷೇತ್ರದಲ್ಲಿ ಒಂದೇ ಬಿಂದು  (.) ಬಳಸಿ.","உங்களுக்கு கடைசி பெயர் இல்லையெனில், இந்த புலத்தில் உங்கள் முதல் பெயரை மீண்டும் உள்ளிடவும் அல்லது ஒரு புள்ளி (.) மட்டும் பயன்படுத்தவும்.","જો તમારી પાસે અટક નથી, તો કૃપા કરીને તમારું પહેલું નામ ફરીથી દાખલ કરો અથવા આ ક્ષેત્રમાં એક જ બિંદુ (.) નો ઉપયોગ કરો.",اگر آپ کا آخری نام نہیں ہے، تو براہ کرم اپنا پہلا نام دوبارہ درج کریں یا اس فیلڈ میں ایک ڈاٹ (.) استعمال کریں۔,,
NAVAPATHAM,,FATHER_NAME,Father Name,वडिलांचे नाव,पिता का नाम,ପିତାଙ୍କ ନାମ,తండ్రి పేరు,ತಂದೆಯ ಹೆಸರು,தந்தை பெயர்,પિતાનું નામ,والد کا نام,,
NAVAPATHAM,,MOTHER_NAME,Mother Name,आईचे नाव,माँ का नाम,ମାତାଙ୍କ ନାମ,తల్లి పేరు,ತಾಯಿಯ ಹೆಸರು,தாயார் பெயர்,માતાનું નામ,ماں کا نام,,
NAVAPATHAM,,SPOUSE_NAME,Spouse Name,जोडीदाराचे नाव,पति/पत्नी का नाम,ଜୀବନସାଥୀଙ୍କ ନାମ,భర్త / భార్య పేరు,ಪತಿ/ಪತ್ನಿ  ಹೆಸರು,கணவர்/மனைவி பெயர்,જીવનસાથીનું નામ,شریک حیات کا نام,,
NAVAPATHAM,,CREATE_ACCOUNT,Create Account,खाते तयार करा,खाता बनाएं,ଆକାଉଣ୍ଟ ତିଆରି କରନ୍ତୁ,ఖాతా సృష్టించండి,ಖಾತೆ ರಚಿಸಿ,கணக்கை உருவாக்கு,અકાઉન્ટ બનાવો,اکاؤنٹ بنائیں,,
NAVAPATHAM,,PHONE_NUMBER,Phone Number,फोन नंबर,फ़ोन नंबर,ଫୋନ୍ ନମ୍ବର,ఫోన్ నంబర్,ದೂರವಾಣಿ ಸಂಖ್ಯೆ,தொலைபேசி எண்,ફોન નંબર,فون نمبر,,
NAVAPATHAM,,WHATS_YOUR_GENDER,Whats Your Gender,तुमचे लिंग काय आहे?,तुम लड़का हो या लड़की,ଆପଣଙ୍କ ଲିଙ୍ଗ କଣ?,మీ లింగం ఏమిటి,ನಿಮ್ಮ ಲಿಂಗವನ್ನು ಆಯ್ಕೆಮಾಡಿ.,உங்கள் பாலினம் என்ன?,તમારું લિંગ શું છે?,آپ کی جنس کیا ہے؟,,
NAVAPATHAM,,DOB,DOB,जन्मतारीख,जन्म तिथि,ଜନ୍ମ ତାରିଖ,పుట్టిన తేదీ,ಜನ್ಮ ದಿನಾಂಕ,பிறந்த தேதி,જન્મ તારીખ,تاریخ پیدائش,,
NAVAPATHAM,,ADDITIONAL_INFORMATION,Additional Information,अतिरिक्त माहिती,अतिरिक्त जानकारी,ଅତିରିକ୍ତ ସୂଚନା,అదనపు సమాచారం,ಹೆಚ್ಚುವರಿ ಮಾಹಿತಿ,கூடுதல் தகவல்,વધારાની માહિતી,اضافی معلومات,,
NAVAPATHAM,,NAVAPATHAM,NavaPatham,नवापठम,नवपथम,ନବପଥମ,నవపథం,ನವಪಥಂ,நவபதம்,નવપથમ,نوا پرتھم ,,
NAVAPATHAM,,PARENT_GUARDIAN_CONFIRMATION,I confirm this checkbox is filled out by the parent/guardian of the learner.,मी पुष्टी करतो की हा चेकबॉक्स विद्यार्थ्याच्या पालकांनी/पालकांनी भरला आहे.,मैं पुष्टि करता/करती हूं कि यह चेकबॉक्स शिक्षार्थी के माता-पिता/अभिभावक द्वारा भरा गया है।,ମୁଁ ନିଶ୍ଚିତ କରୁଛି ଯେ ଏହି ଚେକବକ୍ସଟି ଶିକ୍ଷାର୍ଥୀଙ୍କ ପିତାମାତା/ଅଭିଭାବକଙ୍କ ଦ୍ୱାରା ପୂରଣ କରାଯାଇଛି।,ఈ చెక్‌బాక్స్‌ను విద్యార్థి యొక్క తల్లి / తండ్రి లేదా సంరక్షకుడు నింపినట్లు నేను ధృవీకరిస్తున్నాను.,ಈ ಚೆಕ್‌ಬಾಕ್ಸ್ ಅನ್ನು ಕಲಿಯುವವರ ಪೋಷಕರು/ಪೋಷಕರು ಭರ್ತಿ ಮಾಡಿದ್ದಾರೆ ಎಂದು ನಾನು ದೃಢೀಕರಿಸುತ್ತೇನೆ.,இந்த செக் பாக்ஸ் கற்றலாளரின் பெற்றோர்/பாதுகாவலர் மூலம் நிரப்பப்பட்டதாக நான் உறுதிப்படுத்துகிறேன்.,હું પુષ્ટિ કરું છું કે આ ચેકબોક્સ વિદ્યાર્થીના માતાપિતા/વાલીએ ભર્યો છે.,میں تصدیق کرتا ہوں کہ یہ چیک باکس سیکھنے والے کے والدین/سرپرست نے بھرا ہے۔,,
NAVAPATHAM,,CREATING_ACCOUNT,Creating Account...,खाते तयार करत आहे...,खाता बनाया जा रहा है...,ଆକାଉଣ୍ଟ ତିଆରି କରାଯାଉଛି...,ఖాతా సృష్టించబడుతోంది…,ಖಾತೆಯನ್ನು ರಚಿಸಲಾಗುತ್ತಿದೆ...,கணக்கை உருவாக்குகிறது...,એકાઉન્ટ બનાવી રહ્યા છીએ...,اکاؤنٹ بنایا جا رہا ہے...,,
NAVAPATHAM,,CONSENT_FORM,Consent Form,संमती फॉर्म,सहमति पत्र,କନସର୍ଣ୍ଣ  ଫର୍ମ,సమ్మతి ఫారం,ಒಪ್ಪಿಗೆ ಪತ್ರ,ஒப்புதல் படிவம்,સંમતિ ફોર્મ,رضامندی کا فارم,,
NAVAPATHAM,,I_HAVE_READ_AND_AGREE_TO_THE,I have read and agree to the,मी वाचले आहे आणि मी त्यांच्याशी सहमत आहे,मैने नियमों को पढ़ लिया और उनसे सहमत हूँ,ମୁଁ ପଢ଼ିଛି ଏବଂ ଏଥିରେ ରାଜି ଅଛି,నేను చదివాను మరియు అంగీకరిస్తున్నాను,ನಾನು ಓದಿದ್ದೇನೆ ಮತ್ತು ಒಪ್ಪುತ್ತೇನೆ,நான் படித்து ஒப்புக்கொள்கிறேன்,મેં વાંચ્યું છે અને સંમત છું,میں نے پڑھا ہے اور اس سے اتفاق کرتا ہوں۔,,
NAVAPATHAM,,PRIVACY_GUIDELINES,Privacy Guidelines,गोपनीयता मार्गदर्शक तत्त्वे,गोपनीयता दिशानिर्देश,ଗୋପନୀୟତା ନିର୍ଦ୍ଦେଶାବଳୀ,గోప్యతా మార్గదర్శకాలు,ಗೌಪ್ಯತೆ ಮಾರ್ಗಸೂಚಿಗಳು,தனியுரிமை வழிகாட்டுதல்கள்,ગોપનીયતા માર્ગદર્શિકા,رازداری کے رہنما خطوط,,
NAVAPATHAM,,AND_I_CONSENT_TO_THE_COLLECTION,and I consent to the collection and use of my personal data as described in the,आणि मी माझ्या वैयक्तिक डेटाच्या संकलनास आणि वापरास संमती देतो जसे की मध्ये वर्णन केले आहे,और मैं अपने व्यक्तिगत डेटा के संग्रह और उपयोग के लिए सहमति देता/देती हूँ जैसा कि इसमें वर्णित है।,ଏବଂ ମୁଁ ମୋର ବ୍ୟକ୍ତିଗତ ତଥ୍ୟର ସଂଗ୍ରହ ଏବଂ ବ୍ୟବହାର ପାଇଁ ସମ୍ମତି ଦେଉଛି ଯେପରି ଏଥିରେ ବର୍ଣ୍ଣିତ ହୋଇଛି,మరియు నేను వివరించిన విధంగా నా వ్యక్తిగత డేటాను సేకరించడానికి మరియు ఉపయోగించడానికి సమ్మతిస్తున్నాను,ಮತ್ತು ವಿವರಿಸಿದಂತೆ ನನ್ನ ವೈಯಕ್ತಿಕ ಡೇಟಾವನ್ನು ಸಂಗ್ರಹಿಸಲು ಮತ್ತು ಬಳಸಲು ನಾನು ಒಪ್ಪುತ್ತೇನೆ,"மேலும், குறிப்பிடப்பட்டுள்ளபடி எனது தனிப்பட்ட தரவின் சேகரிப்பு மற்றும் பயன்பாட்டிற்கு நான் ஒப்புதல் அளிக்கிறேன்.",અને હું મારા વ્યક્તિગત ડેટાના સંગ્રહ અને ઉપયોગ માટે સંમતિ આપું છું જેમ કે તેમાં વર્ણવેલ છે,اور میں اپنے ذاتی ڈیٹا کو جمع کرنے اور استعمال کرنے کی رضامندی دیتا ہوں جیسا کہ میں بیان کیا گیا ہے۔,,
NAVAPATHAM,,USERNAME_ALREADY_EXISTS,Username already exists,युजर नाव  आधीच अस्तित्वात आहे,उपयोगकर्ता का नाम पहले से मौजूद है,ୟୁଜର ନାମ  ପୂର୍ବରୁ ଅଛି।,ఈ యూజర్‌నేమ్ ఇప్పటికే ఉంది,ಯೂಸರ್ ಹೆಸರು ಈಗಾಗಲೇ ಅಸ್ತಿತ್ವದಲ್ಲಿದೆ.,பயனர்பெயர் ஏற்கனவே உள்ளது.,વપરાશકર્તા નામ પહેલેથી જ અસ્તિત્વમાં છે,صارف نام پہلے سے موجود ہے۔,,
NAVAPATHAM,,PASSWORDS_DO_NOT_MATCH,Passwords do not match,पासवर्ड जुळत नाहीत.,सांकेतिक शब्द मेल नहीं खाते,ପାସୱାର୍ଡଗୁଡ଼ିକ ମେଳ ଖାଉନାହିଁ।,పాస్‌వర్డ్‌లు సరిపోలడం లేదు,ಪಾಸ್‌ವರ್ಡ್‌ಗಳು ಹೊಂದಿಕೆಯಾಗುತ್ತಿಲ್ಲ.,கடவுச்சொற்கள் பொருந்தவில்லை.,પાસવર્ડ્સ મેળ ખાતા નથી,پاس ورڈز مماثل نہیں ہیں۔,,
NAVAPATHAM,,PASSWORD_DOES_NOT_MEET_REQUIREMENTS,Password does not meet requirements,पासवर्ड आवश्यकता पूर्ण करत नाही.,पासवर्ड आवश्यकताओं को पूरा नहीं करता है,ପାସୱାର୍ଡ ଆବଶ୍ୟକତା ପୂରଣ କରୁନାହିଁ,పాస్‌వర్డ్ అవసరాలను తీర్చడం లేదు,ಪಾಸ್‌ವರ್ಡ್ ಅವಶ್ಯಕತೆಗಳನ್ನು ಪೂರೈಸುವುದಿಲ್ಲ.,கடவுச்சொல் தேவைகளைப் பூர்த்தி செய்யவில்லை.,પાસવર્ડ આવશ્યકતાઓને પૂર્ણ કરતો નથી,پاس ورڈ ضروریات کو پورا نہیں کرتا ہے۔,,
NAVAPATHAM,,EXPLORE_MORE_COURSES,Explore More Courses,अधिक अभ्यासक्रम एक्सप्लोर करा,और भी कोर्स देखें,ଅଧିକ ପାଠ୍ୟକ୍ରମ ଏକ୍ସପ୍ଲୋର୍ କରନ୍ତୁ,మరిన్ని కోర్సులను అన్వేషించండి,ಹೆಚ್ಚಿನ ಕೋರ್ಸ್‌ಗಳನ್ನು ಅನ್ವೇಷಿಸಿ,மேலும் படிப்புகளை ஆராயுங்கள்,વધુ અભ્યાસક્રમો એક્સ્પ્લોર કરો,مزید کورسز دریافت کریں۔,,
NAVAPATHAM,,SECOND_CHANCE_PROGRAM,Second Chance Program,दुसरी संधी कार्यक्रम,दूसरा मौका कार्यक्रम,ସେକେଣ୍ଡ ଚାନ୍ସ  ପ୍ରୋଗ୍ରାମ,సెకండ్ ఛాన్స్ కార్యక్రమం,ಸೆಕಂಡ್ ಚಾನ್ಸೆ ಕಾರ್ಯಕ್ರಮ,செகண்ட் சான்ஸ் திட்டம்,સેકન્ડ ચાંસ પ્રોગ્રામ ,سیکنڈ چانس پروگرام,,
NAVAPATHAM,,PARENT_GUARDIAN_PHONE_NO,Parent Guardian Phone No,पालक पालक फोन नंबर,अभिभावक/संरक्षक का फ़ोन नंबर,ଅଭିଭାବକଙ୍କ ଫୋନ୍ ନମ୍ବର,తల్లి / తండ్రి / సంరక్షకుడి ఫోన్ నంబర్,ಪೋಷಕರ ಫೋನ್ ಸಂಖ್ಯೆ,பெற்றோர் பாதுகாவலர் தொலைபேசி எண்,અભિભાવક  /વાલી ફોન નંબર,والدین/سرپرست کا فون نمبر,,
NAVAPATHAM,,COURSE_COMPLETION_CONGRATULATIONS,Congratulations on completing the course!,अभ्यासक्रम पूर्ण केल्याबद्दल अभिनंदन!,कोर्स पूरा करने पर आपको बहुत-बहुत बधाई!,ପାଠ୍ୟକ୍ରମ ସମାପ୍ତ କରିବା ପାଇଁ ଅଭିନନ୍ଦନ!,కోర్సును విజయవంతంగా పూర్తి చేసినందుకు అభినందనలు!,ಕೋರ್ಸ್ ಪೂರ್ಣಗೊಳಿಸಿದ್ದಕ್ಕಾಗಿ ಅಭಿನಂದನೆಗಳು!,பாடத்திட்டத்தை முடித்ததற்கு வாழ்த்துகள்!,અભ્યાસક્રમ પૂર્ણ કરવા બદલ અભિનંદન!,کورس مکمل کرنے پر مبارکباد!,,
NAVAPATHAM,,HURRAY,Hurray!,हुर्रे!,हुर्रे!,ଅଭିନନ୍ଦନ,వాహ్!,ಹುರ್ರೇ!,சிறப்பு!,હુરે!,واہ!,,
LOGIN_PAGE,,USERNAME_PASSWORD_NOT_CORRECT,Username or Password is not correct,युजर नाव  किंवा पासवर्ड योग्य नाही,यूज़रनेम या पासवर्ड सही नहीं है,ୟୁଜର  ନାମ କିମ୍ବା ପାସୱାର୍ଡ ଠିକ୍ ନୁହେଁ,యూజర్‌నేమ్ లేదా పాస్‌వర్డ్ సరైనది కాదు,ಯೂಸರ್  ಹೆಸರು ಅಥವಾ ಪಾಸ್ವರ್ಡ್ ತಪ್ಪಾಗಿದೆ,பயனர்பெயர் அல்லது கடவுச்சொல் சரியாக இல்லை,યુઝરનેમ અથવા પાસવર્ડ સાચો નથી,صارف نام یا پاس ورڈ درست نہیں ہے۔,,
LOGIN_PAGE,,DEVICE_FINGERPRINT_SUCCESS,Device fingerprint generated successfully,डिव्हाइस फिंगरप्रिंट यशस्वीरित्या तयार केला,डिवाइस फिंगरप्रिंट सफलतापूर्वक उत्पन्न हुआ,ଡିଭାଇସ ଫିଙ୍ଗରପ୍ରିଣ୍ଟ ସଫଳତାର ସହିତ ସୃଷ୍ଟି ହେଲା,డివైస్ ఫింగర్‌ప్రింట్ విజయవంతంగా రూపొందించబడింది,ಡಿವೈಸ  ಫಿಂಗರ್‌ಪ್ರಿಂಟ್ ಅನ್ನು ಯಶಸ್ವಿಯಾಗಿ ರಚಿಸಲಾಗಿದೆ,சாதனத்தின் டிஜிட்டல் அடையாளம் வெற்றிகரமாக உருவாக்கப்பட்டது.,ડિવાઇસ ફિંગરપ્રિન્ટ સફળતાપૂર્વક સર્જાયું,ڈیوائس کا فنگر پرنٹ کامیابی کے ساتھ تیار ہو گیا۔,,
LOGIN_PAGE,,DEVICE_FINGERPRINT_ERROR,Error generating device fingerprint,डिव्हाइस फिंगरप्रिंट तयार करण्यात त्रुटी,डिवाइस फिंगरप्रिंट उत्पन्न करने में त्रुटि,ଡିଭାଇସ ଫିଙ୍ଗରପ୍ରିଣ୍ଟ ସୃଷ୍ଟି କରିବାରେ ତ୍ରୁଟି,డివైస్ ఫింగర్‌ప్రింట్ రూపొందించడంలో లోపం,ಡಿವೈಸ್ ಫಿಂಗರ್‌ಪ್ರಿಂಟ್ ರಚಿಸುವಲ್ಲಿ ದೋಷ ಕಂಡುಬಂದಿದೆ,சாதனத்தின் டிஜிட்டல் அடையாளத்தை உருவாக்க முடியவில்லை.,ડિવાઇસ ફિંગરપ્રિન્ટ સર્જવામાં ભૂલ,ڈیوائس فنگر پرنٹ بنانے میں خرابی ہے۔,,
LOGIN_PAGE,,LOADING,Loading...,लोड करत आहे...,लोड हो रहा है...,ଲୋଡ଼ ହେଉଛି...,లోడింగ్...,ಲೋಡ್ ಮಾಡಲಾಗುತ್ತಿದೆ...,ஏற்றுகிறது...,લોડ થઈ રહ્યું છે...,لوڈ ہو رہا ہے...,,
OBSERVATION,,OBSERVATION_START,Start Survey,सर्वेक्षण सुरू करा,सर्वेक्षण प्रारंभ करें,ସର୍ଭେ ଆରମ୍ଭ କରନ୍ତୁ,సర్వేను ప్రారంభించండి,ಸರ್ವೇ ಆರಂಭಿಸಿ,கணக்கெடுப்பைத் தொடங்கு,સર્વેક્ષણ શરૂ કરો,سروے شروع کریں۔,,
OBSERVATION,,OBSERVATION_DETAILS,Survey Details,सर्वेक्षण तपशील,सर्वेक्षण विवरण,ସର୍ଭେ ବିବରଣୀ,సర్వే వివరాలు,ಸರ್ವೇ ವಿವರಗಳು,கணக்கெடுப்பு விவரங்கள்,સર્વેક્ષણ વિગતો,سروے کی تفصیلات,,
OBSERVATION,,ADD_ENTITY,Add {{entityType}} in Survey list,सर्वेक्षण यादीत {{entityType}} जोडा,सर्वेक्षण सूची में {{entityType}} जोड़ें,{{entityType}} କୁ ସର୍ଭେ ସୂଚୀରେ ଯୋଡନ୍ତୁ,సర్వే జాబితాలో {{entityType}}ను జోడించండి,{{entityType}} ಸರ್ವೇ ಪಟ್ಟಿಗೆ ಸೇರಿಸಿ,{{entityType}} ஐ கணக்கெடுப்பு பட்டியலில் சேர்,{{entityType}} સર્વેક્ષણ યાદીમાં ઉમેરો,سروے کی فہرست میں {{entityType}} شامل کریں۔,,
OBSERVATION,,SEARCH_ENTITY,Search {{entityType}} name,{{entityType}} नाव शोधा,{{entityType}} नाम खोजें,{{entityType}} ନାମ ଖୋଜନ୍ତୁ,{{entityType}} పేరును శోధించండి,{{entityType}} ಹೆಸರು ಹುಡುಕಿ,{{entityType}} பெயரைத் தேடு,{{entityType}} નામ શોધો,{{entityType}} نام تلاش کریں۔,,
OBSERVATION,,OBSERVATIONS,{{name}} Survey,{{name}} सर्वेक्षण,{{name}} सर्वेक्षण,{{name}} ସର୍ଭେ,{{name}} సర్వే,{{name}} ಸರ್ವೇ,{{name}} கணக்கெடுப்பு,{{name}} સર્વેક્ષણ,{{name}} سروے,,
OBSERVATION,,SEARCH_OBSERVATIONS,Search Surveys,सर्वेक्षण शोधा,सर्वेक्षण खोजें,ସର୍ଭେ ଖୋଜନ୍ତୁ,సర్వేలను శోధించండి,ಸರ್ವೇ ಹುಡುಕಿ,கணக்கெடுப்புகளைத் தேடு,સર્વેક્ષણ શોધો,تلاش  سروے,,
OBSERVATION,,CONTINUE,Continue,सुरू ठेवा,जारी रखें,ଚାଲୁ ରଖନ୍ତୁ,కొనసాగించు,ಮುಂದುವರಿಸಿ,தொடரவும்,ચાલુ રાખો,جاری رکھیں,,
OBSERVATION,,SUBMITTED,Submitted,सबमिट केले,सबमिट किया गया,ଦାଖଲ ହେଲା,సమర్పించబడింది,ಸಲ್ಲಿಸಲಾಗಿದೆ,சமர்ப்பிக்கப்பட்டது,જમા થયું,جمع کروایا,,
OBSERVATION,,FORM_SAVED_SUCCESSFULLY,Form changes saved successfully,फॉर्म बदल सुरक्षितपणे जतन,फ़ॉर्म परिवर्तन सफलतापूर्वक सहेजा गया,ଫର୍ମ ବଦଳ ସଫଳତାର ସହିତ ସଂରକ୍ଷିତ,ఫారం మార్పులు విజయవంతంగా సేవ్ చేయబడ్డాయి,ಫಾರ್ಮ್ ಬದಲಾವಣೆಗಳನ್ನು ಯಶಸ್ವಿಯಾಗಿ ಉಳಿಸಲಾಗಿದೆ,படிவ மாற்றங்கள் வெற்றிகரமாக சேமிக்கப்பட்டன,ફોર્મ ફેરફારો સફળતાપૂર્વક સેવ થયા ,فارم کی تبدیلیاں کامیابی سے محفوظ ہو گئیں۔,,
OBSERVATION,,FORM_SUBMIT_SUCCESSFULLY,Form submitted successfully,फॉर्म यशस्वीरित्या सबमिट,फ़ॉर्म सफलतापूर्वक सबमिट हुआ,ଫର୍ମ ସଫଳତାର ସହିତ ଦାଖଲ ହେଲା,ఫారం విజయవంతంగా సమర్పించబడింది,ಫಾರ್ಮ್ ಯಶಸ್ವಿಯಾಗಿ ಸಲ್ಲಿಸಲಾಗಿದೆ,படிவம் வெற்றிகரமாக சமர்ப்பிக்கப்பட்டது,ફોર્મ સફળતાપૂર્વક સબમિટ થયું,فارم کامیابی کے ساتھ جمع ہو گیا۔,,
OBSERVATION,,NOT_STARTED,Not Started,सुरू झाले नाही,शुरू नहीं हुआ,ଆରମ୍ଭ ହୋଇନାହିଁ,ప్రారంభించబడలేదు,ಪ್ರಾರಂಭವಾಗಿಲ್ಲ ,தொடங்கப்படவில்லை,શરૂ થયું નથી,شروع نہیں ہوا۔,,
OBSERVATION,,COMPLETED,Completed,पूर्ण झाले,पूरा हुआ,ସମ୍ପୂର୍ଣ୍ଣ,పూర్తయింది,ಪೂರ್ಣಗೊಂಡಿದೆ ,முடிந்தது,પૂર્ણ થયું,مکمل,,
OBSERVATION,,INPROGRESS,In-Progress,चालू,प्रगति पर,ଚାଲୁଛି,పురోగతిలో,ಪ್ರಗತಿಯಲ್ಲಿ,நடந்து கொண்டிருக்கிறது,પ્રગતિ પર,جاری ہے۔,,
OBSERVATION,,NO_DATA_FOUND,No {{entity}} found,{{entity}} सापडले नाही,कोई {{entity}} नहीं मिला,{{entity}} ମିଳିଲା ନାହିଁ,{{entity}} కనుగొనబడలేదు,{{entity}} ಲಭ್ಯವಿಲ್ಲ,{{entity}} எதுவும் கிடைக்கவில்லை,{{entity}} મળ્યું નથી,کوئی ڈیٹا نہیں ملا,,
OBSERVATION,,NO_RESULT_FOUND,No Survey found for {{entity}},{{entity}} साठी कोणतेही सर्वेक्षण सापडले नाही,{{entity}} के लिए कोई सर्वेक्षण नहीं मिला,{{entity}} ପାଇଁ ଯେଉଁସି ସର୍ଭେ ମିଳିଲା ନାହିଁ,{{entity}} కోసం ఎటువంటి సర్వే కనుగొనబడలేదు,{{entity}} ಗೆ ಯಾವುದೇ ಸರ್ವೇ ಲಭ್ಯವಿಲ್ಲ,{{entity}} க்கு கணக்கெடுப்பு எதுவும் கிடைக்கவில்லை,{{entity}} માટે કોઈ સર્વેક્ષણ મળ્યું નથી,{{entity}} کے لیے کوئی سروے نہیں ملی,,
OBSERVATION,,NO_OBSERVATION_EXPIRED,No Survey expired for {{entity}},{{entity}} साठी कोणतीही सर्वेक्षण अवधी संपलेली नाही,किसी सर्वेक्षण की समय सीमा समाप्त नहीं हुई,{{entity}} ପାଇଁ କୌଣସି ସର୍ଭେ ସମାପ୍ତ ହୋଇନାହିଁ,{{entity}} కోసం ఎటువంటి సర్వే గడువు ముగియలేదు,ಯಾವುದೇ ಸರ್ವೇ ಅವಧಿ ಮುಗಿದಿಲ್ಲ,{{entity}} க்கு கணக்கெடுப்பு காலாவதியாகவில்லை,{{entity}} માટે કોઈ સર્વેક્ષણ સમાપ્ત થયું નથી.,{{entity}} کے لیے کسی سروے کی میعاد ختم نہیں ہوئی,,
OBSERVATION,,DAYS_LEFT,Days left,दिवस उरलाय,दिन बचे,ବାକି ଥିବା ଦିନ,మిగిలిన రోజులు,ದಿನಗಳು ಉಳಿದಿವೆ,மீதமுள்ள நாட்கள்,દિવસ બાકી,دن رہ گئے۔,,
OBSERVATION,,THIS_OBSERVATION_EXPIRED,This Survey is expired,हे सर्वेक्षण अवधी संपलेली आहे,यह सर्वेक्षण समाप्त हो गया है,ଏହି ସର୍ଭେ ସମାପ୍ତ ହୋଇଗଲା,ఈ సర్వే గడువు ముగిసింది,ಈ ಸರ್ವೇ ಅವಧಿ ಮುಗಿದಿದೆ,இந்த கணக்கெடுப்பு காலாவதியாகிவிட்டது,આ સર્વેક્ષણ સમાપ્ત થઈ ગયું છે,اس سروے کی میعاد ختم ہو چکی ہے۔,,
OBSERVATION,,DUE_DATE,Due date,शेवटची तारीख,नियत तिथि,ନିର୍ଦ୍ଦେଶିତ ତାରିଖ,గడువు తేదీ,ಕೊನೆಯ ದಿನಾಂಕ,காலக்கெடு,નિયમિત તારીખ,مقررہ تاریخ,,
OBSERVATION,,SURVEY_FORMS,Survey Forms,सर्वेक्षण फॉर्म,सर्वेक्षण फॉर्म,ସର୍ଭେ ଫର୍ମଗୁଡିକ,సర్వే ఫారమ్‌లు,ಸರ್ವೇ ಫಾರ್ಮ್‌ಗಳು,கணக்கெடுப்பு படிவங்கள்,સર્વેક્ષણ ફોર્મ,سروے فارم,,
OBSERVATION,,OBSERVATION_STATUS,Survey Status,सर्वेक्षण स्थिती,सर्वेक्षण की स्थिति,ସର୍ଭେ ଅବସ୍ଥା,సర్వే స్థితి,ಸರ್ವೇ ಸ್ಥಿತಿ,கணக்கெடுப்பு நிலை,સર્વેક્ષણ સ્થિતિ,سروے کا سٹیٹس ,,
OBSERVATION,,OBSERVATION_NOT_STARTED_YET,Survey not started yet,सर्वेक्षण अद्याप सुरू झाले नाही,सर्वेक्षण अभी तक शुरू नहीं हुआ,ସର୍ଭେ ଏପର୍ଯ୍ୟନ୍ତ ଆରମ୍ଭ ହୋଇନାହିଁ,సర్వే ఇంకా ప్రారంభించబడలేదు,ಸರ್ವೇ ಇನ್ನೂ ಆರಂಭವಾಗಿಲ್ಲ,கணக்கெடுப்பு இன்னும் தொடங்கப்படவில்லை,સર્વેક્ષણ હજુ શરૂ થયું નથી,ابھی تک سروے شروع نہیں ہوا۔,,
OBSERVATION,,EXPIRED,Expired,अवधी संपलेली,समाप्त,ସମାପ୍ତ,గడువు ముగిసింది,ಅವಧಿ ಮುಗಿದಿದೆ,காலாவதியானது,સમાપ્ત,میعاد ختم,,
OBSERVATION,,ARE_YOU_SURE_YOU_TO_SUBMIT_FORM,Are you sure to submit the form?,तुम्हाला खरंच फॉर्म सबमिट करायचे आहे का?,क्या आप वाकई फ़ॉर्म सबमिट करना चाहते हैं?,ଆପଣ ସତ୍ୟରେ ଫର୍ମ ଦାଖଲ କରିବାକୁ ଚାହାଁଛନ୍ତି କି?,మీరు ఫారమ్‌ను సమర్పించాలని ఖచ్చితంగా ఉన్నారా?,ನೀವು ನಿಜವಾಗಿಯೂ ಫಾರ್ಮ್ ಸಲ್ಲಿಸಲು ಬಯಸುತ್ತೀರಾ?,படிவத்தை சமர்ப்பிக்க உறுதியாக உள்ளீர்களா?,શું તમે ખરેખર ફોર્મ જમા કરવા માંગો છો?,کیا آپ یقینی طور پر فارم جمع کروا رہے ہیں؟,,
OBSERVATION,,ONLY_SPECIFIED_FILE_TYPES_ALLOWED,Only specified file types are allowed,फक्त निर्दिष्ट केलेल्या फाइल प्रकारांना परवानगी आहे.,केवल निर्दिष्ट फ़ाइल प्रकारों की ही अनुमति है।,କେବଳ ନିର୍ଦ୍ଦିଷ୍ଟ ଫାଇଲ୍ ପ୍ରକାରଗୁଡ଼ିକୁ ଅନୁମତି ଦିଆଯାଇଛି।,పేర్కొన్న ఫైల్ రకాలే అనుమతించబడతాయి,ನಿರ್ದಿಷ್ಟಪಡಿಸಿದ ಫೈಲ್ ಪ್ರಕಾರಗಳನ್ನು ಮಾತ್ರ ಅನುಮತಿಸಲಾಗಿದೆ.,குறிப்பிட்ட கோப்பு வகைகள் மட்டுமே அனுமதிக்கப்படும்.,ફક્ત ઉલ્લેખિત ફાઇલ પ્રકારોને જ મંજૂરી છે.,صرف مخصوص فائل کی اقسام کی اجازت ہے۔,,
YOUTHNET_USERS_AND_VILLAGES,,MENTORS,Mentors,परामर्शदाता,मेंटर्स,ମେଣ୍ଟର୍ଗୁଡିକ,మెంటర్లు,ಮೆಂಟರ್‍ಗಳು,வழிகாட்டிகள்,મેન્ટર્સ,مینٹر,,
YOUTHNET_USERS_AND_VILLAGES,,CSV,CSV,CSV,CSV,CSV,CSV,CSV,CSV,CSV,CSV,,
YOUTHNET_USERS_AND_VILLAGES,,SEARCH_MENTORS,Search Mentors...,परामर्शदाता शोधा...,मेंटर्स खोजें...,ମେଣ୍ଟର୍ ସନ୍ଧାନ କରନ୍ତୁ...,మెంటర్లను శోధించండి...,ಮೆಂಟರ್‍ಗಳನ್ನು ಹುಡುಕಿ...,வழிகாட்டிகளைத் தேடு...,મેન્ટર્સ શોધો...,مینٹر تلاش کریں...,,
YOUTHNET_USERS_AND_VILLAGES,,MARK_AS_VOLUNTEER,Mark as Volunteer,स्वयंसेवक म्हणून निशान,स्वयंसेवक के रूप में चिन्हित करें,ସେବକ ଭାବରେ ଚିହ୍ନଟ କରନ୍ତୁ,వాలంటీర్‌గా గుర్తించండి,ಸ್ವಯಂಸೇವಕರಾಗಿ ಗುರುತಿಸಿ,தன்னார்வலராக குறி,વોલેંટિયર તરીકે માર્ક કરો ,رضاکار کے طور پر نشان زد کریں۔,,
YOUTHNET_USERS_AND_VILLAGES,,ADD_OR_REASSIGN_VILLAGES,Add or Re-assign Villages,गावे जोडा किंवा पुन्हा नियुक्त करा,गाँव जोड़ें या पुनः आवंटित करें,ଗାଁଗୁଡିକ ଯୋଡନ୍ତୁ କିମ୍ବା ପୁନର୍ନିଯୁକ୍ତ କରନ୍ତୁ,గ్రామాలను జోడించండి లేదా మళ్లీ కేటాయించండి,ಗ್ರಾಮಗಳನ್ನು ಸೇರಿಸಿ ಅಥವಾ ಮರುನಿಯೋಜಿಸಿ,கிராமங்களைச் சேர் அல்லது மறு ஒதுக்கீடு செய்,ગામો ઉમેરો અથવા ફરીથી નિયુક્ત કરો,گاؤں شامل کریں یا دوبارہ تفویض کریں۔,,
YOUTHNET_USERS_AND_VILLAGES,,REQUEST_TO_REASSIGN_DISTRICT,Request to Re-assign District,जिल्हा पुन्हा नियुक्त करण्याची विनंती,ज़िला पुनः आवंटित करने का अनुरोध,ଜିଲ୍ଲା ପୁନର୍ନିଯୁକ୍ତିର ଅନୁରୋଧ,జిల్లాను మళ్లీ కేటాయించడానికి అభ్యర్థన,ಜಿಲ್ಲೆಯನ್ನು ಮರುನಿಯೋಜಿಸಲು ವಿನಂತಿ,மாவட்டத்தை மறு ஒதுக்கீடு செய்ய கோரிக்கை,જિલ્લો ફરીથી નિયુક્ત કરવા વિનંતી,ضلع کو دوبارہ تفویض کرنے کی درخواست,,
YOUTHNET_USERS_AND_VILLAGES,,DELETE_USER_PERMANENTLY,Delete User Permanently,वापरकर्ता कायमसाठी हटवा,उपयोगकर्ता को स्थायी रूप से हटाएँ,ୟୂଜର୍କୁ ସ୍ଥାୟୀଭାବେ ହଟାନ୍ତୁ,యూజర్‌ను శాశ్వతంగా తొలగించండి,ಯೂಸರ್ ನ್ನು ಶಾಶ್ವತವಾಗಿ ಅಳಿಸಿ,பயனரை நிரந்தரமாக நீக்கு,વપરાશકર્તા કયાં માટે ડિલીટ કરો,صارف کو مستقل طور پر حذف کریں۔,,
YOUTHNET_USERS_AND_VILLAGES,,REQUEST_USER_TO_DIFFERENT_MENTOR,Re-assign user to a different Center Head,वापरकर्त्यास वेगळ्या मार्गदर्शकाला नियुक्त करा,उपयोगकर्ता को विभिन्न मेंटर लीडर को पुनः सौंपें,ୟୂଜର୍କୁ ଭିନ୍ନ ମେଣ୍ଟର୍ ବାଣ୍ଟନ୍ତୁ,యూజర్‌ను వేరే మెంటర్ లీడర్‌కు మళ్లీ కేటాయించండి,ಯೂಸರ್ ನ್ನು ವಿಭಿನ್ನ ಮೆಂಟರ್‍ಗೆ ಮರುನಿಯೋಜಿಸಿ,பயனரை மற்றொரு மையத் தலைவருக்கு மறுஒதுக்கீடு செய்யவும்.,વપરાશકર્તા ને વિવિધ મેન્ટરને ફરીથી સોંપો,صارف ایک مختلف سینٹر ہیڈ کو دوبارہ تفویض کریں۔,,
YOUTHNET_USERS_AND_VILLAGES,,SAVE_PROGRESS,Save progress,प्रगती जतन करा,प्रगति सहेजें,ପ୍ରଗତି ସେଭ୍ କରନ୍ତୁ,పురోగతిని సేవ్ చేయండి,ಪ್ರಗತಿಯನ್ನು ಉಳಿಸಿ,முன்னேற்றத்தை சேமி,પ્રગતિ સેવ કરો ,پراگریس شامل کریں ,,
YOUTHNET_USERS_AND_VILLAGES,,FINISH_ASSIGN,Finish & Assign,पूर्ण करा व नियुक्त करा,समाप्त करें और सौंपें,ସମାପ୍ତ କରନ୍ତୁ ଏବଂ ଆସାଇନ  କରନ୍ତୁ,పూర్తి చేసి కేటాయించండి,ಮುಗಿಸಿ ಮತ್ತು ನಿಯೋಜಿಸಿ,முடித்து ஒதுக்கீடு செய்,સમાપ્ત કરો & સોંપો,ختم کریں اور تفویض کریں۔,,
YOUTHNET_USERS_AND_VILLAGES,,SEND_REQUEST_TO_ADMIN_TEXT,You are sending a request to the State Admin to re-assign this user to another district,आपण हे वापरकर्ते दुसऱ्या जिल्ह्यात नियुक्त करण्याची विनंती राज्य प्रशासकांना पाठवत आहात,आप राज्य प्रशासक को इस उपयोगकर्ता को दूसरे ज़िले में पुनः आवंटित करने का अनुरोध भेज रहे हैं,ଆପଣ ଏହି ଯୂଜର୍କୁ ଅନ୍ୟ ଜିଲ୍ଲାକୁ ପୁନର୍ନିଯୁକ୍ତ କରିବାକୁ ରାଜ୍ୟ ଅଧିକାରୀଙ୍କୁ ଅନୁରୋଧ ପଠାଇଛନ୍ତି,మీరు ఈ యూజర్‌ను మరో జిల్లాకు మళ్లీ కేటాయించడానికి రాష్ట్ర అడ్మిన్‌కు అభ్యర్థన పంపుతున్నారు,ನೀವು ರಾಜ್ಯ ಆಡಳಿತಕ್ಕೆ ಈ ಯೂಸರ್ ನ್ನು ಬೇರೆ ಜಿಲ್ಲೆಗೆ ಮರುನಿಯೋಜಿಸಲು ವಿನಂತಿ ಕಳುಹಿಸುತ್ತಿದ್ದೀರಿ,இந்த பயனரை மற்றொரு மாவட்டத்திற்கு மறு ஒதுக்கீடு செய்ய மாநில நிர்வாகிக்கு கோரிக்கை அனுப்புகிறீர்கள்,તમે રાજ્ય વહીવટકર્તાને આ વપરાશકર્તાને બીજા જિલ્લામાં ફરીથી સોંપવા માટે વિનંતી મોકલી રહ્યા છો.,آپ اسٹیٹ ایڈمن کو ایک درخواست بھیج رہے ہیں کہ وہ اس صارف کو دوسرے ضلع میں دوبارہ تفویض کرے۔,,
YOUTHNET_USERS_AND_VILLAGES,,SELECT_STATE,Select State,राज्य निवडा,राज्य चुनें,ରାଜ୍ୟ ଚୟନ କରନ୍ତୁ,రాష్ట్రాన్ని ఎంచుకోండి,ರಾಜ್ಯ ಆಯ್ಕೆಮಾಡಿ,மாநிலத்தைத் தேர்ந்தெடு,રાજ્ય પસંદ કરો,ریاست منتخب کریں۔,,
YOUTHNET_USERS_AND_VILLAGES,,SELECT_DISTRICT,Select District,जिल्हा निवडा,ज़िला चुनें,ଜିଲ୍ଲା ଚୟନ କରନ୍ତୁ,జిల్లాను ఎంచుకోండి,ಜಿಲ್ಲೆ ಆಯ್ಕೆಮಾಡಿ,மாவட்டத்தைத் தேர்ந்தெடு,જિલ્લો પસંદ કરો,ضلع منتخب کریں۔,,
YOUTHNET_USERS_AND_VILLAGES,,SELECT,Select,निवडा,चुनें,ଚୟନ କରନ୍ତୁ,ఎంచుకోండి,ಆಯ್ಕೆಮಾಡಿ,தேர்ந்தெடு,પસંદ કરો,منتخب کریں۔,,
YOUTHNET_USERS_AND_VILLAGES,,ASSIGN_VILLAGES_FROM_BLOCK,Assign Villages from Block,ब्लॉकमधून गावे नियुक्त करा,ब्लॉक से गाँव आवंटित करें,ବ୍ଲକ୍ରୁ ଗାଁଗୁଡିକ ଆସାଇନ  କରନ୍ତୁ,బ్లాక్ నుండి గ్రామాలను కేటాయించండి,ಬ್ಲಾಕ್‌ನಿಂದ ಗ್ರಾಮಗಳನ್ನು ನಿಯೋಜಿಸಿ,வட்டத்திலிருந்து கிராமங்களை ஒதுக்கீடு செய்,બ્લોકમાંથી ગામો અસાઇન કરો ,بلاک سے گاؤں تفویض کریں۔,,
YOUTHNET_USERS_AND_VILLAGES,,ASSIGN_VILLAGES_FROM_BLOCK_INFO,"You can complete this later at your own pace. However, the villages will only be assigned once you click on ‘Finish.’","तुम्ही हे नंतर तुमच्या गतीने पूर्ण करू शकता. तरीही, तुम्ही 'पूर्ण करा' वर क्लिक केल्यावरच गावे नियुक्त केली जातील.","आप इसे बाद में अपनी सुविधा अनुसार पूरा कर सकते हैं। हालाँकि, गाँव तभी आवंटित होंगे जब आप 'समाप्त करें' पर क्लिक करेंगे।","ଆପଣ ଏହା ପରେ ନିଜ ଗତିରେ ପୂରା କରିପାରିବେ। ହେଲେ ମଧ୍ୟ, ଆପଣ 'ସମାପ୍ତ କରନ୍ତୁ' କ୍ଲିକ୍ କଲେ ହେବା ସମୟରେ ମାତ୍ର ଗାଁଗୁଡିକ ନିଯୁକ୍ତ ହେବେ।","మీరు దీన్ని మీ సొంత వేగంతో తర్వాత పూర్తి చేయవచ్చు. అయితే, మీరు ‘పూర్తి’ క్లిక్ చేసిన తర్వాత మాత్రమే గ్రామాలు కేటాయించబడతాయి.","ನೀವು ಇದನ್ನು ನಂತರ ನಿಮ್ಮ ಅನುಕೂಲಕ್ಕೆ ತಕ್ಕಂತೆ ಪೂರ್ಣಗೊಳಿಸಬಹುದು. ಆದರೆ, ನೀವು ‘ಮುಗಿಸಿ’ (Finish) ಮೇಲೆ ಕ್ಲಿಕ್ ಮಾಡಿದ ನಂತರ ಮಾತ್ರ ಗ್ರಾಮಗಳನ್ನು ನಿಯೋಜಿಸಲಾಗುತ್ತದೆ.","நீங்கள் இதை பின்னர் உங்கள் சொந்த வேகத்தில் முடிக்கலாம். ஆனால், ‘முடிக்கவும்’ என்பதை கிளிக் செய்த பிறகே கிராமங்கள் ஒதுக்கப்படும்.","તમે આને પછીથી તમારી પોતાની ગતિએ પૂર્ણ કરી શકો છો.જોકે, ગામડાઓ ફક્ત ત્યારે જ સોંપવામાં આવશે જ્યારે તમે ‘સમાપ્ત’ પર ક્લિક કરશો.",آپ اسے بعد میں اپنی رفتار سے مکمل کر سکتے ہیں۔ تاہم، گاؤں کو صرف ایک بار تفویض کیا جائے گا جب آپ 'Finish' پر کلک کریں گے۔,,
,,STATE,State,राज्य,राज्य,ରାଜ୍ୟ,రాష్ట్రం,ರಾಜ್ಯ,மாநிலம்,રાજ્ય,ریاست,,
,,DISTRICT,District,जिल्हा,ज़िला,ଜିଲ୍ଲା,జిల్లా,ಜಿಲ್ಲೆ,மாவட்டம்,જિલ્લો,ضلع,,
,,BLOCK,Block,ब्लॉक,ब्लॉक,ବ୍ଲକ୍,బ్లాక్,ಬ್ಲಾಕ್,வட்டம்,બ્લોક,بلاک,,
,,VILLAGE,Village,गाव,गांव,ଗାଁ,గ్రామం,ಗ್ರಾಮ,கிராமம்,ગામ,گاؤں,,
,,first_name,First Name,पहिले नाव,प्रथम नाम,ପ୍ରଥମ ନାମ,మొదటి పేరు,ಮೊದಲ ಹೆಸರು,முதல் பெயர்,પહેલું નામ,پہلا نام,,
,,middle_name,Middle Name,मधले नाव,मध्य नाम,ମଧ୍ୟ ନାମ,మధ్య పేరు,ಮಧ್ಯದ ಹೆಸರು,இடைப்பெயர்,મધ્ય નામ,درمیانی نام,,
,,last_name,Last Name,आडनाव,अंतिम नाम,ଶେଷ ନାମ,చివరి పేరు,ಕೊನೆಯ ಹೆಸರು,கடைசி பெயர்,છેલ્લું નામ,آخری نام,,
,,HAVE_YOU_RECEIVE_ANY_PRIOR_TRAINING,Have you received any prior training?,तुम्ही पूर्वी कोणतीही प्रशिक्षण घेतली आहे का?,क्या आपने पहले कोई प्रशिक्षण प्राप्त किया है?,ଆପଣ ପୂର୍ବରୁ କୌଣସି ପ୍ରଶିକ୍ଷଣ ପାଇଛନ୍ତି କି,మీరు గతంలో ఏదైనా శిక్షణ పొందారా?,ನೀವು ಹಿಂದೆ ಯಾವದಾದರೂ ತರಬೇತಿ ಪಡೆದಿದ್ದೀರಾ?,நீங்கள் ஏதேனும் முந்தைய பயிற்சி பெற்றிருக்கிறீர்களா?,શું તમે અગાઉ કોઈ તાલીમ મેળવી છે?,کیا آپ نے کوئی پیشگی تربیت حاصل کی ہے؟,,
,,IS_VOLUNTEER,Is Volunteer,तुम्ही स्वयंसेवक आहात का?,क्या स्वयंसेवक है?,ଆପଣ ସ୍ବେଚ୍ଛାସେବୀ  କି?,వాలంటీర్‌గా ఉన్నారా?,ನೀವು ಸ್ವಯಂಸೇವಕನಾಗಿದ್ದೀರಾ?,தன்னார்வலரா?,શું સ્વયંસેવક છો?,رضاکار ہے ؟,,
,,EMAIL,Email,ईमेल,ईमेल,ଇମେଲ୍,ఈమెయిల్,ಈಮೈಲ್,மின்னஞ்சல்,ઈમેલ,ای میل,,
,,phone_number,Phone Number,दूरध्वनी क्रमांक,फोन नंबर,ମୋବାଇଲ୍ ନମ୍ବର,ఫోన్ నంబర్,ದೂರವಾಣಿ ಸಂಖ್ಯೆ,தொலைபேசி எண்,ફોન નંબર,فون نمبر,,
,,dob,Date of Birth,जन्म तारीख,जन्म तिथि,ଜନ୍ମତାରିଖ,పుట్టిన తేదీ,ಜನ್ಮ ದಿನಾಂಕ,பிறந்த தேதி,જન્મ તારીખ,تاریخ پیدائش,,
,,WHATS_YOUR_GENDER,What's Your Gender,तुमचे लिंग काय आहे?,आपका लिंग क्या है?,ଆପଣଙ୍କର ଲିଙ୍ଗ କ'ଣ?,మీ లింగం ఏమిటి?,ನಿಮ್ಮ ಲಿಂಗ ಯಾವುದು?,உங்கள் பாலினம் என்ன?,તમારી જાતિ શું છે?,آپ کی جنس کیا ہے؟,,
,,WORKING_STATE,Working State,काम करणारे राज्य,कार्यरत राज्य,କାମ କରୁଥିବା ରାଜ୍ୟ,పని చేసే రాష్ట్రం,ಕೆಲಸ ಮಾಡುವ ರಾಜ್ಯ,வேலை செய்யும் மாநிலம்,કામ કરતું રાજ્ય,کام کرنے والی ریاست,,
,,MALE,Male,पुरुष,पुरुष,ପୁରୁଷ,పురుషుడు,ಪುರುಷ,ஆண்,પુરુષ,مرد,,
,,FEMALE,Female,स्त्री,महिला,ସ୍ତ୍ରୀ,స్త్రీ,ಸ್ತ್ರೀ,பெண்,સ્ત્રી,خاتون,,
,,TRANSGENDER,Other,इतर,अन्य,ଅନ୍ୟ,ఇతర,ಇತರ,மற்றவை,અન્ય,دیگر,,
,,MOTHER_NAME,Mother Name,आईचे नाव,मां का नाम,ମାଆଙ୍କର ନାମ,తల్లి పేరు,ತಾಯಿಯ ಹೆಸರು,தாயின் பெயர்,માતાનું નામ,ماں کا نام,,
,,NUMBER_OF_CHILDREN,Number of Children,मुलांची संख्या,बच्चों की संख्या,ପିଲାମାନଙ୍କ ସଂଖ୍ୟା,పిల్లల సంఖ్య,ಮಕ್ಕಳ ಸಂಖ್ಯೆ,குழந்தைகளின் எண்ணிக்கை,બાળકોની સંખ્યા,بچوں کی تعداد,,
,,NUMBER_OF_CHILDREN_IN_YOUR_GROUP,Number of Children in your group,तुमच्या गटातील मुलांची संख्या,आपके समूह में बच्चों की संख्या,ଆପଣଙ୍କ ଗୋଷ୍ଠୀରେ ପିଲାଙ୍କ ସଂଖ୍ୟା,మీ గ్రూపులోని పిల్లల సంఖ్య,ನಿಮ್ಮ ಗುಂಪಿನಲ್ಲಿರುವ ಮಕ್ಕಳ ಸಂಖ್ಯೆ,உங்கள் குழுவில் உள்ள குழந்தைகளின் எண்ணிக்கை,તમારા જૂથમાં બાળકોની સંખ્યા,آپ کے گروپ میں بچوں کی تعداد,,
,,HIGHEST_EDCATIONAL_QUALIFICATION_OR_LAST_PASSED_GRADE,Highest Educational Qualification or Last Passed Grade,सर्वोच्च शैक्षणिक पात्रता किंवा शेवटचा उत्तीर्ण वर्ग,उच्चतम शैक्षणिक योग्यता या अंतिम उत्तीर्ण कक्षा,ଉଚ୍ଚତମ ଶିକ୍ଷା ଯୋଗ୍ୟତା କିମ୍ବା ଶେଷ ପାସ୍ ଶ୍ରେଣୀ,అత్యధిక విద్యార్హత లేదా చివరి ఉత్తీర్ణ గ్రేడ్,ಅತ್ಯುನ್ನತ ಶೈಕ್ಷಣಿಕ ಅರ್ಹತೆ ಅಥವಾ ಕೊನೆಯದಾಗಿ ಉತ್ತೀರ್ಣಗೊಂಡ ತರಗತಿ,அதிகபட்ச கல்வித் தகுதி / கடைசியாக தேர்ச்சி பெற்ற வகுப்பு,ઉચ્ચતમ શૈક્ષણિક લાયકાત અથવા છેલ્લો પાસ ગ્રેડ,اعلیٰ ترین تعلیمی قابلیت یا آخری پاس شدہ گریڈ,,
,,MARITAL_STATUS,Marital Status,वैवाहिक स्थिती,वैवाहिक स्थिति,ବିବାହିତ ଅବସ୍ଥା,వైవాహిక స్థితి,ವೈವಾಹಿಕ ಸ್ಥಿತಿ,திருமண நிலை,વૈવાહિક સ્થિતિ,ازدواجی حیثیت,,
,,TYPE_OF_PHONE_AVAILABLE,Type of Phone Available,उपलब्ध फोनचा प्रकार,उपलब्ध फोन का प्रकार,ଉପଲବ୍ଧ ଫୋନ୍ ପ୍ରକାର,అందుబాటులో ఉన్న ఫోన్ రకం,ಲಭ್ಯವಿರುವ ಫೋನ್ ಪ್ರಕಾರ,கிடைக்கும் தொலைபேசி வகை,ઉપલબ્ધ ફોનનો પ્રકાર,دستیاب فون کی قسم,,
,,SMARTPHONE,Smartphone,स्मार्टफोन,स्मार्टफोन,ସ୍ମାର୍ଟଫୋନ୍,స్మార్ట్‌ఫోన్,ಸ್ಮಾರ್ಟ್‌ಫೋನ್,ஸ்மார்ட்போன்,સ્માર્ટફોન,اسمارٹ فون,,
,,KEYPAD,Keypad,कीपॅड फोन ,कीपैड,କିପ୍ୟାଡ୍,కీప్యాడ్,ಕೀಪ್ಯಾಡ್,கீபேட்,કીપેડ,کی پیڈ,,
,,DOES_THIS_PHONE_BELONG_TO_YOU,Does this phone belong to you,हा फोन तुमचाच आहे का?,क्या यह फोन आपका है?,ଏହି ଫୋନ୍ ଦାୟିତ୍ୱ ଆପଣଙ୍କ ପାଇଁ କି?,ఈ ఫోన్ మీ సొంతమా?,ಈ ಫೋನ್ ನಿಮ್ಮದೇ?,இந்த தொலைபேசி உங்களுடையதா?,શું આ ફોન તમારો છે?,کیا یہ فون آپ کا ہے؟,,
,,YES,Yes,होय,हाँ,ହଁ,అవును,ಹೌದು,ஆம்,હા,جی ہاں,,
,,NO,No,नाही,नहीं,ନାହିଁ,కాదు,ಇಲ್ಲ,இல்லை,ના,نہیں,,
,,USERNAME,Username,युजर नाव ,यूज़रनेम,ବ୍ୟବହାରକାରୀ ନାମ,యూజర్‌నేమ్,ಯೂಸರ್  ಹೆಸರು,பயனர்பெயர்,યુઝર્નેમ,صارف نام,,
,,PASSWORD,Password,पासवर्ड,पासवर्ड,ପାସୱାର୍ଡ,పాస్‌వర్డ్,ಪಾಸ್ವರ್ಡ್ ,கடவுச்சொல்,પાસવર્ડ,پاس ورڈ,,
,,confirm_password,Confirm Password,पासवर्डची पुष्टी,पासवर्ड की पुष्टि करें,ପାସୱାର୍ଡ  କନଫର୍ମ  କରନ୍ତୁ,పాస్‌వర్డ్‌ను నిర్ధారించండి,ಪಾಸ್ವರ್ಡ್  ದೃಢೀಕರಣ,கடவுச்சொல்லை உறுதி செய்யவும்,પાસવર્ડની પુષ્ટિ કરો,پاس ورڈ کی تصدیق کریں۔,,
,,NAME_OF_GUARDIAN,Name of Guardian,पालकाचे नाव,अभिभावक का नाम,ଅଭିଭାବକଙ୍କ ନାମ,సంరక్షకుడి పేరు,ಪಾಲಕರ  ಹೆಸರು,பாதுகாவலர் பெயர்,ગાર્ડિયનનું નામ,سرپرست کا نام,,
,,RELATION_WITH_GUARDIAN,Relation with Guardian,पालकासोबतचा संबंध,अभिभावक के साथ संबंध,ଅଭିଭାବକଙ୍କ ସହିତ ସମ୍ପର୍କ,సంరక్షకుడితో సంబంధం,ಪಾಲಕರ ಸಂಬಂಧ,பாதுகாவலருடனான உறவு,ગાર્ડિયન સાથેનો સંબંધ,سرپرست کے ساتھ تعلق,,
,,PARENT_GUARDIAN_PHONE_NO,Parent/Guardian Phone No,पालकांचा दूरध्वनी क्रमांक,अभिभावक/पालक फोन नंबर,ମା' /ପିତାଙ୍କର  ବା  ଅଭିଭାବକଙ୍କ ଫୋନ୍ ନମ୍ବର,తల్లిదండ్రులు/సంరక్షకుడి ఫోన్ నంబర్,ಪೋಷಕ/ಪಾಲಕರ ದೂರವಾಣಿ ಸಂಖ್ಯೆ,பெற்றோர்/பாதுகாவலர் தொலைபேசி எண்,પેરન્ટ/ગાર્ડિયનનો ફોન નંબર,والدین/سرپرست کا فون نمبر,,
,,PROGRAM,Program,प्रोग्राम,कार्यक्रम,ପ୍ରୋଗ୍ରାମ୍,ప్రోగ్రామ్,ಕಾರ್ಯಕ್ರಮ,திட்டம்,કાર્યક્રમ,پروگرام,,
,,SUBMIT,Submit,सबमिट करा,प्रस्तुत करें,ସବମିଟ  କରନ୍ତୁ,సమర్పించు,ಸಲ್ಲಿಸಿ,சமர்ப்பி,સબમિટ કરો,جمع کروائیں۔,,
,,CONTINUE,Continue,सुरू ठेवा,जारी रखें,ଚାଲୁ ରଖନ୍ତୁ,కొనసాగించు,ಮುಂದುವರಿಸಿ,தொடரவும்,ચાલુ રાખો,جاری رکھیں,,
,,UNMARRIED,UNMARRIED,अविवाहित,अविवाहित,ଅବିବାହିତ,పెళ్లికాని,ಅವಿವಾಹಿತರು ,திருமணமாகாதவர்,અવિવાહિત,غیر شادی شدہ,,
,,MARRIED,MARRIED,विवाहित,विवाहित,ବିବାହିତ,పెళ్లైన,ವಿವಾಹಿತ,திருமணமானவர்,વિવાહિત,شادی شدہ,,
,,DIVORCED,DIVORCED,`घटस्फोट ,तलाकशुदा,ଛାଡ଼ପତ୍ର ପ୍ରାପ୍ତ,విడాకులు,ವಿಚ್ಛೇದಿತ,விவாகரத்து பெற்றவர்,તલાકશુદા,طلاق شدہ۔,,
,,WHAT_DO_YOU_WANT_TO_BECOME,What do you want to become?,तुम्हाला काय व्हायचे?,आप क्या बनना चाहते हैं?,ଆପଣ କ’ଣ ହେବାକୁ ଚାହାଁଛନ୍ତି?,మీరు ఏమి కావాలనుకుంటున్నారు?,ನೀವು ಏನಾಗಲು ಬಯಸುತ್ತೀರಿ?,உங்கள் எதிர்கால இலக்கு என்ன?,તમે શું બનવા માંગો છો?,آپ کیا بننا چاہتے ہیں؟,,
,,WHAT_IS_YOUR_PREFERRED_MODE_OF_LEARNING,What is your preferred mode of learning?,तुमची आवडती शिक्षण पद्धत काय आहे?,आपकी पसंदीदा सीखने की विधि क्या है?,ଆପଣ କେଉଁ ପ୍ରକାରରେ ଶିଖିବାକୁ ଅଧିକ ପସନ୍ଦ କରନ୍ତି?,మీరు ఇష్టపడే లెర్నింగ్ మోడ్ ఏమిటి?,ನಿಮಗೆ ಇಷ್ಟದ ಕಲಿಕೆ ಮೋಡ್ ಏನು?,உங்கள் விருப்பமான கற்றல் முறை என்ன?,તમારી પસંદગીની અભ્યાસ પદ્ધતિ શું છે?,سیکھنے کا آپ کا پسند یدہ طریقہ کیا ہے؟,,
,,REASON_FOR_DROP_OUT_FROM_SCHOOL,Reason for drop out from school,शाळा सोडण्याचे कारण,विद्यालय छोड़ने का कारण,ବିଦ୍ୟାଳୟ ଛାଡ଼ିବା ର କାରଣ,స్కూల్ నుండి డ్రాపౌట్ కారణం,ಶಾಲೆ ತೊರೆಯುವ ಕಾರಣ,பள்ளி இடைநிறுத்தத்தின் காரணம்,શાળા છોડવાની કારણ,سکول چھوڑنے کی وجہ,,
,,ARE_YOU_CURRENTLY_WORKING_IF_YES_CHOOSE_THE_DOMAIN,"Are you currently working? If yes, choose the domain","तुम्ही सध्या काम करत आहात का? जर होय, तर क्षेत्र निवडा","क्या आप वर्तमान में काम कर रहे हैं? यदि हाँ, तो डोमेन चुनें","ଆପଣ ବର୍ତ୍ତମାନ କାର୍ଯ୍ୟରତ ଅଛନ୍ତି କି? ଯଦି ହଁ, ତେବେ ଆପଣଙ୍କର କାର୍ଯ୍ୟ କ୍ଷେତ୍ର (ଡୋମେନ୍) ବାଛନ୍ତୁ।","మీరు ప్రస్తుతం పనిచేస్తున్నారా? అవును అయితే, డొమైన్‌ను ఎంచుకోండి","ನೀವು ಪ್ರಸ್ತುತ ಕೆಲಸ ಮಾಡುತ್ತಿದ್ದೀರಾ? ಹೌದಾದರೆ, ದಯವಿಟ್ಟು ನಿಮ್ಮ ಕೆಲಸದ ಕ್ಷೇತ್ರವನ್ನು ಆಯ್ಕೆಮಾಡಿ","நீங்கள் தற்போது வேலை செய்கிறீர்களா? ஆம் எனில், துறையைத் தேர்ந்தெடுக்கவும்",શું તમે હાલમાં કામ કરી રહ્યા છો? હા હોય તો ક્ષેત્ર પસંદ કરો,کیا آپ فی الحال کام کر رہے ہیں؟ اگر ہاں، تو ڈومین کا انتخاب کریں۔,,
,,TYPE_OF_PHONE_ACCESSIBLE,Type of Phone Accessible,उपलब्ध असलेल्या फोनचा प्रकार,उपलब्ध फ़ोन का प्रकार,ଆକ୍ସେସ୍ ଯୋଗ୍ୟ ଫୋନର ପ୍ରକାର,అందుబాటులో ఉన్న ఫోన్ రకం,ಲಭ್ಯವಿರುವ ಫೋನ್‌ನ ವಿಧ,அணுகக்கூடிய தொலைபேசி வகை,ઉપલબ્ધ ફોનનો  પ્રકાર,قابل رسائی فون کی قسم,,
,,FAMILY_MEMBER_DETAILS,Family Member Details,कुटुंबातील सदस्यांची माहिती,परिवार के सदस्य का विवरण,ପରିବାର ସଦସ୍ୟଙ୍କ ବିବରଣୀ,కుటుంబ సభ్యుల వివరాలు,ಕುಟುಂಬ ಸದಸ್ಯರ ವಿವರಗಳು,குடும்ப உறுப்பினர் விவரங்கள்,પરિવારના સભ્યની વિગતો,فیملی ممبر کی تفصیلات,,
,,family_member_details,Family Member Details,कुटुंबातील सदस्यांची माहिती,परिवार के सदस्य का विवरण,ପରିବାର ସଦସ୍ୟଙ୍କ ବିବରଣୀ,కుటుంబ సభ్యుల వివరాలు,ಕುಟುಂಬ ಸದಸ್ಯರ ವಿವರಗಳು,குடும்ப உறுப்பினர் விவரங்கள்,પરિવારના સભ્યની વિગતો,فیملی ممبر کی تفصیلات,,
,,SPOUSE_NAME,Spouse Name,पतीचे  नाव,पति/पत्नी का नाम,ଜୀବନସାଥୀଙ୍କ ନାମ,జీవిత భాగస్వామి పేరు,ಪತಿ/ಪತ್ನಿ  ಹೆಸರು,மனைவி/கணவர் பெயர்,જીવનસાથીનું નામ,شریک حیات کا نام,,
,,FATHER_NAME,Father Name,वडिलांचे नाव,पिता का नाम,ପିତାଙ୍କ ନାମ,తండ్రి పేరు,ತಂದೆಯ ಹೆಸರು,தந்தை பெயர்,પિતાનું નામ,والد کا نام,,
,,GUARDIAN_INFORMATION_NOTE,Guardian Information - This section should be filled up by a parent or guardian,पालकांची माहिती - हा विभाग पालक किंवा पालकाने भरावा.,अभिभावक संबंधी जानकारी - यह अनुभाग माता-पिता या अभिभावक द्वारा भरा जाना चाहिए।,ଅଭିଭାବକ ସୂଚନା - ଏହି ବିଭାଗଟି ଜଣେ ପିତାମାତା କିମ୍ବା ଅଭିଭାବକଙ୍କ ଦ୍ୱାରା ପୂରଣ କରାଯିବା ଉଚିତ।,సంరక్షకుని సమాచారం – ఈ విభాగాన్ని తల్లిదండ్రులు లేదా సంరక్షకుడు పూరించాలి,ಪೋಷಕರ ಮಾಹಿತಿ - ಈ ವಿಭಾಗವನ್ನು ಪೋಷಕರು ಅಥವಾ ಪೋಷಕರು ಭರ್ತಿ ಮಾಡಬೇಕು.,பாதுகாவலர் தகவல் - இந்தப் பகுதியை பெற்றோர் அல்லது பாதுகாவலர் நிரப்ப வேண்டும்.,વાલીની માહિતી - આ વિભાગ માતાપિતા અથવા વાલી દ્વારા ભરાશે. ,سرپرست کی معلومات - اس حصے کو والدین یا سرپرست کے ذریعہ پُر کیا جانا چاہئے۔,,
FORGOT_PASSWORD,,TITLE,Trouble with logging in?,लॉगिनमध्ये अडचण?,लॉगिन में परेशानी?,ଲଗିଙ୍ଗ ଇନ  ଅବ୍ୟବସ୍ଥା?,లాగిన్ చేయడంలో ఇబ్బంది ఉందా?,ಲಾಗಿನ್‌ನಲ್ಲಿ ಸಮಸ್ಯೆ?,உள்நுழைவதில் சிக்கலா?,લૉગિનમાં ખરાબી આવી?,لاگ ان کرنے میں پریشانی؟,,
FORGOT_PASSWORD,,SUBTITLE,"No worries, we’ll help you get back to your account","काळजी करू नका, आम्ही तुम्हाला तुमच्या खात्याकडे परत नेऊ","कोई चिंता नहीं, हम आपकी सहायता करेंगे","ଚିନ୍ତା କରନ୍ତୁ ନାହିଁ, ଆମେ ଆପଣଙ୍କୁ ଆପଣଙ୍କର ଖାତାକୁ ଫେରାଇବାକୁ ସାହାଯ୍ୟ କରିବୁ","చింతించకండి, మీ ఖాతాకు తిరిగి వెళ్లడానికి మేము మీకు సహాయం చేస్తాము","ಚಿಂತಿಸಬೇಡಿ, ನಾವು ನಿಮ್ಮಗೆ  ಸಹಾಯ ಮಾಡುತ್ತೇವೆ","கவலைப்பட வேண்டாம், உங்கள் கணக்கிற்கு மீண்டும் செல்ல உங்களுக்கு உதவுவோம்","ચિંતા ન કરો, અમે તમારી સહાયતા કરીશું",پریشان ہونے کی کوئی بات نہیں، ہم آپ کے اکاؤنٹ پر واپس جانے میں آپ کی مدد کریں گے۔,,
FORGOT_PASSWORD,,INPUT_LABEL,Enter username or phone number,युजर नाव  किंवा फोन नंबर प्रविष्ट करा,यूज़रनेम या फोन नंबर दर्ज करें,ୟୁଜର  ନାମ କିମ୍ବା ଫୋନ୍ ନମ୍ବର ଦିଅନ୍ତୁ,యూజర్‌నేమ్ లేదా ఫోన్ నంబర్‌ను నమోదు చేయండి,ಯೂಸರ್  ಹೆಸರು ಅಥವಾ ದೂರವಾಣಿ ಸಂಖ್ಯೆ ನಮೂದಿಸಿ,பயனர்பெயர் அல்லது தொலைபேசி எண்ணை உள்ளிடவும்,યુઝરનેમ  અથવા ફોન નંબર દાખલ કરો,صارف نام یا فون نمبر درج کریں۔,,
FORGOT_PASSWORD,,BUTTON,Next,पुढे,अगला,ଆଗକୁ,తదుపరి,ಮುಂದಕ್ಕೆ,அடுத்து,આગળ,اگلا,,
OTP_VERIFICATION,,MESSAGE,We’ve sent an OTP to verify your number {{maskedNumber}},आपल्या क्रमांक {{maskedNumber}} ची पडताळणी करण्यासाठी आम्ही एक OTP पाठविला आहे,हमने आपके नंबर {{maskedNumber}} की पुष्टि के लिए एक OTP भेजा है,ଆମେ ଆପଣଙ୍କର ନମ୍ବର {{maskedNumber}} ପରୀକ୍ଷା କରିବାକୁ ଏକ OTP ପଠାଇଛୁ,మీ నంబర్‌ను ధృవీకరించడానికి మేము ఒక OTPని {{maskedNumber}}కు పంపాము,ನಾವು ನಿಮ್ಮ ಸಂಖ್ಯೆ {{maskedNumber}} ಪರಿಶೀಲಿಸಲು OTP ಕಳುಹಿಸಿದ್ದೇವೆ,உங்கள் எண்ணை {{maskedNumber}} சரிபார்க்க OTP அனுப்பியுள்ளோம்,અમે તમારા નંબર {{maskedNumber}} ને ચકાસવા માટે OTP મોકલ્યો છે.,ہم نے آپ کے نمبر {{maskedNumber}} کی تصدیق کے لیے ایک OTP بھیجا ہے,,
OTP_VERIFICATION,,RESEND_TIMER,Resend OTP in {{timer}}s,{{timer}} सेकंदात पुन्हा OTP पाठवा,{{timer}} से में OTP पुनः भेजें,{{timer}} ସେକେଣ୍ଡରେ OTP ପୁନଃପଠାନ୍ତୁ,{{timer}} సెకన్లలో OTPని మళ్లీ పంపండి,{{timer}}  OTP ಮರುಕಳುಹಿಸಿ,{{timer}} வினாடிகளில் OTP-ஐ மீண்டும் அனுப்பவும்,{{timer}}s માં OTP ફરીથી મોકલો,OTP {{timer}}s کو دوبارہ بھیجیں۔,,
OTP_VERIFICATION,,RESEND,Resend OTP,पुन्हा पाठवा,पुनः भेजें,ପୁନଃ ପଠାନ୍ତୁ,OTPని మళ్లీ పంపండి,ಮರುಕಳುಹಿಸಿ,OTP-ஐ மீண்டும் அனுப்பவும்,OTP ફરીથી મોકલો,OTP دوبارہ بھیجیں۔,,
FORM,,FULL_NAME,Full Name,पूर्ण नाव,पूरा नाम,ସମ୍ପୂର୍ଣ୍ଣ ନାମ,పూర్తి పేరు,ಪೂರ್ಣ ಹೆಸರು,முழு பெயர்,પૂરું નામ ,پورا نام,,
FORM,,ENTER_FULL_NAME,Enter FUll Name,पूर्ण नाव प्रविष्ट करा,पूरा नाम दर्ज करें,ସମ୍ପୂର୍ଣ୍ଣ ନାମ ଦିଅନ୍ତୁ,పూర్తి పేరును నమోదు చేయండి,ಪೂರ್ಣ ಹೆಸರು ನಮೂದಿಸಿ,முழு பெயரை உள்ளிடவும்,પૂરું નામ દાખલ કરો,پورا نام درج کریں۔,,
FORM,,CONTACT_NUMBER,Contact Number,संपर्क क्रमांक,संपर्क नंबर,ସଂପର୍କ ନମ୍ବର,సంప్రదింపు నంబర్,ಸಂಪರ್ಕ ಸಂಖ್ಯೆ,தொடர்பு எண்,સંપર્ક નંબર,رابطہ نمبر,,
FORM,,ENTER_CONTACT_NUMBER,Enter Contact Number,संपर्क क्रमांक प्रविष्ट करा,संपर्क नंबर दर्ज करें,ସଂପର୍କ ନମ୍ବର ଦିଅନ୍ତୁ,సంప్రదింపు నంబర్‌ను నమోదు చేయండి,ಸಂಪರ್ಕ ಸಂಖ್ಯೆ ನಮೂದಿಸಿ,தொடர்பு எண்ணை உள்ளிடவும்,સંપર્ક નંબર દાખલ કરો,رابطہ نمبر درج کریں۔,,
FORM,,HOW_WAS_LEARNER_MOBILISED,How Was the Learner Mobilised?,विद्यार्थी कसा आणला गेला?,शिक्षार्थी को कैसे जुटाया गया?,ଶିକ୍ଷାର୍ଥୀଙ୍କୁ କିପରି ସଂଗଠିତ (ମୋବିଲାଇଜ୍) କରାଯାଇଥିଲା?,లెర్నర్ ఎలా మొబిలైజ్ చేయబడ్డాడు?,ಶಿಕ್ಷಾರ್ಥಿಯನ್ನು ಹೇಗೆ ಸಂಪರ್ಕಿಸಿದರು?,மாணவர் எவ்வாறு திரட்டப்பட்டார்?,શીખનારની ગતિવિધિ કેવી રીતે થઈ?,سیکھنے والے کو کیسے متحرک کیا گیا؟,,
FORM,,SECOND_CHANCE_ALUMNI,Second Chance Alumni,दुसरी संधी माजी विद्यार्थी,सेकेंड चांस पूर्व छात्र,ସେକେଣ୍ଡ ଚାନ୍ସ ର ଆଲୁମିନି ,సెకండ్ ఛాన్స్ అలుమ్నీ,ಸೆಕೆಂಡ್ ಚಾನ್ಸ್ ಪೂರ್ವ ವಿದ್ಯಾರ್ಥಿ,செகண்ட் சான்ஸ் முன்னாள் மாணவர்,સેકન્ડ ચાન્સ પૂર્વ વિદ્યાર્થી,سیکنڈ چانس سابق طالب علم,,
FORM,,PRATHAM_TEAM_MEMBER,Pratham Team Member,प्रथम टीम सदस्य,Pratham टीम सदस्य,ପ୍ରଥମ ଟିମ ମେମ୍ବର ,ప్రథమ్ టీమ్ సభ్యుడు,Pratham ತಂಡದ ಸದಸ್ಯ,பிரதம் குழு உறுப்பினர்,Pratham ટીમના  સભ્ય,پرتھم ٹیم ممبر,,
FORM,,OTHER,Other,इतर,अन्य,ଅନ୍ୟାନ୍ୟ,ఇతర,ಇತರೆ,மற்றவை,અન્ય,دیگر,,
FORM,,AGE,Age,वय,उम्र,ବୟସ,వయస్సు,ವಯಸ್ಸು,வயது,ઉમ્ર,عمر,,
FORM,,GENDER,Gender,लिंग,लिंग,ଲିଙ୍ଗ,లింగం,ಲಿಂಗ,பாலினம்,જાતિ,جنس,,
FORM,,MALE,Male,पुरुष,पुरुष,ପୁରୁଷ,పురుషుడు,ಪುರುಷ,ஆண்,પુરુષ,مرد,,
FORM,,FEMALE,Female,स्त्री,महिला,ସ୍ତ୍ରୀ,స్త్రీ,ಸ್ತ್ರೀ,பெண்,સ્ત્રી,خاتون,,
FORM,,LEARNERS_PRIMARY_WORK,Learner's Primary Work,विद्यार्थ्याचे प्राथमिक काम,शिक्षार्थी का प्राथमिक कार्य,ଶିକ୍ଷାର୍ଥୀର ପ୍ରାଥମିକ କାମ,లెర్నర్ యొక్క ప్రాథమిక పని,ಶಿಕ್ಷಾರ್ಥಿಯನ್ನು ಪ್ರಾಥಮಿಕ ಕೆಲಸ,கற்றவரின் முதன்மை வேலை,શીખનારનું પ્રાથમિક કાર્ય,لیرنیرس کا بنیادی کام,,
FORM,,ENROLLED_IN_EDUCATIONAL_INSTITUTE,Enrolled in educational institute,शैक्षणिक संस्थेत नावनोंद,शैक्षणिक संस्थान में नामांकित,ଶିକ୍ଷାନୁଷ୍ଠାନରେ ଭର୍ତ୍ତି ହୋଇଛନ୍ତି,విద్యా సంస్థలో చేరారు,ಶೈಕ್ಷಣಿಕ ಸಂಸ್ಥೆಯಲ್ಲಿ ದಾಖಲಿಸಿದರು,கல்வி நிறுவனத்தில் சேர்ந்தவர்,શૈક્ષણિક સંસ્થામાં પ્રવેશ,تعلیمی ادارے میں داخلہ لیا۔,,
FORM,,OWN_FARMING,Own farming,स्वतःची शेती,स्वयं खेती,ନିଜର କୃଷିକ୍ଷେତ୍ର ,సొంత వ్యవసాయం,ಸ್ವಂತ ಕೃಷಿ,சொந்த விவசாயம்,પોતાની ખેતી,اپنی کاشتکاری,,
FORM,,AGRICULTURAL_FARM_LABORER,Agricultural farm laborer,कृषी मजूर,कृषि मज़दूर,କୃଷି ଶ୍ରମିକ,వ్యవసాయ కూలీ,ಕೃಷಿ ಕಾರ್ಮಿಕ,விவசாய பண்ணை தொழிலாளி,કૃષિ ખેતમજૂર,زرعی کھیت مزدور,,
FORM,,NON_AGRICULTURAL_LABORER,Non-agricultural laborer,नॉन-कृषी मजूर,गैर-कृषि मज़दूर,ଅଣ କୃଷି ଶ୍ରମିକ,వ్యవసాయేతర కూలీ,ಕೃಷಿಯೇತರ ಕಾರ್ಮಿಕ,விவசாயமற்ற தொழிலாளி,બિન-કૃષિ ખેતમજૂર,غیر زرعی مزدور,,
FORM,,SALARIED_WORK,Salaried work,पगारधारक काम,वेतनभुक्‍त कार्य,ବେତନଧାରା କାମ,జీతం పని,ಸಂಬಳದ ಕೆಲಸ,ஊதிய வேலை,પગારદાર કામ,تنخواہ دار کام,,
FORM,,SELF_EMPLOYMENT,Self-employment,स्वरोजगार,स्व-रोज़गार,ସ୍ୱୟଂରୋଜଗାର,స్వయం ఉపాధి,ಸ್ವ ಉದ್ಯೋಗ,சுய வேலைவாய்ப்பு,સ્વ-રોજગાર,خود روزگار,,
FORM,,UNEMPLOYED,Unemployed,बेरोजगार,बेरोज़गार,ବେରୋଜଗାର,నిరుద్యోగి,ನಿರುದ್ಯೋಗಿ,வேலையில்லாதவர்,બેરોજગાર,بے روزگار,,
FORM,,INVOLVED_IN_DOMESTIC_WORK,Involved in domestic work,घरेलू कामात गुंतलेले,घरेलू कार्य में संलग्न,ଘରୋଇ କାମରେ ଜଡିତ,గృహ పనిలో పాల్గొన్నారు,ಮನೆಕೆಲಸದಲ್ಲಿ ತೊಡಗಿಸಿಕೊಂಡಿದ್ದಾರೆ,வீட்டு வேலையில் ஈடுபட்டவர்,ઘરકામમાં જોડાયેલ,گھریلو کاموں میں مشغول,,
FORM,,FATHER_NAME,Father’s Name,वडिलांचे नाव,पिता का नाम,ବାପାଙ୍କର ନାମ,తండ్రి పేరు,ತಂದೆಯ ಹೆಸರು,தந்தையின் பெயர்,પિતાનું નામ,والد کا نام,,
FORM,,ENTER_YOUR_FATHER_NAME,Enter Your Father Name,वडिलांचे नाव प्रविष्ट करा,पिता का नाम दर्ज करें,ବାପାଙ୍କର ନାମ ଦିଅନ୍ତୁ,మీ తండ్రి పేరును నమోదు చేయండి,ತಂದೆಯ ಹೆಸರು ನಮೂದಿಸಿ,உங்கள் தந்தையின் பெயரை உள்ளிடவும்,પિતાનું નામ દાખલ કરો,اپنے والد کا نام درج کریں۔,,
FORM,,CLASS_OR_LAST_PASSED_GRADE,Class (Last passed grade),इयत्ता (शेवटचा उत्तीर्ण वर्ग),कक्षा (अंतिम उत्तीर्ण कक्षा),ଶ୍ରେଣୀ (ଶେଷ ପାଠ୍ୟକ୍ରମ ପାସ୍),తరగతి (చివరి ఉత్తీర్ణ గ్రేడ్),ತರಗತಿ  (ಕೊನೆಯ ಉತ್ತೀರ್ಣ),வகுப்பு (கடைசியாக தேர்ச்சி பெற்ற வகுப்பு),ધોરણ (છેલ્લે પાસ થયેલી),کلاس (آخری پاس شدہ گریڈ),,
FORM,,NO_SCHOOLING,No Schooling,शाळा नाही,कोई schooling नहीं,ଶିକ୍ଷା ନାହିଁ,స్కూలింగ్ లేదు,ಶಾಲೆ ಇಲ್ಲ,பள்ளி பயிற்சி இல்லை,શાળાકીય શિક્ષણ નથી,کوئی سکولنگ نہیں۔,,
FORM,,REASON_FOR_DROPOUT_FROM_SCHOOL,Reason for Drop Out From School,शाळा सोडण्याचे कारण,विद्यालय छोड़ने का कारण,ବିଦ୍ୟାଳୟ ଛାଡ଼ିବା କାରଣ,స్కూల్ నుండి డ్రాపౌట్ కారణం,ಶಾಲೆಯನ್ನು ಬಿಡಲು ಕಾರಣ,பள்ளியிலிருந்து இடைநிற்றதற்கான காரணம்,શાળા છોડવાનું કારણ,سکول چھوڑنے کی وجہ,,
FORM,,SCHOOL_INACCESSIBLE,School inaccessible,शाळा उपलब्ध नाही,विद्यालय अनुपलब्ध,ବିଦ୍ୟାଳୟ ପ୍ରାପ୍ୟ ନୁହେଁ,స్కూల్ అందుబాటులో లేదు,ಶಾಲೆ ಲಭ್ಯವಿಲ್ಲ,பள்ளி அணுக முடியாதது,શાળા અપ્રાપ્ય,اسکول ناقابل رسائی,,
FORM,,FINANCIAL_CONSTRAINTS,Financial Constraints,आर्थिक अडचणी,आर्थिक बाधाएँ,ଆର୍ଥିକ ଅବରୋଧ,ఆర్థిక ఆటంకాలు,ಆರ್ಥಿಕ ತೊಂದರೆಗಳು ,நிதி நெருக்கடிகள்,નાણાકીય મર્યાદાઓ,مالی رکاوٹیں,,
FORM,,LACK_OF_INTEREST,Lack of Interest,स्वारस्याचा अभाव,रुचि की कमी,ରୁଚି ଅଭାବ,ఆసక్తి లేకపోవడం,ಆಸಕ್ತಿಯ ಕೊರತೆ,ஆர்வமின்மை,રુચીનો અભાવ,عدم دلچسپی ,,
FORM,,FAMILY_RESPONSIBILITIES,Family responsibilities,कौटुंबिक  जबाबदाऱ्या,पारिवारिक जिम्मेदारियाँ,ପରିବାରିକ ଦାୟିତ୍ୱ,కుటుంబ బాధ్యతలు,ಕುಟುಂಬದ ಹೊಣೆಗಾರಿಕೆಗಳು,குடும்பப் பொறுப்புகள்,પરિવારની જવાબદારીઓ,خاندانی ذمہ داریاں,,
FORM,,FAILED,Failed,अपयशी,असफल,ବିଫଳ,విఫలమైంది,ವಿಫಲವಾಗಿದೆ ,தோல்வியடைந்தது,ફેલ,ناکام,,
FORM,,ILLNESS,Illness,आजारीपणा,बीमारी,ରୋଗ,అనారోగ్యం,ಅನಾರೋಗ್ಯ ,உடல்நலக் குறைவு,બીમારી ,بیماری,,
FORM,,MARRIAGE,Marriage,विवाह,विवाह,ବିବାହ,వివాహం,ವಿವಾಹ,திருமணம்,વિવાહ,شادی,,
FORM,,MIGRATION,Migration,प्रवास,प्रवास,ପ୍ରବାସ,వలస,ವಲಸೆ,இடம்பெயர்வு,પ્રવાસ,ہجرت,,
FORM,,STARTED_VOCATIONAL_COURSE,Started vocational course,व्यावसायिक अभ्यासक्रम सुरू केला,व्यावसायिक पाठ्यक्रम शुरू किया,ବ୍ୟବସାୟିକ ପାଠ୍ୟକ୍ରମ ଆରମ୍ଭ,వృత్తి కోర్సు ప్రారంభించారు,ವೃತ್ತಿಪರ ಕೋರ್ಸ್ ಪ್ರಾರಂಭಿಸಲಾಗಿದೆ,தொழிற்கல்வி பயிற்சி தொடங்கியது,વ્યાવસાયિક કોર્સ શરૂ કર્યો,ووکیشنل کورس شروع کیا۔,,
FORM,,STARTED_A_JOB,Started a job,नोकरी सुरू केली,नौकरी शुरू की,ଉଦ୍ୟୋଗ ଆରମ୍ଭ,ఉద్యోగం ప్రారంభించారు,ಉದ್ಯೋಗ ಪ್ರಾರಂಭಿಸಲಾಗಿದೆ,வேலை தொடங்கியது,નોકરી શરૂ કરી,نوکری شروع کی۔,,
FORM,,SCHOOL_CLOSURE_DUE_TO_COVID,School closure due to covid,कोविडमुळे शाळा बंद,कोविड के कारण विद्यालय बंद,କୋଭିଡ୍ ଫଳରେ ବିଦ୍ୟାଳୟ ବନ୍ଦ,కోవిడ్ కారణంగా స్కూల్ మూసివేయబడింది,ಕೋವಿಡ್–19 ಕಾರಣ ಶಾಲೆ ಮುಚ್ಚಲಾಗಿದೆ,கோவிட் காரணமாக பள்ளி மூடல்,COVID-19 કારણે શાળા બંધ,کوویڈ کی وجہ سےا سکول بند,,
FORM,,MARITAL_STATUS,Marital Status,वैवाहिक स्थिती,वैवाहिक स्थिति,ବିବାହିତ ଅବସ୍ଥା,వైవాహిక స్థితి,ವೈವಾಹಿಕ ಸ್ಥಿತಿ,திருமண நிலை,વૈવાહિક સ્થિતિ,ازدواجی حیثیت,,
FORM,,UNMARRIED,Unmarried,अविवाहित,अविवाहित,ଅବିବାହିତ,పెళ్లికాని,ಅವಿವಾಹಿತೆ ,திருமணமாகாதவர்,અવિવાહિત,غیر شادی شدہ,,
FORM,,MARRIED,Married,विवाहित,विवाहित,ବିବାହିତ,పెళ్లైన,ವಿವಾಹಿತೆ ,திருமணமானவர்,વિવાહિત,شادی شدہ,,
FORM,,DIVORCED,Divorced,तलाकशुदा,तलाकशुदा,ଛାଡପତ୍ର ଘୋଷିତ ,విడాకులు,ವಿಚ್ಛೇದಿತರು,விவாகரத்து பெற்றவர்,છૂટાછેડા લીધેલા,طلاق شدہ۔,,
FORM,,PHONE_TYPE_AVAILABLE,Type of Phone Available,उपलब्ध फोनचा प्रकार,उपलब्ध फोन का प्रकार,ଉପଲବ୍ଧ ଫୋନ୍ ପ୍ରକାର,అందుబాటులో ఉన్న ఫోన్ రకం,ಲಭ್ಯವಿರುವ ಫೋನ್ ಪ್ರಕಾರ,கிடைக்கும் தொலைபேசி வகை,ઉપલબ્ધ ફોનનો પ્રકાર,دستیاب فون کی قسم,,
FORM,,SMARTPHONE,Smartphone,स्मार्टफोन,स्मार्टफोन,ସ୍ମାର୍ଟଫୋନ୍,స్మార్ట్‌ఫోన్,ಸ್ಮಾರ್ಟ್‌ಫೋನ್,ஸ்மார்ட்போன்,સ્માર્ટફોન,اسمارٹ فون,,
FORM,,KEYPAD,Keypad,कीपॅड फोन ,कीपैड,କିପ୍ୟାଡ୍,కీప్యాడ్,ಕೀಪ್ಯಾಡ್,கீபேட்,કીપેડ,کی پیڈ,,
FORM,,NO_PHONE,No Phone,फोन नाही,कोई फोन नहीं,ଫୋନ୍ ନାହିଁ,ఫోన్ లేదు,ಫೋನ್ ಇಲ್ಲ,தொலைபேசி இல்லை,ફોન નથી,کوئی فون نہیں۔,,
FORM,,IS_IT_YOUR_OWN_PHONE,Is it your own phone?,हा तुमचा स्वत:चा फोन आहे का?,क्या यह आपका खुद का फोन है?,ଏହା ଆପଣଙ୍କର ନିଜସ୍ୱ ଫୋନ୍ କି?,ఇది మీ సొంత ఫోనా?,ಇದು ನಿಮ್ಮದೇ ಫೋನ್ ಆಗಿದೆಯೇ?,இது உங்கள் சொந்த தொலைபேசியா?,શું આ તમારો ફોન છે?,کیا یہ آپ کا اپنا فون ہے؟,,
FORM,,YES,Yes,होय,हाँ,ହଁ,అవును,ಹೌದು,ஆம்,હા,جی ہاں,,
FORM,,NO,No,नाही,नहीं,ନାହିଁ,కాదు,ಇಲ್ಲ,இல்லை,ના,نہیں,,
FORM,,TYPE_OF_PHONE_AVAILABLE,Type of Phone Available,उपलब्ध फोनचा प्रकार,उपलब्ध फोन का प्रकार,ଉପଲବ୍ଧ ଫୋନ୍ ପ୍ରକାର,అందుబాటులో ఉన్న ఫోన్ రకం,ಲಭ್ಯವಿರುವ ಫೋನ್ ಪ್ರಕಾರ,கிடைக்கும் தொலைபேசி வகை,ફોનનો પ્રકાર ઉપલબ્ધ,دستیاب فون کی قسم,,
FORM,,REASON_FOR_DROP_OUT_FROM_SCHOOL,Reason for drop out from School,शाळा सोडण्याचे कारण,पढ़ाई छूट जाने का कारण,ବିଦ୍ୟାଳୟ ଛାଡ଼ିବା କାରଣ,స్కూల్ నుండి డ్రాపౌట్ కారణం,ಶಾಲೆ ಬಿಡಲು ಕಾರಣ,பள்ளியிலிருந்து இடைநிற்றதற்கான காரணம்,શાળા છોડયાનું  કારણ,سکول چھوڑنے کی وجہ,,
FORM,,EMAIL,Email,ईमेल,ईमेल,ଇମେଲ୍,ఈమెయిల్,ಈಮೈಲ್,மின்னஞ்சல்,ઈમેલ,ای میل,,
FORM,,YEAR_OF_JOINING_SCP,Year of joining SCP,SCP मध्ये सामील होण्याचे वर्ष,SCP में शामिल होने का वर्ष,SCP ରେ ଯୋଗ ଦେଉଥିବା ବର୍ଷ,SCPలో చేరిన సంవత్సరం,SCPಗೆ ಸೇರಿದ  ವರ್ಷ,SCP இல் சேர்ந்த ஆண்டு,SCPમાં જોડાવાનું વર્ષ,SCP میں شمولیت کا سال,,
FORM,,ASSIGN_CENTERS,Assign Centers,केंद्र नियुक्त करा,सेंटर असाइन करें,କେନ୍ଦ୍ର ଆସାଇନ  କରନ୍ତୁ,సెంటర్లను కేటాయించండి,ಸೆಂಟರ್ ಗಳನ್ನು  ನಿಯೋಜಿಸಿ,மையங்களை ஒதுக்கீடு செய்,સેન્ટર અસાઇન કરો ,مراکز تفویض کریں۔,,
FORM,,TYPE_OF_COHORT,Type of Center,समूहाचा प्रकार,सेंटर का प्रकार,କେନ୍ଦ୍ରର ପ୍ରକାର,సెంటర్ రకం,ಸೆಂಟರ್ ನ  ಪ್ರಕಾರ,மையத்தின் வகை,સેન્ટર નો પ્રકાર ,مرکز کی قسم,,
FORM,,UNIT_NAME,Unit Name,युनिटचे नाव,इकाई का नाम,ୟୁନିଟର  ନାମ,యూనిట్ పేరు,ಯೂನಿಟ್  ಹೆಸರು,அலகு பெயர்,યુનિટનું નામ ,یونٹ کا نام,,
FORM,,SUBJECTS_I_TEACH,Subject I Teach,मी शिकवणारे विषय,विषय जो मैं पढ़ाता/पढ़ाती हूँ,ମୁଁ ପଢ଼ାଉଥିବା ବିଷୟ,నేను బోధించే సబ్జెక్టులు,ನಾನು ಕಲಿಸುವ ವಿಷಯ,நான் கற்பிக்கும் பாடம்,હું જે વિષય શીખવું છું,مضمون میں پڑھاتا ہوں۔,,
FORM,,MY_MAIN_SUBJECTS,Main subjects,माझे मुख्य विषय,मुख्य विषय,ମୁଖ୍ୟ ବିଷୟ ଗୁଡିକ ,ప్రధాన సబ్జెక్టులు,ನನ್ನ ಮುಖ್ಯ ವಿಷಯಗಳು,முக்கிய பாடங்கள்,મારા મુખ્ય વિષયો,اہم مضامین,,
FORM,,NUMBER_OF_CLUSTERS_I_TEACH,Number of cluster,मी शिकवणाऱ्या क्लस्टरांची संख्या,क्लस्टर की संख्या,କ୍ଲଷ୍ଟର ସଂଖ୍ୟା ,నేను బోధించే క్లస్టర్ల సంఖ్య,ನಾನು ಕಲಿಸುವ ಗುಂಪುಗಳ ಸಂಖ್ಯೆ,நான் கற்பிக்கும் குழுக்களின் எண்ணிக்கை, ક્લસ્ટરોની સંખ્યા,کلسٹر کی تعداد,,
FORM,,DESIGNATION,Designation,पद,पदनाम,ପଦବୀ ,హోదా,ಹುದ್ದೆ,பதவி,હોદ્દો,عہدہ,,
FORM,,REGULAR,Regular,नियमित,नियमित,ନିୟମିତ,రెగ్యులర్,ರೆಗ್ಯುಲರ್ ,ரெகுலர்,નિયમિત,ریگولر ,,
FORM,,REMOTE,Remote,दूरस्थ,दूरस्थ,ରିମୋଟ ,రిమోట్,ರಿಮೋಟ್ ,ரிமோட்,દૂરથી,ریموٹ,,
FORM,,NOTE_THIS_WILL_BE_CENTER_NAME,Note : This will be center name,टीप: हे केंद्राचे नाव असेल,नोट: यह सेंटर का नाम होगा,ନୋଟ୍: ଏହା ସେଣ୍ଟରର  ନାମ ହେବ,గమనిక: ఇది సెంటర్ పేరుగా ఉంటుంది,ಟಿಪ್ಪಣಿ: ಇದು ಕೇಂದ್ರದ ಹೆಸರು ಆಗುತ್ತದೆ,குறிப்பு: இது மையத்தின் பெயராக இருக்கும்,નોંધ: આ સેન્ટરનું નામ હશે,نوٹ: یہ مرکز کا نام ہوگا۔,,
FORM,,STATE,State,राज्य,राज्य,ରାଜ୍ୟ,రాష్ట్రం,ರಾಜ್ಯ,மாநிலம்,રાજ્ય,ریاست,,
FORM,,DISTRICT,District,जिल्हा,ज़िला,ଜିଲ୍ଲା,జిల్లా,ಜಿಲ್ಲೆ,மாவட்டம்,જિલ્લો,ضلع,,
FORM,,BLOCK,Block,ब्लॉक,ब्लॉक,ବ୍ଲକ୍,బ్లాక్,ಬ್ಲಾಕ್,வட்டம்,બ્લોક,بلاک,,
FORM,,ACTION,Actions,क्रिया,क्रियाएँ,କାର୍ଯ୍ୟ,చర్యలు,ಕ್ರಿಯೆಗಳು,நடவடிக்கைகள்,ક્રિયાઓ,اعمال,,
FORM,,STATUS,Status,स्थिती,स्थिति,ସ୍ଥିତି,స్థితి,ಸ್ಥಿತಿ,நிலை,સ્થિતિ,سٹیٹس ,,
FORM,,NAME,Name,नाव,नाम,ନାମ,పేరు,ಹೆಸರು,பெயர்,નામ,نام,,
FORM,,MOBILE_NUMBER,Mobile Number,मोबाईल नंबर,मोबाइल नंबर,ମୋବାଇଲ୍ ନମ୍ବର,మొబైల్ నంబర్,ಮೊಬೈಲ್ ಸಂಖ್ಯೆ,கைபேசி எண்,મોબાઇલ નંબર,موبائل نمبر,,
FORM,,CENTER,Center,केंद्र,केंद्र,କେନ୍ଦ୍ର,సెంటర్,ಕೇಂದ್ರ,மையம்,સેન્ટર ,مرکز,,
FORM,,BATCH,Batch,बॅच,बैच,ଦଳ,బ్యాచ్,ಬ್ಯಾಚ್,பேட்ச்,બેચ,بیچ,,
FORM,,ENGLISH,English,इंग्रजी,अंग्रेज़ी,ଇଂରାଜୀ,ఆంగ్లం,ಇಂಗ್ಲಿಷ್,ஆங்கிலம்,ઇંગ્લિશ,انگریزی,,
FORM,,HOME_SCIENCE,Home Science,गृहशास्त्र,होम साइंस,ଗୃହ ବିଜ୍ଞାନ,గృహ విజ్ఞానం,ಹೋಂ ಸಯನ್ಸ್,ஹோம் சயின்ஸ்,હોમ સાયન્સ,ہوم سائنس,,
FORM,,MATH,Math,गणित,गणित,ଗଣିତ,గణితం,ಗಣಿತ,கணிதம்,ગણિત,ریاضی,,
FORM,,LANGUAGE,Language,भाषा,भाषा,ଭାଷା,భాష,ಭಾಷೆ,மொழி,ભાષા,زبان,,
FORM,,SCIENCE,Science,विज्ञान,विज्ञान,ବିଜ୍ଞାନ,విజ్ఞానం,ವಿಜ್ಞಾನ,அறிவியல்,વિજ્ઞાન,سائنس,,
FORM,,SOCIAL_SCIENCE,Social Science,सामाजिक शास्त्र,सामाजिक विज्ञान,ସାମାଜିକ ବିଜ୍ଞାନ,సామాజిక శాస్త్రం,ಸಮಾಜ ವಿಜ್ಞಾನ,சமூக அறிவியல்,સામાજિક વિજ્ઞાન,سوشل سائنس,,
FORM,,LIFE_SKILLS,Life Skills,जीवन कौशल्ये,लाइफ स्किल्स,ଜୀବନ କୌଶଳ,జీవన నైపుణ్యాలు,ಜೀವನ ಕೌಶಲ್ಯಗಳು,வாழ்க்கை திறன்கள்,લાઇફ સ્કિલ્સ,زندگی کی مہارتیں,,
FORM,,BOARD,Board,बोर्ड,बोर्ड,ବୋର୍ଡ,బోర్డు,ಬೋರ್ಡ್,கல்வி வாரியம்,બોર્ડ,بورڈ,,
FORM,,MEDIUM,Medium,माध्यम,माध्यम,ମାଧ୍ୟମ,మాధ్యమం,ಮಾಧ್ಯಮ,பயிற்று மொழி,મીડીયમ,ذریعہ تعلیم,,
FORM,,GRADE,Grade,इयत्ता,कक्षा,ଶ୍ରେଣୀ,గ్రేడ్,ಗ್ರೇಡ್ ,வகுப்பு,કક્ષા,گریڈ,,
FORM,,USERNAME,Username,वापरकर्तानाव,यूज़रनेम,ୟୁଜରଙ୍କ ନାମ ,యూజర్‌నేమ్,ಯೂಸರ್  ಹೆಸರು,பயனர்பெயர்,યુઝર્નેમ,صارف کا نام,,
FORM,,DESCRIPTION,Description,वर्णन,विवरण,ବର୍ଣ୍ଣନା,వివరణ,ವಿವರಣೆ,விளக்கம்,વર્ણન,تفصیل,,
FORM,,PROGRAM_NAME,Program Name,प्रोग्रामचे नाव,कार्यक्रम का नाम,ପ୍ରୋଗ୍ରାମର ନାମ,ప్రోగ్రామ్ పేరు,ಕಾರ್ಯಕ್ರಮದ ಹೆಸರು,திட்டத்தின் பெயர்,પ્રોગ્રામનું નામ ,پروگرام کا نام,,
FORM,,PROGRAM_DESCRIPTION,Program Description,प्रोग्रामचे वर्णन,कार्यक्रम का विवरण,ପ୍ରୋଗ୍ରାମ ବର୍ଣ୍ଣନା,ప్రోగ్రామ్ వివరణ,ಕಾರ್ಯಕ್ರಮ ವಿವರ,திட்ட விளக்கம்,પ્રોગ્રામનું વર્ણન,پروگرام کی تفصیل,,
FORM,,PROGRAM_TYPE,Program Type,प्रोग्रामचा प्रकार,कार्यक्रम का प्रकार,ପ୍ରୋଗ୍ରାମର ପ୍ରକାର,ప్రోగ్రామ్ రకం,ಕಾರ್ಯಕ್ರಮದ ಪ್ರಕಾರ,திட்ட வகை,પ્રોગ્રામ પ્રકાર,پروگرام کی قسم,,
FORM,,PROGRAM_HEAD_NAME,Program Head Name,प्रोग्राम प्रमुखाचे नाव,कार्यक्रम प्रमुख का नाम,ପ୍ରୋଗ୍ରାମ ମୁଖ୍ୟ ନାମ,ప్రోగ్రామ్ హెడ్ పేరు,ಕಾರ್ಯಕ್ರಮ ಮುಖ್ಯಸ್ಥರ ಹೆಸರು,திட்டத் தலைவர் பெயர்,પ્રોગ્રામ હેડનું  નામ,پروگرام کے سربراہ کا نام,,
FORM,,PROGRAM_IMAGE,Program Image,प्रोग्राम प्रतिमा,कार्यक्रम छवि,ପ୍ରୋଗ୍ରାମ ଚିତ୍ର,ప్రోగ్రామ్ చిత్రం,ಕಾರ್ಯಕ್ರಮದ ಚಿತ್ರ,திட்டப் படம்,પ્રોગ્રામ ઇમેજ ,پروگرام کی تصویر,,
FORM,,PREFERRED_LANGUAGE,Preferred Language,आवडती भाषा,पसंदीदा भाषा,ପସନ୍ଦ କରାଯାଇଥିବା ଭାଷା,ప్రాధాన్య భాష,ಆಸಕ್ತ ಭಾಷೆ,விருப்பமான மொழி,પસંદગીની ભાષા,ترجیحی زبان,,
FORM,,FIRST_NAME,First Name,पहिले नाव,प्रथम नाम,ପ୍ରଥମ ନାମ,మొదటి పేరు,ಮೊದಲ ಹೆಸರು,முதல் பெயர்,પ્રથમ નામ,پہلا نام,,
FORM,,MIDDLE_NAME_OR_FATHER_NAME,Middle Name or Father Name,मधले नाव किंवा वडिलांचे नाव,मध्य नाम या पिता का नाम,ମଧ୍ୟ ନାମ କିମ୍ବା ପିତାଙ୍କର ନାମ,మధ్య పేరు లేదా తండ్రి పేరు,ಮಧ್ಯದ ಹೆಸರು ಅಥವಾ ತಂದೆಯ ಹೆಸರು,இடைப்பெயர் அல்லது தந்தை பெயர்,મધ્ય નામ અથવા પિતાનું નામ,درمیانی نام یا والد کا نام,,
FORM,,LAST_NAME,Last Name,आडनाव,अंतिम नाम,ଶେଷ ନାମ,చివరి పేరు,ಕೊನೆಯ ಹೆಸರು,கடைசி பெயர்,છેલ્લું નામ,آخری نام,,
FORM,,MOTHER_NAME,Mother Name,आईचे नाव,मां का नाम,ମାଆଙ୍କ ନାମ,తల్లి పేరు,ತಾಯಿಯ ಹೆಸರು,தாயின் பெயர்,માતાનું નામ,ماں کا نام,,
FORM,,DATE_OF_BIRTH,Date of Birth,जन्म तारीख,जन्म तिथि,ଜନ୍ମତାରିଖ,పుట్టిన తేదీ,ಜನ್ಮ ದಿನಾಂಕ,பிறந்த தேதி,જન્મ તારીખ,تاریخ پیدائش,,
FORM,,NAME_OF_GUARDIAN,Name of Guardian,पालकाचे नाव,अभिभावक का नाम,ଅଭିବାବକଙ୍କ  ନାମ,సంరక్షకుడి పేరు,ಪಾಲಕರ ಹೆಸರು,பாதுகாவலர் பெயர்,વાલીનું નામ,سرپرست کا نام,,
FORM,,RELATION_WITH_GUARDIAN,Relation with Guardian,पालकासोबतचा संबंध,अभिभावक के साथ संबंध,ଅଭିବାବଙ୍କ ସହିତ ସମ୍ପର୍କ,సంరక్షకుడితో సంబంధం,ಪಾಲಕರೊಂದಿಗಿನ  ಸಂಬಂಧ,பாதுகாவலருடனான உறவு,વાલી સાથેનો સંબંધ,سرپرست کے ساتھ تعلق,,
FORM,,PHONE_NUMBER,Phone Number,दूरध्वनी क्रमांक,फोन नंबर,ମୋବାଇଲ୍ ନମ୍ବର,ఫోన్ నంబర్,ದೂರವಾಣಿ ಸಂಖ್ಯೆ,தொலைபேசி எண்,ફોન નંબર,فون نمبر,,
FORM,,DOES_THIS_PHONE_BELONG_TO_YOU,Does This Phone Belong to You?,हा फोन तुमचाच आहे का?,क्या यह फोन आपका है?,ଏହି ଫୋନ୍ ଆପଣଙ୍କର କି?,ఈ ఫోన్ మీ సొంతమా?,ಈ ಫೋನ್ ನಿಮ್ಮದೇ?,இந்த தொலைபேசி உங்களுடையதா?,શું આ તમારો ફોન છે?,کیا یہ فون آپ کا ہے؟,,
FORM,,HIGHEST_EDCATIONAL_QUALIFICATION_OR_LAST_PASSED_GRADE,Highest Educational Qualification or Last Passed Grade,सर्वोच्च शैक्षणिक पात्रता किंवा शेवटचा उत्तीर्ण वर्ग,उच्चतम शैक्षणिक योग्यता या अंतिम उत्तीर्ण कक्षा,ଉଚ୍ଚତମ ଶିକ୍ଷା ଯୋଗ୍ୟତା କିମ୍ବା ଶେଷ ପାସ୍ ଶ୍ରେଣୀ,అత్యధిక విద్యార్హత లేదా చివరి ఉత్తీర్ణ గ్రేడ్,ಅತ್ಯುನ್ನತ  ಅರ್ಹತೆ ಅಥವಾ ಕೊನೆಯದಾಗಿ ಉತ್ತೀರ್ಣರಾದ ತರಗತಿ,அதிகபட்ச கல்வித் தகுதி அல்லது கடைசியாக தேர்ச்சி பெற்ற வகுப்பு,ઉચ્ચતમ શૈક્ષણિક લાયકાત અથવા છેલ્લો પાસ ગ્રેડ,اعلیٰ ترین تعلیمی قابلیت یا آخری پاس شدہ گریڈ,,
FORM,,WHAT_IS_YOUR_PREFERRED_MODE_OF_LEARNING,What is Your Preferred Mode of Learning?,तुमची आवडती शिक्षण पद्धत काय आहे?,आपकी पसंदीदा सीखने की विधि क्या है?,ଆପଣଙ୍କର ପସନ୍ଦର ଶିଖିବାର ପଦ୍ଧତି କ'ଣ?,మీరు ఇష్టపడే లెర్నింగ్ మోడ్ ఏమిటి?,ನಿಮಗೆ ಇಷ್ಟದ ಕಲಿಕೆ ವಿಧಾನ ಯಾವುದು?,உங்கள் விருப்பமான கற்றல் முறை என்ன?,તમારું પસંદ કરેલું શૈક્ષણિક મીડીયમ શું છે?,سیکھنے کا آپ کا پسند یدہ طریقہ کیا ہے؟,,
FORM,,ARE_YOU_CURRENTLY_WORKING_IF_YES_CHOOSE_THE_DOMAIN,"Are You Currently Working? If Yes, Choose the Domain",तुम्ही सध्या काम करत आहात का? होय असल्यास क्षेत्र निवडा.,"क्या आप वर्तमान में काम कर रहे हैं? यदि हाँ, तो डोमेन चुनें","ଆପଣ ବର୍ତ୍ତମାନ କାମ କରୁଛନ୍ତି କି? ହଁ ହେଲେ, ଡୋମିନ ଚୟନ  କରନ୍ତୁ","మీరు ప్రస్తుతం పనిచేస్తున్నారా? అవును అయితే, డొమైన్‌ను ఎంచుకోండి",ನೀವು ಪ್ರಸ್ತುತ ಕೆಲಸ ಮಾಡುತ್ತಿದ್ದೀರಾ? ಹೌದಾದರೆ ಕ್ಷೇತ್ರವನ್ನು ಆರಿಸಿ,"நீங்கள் தற்போது வேலை செய்கிறீர்களா? ஆம் எனில், துறையைத் தேர்ந்தெடுக்கவும்",શું તમે હાલમાં કામ કરી રહ્યા છો? હા હોય તો ક્ષેત્ર પસંદ કરો,کیا آپ فی الحال کام کر رہے ہیں؟ اگر ہاں، تو ڈومین کا انتخاب کریں۔,,
FORM,,HAVE_YOU_RECEIVE_ANY_PRIOR_TRAINING,Have You Received Any Prior Training?,तुम्ही पूर्वी कोणतीही प्रशिक्षण घेतली आहे का?,क्या आपने पहले कोई प्रशिक्षण प्राप्त किया है?,ଆପଣ ପୂର୍ବରୁ କୌଣସି ପ୍ରଶିକ୍ଷଣ ପାଇଛନ୍ତି କି?,మీరు గతంలో ఏదైనా శిక్షణ పొందారా?,ನೀವು ಹಿಂದೆಯೇ ಯಾವುದೇ ತರಬೇತಿ ಪಡೆದಿದ್ದೀರಾ?,நீங்கள் ஏதேனும் முந்தைய பயிற்சி பெற்றிருக்கிறீர்களா?,શું તમે અગાઉ કોઈ તાલીમ મેળવી છે?,کیا آپ نے کوئی پیشگی تربیت حاصل کی ہے؟,,
FORM,,WHAT_DO_YOU_WANT_TO_BECOME,What do you want to become?,तुम्हाला काय व्हायचे?,आप क्या बनना चाहते हैं?,ଆପଣ କ’ଣ ହେବାକୁ ଚାହାଁଛନ୍ତି?,మీరు ఏమి కావాలనుకుంటున్నారు?,ನೀವು ಏನಾಗಲು ಬಯಸುತ್ತೀರಿ?,உங்கள் எதிர்கால இலக்கு என்ன?,તમે શું બનવા માંગો છો?,آپ کیا بننا چاہتے ہیں؟,,
FORM,,EDUCATIONAL_INSTITUTE,Educational Institute,शैक्षणिक संस्था,शैक्षणिक संस्थान,ଶିକ୍ଷାନୁଷ୍ଠାନ,విద్యా సంస్థ,ಶೈಕ್ಷಣಿಕ ಸಂಸ್ಥೆ,கல்வி நிறுவனம்,શૈક્ષણિક સંસ્થા,تعلیمی ادارہ,,
FORM,,UNEMPLOYED_OR_DOMESTIC_WORK,Unemployed or Domestic Work,बेरोजगार किंवा घरगुती काम,बेरोज़गार या घरेलू कार्य,ବେରୋଜଗାର କିମ୍ବା ଘରୋଇ କାମ,నిరుద్యోగి లేదా గృహ పని,ನಿರುದ್ಯೋಗಿ / ಗೃಹಕಾರ್ಯ,வேலையில்லாதவர் அல்லது வீட்டு வேலை,બેરોજગાર અથવા ગૃહ-કાર્ય,بے روزگار یا گھریلو کام,,
FORM,,SELF_PLACED,Self Placed,स्वतः नियुक्त,स्वयं नियुक्त,ନିଜ ପ୍ରୟାସରେ ନିଯୁକ୍ତ ହୋଇଛନ୍ତି,స్వయం నియమితం,ಸ್ವಯಂ ಉದ್ಯೋಗಿ ,சுயமாக பணியமர்த்தப்பட்டவர்,આત્મસ્થિત,سیلف پلیسڈ,,
FORM,,TRANSGENDER,Transgender ,ट्रान्सजेंडर,ट्रांसजेंडर,ଟ୍ରାନ୍ସଜେଣ୍ଡର,ట్రాన్స్‌జెండర్,ಟ್ರಾನ್ಸ್  ಜೆಂಡರ್,மற்றவை,ટ્રાન્સજેન્ડર,مقنناس,,
FORM,,HINDI,हिंदी,हिंदी,हिंदी,ହିନ୍ଦୀ,హిందీ,ಹಿಂದಿ,இந்தி,હિન્દી,ہندی,,
FORM,,MARATHI,मराठी,मराठी,मराठी,ମରାଠୀ,మరాఠీ,ಮರಾಠಿ,மராத்தி,મરાઠી,مراٹھی,,
FORM,,URDU,اردو,उर्दू,उर्दू,ଉର୍ଦ୍ଦୁ,ఉర్దూ,ಉರ್ದು,உருது,ઉર્દૂ,اردو,,
FORM,,DIVORCED/WIDOW,Divorced/Widow,घटस्फोट /विधवा,तलाकशुदा/विधवा,ଛାଡପତ୍ର /ବିଧୱା,విడాకులు/వితంతువు,ವಿಚ್ಛೇದಿತೆ / ವಿಧವೆ,விவாகரத்து/விதவை,ત્યક્તા/વિધવા,طلاق یافتہ/ بیوہ,,
FORM,,GRADUATE,Graduate,स्नातक,स्नातक,ସ୍ନାତକ ,గ్రాడ్యుయేట్,ಸ್ನಾತಕ ,பட்டதாரி,સ્નાતક,گریجویٹ,,
FORM,,POST_GRADUATE,Post Graduate,स्नातकोत्तर,स्नातकोत्तर,ସ୍ନାତକୋତ୍ତର,పోస్ట్ గ్రాడ్యుయేట్,ಸ್ನಾತಕೋತ್ತರ ,முதுகலை பட்டதாரி,અનુસ્નાતક,پوسٹ گریجویٹ,,
FORM,,AVAILABLE_SUGGESTIONS,Available suggestions:,उपलब्ध सूचना:,उपलब्ध सुझाव:,ଉପଲବ୍ଧ ପରାମର୍ଶଗୁଡ଼ିକ:,అందుబాటులో ఉన్న సూచనలు:,ಲಭ್ಯವಿರುವ ಸಲಹೆಗಳು:,கிடைக்கும் பரிந்துரைகள்:,ઉપલબ્ધ સૂચનો:,دستیاب تجاویز:,,
FORM,,USERNAME_ALREADY_EXIST,This username already exists,हे वापरकर्तानाव आधीच अस्तित्वात आहे,यह यूज़रनेम पहले से मौजूद है,ଏହି ୟୁଜରଙ୍କ  ନାମ ପୂର୍ବରୁ ଅଛି,ఈ యూజర్‌నేమ్ ఇప్పటికే ఉంది,ಈ ಬಳಕೆದಾರ ಹೆಸರು ಈಗಾಗಲೇ ಇದೆ,இந்த பயனர்பெயர் ஏற்கனவே உள்ளது,આ યુઝર્નેમ પહેલેથી હાજર છે,صارف نام پہلے سے موجود ہے۔,,
FORM,,DO_YOU_WANT_TO_DELETE,Do you want to delete user from center?,तुम्हाला केंद्रातून वापरकर्त्याला हटवायचे आहे का?,क्या आप केंद्र से उपयोगकर्ता हटाना चाहते हैं?,କେନ୍ଦ୍ରରୁ ଏହି ୟୁଜରଙ୍କୁ  ବିଲୋପ କରିବାକୁ ଚାହାଁନ୍ତି କି?,మీరు యూజర్‌ను సెంటర్ నుండి తొలగించాలనుకుంటున్నారా?,ನೀವು ಕೇಂದ್ರದಿಂದ ಬಳಕೆದಾರರನ್ನು ಅಳಿಸಲು ಬಯಸುತ್ತೀರಾ?,நீங்கள் பயனரை மையத்திலிருந்து நீக்க விரும்புகிறீர்களா?,શું તમે સેન્ટરમાથી વપરાશકર્તા ડિલીટ કરવા માંગો છો?,کیا آپ صارف کو سنٹر سے حذف کرنا چاہتے ہیں؟,,
FORM,,TEST_BELONG_TO,test belongs to below center,चाचणी खालील केंद्राशी संबंधित आहे,परीक्षण निम्नलिखित केंद्र से संबंधित है,ପରୀକ୍ଷା ନିମ୍ନଲିଖିତ କେନ୍ଦ୍ର ସହିତ ସଂପର୍କିତ,టెస్ట్ క్రింది సెంటర్‌కు చెందినది,ಪರೀಕ್ಷೆ ಕೆಳಗಿನ ಕೇಂದ್ರಕ್ಕೆ ಸೇರಿದೆ,சோதனை கீழே உள்ள மையத்திற்கு சொந்தமானது,પરીક્ષણ નીચેના કેન્દ્ર સાથે સંકળાયેલ છે,ٹیسٹ نیچے کے مرکز سے تعلق رکھتا ہے۔,,
FORM,,UNIT_CODE,Unit Code,युनिट कोड,इकाई कोड,ୟୁନିକ  କୋଡ୍,యూనిట్ కోడ్,ಯೂನಿಟ್  ಸಂಕೇತ,அலகு குறியீடு,યુનિટ કોડ,یونٹ کوڈ,,
FORM,,ENROLLMENT_NUMBER,Enrollment Number,नोंदणी क्रमांक,नामांकन संख्या,ଭର୍ତ୍ତି ସଂଖ୍ୟା,సంప్రదింపు సంఖ్య,ದಾಖಲಾತಿ ಸಂಖ್ಯೆ,பதிவு எண்,નોંધણી નંબર,اندراج نمبر,,
FORM,,BLOCK_NAME,Block Name,ब्लॉकचे नाव,ब्लॉक का नाम,ବ୍ଲକ୍ ନାମ,బ్లాక్ పేరు,ಬ್ಲಾಕ್ ಹೆಸರು,வட்டத்தின் பெயர்,બ્લોકનું નામ,بلاک کا نام,,
FORM,,STUDENT_TYPE,Type of Learner,विद्यार्थी प्रकार,शिक्षार्थी का प्रकार,ଛାତ୍ର ପ୍ରକାର,విద్యార్థి రకం,ಕಲಿಕಾರ್ತಿ ಪ್ರಕಾರ,மாணவர் வகை,લર્નરનો પ્રકાર,طلبا کے اقسام,,
FORM,,STATE_NAME,State Name,राज्याचे नाव,राज्य का नाम,ରାଜ୍ୟ ନାମ,రాష్ట్రం పేరు,ರಾಜ್ಯದ ಹೆಸರು,மாநிலத்தின் பெயர்,રાજ્યનું નામ,ریاست کا نام,,
FORM,,SUPPORT_NEEDED,Support needed,मदत आवश्यक,सहायता चाहिए,ସହାୟତା ଆବଶ୍ୟକ,అవసరమైన సహాయం,ಬೆಂಬಲ ಬೇಕು,தேவையான ஆதரவு,સહાય જરૂરી,مدد کی ضرورت ہے۔,,
FORM,,CLASS,Class (Last passed grade),इयत्ता (शेवटचा उत्तीर्ण),कक्षा (अंतिम उत्तीर्ण कक्षा),ଶ୍ରେଣୀ (ଶେଷ ପାସ୍),తరగతి (చివరిగా ఉత్తీర్ణత పొందిన తరగతి),ಗ್ರೇಡ್  (ಕೊನೆಯ ಉತ್ತೀರ್ಣ),வகுப்பு (கடைசியாக தேர்ச்சி பெற்ற வகுப்பு ),કક્ષા (છેલ્લે પાસ થયેલી),کلاس (آخری پاس شدہ گریڈ),,
FORM,,PRIMARY_WORK,Learner's Primary Work,विद्यार्थ्याचे प्राथमिक काम,शिक्षार्थी का प्राथमिक कार्य,ଛାତ୍ରର ପ୍ରାଥମିକ କାମ,విద్యార్థి ప్రధాన వృత్తి,ವಿದ್ಯಾರ್ಥಿಯ ಮುಖ್ಯ ಕೆಲಸ,கற்றவரின் முதன்மை வேலை,લર્નરનું મુખ્ય કામ,طلبا کا بنیادی کام,,
FORM,,MOBILISATION_METHOD,How Was the Learner Mobilized?,विद्यार्थी एकत्र आणण्याची पद्धत,शिक्षार्थी को जुटाने का तरीका,ଛାତ୍ର ଆଣିବା ପ୍ରଣାଳୀ,విద్యార్థిని ఎలా సమీకరించారు?,ವಿದ್ಯಾರ್ಥಿಯ ಸೇರಿಸುವ ವಿಧಾನ,மாணவர் எவ்வாறு திரட்டப்பட்டார்?,લર્નરને કેવી રીતે મોબિલાઇઝ કરવામાં આવ્યા? ,طلبا کو کیسے متحرک کیا گیا؟,,
FORM,,MONTH_MOBILISATION,Month of Mobilisation,एकत्र आणणारा महिना,मोबिलाइजेशन का महीना,ଛାତ୍ର ଆଣିବା ମାସ,సమీకరణ జరిగిన నెల,ವಿದ್ಯಾರ್ಥಿಯ ಸೇರಿಸುವ ತಿಂಗಳು,திரட்டப்பட்ட மாதம்,મોબિલિઝેશનનો મહિનો,متحرک ہونے کا مہینہ,,
FORM,,DROP_OUT_REASON,Reason for Drop Out From School,शाळा सोडण्याचे कारण,पढाई छोट जाने के कारण,ବିଦ୍ୟାଳୟ ଛାଡ଼ିବା ର କାରଣ,పాఠశాల నుండి మానేయడానికి కారణం,ಶಾಲೆ ಬಿಡಲು ಕಾರಣ,பள்ளியிலிருந்து இடைநிற்றதற்கான காரணம்,શાળા છોડયાનું કારણ,اسکول چھوڑنے کی وجہ,,
FORM,,UNEMPLOYED_HOUSEWIFE_DOMESTIC_WORK,"Unemployed, Housewife or Domestic Work","बेरोजगार, गृहिणी किंवा घरगुती काम","बेरोजगार, गृहिणी या घरेलू कामगार","ବେକାର, ଗୃହିଣୀ କିମ୍ବା ଘରୋଇ କାମ","నిరుద్యోగం, గృహిణి లేదా గృహపనులు","ನಿರುದ್ಯೋಗಿ, ಗೃಹಿಣಿ ಅಥವಾ ಮನೆಕೆಲಸ","வேலையில்லாதவர், இல்லத்தரசி அல்லது வீட்டு வேலை","બેરોજગાર, ગૃહિણી અથવા ઘરકામ",بے روزگار، گھریلو خاتون یا گھریلو کام,,
FORM,,SELF_EMPLOYMENT_OWN_BUSINESS_SHOP,"Self Employment, Own Business or Shop","स्वयंरोजगार, स्वतःचा व्यवसाय किंवा दुकान","स्वरोजगार, अपना व्यवसाय या दुकान","ଆତ୍ମନିଯୁକ୍ତି, ନିଜସ୍ୱ ବ୍ୟବସାୟ କିମ୍ବା ଦୋକାନ","స్వయం ఉపాధి, స్వంత వ్యాపారం లేదా దుకాణం","ಸ್ವಯಂ ಉದ್ಯೋಗ, ಸ್ವಂತ ವ್ಯವಹಾರ ಅಥವಾ ಅಂಗಡಿ","சுய வேலைவாய்ப்பு, சொந்த தொழில் அல்லது கடை","સ્વરોજગાર, પોતાનો વ્યવસાય અથવા દુકાન",خود روزگار، اپنا کاروبار یا دکان,,
FORM,,STUDENT,Student,विद्यार्थी,विद्यार्थी,ଛାତ୍ର,విద్యార్థి,ವಿದ್ಯಾರ್ಥಿ,மாணவர்,વિદ્યાર્થી,طالب علم,,
FORM,,BEAUTY,beauty,सौंदर्य,सुंदरता,ସୌନ୍ଦର୍ଯ୍ୟ,అందం,ಸೌಂದರ್ಯ,அழகு / பியூட்டி,સુંદરતા,خوبصورتی,,
FORM,,AUTO_2W,auto-2w,ऑटो-२w,ऑटो-2डब्ल्यू,ସ୍ୱତଃ-2ୱାଟ୍,ఆటో-2w,ಆಟೋ-2w ,இருசக்கர வாகன பழுது பார்க்குதல் / ஆட்டோ-2W,ઓટો-2w,auto-2w,,
FORM,,AUTO_4W,auto-4w,ऑटो-४वॉट,ऑटो-4डब्ल्यू,ଅଟୋ-୪ୱାଟ୍,ఆటో-4w,ಆಟೋ-4w,நான்கு சக்கர வாகன பழுது பார்க்குதல் / ஆட்டோ-4W,ઓટો-4w,auto-4w,,
FORM,,ELECTRICAL,electrical,विद्युत,विद्युतीय,ବୈଦ୍ୟୁତିକ,విద్యుత్,ವಿದ್ಯುತ್,மின்சாரம் / எலக்ட்ரிக்கல்,વિદ્યુત,برقی,,
FORM,,HEALTHCARE,healthcare,आरोग्यसेवा,स्वास्थ्य देखभाल,ସ୍ୱାସ୍ଥ୍ୟସେବା,ఆరోగ్య సంరక్షణ,ಆರೋಗ್ಯ ರಕ್ಷಣೆ,சுகாதாரம் / ஹெல்த்கேர்,આરોગ્યસંભાળ,صحت کی دیکھ بھال,,
FORM,,HOSPITALITY,hospitality,आदरातिथ्य,मेहमाननवाज़ी,ଆତିଥ୍ୟ,ఆతిథ్యం,ಆತಿಥ್ಯ,விருந்தோம்பல் / ஹாஸ்பிடாலிட்டி,આતિથ્ય,مہمان نوازی,,
FORM,,PLUMBING,plumbing,प्लंबिंग,नलकारी,ପାଣି ନଳ ଯନ୍ତ୍ର,ప్లంబింగ్,ಪ್ಲಂಬಿಂಗ್ ,குழாய் வேலை / பிளம்பிங்,પ્લમ્બિંગ,پلمبنگ,,
FORM,,WELDING,welding,वेल्डिंग,वेल्डिंग,ୱେଲ୍ଡିଂ,వెల్డింగ్,ವೆಲ್ಡಿಂಗ್,வெல்டிங்,વેલ્ડીંગ,ویلڈنگ,,
FORM,,APPAREL,apparel,पोशाख,परिधान,ପୋଷାକ,దుస్తులు,ಉಡುಪು,ஆடைத் தயாரிப்பு / அப்பரல்,વસ્ત્રો,ملبوسات,,
FORM,,CONSTRUCTION,construction,बांधकाम,निर्माण,ନିର୍ମାଣ,నిర్మాణం,ನಿರ್ಮಾಣ,கட்டுமானம் / கன்ஸ்ட்ரக்ஷன்,બાંધકામ,تعمیر,,
FORM,,GRAPHIC_DESIGN,graphic design,ग्राफिक डिझाइन,ग्राफ़िक डिज़ाइन,ଗ୍ରାଫିକ୍ ଡିଜାଇନ୍,గ్రాఫిక్ డిజైన్,ಗ್ರಾಫಿಕ್ ವಿನ್ಯಾಸ,கிராஃபிக் வடிவமைப்பு / கிராஃபிக் டிசைன்,ગ્રાફિક ડિઝાઇન,گرافک ڈیزائن,,
FORM,,FAMILY_MEMBER_DETAILS,Family Member Details,कुटुंबातील सदस्यांची माहिती,परिवार के सदस्य का विवरण,ପରିବାର ସଦସ୍ୟଙ୍କ ବିବରଣୀ,కుటుంబ సభ్యుల వివరాలు,ಕುಟುಂಬ ಸದಸ್ಯರ ವಿವರಗಳು,குடும்ப உறுப்பினர் விவரங்கள்,પરિવારના સભ્યની વિગતો,فیملی ممبر کی تفصیلات,,
FORM,,WHAT_IS_YOUR_PRIMARY_WORK,What is your primary work?,तुमचे प्राथमिक काम काय आहे?,आपका मुख्य कार्य क्या है?,ତୁମର ପ୍ରାଥମିକ କାମ କ’ଣ?,మీ ప్రధాన వృత్తి ఏమిటి?,ನಿಮ್ಮ ಪ್ರಾಥಮಿಕ ಕೆಲಸ ಯಾವುದು?,உங்கள் முதன்மை வேலை என்ன?,તમારું પ્રાથમિક કાર્ય શું છે?,آپ کا بنیادی کام کیا ہے؟,,
FORM,,NOPHONE,No Phone,फोन नाही,फोन नहीं,ଫୋନ୍ ନାହିଁ,ఫోన్ లేదు,ಫೋನ್ ಇಲ್ಲ,தொலைபேசி இல்லை,ફોન નથી,کوئی فون نہیں۔,,
FORM,,FATHER,Father,वडील,पिता,ପିତା,తండ్రి,ತಂದೆ,தந்தை,પિતા,والد,,
FORM,,MOTHER,Mother,आई,माँ,ମାତା,తల్లి,ತಾಯಿ,தாய்,માતા,والدہ,,
FORM,,SPOUSE,Spouse,जोडीदार,जीवनसाथी,ଜୀବନସାଥୀ,జీవిత భాగస్వామి,ಪತಿ/ಪತ್ನಿ  ,மனைவி/கணவர்,જીવનસાથી,میاں بیوی,,
FORM,,SPOUSE_NAME,Spouse Name,जोडीदाराचे नाव,पति/पत्नी का नाम,ଜୀବନସାଥୀଙ୍କ ନାମ,జీవిత భాగస్వామి పేరు,ಪತಿ/ಪತ್ನಿ  ಹೆಸರು,மனைவி/கணவர் பெயர்,જીવનસાથીનું નામ,شریک حیات کا نام,,
FORM,,GRADE_1,Grade 1,ग्रेड १,ग्रेड 1,ଗ୍ରେଡ୍ 1,1వ తరగతి,ಗ್ರೇಡ್ 1,1ஆம் வகுப்பு,ગ્રેડ ૧,گریڈ 1,,
FORM,,GRADE_2,Grade 2,ग्रेड २,ग्रेड 2,ଗ୍ରେଡ୍ 2,2వ తరగతి,ಗ್ರೇಡ್ 2,2ஆம் வகுப்பு,ગ્રેડ 2,گریڈ 2,,
FORM,,GRADE_3,Grade 3,ग्रेड ३,ग्रेड 3,ଗ୍ରେଡ୍ 3,3వ తరగతి,ಗ್ರೇಡ್ 3,3ஆம் வகுப்பு,ગ્રેડ 3,گریڈ 3,,
FORM,,GRADE_4,Grade 4,इयत्ता ४,कक्षा 4,ଗ୍ରେଡ୍ ୪,4వ తరగతి,ಗ್ರೇಡ್ 4,4ஆம் வகுப்பு,ગ્રેડ ૪,گریڈ 4,,
FORM,,GRADE_5,Grade 5,इयत्ता ५,कक्षा 5,ଗ୍ରେଡ୍ ୫ମ,5వ తరగతి,ಗ್ರೇಡ್ 5,5ஆம் வகுப்பு,ગ્રેડ 5,گریڈ 5,,
FORM,,GRADE_6,Grade 6,इयत्ता ६,कक्षा 6,ଗ୍ରେଡ୍ ଷଷ୍ଠ,6వ తరగతి,ಗ್ರೇಡ್ 6,6ஆம் வகுப்பு,ગ્રેડ 6,گریڈ 6,,
FORM,,GRADE_7,Grade 7,इयत्ता ७ वी,कक्षा 7,ଗ୍ରେଡ୍ ୭,7వ తరగతి,ಗ್ರೇಡ್ 7,7ஆம் வகுப்பு,ગ્રેડ ૭,گریڈ 7,,
FORM,,GRADE_8,Grade 8,इयत्ता ८ वी,कक्षा 8,ଗ୍ରେଡ୍ ୮,8వ తరగతి,ಗ್ರೇಡ್ 8,8ஆம் வகுப்பு,ગ્રેડ ૮,گریڈ 8,,
FORM,,GRADE_9,Grade 9,इयत्ता ९ वी,कक्षा 9,ଗ୍ରେଡ୍ 9,9వ తరగతి,ಗ್ರೇಡ್ 9,9ஆம் வகுப்பு,ધોરણ ૯,گریڈ 9,,
FORM,,GRADE_10,Grade 10,इयत्ता १० वी,कक्षा 10,ଗ୍ରେଡ୍ ଦଶମ,10వ తరగతి,ಗ್ರೇಡ್ 10,10ஆம் வகுப்பு,ધોરણ ૧૦,گریڈ 10,,
FORM,,GRADE_11,Grade 11,इयत्ता ११ वी,कक्षा 11,ଗ୍ରେଡ୍ 11,11వ తరగతి,ಗ್ರೇಡ್ 11,11ஆம் வகுப்பு,ધોરણ ૧૧,گریڈ 11,,
FORM,,GRADE_12,Grade 12,इयत्ता १२ वी,कक्षा 12,ଗ୍ରେଡ୍ ଦ୍ୱାଦଶ,12వ తరగతి,ಗ್ರೇಡ್ 12,12ஆம் வகுப்பு,ધોરણ ૧૨,گریڈ 12,,
FORM,,hamara_gaon,hamara gaon,हमारा गाव,हमारा गाँव,ହମାରା ଗାଁ,హమారా గావ్,ಹಮಾರಾ ಗಾಂವ್,நமது கிராமம்,હમારા ગાંવ,ہامارا گاؤں,,
FORM,,smile_program,smile program,स्माइल प्रोग्राम ,स्माइल प्रोग्राम ,ହସ କାର୍ଯ୍ୟକ୍ରମ,స్మైల్ ప్రోగ్రామ్,ಸ್ಮೈಲ್ ಪ್ರೋಗ್ರಾಂ,புன்னகை திட்டம்,સ્માઇલ પ્રોગ્રામ ,سمائل پروگرام,,
FORM,,pratham_read_india_initiative_rii,pratham readindia initiative rii,"प्रथम रीडइंडिया उपक्रम आर ,आय , आर ",प्रथम रीडइंडिया पहल आरआईआई,pratham readindia initiative rii,ప్రథమ రీడిండియా చొరవ rii,ಪ್ರಥಮ್ ರೀಡ್ ಇಂಡಿಯಾ ಇನಿಶಿಯೇಟಿವ್ rii,பிரதம் ரீட்இண்டியா முன்முயற்சி (RII),પ્રથમ રીડ ઇન્ડિયા ઇનિશિયેટિવ RII,پرتھم ریڈانڈیا پہل آر آئی آئی,,
FORM,,government_partnership,government partnership,सरकारी भागीदारी,सरकारी साझेदारी,ସରକାରୀ ସହଭାଗୀତା,ప్రభుత్వ భాగస్వామ్యం,ಸರ್ಕಾರಿ ಪಾಲುದಾರಿಕೆ,கவர்ன்மெண்ட் பார்ட்னர்ஷிப்,સરકારી ભાગીદારી,حکومتی شراکت داری,,
FORM,,summer_camp_volunteer,summer camp volunteer,उन्हाळी शिबिर स्वयंसेवक,समर कैंप स्वयंसेवक,ଗ୍ରୀଷ୍ମ ଶିବିର ସ୍ଵେଚ୍ଛାସେବକ,వేసవి శిబిర స్వచ్ఛంద సేవకుడు,ಬೇಸಿಗೆ ಶಿಬಿರದ ಸ್ವಯಂ ಸೇವಕರು ,கோடை முகாம் தன்னார்வலர்,સમર કેમ્પ વોલેંટિયર ,سمر کیمپ والنٹیر,,
FORM,,HAMARA_GAON,Hamara Gaon,हमारा गाव,हमारा गाँव,ହମାରା ଗାଁ,హమారా గావ్,ಹಮಾರಾ ಗಾಂವ್,நமது கிராமம்,હમારા ગાંવ,ہمارا گاوں,,
FORM,,SMILE_PROGRAM,Smile Program,स्माइल प्रोग्राम ,स्माइल प्रोग्राम ,ହସ କାର୍ଯ୍ୟକ୍ରମ,స్మైల్ ప్రోగ్రామ్,ಸ್ಮೈಲ್ ಪ್ರೋಗ್ರಾಂ,புன்னகை திட்டம்,સ્માઇલ પ્રોગ્રામ ,سمائل پروگرام,,
FORM,,PRATHAM_READ_INDIA_INITIATIVE_RII,Pratham Read India Initiative RII,प्रथम रीड इंडिया इनिशिएटिव्ह आरआयआय,प्रथम रीड इंडिया इनिशिएटिव आरआईआई,ପ୍ରଥମ ରିଡ୍ ଇଣ୍ଡିଆ ଇନିସିଏଟିଭ୍ RII,ప్రథమ్ రీడ్ ఇండియా ఇనిషియేటివ్ RII,ಪ್ರಥಮ್ ರೀಡ್ ಇಂಡಿಯಾ ಇನಿಶಿಯೇಟಿವ್ RII,பிரதம் ரீட்இண்டியா முன்முயற்சி (RII),પ્રથમ રીડ ઇન્ડિયા ઇનિશિયેટિવ RII,پرتھم ریڈ انڈیا انیشیٹو RII,,
FORM,,GOVERNMENT_PARTNERSHIP,Government Partnership,सरकारी भागीदारी,सरकारी साझेदारी,ସରକାରୀ ସହଭାଗୀତା,ప్రభుత్వ భాగస్వామ్యం,ಸರ್ಕಾರಿ ಪಾಲುದಾರಿಕೆ,கவர்ன்மெண்ட் பார்ட்னர்ஷிப்,સરકારી ભાગીદારી,حکومتی شراکت داری,,
FORM,,SUMMER_CAMP_VOLUNTEER,Summer Camp Volunteer,उन्हाळी शिबिर स्वयंसेवक,समर कैंप स्वयंसेवक,ଗ୍ରୀଷ୍ମ ଶିବିର ସ୍ଵେଚ୍ଛାସେବକ,వేసవి శిబిరం వాలంటీర్,ಬೇಸಿಗೆ ಶಿಬಿರದ ಸ್ವಯಂಸೇವಕರು ,கோடைக்கால முகாம் தன்னார்வலர்,સમર કેમ્પ વોલેંટિયર ,سمر کیمپ رضاکار,,
FORM,,WHAT_PROGRAM_ARE_YOU_PART_OF,What Program Are You Part Of,तुम्ही कोणत्या कार्यक्रमाचा भाग आहात?,आप किस कार्यक्रम का हिस्सा हैं?,ଆପଣ କେଉଁ ପ୍ରୋଗ୍ରାମର ଅଂଶ?,మీరు ఏ కార్యక్రమంలో భాగం?,ನೀವು ಯಾವ ಕಾರ್ಯಕ್ರಮದ ಭಾಗವಾಗಿದ್ದೀರಿ?,நீங்கள் எந்த திட்டத்தில் உள்ளீர்கள்?,તમે કયા પ્રોગ્રામનો ભાગ છો?,آپ کس پروگرام کا حصہ ہیں؟,,
FORM,,WHAT PROGRAM ARE YOU PART OF,What Program Are You Part Of,तुम्ही कोणत्या कार्यक्रमाचा भाग आहात?,आप किस कार्यक्रम का हिस्सा हैं?,ଆପଣ କେଉଁ ପ୍ରୋଗ୍ରାମର ଅଂଶ?,మీరు ఏ కార్యక్రమంలో భాగం?,ನೀವು ಯಾವ ಕಾರ್ಯಕ್ರಮದ ಭಾಗವಾಗಿದ್ದೀರಿ?,நீங்கள் எந்த திட்டத்தில் உள்ளீர்கள்?,તમે કયા પ્રોગ્રામનો ભાગ છો?,آپ کس پروگرام کا حصہ ہیں؟,,
FORM,,CATCHMENT_AREA,Catchment Area,पाणलोट क्षेत्र,जलग्रह - क्षेत्र,ଜଳାଭଙ୍ଗ ଅଞ୍ଚଳ,పరీవాహక ప్రాంతం,ಕ್ಯಾಚಮೆಂಟ್ ಏರಿಯಾ ,கேட்ச்மென்ட் பகுதி,કેચમેન્ટ એરિયા,کیچمنٹ ایریا,,
FORM,,PROGRAM_PREFERENCES,Program Preferences,कार्यक्रम प्राधान्ये,कार्यक्रम वरीयताएं,କାର୍ଯ୍ୟକ୍ରମ ପସନ୍ଦ,కార్యక్రమ ప్రాధాన్యతలు,ಕಾರ್ಯಕ್ರಮ ಆದ್ಯತೆಗಳು,திட்ட விருப்பங்கள்,પ્રોગ્રામ પસંદગીઓ,پروگرام کی ترجیحات,,
FORM,,CHOOSE_SUB_PROGRAM,Choose Sub-Program,उप-कार्यक्रम निवडा,उप-कार्यक्रम चुनें,ଉପ-କାର୍ଯ୍ୟକ୍ରମ ବାଛନ୍ତୁ,ఉప-కార్యక్రమాన్ని ఎంచుకోండి,ಉಪ-ಕಾರ್ಯಕ್ರಮವನ್ನು ಆಯ್ಕೆಮಾಡಿ,துணை திட்டத்தை தேர்வு செய்க,સબ-પ્રોગ્રામ પસંદ કરો,ذیلی پروگرام کا انتخاب کریں۔,,
FORM,,POLICY_ACKNOWLEDGEMENTS,Policy Acknowledgements,धोरण स्वीकृती,नीति स्वीकृति,ନୀତି ସ୍ୱୀକୃତି,పాలసీ అంగీకారం,ನೀತಿ ಒಪ್ಪಿಗೆ,கொள்கை ஒப்புதல்,નીતિ સ્વીકૃતિ,پالیسی کے اعترافات,,
FORM,,I_HAVE_READ_AND_AGREE,I acknowledge that I have read and understood the,मी वाचले आहे आणि सहमत आहे,मैंने पढ़ा है और सहमत हूं,ମୁଁ ପଢ଼ିଛି ଏବଂ ସମ୍ମତ ଅଛି,నేను చదివాను మరియు అంగీకరిస్తున్నాను,ನಾನು ಓದಿದ್ದೇನೆ ಮತ್ತು ಒಪ್ಪುತ್ತೇನೆ,நான் படித்து ஒப்புக்கொள்கிறேன்,મેં વાંચ્યું છે અને સંમત છું,میں تسلیم کرتا ہوں کہ میں نے اسے پڑھا اور سمجھ لیا ہے,,
FORM,,CHILD_PROTECTION_POLICY,Child Protection Policy,बाल संरक्षण धोरण,बाल संरक्षण नीति,ଶିଶୁ ସୁରକ୍ଷା ନୀତି,బాల రక్షణ పాలసీ,ಮಕ್ಕಳ ರಕ್ಷಣೆ ನೀತಿ,குழந்தை பாதுகாப்பு கொள்கை,બાળ સુરક્ષા નીતિ,چائلڈ پروٹیکشن پالیسی,,
FORM,,POCSO_POLICY,POCSO Policy,POCSO धोरण,POCSO नीति,POCSO ନୀତି,POCSO పాలసీ,POCSO ನೀತಿ,POCSO கொள்கை,POCSO નીતિ,POCSO پالیسی,,
FORM,,NDA_POLICY,NDA Policy,NDA धोरण,NDA नीति,NDA ନୀତି,NDA పాలసీ,NDA ನೀತಿ,NDA கொள்கை,NDA નીતિ,NDA  پالیسی,,
FORM,,FRAUD_PROTECTION_POLICY,Fraud Protection Policy,फसवणूक संरक्षण धोरण,धोखाधड़ी संरक्षण नीति,ପ୍ରତାରଣା ସୁରକ୍ଷା ନୀତି,మోసం రక్షణ పాలసీ,ವಂಚನೆ ರಕ್ಷಣೆ ನೀತಿ,மோசடி பாதுகாப்பு கொள்கை,ફ્રોડ સુરક્ષા નીતિ,فراڈ  پروٹیکشن  پالیسی,,
FORM,,AND_TO_MAINTAIN_CONFIDENTIALITY,and agree to maintain confidentiality.,आणि गोपनीयता राखण्यासाठी सहमत आहे.,और गोपनीयता बनाए रखने के लिए सहमत हैं।,ଏବଂ ଗୋପନୀୟତା ବଜାୟ ରଖିବାକୁ ସମ୍ମତ ଅଛି।,మరియు గోప్యతను నిర్వహించడానికి అంగీకరిస్తున్నాను.,ಮತ್ತು ಗೌಪ್ಯತೆಯನ್ನು ಕಾಪಾಡಲು ಒಪ್ಪುತ್ತೇನೆ.,மற்றும் இரகசியத்தை பராமரிக்க ஒப்புக்கொள்கிறேன்.,અને ગુપ્તતા જાળવવા માટે સંમત છું.,اور رازداری برقرار رکھنے پر اتفاق کرتے ہیں۔,,
FORM,,AND_TO_COMPLY,and agree to comply.,आणि पालन करण्यासाठी सहमत आहे.,और अनुपालन करने के लिए सहमत हैं।,ଏବଂ ପାଳନ କରିବାକୁ ସମ୍ମତ ଅଛି।,మరియు అనుసరించడానికి అంగీకరిస్తున్నాను.,ಮತ್ತು ಅನುಸರಿಸಲು ಒಪ್ಪುತ್ತೇನೆ.,மற்றும் இணங்க ஒப்புக்கொள்கிறேன்.,અને પાલન કરવા માટે સંમત છું.,اور تعمیل کرنے پر راضی ہیں۔,,
FORM,,AND,and,आणि,और,ଏବଂ,మరియు,ಮತ್ತು,மற்றும்,અને,اور,,
FORM,,PTM_NAME,PTM Name,PTM Name,PTM नाम,PTM Name,PTM పేరు,PTM Name,PTM பெயர்,PTM નામ ,پی ٹی ایم کا نام,,
FORM,,SEARCH_AND_SELECT_PTM,Search and select PTM,Search and select PTM,PTM खोजें और चुनें,Search and select PTM,PTM కోసం వెతికి ఎంచుకోండి,Search and select PTM,PTM-ஐ தேடி தேர்வு செய்க,PTM શોધો અને પસંદ કરો,تلاش کریں اور PTM  کو منتخب کریں۔,,
FORM,,SEARCH,Search...,Search...,खोजें...,Search...,శోధన,Search...,தேடு...,શોધો.. ,تلاش کریں...,,
FORM,,NO_USER_DATA_FOUND,No user data found,No user data found,कोई उपयोगकर्ता डेटा नहीं मिला,No user data found,వినియోగదారు డేటా ఏదీ కనుగొనబడలేదు.,No user data found,பயனர் தகவல் கிடைக்கவில்லை,કોઈ વપરાશકર્તા ડેટા મળ્યો નથી,یوزر کا کوئی ڈیٹا نہیں ملا,,
FORM,,ORGANISATION_NAME,Organisation Name,Organisation Name,संगठन का नाम,Organisation Name,సంస్థ పేరు,Organisation Name,நிறுவனம் பெயர்,સંસ્થાનું નામ ,تنظیم کا نام,,
FORM,,SEARCH_AND_SELECT_ORGANISATION,Search and select your organisation,Search and select your organisation,अपने संगठन को खोजें और चुनें,Search and select your organisation,మీ సంస్థను వెతికి ఎంచుకోండి.,Search and select your organisation,உங்கள் நிறுவனத்தை தேடி தேர்வு செய்க,તમારી સંસ્થા શોધો અને પસંદ કરો,اپنی تنظیم کو تلاش کریں اور منتخب کریں۔,,
FORM,,NO_ORGANISATION_DATA_FOUND,No organisation data found,No organisation data found,कोई संगठन डेटा नहीं मिला,No organisation data found,సంస్థ డేటా కనుగొనబడలేదు.,No organisation data found,நிறுவன தகவல் கிடைக்கவில்லை,સંસ્થાનો કોઈ ડેટા મળ્યો નથી.,تنظیم کا کوئی ڈیٹا نہیں ملا,,
FORM,,HOW_WOULD_YOU_LIKE_TO_REGISTER,How Would You Like to Register?,How Would You Like to Register?,आप कैसे पंजीकरण करना चाहेंगे?,How Would You Like to Register?,మీరు ఎలా నమోదు చేసుకోవాలనుకుంటున్నారు?,How Would You Like to Register?,நீங்கள் எப்படி பதிவு செய்ய விரும்புகிறீர்கள்?,તમે કેવી રીતે નોંધણી કરાવવા માંગો છો?,آپ کیسے رجسٹر کرنا چاہیں گے؟,,
FORM,,CHOOSE_THE_OPTION_THAT_BEST_DESCRIBES_YOUR_ROLE,Choose the option that best describes your role.,Choose the option that best describes your role.,वह विकल्प चुनें जो आपकी भूमिका का सबसे अच्छा वर्णन करता है।,Choose the option that best describes your role.,మీ పాత్రను ఉత్తమంగా వివరించే ఎంపికను ఎంచుకోండి.,Choose the option that best describes your role.,உங்கள் பங்கை சிறப்பாக விளக்கும் விருப்பத்தைத் தேர்வு செய்க,તમારી ભૂમિકાનું શ્રેષ્ઠ વર્ણન કરતો વિકલ્પ પસંદ કરો.,وہ اختیار منتخب کریں جو آپ کے کردار کی بہترین وضاحت کرے۔,,
FORM,,INDIVIDUAL_VOLUNTEER,Individual Volunteer,Individual Volunteer,व्यक्तिगत स्वयंसेवक,Individual Volunteer,వ్యక్తిగత వాలంటీర్,Individual Volunteer,தனிப்பட்ட தன்னார்வலர்,વ્યક્તિગત સ્વયંસેવક,انفرادی والنٹیر,,
FORM,,REGISTER_AN_ORGANISATION_AS_POC,Register an Organisation as POC,Register an Organisation as POC,संगठन को POC के रूप में पंजीकृत करें,Register an Organisation as POC,ఒక సంస్థను POCగా నమోదు చేయండి.,Register an Organisation as POC,நிறுவனத்தை POC ஆக பதிவு செய்க,સંસ્થાને POC તરીકે નોંધણી કરાવો,ایک تنظیم کو POC کے طور پر رجسٹر کریں۔,,
FORM,,INDIVIDUAL_VOLUNTEER_DESCRIPTION,"Register yourself as a volunteer, independently or through an organisation.","Register yourself as a volunteer, independently or through an organisation.","अपने आप को एक स्वयंसेवक के रूप में पंजीकृत करें, स्वतंत्र रूप से या किसी संगठन के माध्यम से।","Register yourself as a volunteer, independently or through an organisation.",స్వతంత్రంగా లేదా ఒక సంస్థ ద్వారా స్వచ్ఛంద సేవకునిగా నమోదు చేసుకోండి.,"Register yourself as a volunteer, independently or through an organisation.",தனியாக அல்லது நிறுவனத்தின் மூலம் தன்னார்வலராக பதிவு செய்யவும்,"સ્વયંસેવક તરીકે નોંધણી કરાવો, સ્વતંત્ર રીતે અથવા કોઈ સંસ્થા દ્વારા.",اپنے آپ کو  آزادانہ  یا کسی تنظیم کے ذریعے  ایک والنٹیر کے طور پر رجسٹر کریں۔,,
FORM,,INDIVIDUAL_VOLUNTEER_HELP_TEXT,Select this option if you want to register as an individual volunteer. You can register independently or through an organisation.,Select this option if you want to register as an individual volunteer. You can register independently or through an organisation.,यदि आप एक व्यक्तिगत स्वयंसेवक के रूप में पंजीकरण करना चाहते हैं तो इस विकल्प का चयन करें। आप स्वतंत्र रूप से या किसी संगठन के माध्यम से पंजीकरण कर सकते हैं।,Select this option if you want to register as an individual volunteer. You can register independently or through an organisation.,మీరు వ్యక్తిగత వాలంటీర్‌గా నమోదు చేసుకోవాలనుకుంటే ఈ ఎంపికను ఎంచుకోండి. మీరు స్వతంత్రంగా లేదా ఒక సంస్థ ద్వారా నమోదు చేసుకోవచ్చు.,Select this option if you want to register as an individual volunteer. You can register independently or through an organisation.,தனிப்பட்ட தன்னார்வலராக பதிவு செய்ய இந்த விருப்பத்தைத் தேர்வு செய்க. நீங்கள் தனியாகவோ அல்லது நிறுவனத்தின் மூலம் பதிவு செய்யலாம்,"જો તમે વ્યક્તિગત સ્વયંસેવક તરીકે નોંધણી કરાવવા માંગતા હો, તો આ વિકલ્પ પસંદ કરો. તમે સ્વતંત્ર રીતે અથવા સંસ્થા દ્વારા નોંધણી કરાવી શકો છો.",اگر آپ انفرادی والنٹیر کے طور پر رجسٹر ہونا چاہتے ہیں تو اس اختیار کو منتخب کریں۔ آپ آزادانہ طور پر یا کسی تنظیم کے ذریعے رجسٹر کر سکتے ہیں۔,,
FORM,,REGISTER_ORGANISATION_AS_POC_DESCRIPTION,Register your organisation and act as the Point of Contact.,Register your organisation and act as the Point of Contact.,अपने संगठन को पंजीकृत करें और संपर्क बिंदु के रूप में कार्य करें।,Register your organisation and act as the Point of Contact.,మీ సంస్థను నమోదు చేసుకోండి మరియు సంప్రదింపుల కేంద్రంగా వ్యవహరించండి.,Register your organisation and act as the Point of Contact.,உங்கள் நிறுவனத்தை பதிவு செய்து தொடர்பு நபராக (POC) செயல்படவும்,તમારી સંસ્થાની નોંધણી કરો અને પોઈન્ટ ઓફ કોંટેક્ટ તરીકે કાર્ય કરો.,اپنی تنظیم کو رجسٹر کریں اور پوائنٹ آف کانٹیکٹ کے طور پر کام کریں۔,,
FORM,,REGISTER_ORGANISATION_AS_POC_HELP_TEXT,Select this option if you want to register your organisation and act as the Point of Contact (POC) for your organisation.,Select this option if you want to register your organisation and act as the Point of Contact (POC) for your organisation.,यदि आप अपने संगठन को पंजीकृत करना चाहते हैं और अपने संगठन के लिए संपर्क बिंदु (POC) के रूप में कार्य करना चाहते हैं तो इस विकल्प का चयन करें।,Select this option if you want to register your organisation and act as the Point of Contact (POC) for your organisation.,"మీరు మీ సంస్థను నమోదు చేసుకొని, మీ సంస్థకు సంప్రదింపుల అధికారిగా (POC) వ్యవహరించాలనుకుంటే ఈ ఎంపికను ఎంచుకోండి.",Select this option if you want to register your organisation and act as the Point of Contact (POC) for your organisation.,உங்கள் நிறுவனத்தை பதிவு செய்து அதற்கான தொடர்பு நபராக (POC) செயல்பட இந்த விருப்பத்தைத் தேர்வு செய்க,"જો તમે તમારી સંસ્થાની નોંધણી કરાવવા માંગતા હો અને પોંત ઓફ કોંટેક્ટ  (POC) તરીકે કાર્ય કરવા માંગતા હો, તો આ વિકલ્પ પસંદ કરો.",اگر آپ اپنی تنظیم کو رجسٹر کرنا چاہتے ہیں اور اپنی تنظیم کے لیے پوائنٹ آف کانٹیکٹ (POC) کے طور پر کام کرنا چاہتے ہیں تو اس اختیار کو منتخب کریں۔,,
FORM,,IS_YOUR_ORGANISATION_REGISTERED,Is Your Organisation Registered?,Is Your Organisation Registered?,क्या आपका संगठन पंजीकृत है?,Is Your Organisation Registered?,మీ సంస్థ రిజిస్టర్ చేయబడిందా?,Is Your Organisation Registered?,உங்கள் நிறுவனம் ஏற்கனவே பதிவு செய்யப்பட்டதா?,શું તમારી સંસ્થાની  નોંધણી થયેલ છે?,کیا آپ کی تنظیم رجسٹرڈ ہے؟,,
FORM,,LET_US_KNOW_SO_WE_CAN_GUIDE_YOU,Let us know so we can guide you to the right step.,Let us know so we can guide you to the right step.,हमें बताएं ताकि हम आपको सही कदम पर मार्गदर्शन कर सकें।,Let us know so we can guide you to the right step.,"మాకు తెలియజేయండి, అప్పుడు మేము మీకు సరైన మార్గం చూపించగలం.",Let us know so we can guide you to the right step.,சரியான வழிகாட்டுதலை வழங்க எங்களுக்குத் தெரியப்படுத்துங்கள்,અમને જણાવો જેથી અમે તમને યોગ્ય જગ્યા એ જરૂરી  માર્ગદર્શન આપી શકીએ.,ہمیں بتائیں تاکہ ہم  آپ کی ہر قدم پر صحیح رہنمائی کر سکیں۔,,
FORM,,IS_THIS_YOUR_ORGANISATIONS_FIRST_TIME,Is this your organisation's first time on the platform?,Is this your organisation's first time on the platform?,क्या यह प्लेटफॉर्म पर आपके संगठन का पहली बार है?,Is this your organisation's first time on the platform?,మీ సంస్థ ఈ ప్లాట్‌ఫారమ్‌ను ఉపయోగించడం ఇదే మొదటిసారా?,Is this your organisation's first time on the platform?,உங்கள் நிறுவனம் இந்த தளத்தில் முதன்முறையாக பதிவு செய்கிறதா?,શું આ તમારી સંસ્થા પહેલી વાર આ પ્લેટફોર્મ પર આવી છે?,کیا یہ آپ کی تنظیم پہلی بار پلیٹ فارم پر آئی ہے؟,,
FORM,,THIS_IS_THE_FIRST_TIME_MY_ORGANISATION_IS_REGISTERING,This is the first time my organisation is registering,This is the first time my organisation is registering,यह मेरे संगठन का पहली बार पंजीकरण है,This is the first time my organisation is registering,నా సంస్థ నమోదు చేసుకోవడం ఇదే మొదటిసారి.,This is the first time my organisation is registering,என் நிறுவனம் முதன்முறையாக பதிவு செய்கிறது,આ પહેલી વાર છે જ્યારે મારી સંસ્થા નોંધણી કરાવી રહી છે,یہ پہلا موقع ہے جب میری تنظیم رجسٹر ہو رہی ہے۔,,
FORM,,MY_ORGANISATION_IS_ALREADY_REGISTERED,My organisation is already registered,My organisation is already registered,मेरा संगठन पहले से ही पंजीकृत है,My organisation is already registered,నా సంస్థ ఇప్పటికే నమోదు చేయబడింది.,My organisation is already registered,என் நிறுவனம் ஏற்கனவே பதிவு செய்யப்பட்டுள்ளது,મારી સંસ્થા પહેલાથી જ નોંધાયેલ છે.,میری تنظیم پہلے ہی رجسٹرڈ ہے۔,,
FORM,,FIRST_TIME_ORGANISATION_DESCRIPTION,Your organisation has not been registered on this platform before. You will set it up now.,Your organisation has not been registered on this platform before. You will set it up now.,आपके संगठन को पहले इस प्लेटफॉर्म पर पंजीकृत नहीं किया गया है। आप इसे अब सेट अप करेंगे।,Your organisation has not been registered on this platform before. You will set it up now.,మీ సంస్థ ఇంతకు ముందు ఈ ప్లాట్‌ఫారమ్‌లో నమోదు కాలేదు. మీరు ఇప్పుడు దానిని ఏర్పాటు చేస్తారు.,Your organisation has not been registered on this platform before. You will set it up now.,உங்கள் நிறுவனம் இந்த தளத்தில் முன்பு பதிவு செய்யப்படவில்லை. நீங்கள் இப்போது அமைப்பை தொடங்குவீர்கள்,તમારી સંસ્થા આ પ્લેટફોર્મ પર પહેલાં નોંધાયેલી નથી.તમે તેને હવે સેટ કરશો.,آپ کی تنظیم پہلے اس پلیٹ فارم پر رجسٹرڈ نہیں ہوئی ہے۔ آپ اسے ابھی ترتیب دیں گے۔,,
FORM,,FIRST_TIME_ORGANISATION_HELP_TEXT,Your organisation has not been registered on this platform before. You will set it up now.,Your organisation has not been registered on this platform before. You will set it up now.,आपके संगठन को पहले इस प्लेटफॉर्म पर पंजीकृत नहीं किया गया है। आप इसे अब सेट अप करेंगे।,Your organisation has not been registered on this platform before. You will set it up now.,మీ సంస్థ ఇంతకు ముందు ఈ ప్లాట్‌ఫారమ్‌లో నమోదు కాలేదు. మీరు ఇప్పుడు దానిని ఏర్పాటు చేస్తారు.,Your organisation has not been registered on this platform before. You will set it up now.,உங்கள் நிறுவனம் ஏற்கனவே இந்த தளத்தில் உள்ளது. நீங்கள் தொடர்பு நபராக (POC) சேர விரும்புகிறீர்கள்,તમારી સંસ્થા આ પ્લેટફોર્મ પર પહેલાં નોંધાયેલી નથી.તમે તેને હવે સેટ કરશો.,آپ کی تنظیم پہلے اس پلیٹ فارم پر رجسٹرڈ نہیں ہوئی ہے۔ آپ اسے ابھی ترتیب دیں گے۔,,
FORM,,ALREADY_REGISTERED_ORGANISATION_DESCRIPTION,Your organisation is already on the platform. You want to join as the Point of Contact.,Your organisation is already on the platform. You want to join as the Point of Contact.,आपका संगठन पहले से ही प्लेटफॉर्म पर है। आप संपर्क बिंदु के रूप में शामिल होना चाहते हैं।,Your organisation is already on the platform. You want to join as the Point of Contact.,మీ సంస్థ ఇప్పటికే ప్లాట్‌ఫారమ్‌లో ఉంది. మీరు పాయింట్ ఆఫ్ కాంటాక్ట్‌గా చేరాలనుకుంటున్నారు.,Your organisation is already on the platform. You want to join as the Point of Contact.,நிறுவனத்தை சரிபார்க்கவும்,તમારી સંસ્થા પહેલાથી જ પ્લેટફોર્મ પર છે. તમે પોઈન્ટ ઓફ કોંટેક્ટ તરીકે જોડાવા માંગો છો.,آپ کی تنظیم پہلے ہی پلیٹ فارم پر ہے۔ آپ پوائنٹ آف کانٹیکٹ کے طور پر شامل ہونا چاہتے ہیں۔,,
FORM,,ALREADY_REGISTERED_ORGANISATION_HELP_TEXT,Your organisation is already on the platform. You want to join as the Point of Contact.,Your organisation is already on the platform. You want to join as the Point of Contact.,आपका संगठन पहले से ही प्लेटफॉर्म पर है। आप संपर्क बिंदु के रूप में शामिल होना चाहते हैं।,Your organisation is already on the platform. You want to join as the Point of Contact.,మీ సంస్థ ఇప్పటికే ప్లాట్‌ఫారమ్‌లో ఉంది. మీరు పాయింట్ ఆఫ్ కాంటాక్ట్‌గా చేరాలనుకుంటున్నారు.,Your organisation is already on the platform. You want to join as the Point of Contact.,உங்கள் பதிவை முடிக்கவும்,તમારી સંસ્થા પહેલાથી જ પ્લેટફોર્મ પર છે. તમે પોઈન્ટ ઓફ કોંટેક્ટ તરીકે જોડાવા માંગો છો.,آپ کی تنظیم پہلے ہی پلیٹ فارم پر ہے۔ آپ پوائنٹ آف کانٹیکٹ کے طور پر شامل ہونا چاہتے ہیں۔,,
FORM,,VERIFY_ORGANISATION,Verify Organisation,Verify Organisation,संगठन सत्यापित करें,Verify Organisation,సంస్థను ధృవీకరించండి.,Verify Organisation,உங்கள் பதிவு செய்யப்பட்ட நிறுவனத்தை கண்டறிந்து உங்களை தன்னார்வலராக இணைக்கவும்,સંસ્થા ચકાસો,تنظیم کی تصدیق کریں۔,,
FORM,,COMPLETE_YOUR_REGISTRATION,Complete your registration.,Complete your registration.,अपना पंजीकरण पूरा करें।,Complete your registration.,మీ నమోదును పూర్తి చేయండి.,Complete your registration.,மேலும் ஏற்றப்படுகிறது...,તમારી નોંધણી પૂર્ણ કરો.,اپنا رجسٹریشن مکمل کریں۔,,
FORM,,FIND_YOUR_REGISTRED_ORGANISATION,Find your registered organisation and link yourself as a volunteer.,Find your registered organisation and link yourself as a volunteer.,अपने पंजीकृत संगठन को खोजें और अपने आप को एक स्वयंसेवक के रूप में लिंक करें।,Find your registered organisation and link yourself as a volunteer.,"మీ నమోదిత సంస్థను కనుగొని, స్వచ్ఛంద సేవకుడిగా మిమ్మల్ని మీరు అనుసంధానించుకోండి.",Find your registered organisation and link yourself as a volunteer.,PTM ஏற்றப்படுகிறது...,તમારી નોંધાયેલ સંસ્થા શોધો અને સ્વયંસેવક તરીકે તમને જોડો.,اپنی رجسٹرڈ تنظیم تلاش کریں اور خود کو والنٹیر کے طور پر جوڑیں۔,,
FORM,,LOADING_MORE,Loading more...,Loading more...,और लोड हो रहा है...,Loading more...,మరింత లోడ్ అవుతోంది...,Loading more...,இணைக்கப்பட்ட PTM,વધુ લોડ કરી રહ્યું છે...,مزید لوڈ ہو رہا ہے...,,
FORM,,LOADING_PTM,Loading PTM...,Loading PTM...,PTM लोड हो रहा है...,Loading PTM...," PTM లోడ్ అవుతోంది...
",Loading PTM...,PTM ஏற்றப்படுகிறது..., PTM લોડ કરી રહ્યું છે ...,PTM لوڈ ہو رہا ہے...,,
FORM,,MAPPED_PTM,Mapped PTM,Mapped PTM,मैप किया गया PTM,Mapped PTM,మ్యాప్ చేయబడిన PTM,Mapped PTM,இணைக்கப்பட்ட PTM,મેપ કરેલ PTM,پی ٹی ایم کا نقشہ بنایا,,
FORM,,NO_PTM_MAPPED,No PTM mapped to this organization,No PTM mapped to this organization,इस संगठन के लिए कोई PTM मैप नहीं किया गया,No PTM mapped to this organization,ఈ సంస్థకు ఏ PTM మ్యాప్ చేయబడలేదు.,No PTM mapped to this organization,இந்த நிறுவனத்திற்கு எந்த PTM இணைக்கப்படவில்லை,આ સંસ્થા સાથે કોઈ PTM મેપ થયેલ નથી.,اس تنظیم سے پی ٹی ایم کا نقشہ نہیں بنایا گیا ہے۔,,
FORM,,POC_NAME,POC Name,POC Name,POC नाम,POC Name,POC పేరు,POC Name,POC பெயர்,POCનું નામ ,POC  کا نام,,
FORM,,PLEASE_SELECT_AN_ORGANIZATION_FIRST,Please select an organization first,Please select an organization first,कृपया पहले एक संगठन चुनें,Please select an organization first,దయచేసి ముందుగా ఒక సంస్థను ఎంచుకోండి.,Please select an organization first,முதலில் ஒரு நிறுவனத்தைத் தேர்வு செய்யவும்,કૃપા કરીને પહેલા એક સંસ્થા પસંદ કરો,براہ کرم پہلے ایک تنظیم منتخب کریں۔,,
FORM,,SELECT_POC_NAME,Select POC Name,Select POC Name,POC नाम चुनें,Select POC Name,POC పేరును ఎంచుకోండి,Select POC Name,POC பெயரைத் தேர்வு செய்க,POCનું  નામ પસંદ કરો,POC کا نام منتخب کریں۔,,
FORM,,FAILED_TO_LOAD_USERS,Failed to load users,Failed to load users,उपयोगकर्ता लोड करने में विफल,Failed to load users,వినియోగదారులను లోడ్ చేయడంలో విఫలమైంది.,Failed to load users,பயனர்களை ஏற்ற முடியவில்லை,વપરાશકર્તાઓ લોડ કરવામાં નિષ્ફળ થયાં,یوزرس کو لوڈ کرنے میں ناکام,,
FORM,,NO_USERS_FOUND,No users found,No users found,कोई उपयोगकर्ता नहीं मिला,No users found,వినియోగదారులు కనుగొనబడలేదు.,No users found,பயனர்கள் கிடைக்கவில்லை,કોઈ વપરાશકર્તાઓ મળ્યા નથી,کوئی یوزر نہیں ملا,,
FORM,,REVIEW_AND_ACCEPT_THE_REQUIRED_POLICIES,Review and accept the required policies.,Review and accept the required policies.,आवश्यक नीतियों की समीक्षा करें और स्वीकार करें।,Review and accept the required policies.,"అవసరమైన విధానాలను సమీక్షించి, ఆమోదించండి.",Review and accept the required policies.,தேவையான கொள்கைகளை மதிப்பாய்வு செய்து ஏற்றுக்கொள்ளவும்.,જરૂરી નીતિઓની સમીક્ષા કરો અને સ્વીકારો.,مطلوبہ پالیسیوں کا جائزہ لیں اور قبول کریں۔,,
FORM,,PLEASE_READ_AND_ACKNOWLEDGE_THE_FOLLOWING_POLICIES_BEFORE_PROCEEDING,Please read and acknowledge the following policies before proceeding.,Please read and acknowledge the following policies before proceeding.,आगे बढ़ने से पहले कृपया निम्नलिखित नीतियों को पढ़ें और स्वीकार करें।,Please read and acknowledge the following policies before proceeding.,"దయచేసి ముందుకు వెళ్లే ముందు ఈ క్రింది విధానాలను చదివి, అంగీకరించండి.
",Please read and acknowledge the following policies before proceeding.,தொடர்வதற்கு முன் கீழ்கண்ட கொள்கைகளை படித்து ஏற்றுக்கொள்ளவும்.,આગળ વધતા પહેલા કૃપા કરીને નીચેની નીતિઓ વાંચો અને સ્વીકારો.,آگے بڑھنے سے پہلے براہ کرم درج ذیل پالیسیوں کو پڑھیں اور ان کو تسلیم کریں۔,,
FORM,,PTM_SELECTION,PTM Selection,PTM Selection,PTM चयन,PTM Selection,PTM ఎంపిక,PTM Selection,PTM தேர்வு,PTM  પસંદગી ,PTM سلیکشن,,
FORM,,SELECT_YOUR_PTM_FOR_SUMMER_CAMP,Select your PTM (Pratham Team Member) for the Summer Camp program.,Select your PTM (Pratham Team Member) for the Summer Camp program.,समर कैंप कार्यक्रम के लिए अपने PTM (प्रथम टीम सदस्य) का चयन करें।,Select your PTM (Pratham Team Member) for the Summer Camp program.,వేసవి శిబిర కార్యక్రమం కోసం మీ PTM (ప్రథమ్ బృంద సభ్యుడిని) ఎంచుకోండి.,Select your PTM (Pratham Team Member) for the Summer Camp program.,கோடைகால முகாம் திட்டத்திற்கான உங்கள் PTM (Pratham Team Member)-ஐ தேர்வு செய்க.,સમર કેમ્પ પ્રોગ્રામ માટે તમારા PTM (પ્રથમ ટીમ મેમ્બર) ને પસંદ કરો.,سمر کیمپ پروگرام کے لیے اپنا پی ٹی ایم (پرتھم ٹیم ممبر) منتخب کریں۔,,
FORM,,PTM_EMAIL,PTM Email (Optional),PTM Email (Optional),PTM ईमेल (वैकल्पिक),PTM Email (Optional),PTM ఇమెయిల్ (ఐచ్ఛికం),PTM Email (Optional),PTM மின்னஞ்சல் (விருப்பம்),PTM Email (વૈકલ્પિક),PTM  ای میل (آپشنل),,
FORM,,PTM_EMAIL_PLACEHOLDER,Enter PTM email for exact match,Enter PTM email for exact match,सटीक मिलान के लिए PTM ईमेल दर्ज करें,Enter PTM email for exact match,ఖచ్చితమైన సరిపోలిక కోసం PTM ఇమెయిల్‌ను నమోదు చేయండి,Enter PTM email for exact match,சரியான பொருத்தத்திற்காக PTM மின்னஞ்சலை உள்ளிடவும்,ચોક્કસ મેળ માટે PTM ઇમેઇલ દાખલ કરો,عین مطابق میچ کے لیے PTM ای میل درج کریں۔,,
FORM,,CHOOSE_VOLUNTEER_TYPE,Choose Volunteer Type,Choose Volunteer Type,स्वयंसेवक प्रकार चुनें,Choose Volunteer Type,వాలంటీర్ రకాన్ని ఎంచుకోండి.,Choose Volunteer Type,தன்னார்வலர் வகையைத் தேர்வு செய்க,સ્વયંસેવકનો પ્રકાર પસંદ કરો,والنٹیر  کی قسم کا انتخاب کریں۔,,
FORM,,HOW_WOULD_YOU_LIKE_TO_VOLUNTEER,How would you like to volunteer?,How would you like to volunteer?,आप कैसे स्वयंसेवा करना चाहेंगे?,How would you like to volunteer?,మీరు స్వచ్ఛందంగా సేవ చేయడానికి ఇష్టపడతారా?,How would you like to volunteer?,நீங்கள் எவ்வாறு தன்னார்வமாக செயல்பட விரும்புகிறீர்கள்?,તમે કેવી રીતે સ્વયંસેવક બનવા માંગો છો?,آپ بطور والنٹیر کس طرح کام کرنا چاہیں گے؟,,
FORM,,INDIVIDUAL_VOLUNTEER_THROUGH_AN_ORGANISATION,Individual Volunteer Through an Organisation,Individual Volunteer Through an Organisation,संगठन के माध्यम से व्यक्तिगत स्वयंसेवक,Individual Volunteer Through an Organisation,ఒక సంస్థ ద్వారా వ్యక్తిగత వాలంటీర్.,Individual Volunteer Through an Organisation,நிறுவனத்தின் மூலம் தனிப்பட்ட தன்னார்வலர்,સંસ્થા દ્વારા વ્યક્તિગત સ્વયંસેવક,ایک تنظیم کے ذریعے انفرادی والنٹیر,,
FORM,,INDIVIDUAL_VOLUNTEER_THROUGH_ORGANISATION_DESCRIPTION,I am volunteering through an organisation that is already registered,I am volunteering through an organisation that is already registered,मैं एक संगठन के माध्यम से स्वयंसेवा कर रहा हूं जो पहले से ही पंजीकृत है,I am volunteering through an organisation that is already registered,నేను ఇప్పటికే నమోదైన ఒక సంస్థ ద్వారా స్వచ్ఛంద సేవ చేస్తున్నాను.,I am volunteering through an organisation that is already registered,ஏற்கனவே பதிவு செய்யப்பட்ட நிறுவனத்தின் மூலம் நான் தன்னார்வமாக செயல்படுகிறேன்,હું એક એવી સંસ્થા દ્વારા સ્વયંસેવક છું જે પહેલાથી જ નોંધાયેલ છે.,میں ایک ایسی تنظیم کے ذریعے والنٹیر کی خدمات انجام دے رہا ہوں جو پہلے سے رجسٹرڈ ہے۔,,
FORM,,INDIVIDUAL_VOLUNTEER_THROUGH_ORGANISATION_HELP_TEXT,Select this option if you are volunteering through an organisation that is already registered.,Select this option if you are volunteering through an organisation that is already registered.,यदि आप एक संगठन के माध्यम से स्वयंसेवा कर रहे हैं जो पहले से ही पंजीकृत है तो इस विकल्प का चयन करें।,Select this option if you are volunteering through an organisation that is already registered.,మీరు ఇప్పటికే నమోదైన సంస్థ ద్వారా స్వచ్ఛంద సేవ చేస్తుంటే ఈ ఎంపికను ఎంచుకోండి.,Select this option if you are volunteering through an organisation that is already registered.,ஏற்கனவே பதிவு செய்யப்பட்ட நிறுவனத்தின் மூலம் தன்னார்வமாக செயல்பட இந்த விருப்பத்தைத் தேர்வு செய்க.,"જો તમે પહેલાથી જ નોંધાયેલ સંસ્થા દ્વારા સ્વયંસેવક તરીકે સેવા આપી રહ્યા છો, તો આ વિકલ્પ પસંદ કરો.",اگر آپ پہلے سے رجسٹرڈ تنظیم کے ذریعے والنٹیر کی خدمات انجام دے رہے ہیں تو اس اختیار کو منتخب کریں۔,,
FORM,,INDIVIDUAL_VOLUNTEER_ALONE_DESCRIPTION,I am volunteering on my own,I am volunteering on my own,मैं अपने दम पर स्वयंसेवा कर रहा हूं,I am volunteering on my own,నేను స్వచ్ఛందంగా సేవ చేస్తున్నాను,I am volunteering on my own,நான் தனியாக தன்னார்வமாக செயல்படுகிறேன்,હું મારી જાતે સ્વયંસેવક છું.,میں اپنے طور پر والنٹیر کا کام کر رہا ہوں۔,,
FORM,,INDIVIDUAL_VOLUNTEER_ALONE_HELP_TEXT,Select this option if you are volunteering independently.,Select this option if you are volunteering independently.,यदि आप स्वतंत्र रूप से स्वयंसेवा कर रहे हैं तो इस विकल्प का चयन करें।,Select this option if you are volunteering independently.,మీరు స్వతంత్రంగా స్వచ్ఛంద సేవ చేస్తుంటే ఈ ఎంపికను ఎంచుకోండి.,Select this option if you are volunteering independently.,நீங்கள் தனிப்பட்ட முறையில் தன்னார்வமாக செயல்படுகிறீர்கள் என்றால் இந்த விருப்பத்தைத் தேர்வு செய்க.,"જો તમે સ્વતંત્ર રીતે સ્વયંસેવા કરી રહ્યા છો, તો આ વિકલ્પ પસંદ કરો.",اگر آپ آزادانہ طور پر والنٹیر کی خدمات انجام دے رہے ہیں تو اس اختیار کو منتخب کریں۔,,
FORM,,NO_ACTIVE_COHORTS_FOUND,No active cohorts found,No active cohorts found,कोई सक्रिय समूह नहीं मिला,No active cohorts found,యాక్టివ్ కోహోర్ట్‌లు ఏవీ కనుగొనబడలేదు,No active cohorts found,செயலில் உள்ள cohort-கள் எதுவும் கிடைக்கவில்லை,કોઈ સક્રિય સમૂહ મળ્યા નથી.,کوئی فعال گروہ نہیں ملا,,
FORM,,ORGANISATION_TYPE,Organisation Type,संस्थेचा प्रकार,संगठन का प्रकार,ସଂସ୍ଥାର ପ୍ରକାର,సంస్థ రకం,ಸಂಸ್ಥೆಯ ಪ್ರಕಾರ,நிறுவனத்தின் வகை,સંસ્થાનો પ્રકાર,تنظیم کی قسم,,
,,ORGANISATION_NAME,Organisation Name,संस्थेचे नाव,संगठन का नाम,ସଂସ୍ଥାର ନାମ,సంస్థ పేరు,ಸಂಸ್ಥೆಯ ಹೆಸರು,நிறுவனத்தின் பெயர்,સંસ્થાનું નામ,,,
FORM_ERROR_MESSAGES,,INVALID_INPUT,Invalid Input.,अवैध इनपुट.,अमान्य इनपुट।,ଅବୈଧ ଇନ୍ପୁଟ୍ ।,చెల్లని ఇన్‌పుట్‌.,ಅಮಾನ್ಯ ಇನ್ಪುಟ್.,தவறான உள்ளீடு.,અમાન્ય ઈનપુટ.,غلط ان پٹ۔,,
FORM_ERROR_MESSAGES,,FIELD_REQUIRED,{{field}} is required,{{field}} आवश्यक आहे,{{field}} आवश्यक है,{{field}} ଆବଶ୍ୟକ,{{field}} తప్పనిసరి.,{{field}} ಅಗತ್ಯವಿದೆ,{{field}} தேவை,{{field}} જરૂરી છે,{{field}} درکار ہے۔,,
FORM_ERROR_MESSAGES,,THIS_IS_REQUIRED_FIELD,This is required field,हे एक आवश्यक क्षेत्र आहे,यह आवश्यक फ़ील्ड है,ଏହା ଏକ ଆବଶ୍ୟକ ଫିଲ୍ଡ ଅଟେ,ఇది తప్పనిసరి ఫీల్డ్‌,ಇದು ಅಗತ್ಯ ಕ್ಷೇತ್ರ,இது தேவையான புலம்,આ જરૂરી ફિલ્ડ છે,یہ ضروری فیلڈ ہے۔,,
FORM_ERROR_MESSAGES,,ENTER_ONLY_DIGITS,Please enter only digits,कृपया फक्त अंक भरा,कृपया केवल अंक दर्ज करें,ଦୟାକରି କେବଳ ଅଙ୍କ ଦିଅନ୍ତୁ,దయచేసి అంకెలను మాత్రమే నమోదు చేయండి.,ದಯವಿಟ್ಟು ಕೇವಲ ಅಂಕಿಗಳನ್ನು ನಮೂದಿಸಿ,எண்களை மட்டும் உள்ளிடவும்,કૃપા કરીને માત્ર અંક દાખલ કરો,براہ کرم صرف ہندسے درج کریں۔,,
FORM_ERROR_MESSAGES,,MIN_LENGTH_DIGITS_ERROR,Minimum {{minLength}} Digits required,किमान {{minLength}} अंक आवश्यक,न्यूनतम {{minLength}} अंकों की आवश्यकता,କନିଷ୍ଠ {{minLength}} ଅଙ୍କ ଆବଶ୍ୟକ,కనీసం {{minLength}} అంకెలు అవసరం.,ಕನಿಷ್ಠ {{minLength}} ಅಂಕಿಗಳು ಬೇಕು,குறைந்தபட்சம் {{minLength}} இலக்கங்கள் தேவை,ન્યુનત્તમ {{minLength}} અંક જરૂરી,کم از کم {{minLength}} ہندسے درکار ہیں۔,,
FORM_ERROR_MESSAGES,,MAX_LENGTH_DIGITS_ERROR,Maximum {{maxLength}} Digits allowed,कमाल {{maxLength}} अंक परवानगी,अधिकतम {{maxLength}} अंक अनुमति,ସର୍ବାଧିକ {{maxLength}} ଅଙ୍କ ଅନୁମୋଦିତ,గరిష్టంగా {{maxLength}} అంకెలు మాత్రమే అనుమతించబడతాయి.,ಗರಿಷ್ಠ {{maxLength}} ಅಂಕಿಗಳು ಅನುಮತಿಸಲಾಗಿದೆ,அதிகபட்சம் {{maxLength}} இலக்கங்கள் அனுமதிக்கப்படும்,અધિકતમ {{maxLength}} અંક મંજૂર,زیادہ سے زیادہ {{maxLengt,,
FORM_ERROR_MESSAGES,,MIN_LENGTH_CHARACTERS_ERROR,Minimum {{minLength}} characters required,किमान {{minLength}} अक्षरे आवश्यक,न्यूनतम {{minLength}} वर्ण आवश्यक,କନିଷ୍ଠ {{minLength}} ଅକ୍ଷର ଆବଶ୍ୟକ,కనీసం {{minLength}} అక్షరాలు అవసరం.,ಕನಿಷ್ಠ {{minLength}} ಅಕ್ಷರಗಳು ಬೇಕು,குறைந்தபட்சம் {{minLength}} எழுத்துகள் தேவை,ન્યુનત્તમ {{minLength}} અક્ષરો જરૂરી,کم از کم {{minLength}} حروف درکار ہیں۔,,
FORM_ERROR_MESSAGES,,MAX_LENGTH_DIGITS_ERROR_AGE,Age should be less than or equal to {{maxLength}},वय {{maxLength}} पेक्षा जास्त नसावे,उम्र अधिकतम {{maxLength}} होनी चाहिए,ବୟସ୍ {{maxLength}} ଠାରୁ ବେଶି ନହେଉ,వయస్సు {{maxLength}} కంటే తక్కువగా లేదా సమానంగా ఉండాలి.,ವಯಸ್ಸು {{maxLength}}ಕ್ಕಿಂತ ಹೆಚ್ಚಾಗಲು ಸಾಧ್ಯವಿಲ್ಲ,வயது {{maxLength}} க்கு சமமாகவோ அல்லது அதற்கு குறைவாகவோ இருக்க வேண்டும்,ઉમર  {{maxLength}} કરતા વધારે નહિ હોવી જોઈએ,عمر {{maxLength}} سے کم یا اس کے برابر ہونی چاہیے,,
FORM_ERROR_MESSAGES,,MIN_LENGTH_DIGITS_ERROR_AGE,Age should be greater than or equal to {{minLength}},वय {{minLength}} पेक्षा कमी नसावे,उम्र न्यूनतम {{minLength}} होनी चाहिए,ବୟସ୍ {{minLength}} ଠାରୁ କମ୍ ନହେଉ,వయస్సు {{minLength}} కంటే ఎక్కువగా లేదా సమానంగా ఉండాలి.,ವಯಸ್ಸು {{minLength}}ಕ್ಕಿಂತ ಕಡಿಮೆ ಇರಲು ಸಾಧ್ಯವಿಲ್ಲ,வயது {{minLength}} க்கு சமமாகவோ அல்லது அதற்கு மேலாகவோ இருக்க வேண்டும்,ઉમર {{minLength}} કરતા ઓછો નહિ હોવો જોઈએ,عمر {{minLength}} سے زیادہ یا اس کے برابر ہونی چاہیے,,
FORM_ERROR_MESSAGES,,ENTER_VALID_YEAR,Enter valid Year,वैध वर्ष भरा,मान्य वर्ष दर्ज करें,ଏକ ଯଥାର୍ଥ ବର୍ଷ ଦିଅନ୍ତୁ,చెల్లుబాటు అయ్యే సంవత్సరాన్ని నమోదు చేయండి.,ಸಂಪೂರ್ಣ ವರ್ಷ ನಮೂದಿಸಿ,சரியான ஆண்டை உள்ளிடவும்,માન્ય વર્ષ દાખલ કરો,درست سال درج کریں۔,,
FORM_ERROR_MESSAGES,,MAX_LENGTH_CHARACTERS_ERROR,Maximum {{maxLength}} characters allowed,कमाल {{maxLength}} अक्षरे परवानगी,अधिकतम {{maxLength}} वर्ण अनुमति,ସର୍ବାଧିକ {{maxLength}} ଅକ୍ଷର ଅନୁମୋଦିତ,గరిష్టంగా {{maxLength}} అక్షరాలు మాత్రమే అనుమతించబడతాయి.,ಗರಿಷ್ಠ {{maxLength}} ಅಕ್ಷರಗಳು ಅನುಮತಿಸಲಾಗಿದೆ,அதிகபட்சம் {{maxLength}} எழுத்துகள் அனுமதிக்கப்படும்,અધિકતમ {{maxLength}} અક્ષરો મંજૂર,زیادہ سے زیادہ {{maxLength}} حروف کی اجازت ہے۔,,
FORM_ERROR_MESSAGES,,NUMBER_AND_SPECIAL_CHARACTERS_NOT_ALLOWED,Numbers and special characters are not allowed,अंक आणि विशेष अक्षरे परवानगी नाही,अंकों और विशेष वर्णों की अनुमति नहीं है,ଅଙ୍କ ଏବଂ ବିଶେଷ ପାତ୍ରଗୁଡ଼ିକ ଅନୁମତି ନାହିଁ,అంకెలు మరియు ప్రత్యేక అక్షరాలు అనుమతించబడవు.,ಅಂಕಿಗಳು ಮತ್ತು ವಿಶೇಷ ಅಕ್ಷರಗಳು ಅನುಮತಿಸಲಾಗುವುದಿಲ್ಲ,எண்கள் மற்றும் சிறப்பு எழுத்துகள் அனுமதிக்கப்படாது,અંકો અને વિશેષ અક્ષરો મંજૂર નથી,نمبرز اور خصوصی حروف کی اجازت نہیں ہے۔,,
FORM_ERROR_MESSAGES,,CHARACTERS_AND_SPECIAL_CHARACTERS_NOT_ALLOWED,Characters and special characters are not allowed,अक्षरे आणि विशेष अक्षरे परवानगी नाही,वर्ण और विशेष वर्णों की अनुमति नहीं है,ଅକ୍ଷର ଏବଂ ବିଶେଷ ପାତ୍ରଗୁଡ଼ିକ ଅନୁମତି ନାହିଁ,అక్షరాలు మరియు ప్రత్యేక అక్షరాలు అనుమతించబడవు.,ಅಕ್ಷರಗಳು ಮತ್ತು ವಿಶೇಷ ಅಕ್ಷರಗಳು ಅನುಮತಿಸಲಾಗುವುದಿಲ್ಲ,எழுத்துகள் மற்றும் சிறப்பு எழுத்துகள் அனுமதிக்கப்படாது,અક્ષરો અને વિશેષ અક્ષરો મંજૂર નથી,حروف اور خصوصی حروف کی اجازت نہیں ہے۔,,
FORM_ERROR_MESSAGES,,NAME_CANNOT_INCLUDE_DIGITS,Name can not include digits,नावामध्ये अंक असू शकत नाही,नाम में अंक शामिल नहीं हो सकते,ନାମରେ ଅଙ୍କ ଥିବା ନାହିଁ,పేరులో అంకెలు ఉండకూడదు.,ಹೆಸರುಗಳಲ್ಲಿ ಅಂಕಿಗಳಿರಲು ಅನುಮತಿಸಲಾಗುವುದಿಲ್ಲ,பெயரில் எண்கள் இருக்கக்கூடாது,નામમાં અંકો શામેલ થઈ શકતા નથી,نام میں ہندسے شامل نہیں ہو سکتے,,
FORM_ERROR_MESSAGES,,INVALID_EMAIL_FORMAT,Invalid email format,अवैध ईमेल स्वरूप,अमान्य ईमेल प्रारूप,ଅବୈଧ ଇମେଲ୍ ଆକୃତି,చెల్లని ఇమెయిల్ ఫార్మాట్‌,ಅಮಾನ್ಯ ಈಮೈಲ್ ಸ್ವರೂಪ,தவறான மின்னஞ்சல் வடிவம்,અમાન્ય ઈમેલ ફોર્મેટ,غلط ای میل فارمیٹ,,
FORM_ERROR_MESSAGES,,ENTER_VALID_EMAIL,Enter a valid email address,एक वैध ईमेल पत्ता भरा,एक मान्य ईमेल पता दर्ज करें,ଏକ ଯଥାର୍ଥ ଇମେଲ୍ ଠିକଣା ଦିଅନ୍ତୁ,చెల్లుబాటు అయ్యే ఇమెయిల్ చిరునామాను నమోదు చేయండి.,ಒಂದು ಮಾನ್ಯ ಈಮೈಲ್ ವಿಳಾಸವನ್ನೇ ನಮೂದಿಸಿ,சரியான மின்னஞ்சல் முகவரியை உள்ளிடவும்,એક માન્ય ઈમેલ સરનામું દાખલ કરો,ایک درست ای میل ایڈریس درج کریں۔,,
FORM_ERROR_MESSAGES,,ENTER_VALID_MOBILE_NUMBER,Enter a valid Mobile Number,एक वैध मोबाईल नंबर भरा,एक मान्य मोबाइल नंबर दर्ज करें,ଏକ ଯଥାର୍ଥ ମୋବାଇଲ୍ ନମ୍ବର ଦିଅନ୍ତୁ,చెల్లుబాటు అయ్యే మొబైల్ నంబర్‌ను నమోదు చేయండి,ಒಂದು ಮಾನ್ಯ ಮೊಬೈಲ್ ಸಂಖ್ಯೆಯನ್ನು ನಮೂದಿಸಿ,சரியான கைபேசி எண்ணை உள்ளிடவும்,એક માન્ય મોબાઇલ નંબર દાખલ કરો,ایک درست موبائل نمبر درج کریں۔,,
FORM_ERROR_MESSAGES,,SPACE_AND_SPECIAL_CHARACTERS_NOT_ALLOWED,Space and special characters are not allowed,मोकळे जागा आणि विशेष अक्षरे परवानगी नाही,स्पेस और विशेष वर्णों की अनुमति नहीं है,ଖାଲି ଜାଗା ଏବଂ ବିଶେଷ ପାତ୍ରଗୁଡ଼ିକ ଅନୁମତି ନାହିଁ,స్పేస్‌లు మరియు ప్రత్యేక అక్షరాలు అనుమతించబడవు.,ಖಾಲಿ ಜಾಗ ۽ ವಿಶೇಷ ಅಕ್ಷರಗಳು ಅನುಮತಿಸಲಾಗುವುದಿಲ್ಲ,இடைவெளி மற்றும் சிறப்பு எழுத்துகள் அனுமதிக்கப்படவில்லை,ખાલી જગ્યા અને ખાસ અક્ષરોની મંજૂરી નથી,جگہ اور خصوصی حروف کی اجازت نہیں ہے۔,,
FORM_ERROR_MESSAGES,,DATE_MUST_BE_ON_OR_BEFORE,Date must be on or before {{date}},तारीख {{date}} किंवा त्यापूर्वीची असावी,तिथि {{date}} या उससे पहले होनी चाहिए,ତାରିଖ {{date}} କିମ୍ବା ସେଠାରୁ ପୂର୍ବରେ ହେବା ଆବଶ୍ୟକ,తేదీ {{date}} నాటికి లేదా దానికి ముందుగా ఉండాలి.,ದಿನಾಂಕ {{date}} ಅಥವಾ ಮುಂಚೆಯಿರಬೇಕು,தேதி {{date}} அன்று அல்லது அதற்கு முன் இருக்க வேண்டும்,તારીખ {{date}} કે પહેલાં હોવી જોઈએ,تاریخ {{date}} کو یا اس سے پہلے ہونی چاہیے,,
FORM_ERROR_MESSAGES,,DATE_MUST_BE_ON_OR_AFTER,Date must be on or after {{date}},तारीख {{date}} किंवा नंतरची असावी,तिथि {{date}} या उसके बाद होनी चाहिए,ତାରିଖ {{date}} କିମ୍ବା ପରେ ହେବା ଆବଶ୍ୟକ,తేదీ {{date}} నాటికి లేదా దానికి తరువాత ఉండాలి.,ದಿನಾಂಕ {{date}} ಅಥವಾ ನಂತರಿರಬೇಕು,தேதி {{date}} அன்று அல்லது அதற்கு பின் இருக்க வேண்டும்,તારીખ {{date}} કે પછી હોવી જોઈએ,تاریخ {{date}} کو یا اس کے بعد ہونی چاہیے,,
,,Assessment Score,Assessment Score,परीक्षण स्कोर,परीक्षण स्कोर,ପରୀକ୍ଷଣ ସ୍କୋର,పరీక్ష స్కోర్,ಪರೀಕ್ಷೆ ಸ್ಕೋರ್,மதிப்பீட்டு மதிப்பெண்,મૂલ્યાંકન સ્કોર,تشخیصی نشانات,,
FILTER_KEY,,GROUP_MEMBERSHIP,group Membership,गटसदस्यत्व,समूह सदस्यता,ଗୋଷ୍ଠୀସଦସ୍ୟତା,గ్రూప్ సభ్యత్వం,ಗುಂಪು ಸದಸ್ಯತ್ವ,குழு உறுப்பினர்,ગ્રુપ સભ્યપદ,گروپ ممبرشپ,,
FILTER_KEY,,JOB_FAMILY,jobFamily,नोकरी कुटुंब,कार्य वाला परिवार,ଚାକିରିପରିବାର,ఉద్యోగం కుటుంబం,ಉದ್ಯೋಗ ಕುಟುಂಬ,வேலை வகை,નોકરીયાત પરિવાર,ملازمت کا خاندان,,
FILTER_KEY,,PSU,psu,पीएसयू,पीएसयू,ପିଏସୟୁ,పిఎస్యు,ಪಿಎಸ್ಯು,பிஎஸ்யு,પીએસયુ,psu,,
AI,,ASSESSMENT_DETAILS,Assessment Details,मूल्यांकन तपशील,मूल्यांकन विवरण,ମୂଲ୍ୟାଙ୍କନ ବିବରଣୀ,అసెస్‌మెంట్ వివరాలు,ಮೌಲ್ಯಮಾಪನ ವಿವರಗಳು,மதிப்பீட்டு விவரங்கள்,મૂલ્યાંકન વિગતો,تشخیص کی تفصیلات,,
AI,,SAMPLE_QUESTION_AND_ANSWER_PAPER,Sample Answer Sheet,नमुना उत्तरपत्रिका,नमूना उत्तर पत्रक,ନମୁନା ଉତ୍ତର ପତ୍ର,నమూనా సమాధాన పత్రం,ಮಾದರಿ ಉತ್ತರ ಪತ್ರಿಕೆ,மாதிரி விடைத்தாள்,સેમ્પલ અણસાર શીટ ,نمونہ جوابی شیٹ,,
AI,,DOWNLOAD_QUESTION_PAPER,Download Question Paper,प्रश्नपत्रिका डाउनलोड करा,प्रश्न पत्र डाउनलोड करें,ପ୍ରଶ୍ନପତ୍ର ଡାଉନଲୋଡ୍ କରନ୍ତୁ,ప్రశ్నపత్రాన్ని డౌన్‌లోడ్ చేసుకోండి,ಪ್ರಶ್ನೆ ಪತ್ರಿಕೆ ಡೌನ್‌ಲೋಡ್ ಮಾಡಿ,வினாத்தாளைப் பதிவிறக்கவும்,પ્રશ્નપત્ર ડાઉનલોડ કરો,سوالیہ پرچہ ڈاؤن لوڈ کریں۔,,
AI,,SEARCH_LEARNER,Search Learner..,शिकणारा शोधा..,शिक्षार्थी खोजें...,ଶିକ୍ଷାର୍ଥୀ ଖୋଜନ୍ତୁ..,శోధన అభ్యాసకుడు..,ಕಲಿಯುವವರನ್ನು ಹುಡುಕಿ..,மாணவரைத் தேடவும்..,લર્નર શોધો..,طلباء کو تلاش کریں..,,
AI,,TOTAL_LEARNERS,{{count}} of {{total}} Learners,{{एकूण}} विद्यार्थ्यांपैकी {{गणना}},कुल शिक्षार्थियों की संख्या ({count}}),{{ମୋଟ}} ଶିକ୍ଷାର୍ଥୀଙ୍କ ମଧ୍ୟରୁ {{ଗଣନା}},{{మొత్తం}} మంది అభ్యాసకులలో {{count}},{{ಒಟ್ಟು}} ಕಲಿಯುವವರಲ್ಲಿ {{ಎಣಿಕೆ}},{{மொத்தம்}} மாணவர்களில் {{எண்ணிக்கை}},{{કુલ}} લર્નરમાથી {{ગણતરી}},{{total}}طلباء میں سے {{count}},,
AI,,SORT_AND_FILTER_LEARNERS,Sort & Filter Learners,शिकणाऱ्यांची क्रमवारी लावा आणि फिल्टर करा,शिक्षार्थियों को क्रमबद्ध और फ़िल्टर करें,ଶିକ୍ଷାର୍ଥୀଙ୍କୁ ସଜାନ୍ତୁ ଏବଂ ଫିଲ୍ଟର୍ କରନ୍ତୁ,అభ్యాసకులను క్రమబద్ధీకరించండి & ఫిల్టర్ చేయండి,ಕಲಿಯುವವರನ್ನು ವಿಂಗಡಿಸಿ ಮತ್ತು ಫಿಲ್ಟರ್ ಮಾಡಿ,மாணவர்களை வரிசைப்படுத்தி வடிகட்டவும்,લંર્નર ને સૉર્ટ અને ફિલ્ટર કરો,طلباء کو ترتیب دیں اور فلٹر کریں۔,,
AI,,FILTER_BY_STATUS,Filter by Status,स्थितीनुसार फिल्टर करा,स्थिति के अनुसार फ़िल्टर करें,ସ୍ଥିତି ଅନୁସାରେ ଫିଲ୍ଟର୍ କରନ୍ତୁ,స్థితి ఆధారంగా ఫిల్టర్ చేయండి,ಸ್ಥಿತಿಯ ಪ್ರಕಾರ ಫಿಲ್ಟರ್ ಮಾಡಿ,நிலையின்படி வடிகட்டவும்,સ્થિતિ મુજબ ફિલ્ટર કરો,حیثیت کے لحاظ سے فلٹر کریں۔,,
AI,,ALL_LEARNERS,All Learners,सर्व शिकणारे,सभी शिक्षार्थी,ସମସ୍ତ ଶିକ୍ଷାର୍ଥୀ,అందరు అభ్యాసకులు,ಎಲ್ಲಾ ಕಲಿಯುವವರು,அனைத்து மாணவர்கள்,બધા લર્નર ,تمام طلباء,,
AI,,SORT_BY_NAME,Sort by Name,नावानुसार क्रमवारी लावा,नाम के अनुसार क्रमबद्ध करें,ନାମ ଅନୁସାରେ ସଜାନ୍ତୁ,పేరు ఆధారంగా క్రమబద్ధీకరించు,ಹೆಸರಿನ ಪ್ರಕಾರ ವಿಂಗಡಿಸಿ,பெயரின்படி வரிசைப்படுத்தவும்,નામ દ્વારા સૉર્ટ કરો,نام سے ترتیب دیں۔,,
AI,,SORT_BY_SCORE,Sort by Score,स्कोअरनुसार क्रमवारी लावा,स्कोर के अनुसार क्रमबद्ध करें,ସ୍କୋର ଅନୁସାରେ ସଜାନ୍ତୁ,స్కోరు ఆధారంగా క్రమబద్ధీకరించు,ಅಂಕಗಳ ಪ್ರಕಾರ ವಿಂಗಡಿಸಿ,மதிப்பெண்ணின்படி வரிசைப்படுத்தவும்,સ્કોર દ્વારા સૉર્ટ કરો,اسکور کے لحاظ سے ترتیب دیں۔,,
AI,,NAME_A_TO_Z,Name (A to Z),नाव (अ ते ञ),नाम (अ से जेड तक),ନାମ (କ ରୁ କ୍ଷ),పేరు (A నుండి Z వరకు),ಹೆಸರು (A ನಿಂದ Z),பெயர் (A முதல் Z வரை),નામ (A થી Z),نام (A سے Z),,
AI,,NAME_Z_TO_A,Name (Z to A),नाव (Z ते A),नाम (Z से A तक),ନାମ (Z ରୁ A),పేరు (Z నుండి A వరకు),ಹೆಸರು (Z ನಿಂದ A),பெயர் (Z முதல் A வரை),નામ (Z થી A),نام (Z سے A),,
AI,,SCORE_HIGH_TO_LOW,Score (High to Low),स्कोअर (जास्त ते कमी),स्कोर (उच्च से निम्न),ସ୍କୋର (ଉଚ୍ଚରୁ ନିମ୍ନ),స్కోరు (ఎక్కువ నుండి తక్కువ),ಸ್ಕೋರ್ (ಹೆಚ್ಚಿನಿಂದ ಕಡಿಮೆ),மதிப்பெண் (அதிகத்திலிருந்து குறைந்தது வரை),સ્કોર (ઉચ્ચ થી નીચું),اسکور (اعلی سے کم),,
AI,,SCORE_LOW_TO_HIGH,Score (Low to High),स्कोअर (कमी ते जास्त),स्कोर (कम से ज्यादा),ସ୍କୋର (ନିମ୍ନରୁ ଉଚ୍ଚ),స్కోరు (తక్కువ నుండి ఎక్కువ),ಸ್ಕೋರ್ (ಕಡಿಮೆಯಿಂದ ಹೆಚ್ಚು),மதிப்பெண் (குறைந்தது முதல் அதிகம் வரை),સ્કોર (નીચો થી ઊંચો),اسکور (کم سے زیادہ),,
AI,,NAME_A_TO_Z_DETAILED,Name (A to Z),नाव (अ ते ञ),नाम (अ से जेड तक),ନାମ (କ ରୁ କ୍ଷ),పేరు (A నుండి Z వరకు),ಹೆಸರು (A ನಿಂದ Z),பெயர் (A முதல் Z வரை),નામ (A થી Z),نام (A سے Z),,
AI,,NAME_Z_TO_A_DETAILED,Name (Z to A),नाव (Z ते A),नाम (Z से A तक),ନାମ (Z ରୁ A),పేరు (Z నుండి A వరకు),ಹೆಸರು (Z ನಿಂದ A),பெயர் (Z முதல் A வரை),નામ (Z થી A),نام (Z سے A),,
AI,,SCORE_HIGH_TO_LOW_DETAILED,Score (High to Low),स्कोअर (जास्त ते कमी),स्कोर (उच्च से निम्न),ସ୍କୋର (ଉଚ୍ଚରୁ ନିମ୍ନ),స్కోరు (ఎక్కువ నుండి తక్కువ),ಸ್ಕೋರ್ (ಹೆಚ್ಚಿನಿಂದ ಕಡಿಮೆ),மதிப்பெண் (அதிகத்திலிருந்து குறைந்தது வரை),સ્કોર (વધુ થી ઓછા),اسکور (اعلی سے کم),,
AI,,SCORE_LOW_TO_HIGH_DETAILED,Score (Low to High),स्कोअर (कमी ते जास्त),स्कोर (कम से ज्यादा),ସ୍କୋର (ନିମ୍ନରୁ ଉଚ୍ଚ),స్కోరు (తక్కువ నుండి ఎక్కువ),ಸ್ಕೋರ್ (ಕಡಿಮೆಯಿಂದ ಹೆಚ್ಚು),மதிப்பெண் (குறைந்தது முதல் அதிகம் வரை),સ્કોર (ઓછા થી વધુ),اسکور (کم سے زیادہ),,
AI,,CANCEL,Cancel,रद्द करा,रद्द करना,ବାତିଲ କରନ୍ତୁ,రద్దు చేయి,ರದ್ದುಮಾಡಿ,ரத்துசெய்,રદ કરો ,منسوخ کریں۔,,
AI,,APPLY,Apply,अर्ज करा,आवेदन करना,ପ୍ରୟୋଗ କରନ୍ତୁ,వర్తించు,ಅನ್ವಯಿಸು,விண்ணப்பிக்கவும்,અરજી કરો,لگائیں,,
AI,,NOT_SUBMITTED,Not Submitted,सबमिट केलेले नाही,प्रस्तुत नही किया है,ଦାଖଲ କରାଯାଇନାହିଁ,సమర్పించబడలేదు,ಸಲ್ಲಿಸಲಾಗಿಲ್ಲ,சமர்ப்பிக்கப்படவில்லை,સબમિટ કરેલ નથી,جمع نہیں کیا گیا۔,,
AI,,UNDER_AI_EVALUATION,Under AI Evaluation,एआय मूल्यांकन अंतर्गत,एआई मूल्यांकन के तहत,AI ମୂଲ୍ୟାୟନ ଅଧୀନରେ,AI మూల్యాంకనం కింద,AI ಮೌಲ್ಯಮಾಪನದ ಅಡಿಯಲ್ಲಿ,AI மதிப்பீட்டின் கீழ்,AI મૂલ્યાંકન હેઠળ,AI تشخیص کے تحت,,
AI,,AWAITING_YOUR_APPROVAL,Awaiting Your Approval,तुमच्या मंजुरीची वाट पाहत आहे,आपकी स्वीकृति की प्रतीक्षा है,ଆପଣଙ୍କ ଅନୁମୋଦନର ଅପେକ୍ଷାରେ,మీ ఆమోదం కోసం వేచి ఉంది,ನಿಮ್ಮ ಅನುಮೋದನೆಗಾಗಿ ಕಾಯಲಾಗುತ್ತಿದೆ,உங்கள் ஒப்புதலுக்காக காத்திருக்கிறது,તમારી મંજૂરીની રાહ જોઈ રહ્યા છીએ,آپ کی منظوری کا انتظار ہے۔,,
AI,,MARKS_APPROVED,Marks Approved,मंजूर गुण,स्वीकृत चिह्न,ଅନୁମୋଦିତ ଚିହ୍ନ,ఆమోదించబడిన మార్కులు,ಅನುಮೋದಿತ ಅಂಕಗಳು,அங்கீகரிக்கப்பட்ட மதிப்பெண்கள்,મંજૂર થયેલા ગુણ,منظور شدہ نشانات,,
AI,,MARKS_APPROVED_SCORE,Marks approved: {{score}}/{{maxScore}},मंजूर गुण: {{score}}/{{maxScore}},स्वीकृत अंक: {{score}}/{{maxScore}},ଅନୁମୋଦିତ ମାର୍କ: {{score}}/{{maxScore}},ఆమోదించబడిన మార్కులు: {{score}}/{{maxScore}},ಅನುಮೋದಿತ ಅಂಕಗಳು: {{score}}/{{maxScore}},அங்கீகரிக்கப்பட்ட மதிப்பெண்கள்: {{score}}/{{maxScore}},મંજૂર થયેલા ગુણ: {{score}}/{{maxScore}},منظور شدہ نشانات: {{score}}/{{maxScore}},,
AI,,APPROVED_ON,Approved on: {{date}},मंजूरी: {{date}},दिनांक: {{date}},ଅନୁମୋଦନ ହୋଇଥିବା ତାରିଖ: {{date}},ఆమోదించబడిన తేదీ: {{date}},ಅನುಮೋದಿಸಲಾದ ದಿನಾಂಕ: {{date}},அங்கீகரிக்கப்பட்ட தேதி: {{date}},મંજૂર તારીખ: {{date}},منظور شدہ تاریخ: {{date}},,
AI,,UPLOADED_ON,Uploaded on: {{date}},अपलोड केले: {{date}},अपलोड तिथि: {{date}},ଅପଲୋଡ୍ କରାଯାଇଛି: {{date}},అప్‌లోడ్ చేసిన తేదీ: {{date}},ಅಪ್‌ಲೋಡ್ ಮಾಡಿದ ದಿನಾಂಕ: {{date}},பதிவேற்றப்பட்டது: {{date}},અપલોડ કર્યાની તારીખ: {{date}},اپ لوڈ کی تاریخ: {{date}},,
AI,,NO_LEARNERS_FOUND_SEARCH,No learners found matching your search.,तुमच्या शोधाशी जुळणारे कोणतेही शिकणारे आढळले नाहीत.,आपकी खोज से मेल खाने वाले कोई शिक्षार्थी नहीं मिले।,ଆପଣଙ୍କ ସନ୍ଧାନ ସହିତ ମେଳ ଖାଉଥିବା କୌଣସି ଶିକ୍ଷାର୍ଥୀ ମିଳିଲେ ନାହିଁ।,మీ శోధనకు సరిపోయే అభ్యాసకులు ఎవరూ కనుగొనబడలేదు.,ನಿಮ್ಮ ಹುಡುಕಾಟಕ್ಕೆ ಹೊಂದಿಕೆಯಾಗುವ ಯಾವುದೇ ಕಲಿಯುವವರು ಕಂಡುಬಂದಿಲ್ಲ.,உங்கள் தேடலுடன் பொருந்தக்கூடிய மாணவர்கள் யாரும் கிடைக்கவில்லை.,તમારી શોધ સાથે મેળ ખાતા કોઈ લર્નર મળ્યા નથી.,آپ کی تلاش سے مماثل کوئی سیکھنے والا نہیں ملا۔,,
AI,,NO_LEARNERS_FOUND,No learners found,कोणतेही शिकणारे आढळले नाहीत.,कोई शिक्षार्थी नहीं मिला,କୌଣସି ଶିକ୍ଷାର୍ଥୀ ମିଳିଲେ ନାହିଁ,అభ్యాసకులు ఎవరూ కనుగొనబడలేదు,ಕಲಿಯುವವರು ಕಂಡುಬಂದಿಲ್ಲ,மாணவர்கள் யாரும் இல்லை.,કોઈ લર્નર મળ્યા નથી,آپ کی تلاش سے مماثل کوئی سیکھنے والا نہیں ملا۔,,
AI,,DOWNLOADING,Downloading...,डाउनलोड करत आहे...,डाउनलोड हो रहा है...,ଡାଉନଲୋଡ୍ ହେଉଛି...,డౌన్‌లోడ్ చేస్తోంది...,ಡೌನ್‌ಲೋಡ್ ಮಾಡಲಾಗುತ್ತಿದೆ...,பதிவிறக்குகிறது...,ડાઉનલોડ કરી રહ્યું છે...,ڈاؤن لوڈ ہو رہا ہے...,,
AI,,QUESTION_PAPER,Question Paper,प्रश्नपत्रिका,प्रश्न पत्र,ପ୍ରଶ୍ନପତ୍ର,ప్రశ్నపత్రం,ಪ್ರಶ್ನೆ ಪತ್ರಿಕೆ,வினாத்தாள்,પ્રશ્નપત્ર,سوالیہ پرچہ,,
AI,,ASSESSMENT,Assessment,मूल्यांकन,आकलन,ମୂଲ୍ୟାଙ୍କନ,మూల్యాంకనం,ಮೌಲ್ಯಮಾಪನ,மதிப்பீடு,મૂલ્યાંકન ,تشخیص,,
AI,,ASSESSMENT_DESCRIPTION,Assessment Description,मूल्यांकन वर्णन,मूल्यांकन विवरण,ମୂଲ୍ୟାଙ୍କନ ବର୍ଣ୍ଣନା,అసెస్‌మెంట్ వివరణ,ಮೌಲ್ಯಮಾಪನ ವಿವರಣೆ,மதிப்பீட்டு விளக்கம்,મૂલ્યાંકન વર્ણન,تشخیص کی تفصیل,,
AI,,GENERAL,General,सामान्य,सामान्य,ସାଧାରଣ,జనరల్,ಜನರಲ್,பொது,જનરલ,عام,,
AI,,NOT_SPECIFIED,Not specified,निर्दिष्ट नाही,निर्दिष्ट नहीं है,ନିର୍ଦ୍ଦିଷ୍ଟ ନୁହେଁ,పేర్కొనబడలేదు,ನಿರ್ದಿಷ್ಟಪಡಿಸಲಾಗಿಲ್ಲ,குறிப்பிடப்படவில்லை,ઉલ્લેખિત નથી,متعین نہیں ہے۔,,
AI,,UNKNOWN_LEARNER,Unknown Learner,अज्ञात शिकणारा,अज्ञात शिक्षार्थी,ଅଜଣା ଶିକ୍ଷାର୍ଥୀ,తెలియని అభ్యాసకుడు,ಅಪರಿಚಿತ ಕಲಿಯುವವರು,தெரியாத கற்றவர்,અજાણ્યો લર્નર ,نامعلوم طلباء,,
AI,,SORT_BY_STATUS,Sort by Status,स्थितीनुसार क्रमवारी लावा,स्थिति के अनुसार क्रमबद्ध करें,ସ୍ଥିତି ଅନୁସାରେ ସଜାନ୍ତୁ,స్థితి ఆధారంగా క్రమబద్ధీకరించు,ಸ್ಥಿತಿಯ ಪ್ರಕಾರ ವಿಂಗಡಿಸಿ,நிலைப்படி வரிசைப்படுத்து,સ્થિતિ દ્વારા સૉર્ટ કરો,حیثیت کے لحاظ سے ترتیب دیں۔,,
AI,,LEARNERS_COUNT,{{count}} of {{total}} Learners,{{एकूण}} विद्यार्थ्यांपैकी {{गणना}},कुल शिक्षार्थियों की संख्या ({count}}),{{ମୋଟ}} ଶିକ୍ଷାର୍ଥୀଙ୍କ ମଧ୍ୟରୁ {{ଗଣନା}},{{మొత్తం}} మంది అభ్యాసకులలో {{count}},{{ಒಟ್ಟು}} ಕಲಿಯುವವರಲ್ಲಿ {{ಎಣಿಕೆ}},{{மொத்தம்}} மாணவர்களில் {{எண்ணிக்கை}},{{કુલ}} લર્નરમાંથી {{ગણતરી}},{{total}}طلباء میں سے {{count}},,
AI,,NO_LEARNERS_FOUND_MATCHING_SEARCH,No learners found matching your search.,तुमच्या शोधाशी जुळणारे कोणतेही शिकणारे आढळले नाहीत.,आपकी खोज से मेल खाने वाले कोई शिक्षार्थी नहीं मिले।,ଆପଣଙ୍କ ସନ୍ଧାନ ସହିତ ମେଳ ଖାଉଥିବା କୌଣସି ଶିକ୍ଷାର୍ଥୀ ମିଳିଲେ ନାହିଁ।,మీ శోధనకు సరిపోయే అభ్యాసకులు ఎవరూ కనుగొనబడలేదు.,ನಿಮ್ಮ ಹುಡುಕಾಟಕ್ಕೆ ಹೊಂದಿಕೆಯಾಗುವ ಯಾವುದೇ ಕಲಿಯುವವರು ಕಂಡುಬಂದಿಲ್ಲ.,உங்கள் தேடலுடன் பொருந்தக்கூடிய மாணவர்கள் யாரும் கிடைக்கவில்லை.,તમારી શોધ સાથે મેળ ખાતા કોઈ લર્નર મળ્યા નથી.,آپ کی تلاش سے مماثل کوئی طلباء نہیں ملا۔,,
AI,,OFFLINE_ASSESSMENT,Offline Assessment,ऑफलाइन मूल्यांकन,ऑफ़लाइन मूल्यांकन,ଅଫ୍‌ଲାଇନ୍ ମୂଲ୍ୟାଙ୍କନ,ఆఫ్‌లైన్ అసెస్‌మెంట్,ಆಫ್‌ಲೈನ್ ಮೌಲ್ಯಮಾಪನ,ஆஃப்லைன் மதிப்பீடு,ઑફલાઇન મૂલ્યાંકન,آف لائن تشخیص,,
AI,,DOWNLOAD_ASSESSMENT_MESSAGE,This assessment contains Long/Short Answer questions. Would you like to download the offline question paper?,या मूल्यांकनात दीर्घ/लघु उत्तरांचे प्रश्न आहेत. तुम्हाला ऑफलाइन प्रश्नपत्रिका डाउनलोड करायची आहे का?,इस मूल्यांकन में लंबे/छोटे उत्तर वाले प्रश्न हैं। क्या आप ऑफ़लाइन प्रश्न पत्र डाउनलोड करना चाहेंगे?,ଏହି ମୂଲ୍ୟାଙ୍କନରେ ଲମ୍ବା/ସଂକ୍ଷିପ୍ତ ଉତ୍ତର ପ୍ରଶ୍ନ ଅଛି। ଆପଣ କ’ଣ ଅଫଲାଇନ୍ ପ୍ରଶ୍ନପତ୍ର ଡାଉନଲୋଡ୍ କରିବାକୁ ଚାହାଁନ୍ତି?,ఈ మూల్యాంకనంలో దీర్ఘ/సంక్షిప్త సమాధాన ప్రశ్నలు ఉంటాయి. మీరు ఆఫ్‌లైన్ ప్రశ్నపత్రాన్ని డౌన్‌లోడ్ చేసుకోవాలనుకుంటున్నారా?,ಈ ಮೌಲ್ಯಮಾಪನವು ದೀರ್ಘ/ಸಣ್ಣ ಉತ್ತರ ಪ್ರಶ್ನೆಗಳನ್ನು ಒಳಗೊಂಡಿದೆ. ನೀವು ಆಫ್‌ಲೈನ್ ಪ್ರಶ್ನೆ ಪತ್ರಿಕೆಯನ್ನು ಡೌನ್‌ಲೋಡ್ ಮಾಡಲು ಬಯಸುವಿರಾ?,இந்த மதிப்பீட்டில் நீண்ட/குறுகிய பதில் கேள்விகள் உள்ளன. ஆஃப்லைன் வினாத்தாளை பதிவிறக்கம் செய்ய விரும்புகிறீர்களா?,આ મૂલ્યાંકનમાં લાંબા/ટૂંકા જવાબના પ્રશ્નો છે. શું તમે ઑફલાઇન પ્રશ્નપત્ર ડાઉનલોડ કરવા માંગો છો?,اس تشخیص میں طویل/مختصر جوابات کے سوالات شامل ہیں۔ کیا آپ آف لائن سوالیہ پرچہ ڈاؤن لوڈ کرنا چاہیں گے؟,,
AI,,ENROLLMENT_ID,Enrollment ID,नोंदणी आयडी,नामांकन आईडी,ପଞ୍ଜିକରଣ ID,నమోదు ID,ನೋಂದಣಿ ಐಡಿ,பதிவு ஐடி,નોંધણી ID,اندراج کی شناخت,,
AI,,UPLOAD,Upload,अपलोड करा,अपलोड करें,ଅପଲୋଡ୍ କରନ୍ତୁ,అప్‌లోడ్ చేయండి,ಅಪ್‌ಲೋಡ್ ಮಾಡಿ,பதிவேற்று,અપલોડ કરો,اپ لوڈ کریں۔,,
AI,,NO_IMAGES_UPLOADED_YET,No images uploaded yet,अद्याप कोणत्याही प्रतिमा अपलोड केलेल्या नाहीत.,अभी तक कोई इमेज अपलोड नहीं की गई है,ଏପର୍ଯ୍ୟନ୍ତ କୌଣସି ଛବି ଅପଲୋଡ୍ ହୋଇନାହିଁ,ఇంకా చిత్రాలు ఏవీ అప్‌లోడ్ కాలేదు.,ಇನ್ನೂ ಯಾವುದೇ ಚಿತ್ರಗಳನ್ನು ಅಪ್‌ಲೋಡ್ ಮಾಡಿಲ್ಲ.,இதுவரை படங்கள் எதுவும் பதிவேற்றப்படவில்லை.,હજુ સુધી કોઈ ઇમેજ અપલોડ કરવામાં આવી નથી.,ابھی تک کوئی تصویر اپ لوڈ نہیں ہوئی۔,,
AI,,PLEASE_UPLOAD_ASSESSMENT_IMAGES,Please upload assessment images to begin,सुरुवात करण्यासाठी कृपया मूल्यांकन प्रतिमा अपलोड करा.,कृपया मूल्यांकन की तस्वीरें अपलोड करें।,ଆରମ୍ଭ କରିବା ପାଇଁ ଦୟାକରି ମୂଲ୍ୟାଙ୍କନ ପ୍ରତିଛବି ଅପଲୋଡ୍ କରନ୍ତୁ।,ప్రారంభించడానికి దయచేసి అసెస్‌మెంట్ చిత్రాలను అప్‌లోడ్ చేయండి.,ಪ್ರಾರಂಭಿಸಲು ದಯವಿಟ್ಟು ಮೌಲ್ಯಮಾಪನ ಚಿತ್ರಗಳನ್ನು ಅಪ್‌ಲೋಡ್ ಮಾಡಿ.,தொடங்குவதற்கு மதிப்பீட்டுப் படங்களைப் பதிவேற்றவும்.,શરૂ કરવા માટે કૃપા કરીને મૂલ્યાંકન ઇમેજ અપલોડ કરો.,براہ کرم شروع کرنے کے لیے تشخیصی تصاویر اپ لوڈ کریں۔,,
AI,,ASSESSMENT_SHEETS,Assessment Sheets,मूल्यांकन पत्रके,मूल्यांकन पत्रक,ମୂଲ୍ୟାଙ୍କନ ସିଟ୍ସ,అసెస్‌మెంట్ షీట్లు,ಮೌಲ್ಯಮಾಪನ ಹಾಳೆಗಳು,மதிப்பீட்டுத் தாள்கள்,આકારણી શીટ્સ,تشخیصی شیٹس,,
AI,,FORMAT_JPG_SIZE_5MB_UP_TO_4_IMAGES,"* Format: jpg, jpeg. Size: 5 MB Up to 4 images","* स्वरूप: jpg, jpeg. आकार: ५ MB ४ प्रतिमांपर्यंत","* फॉर्मेट: jpg, jpeg. साइज़: 5 MB. अधिकतम 4 इमेज","* ଫର୍ମାଟ୍: jpg, jpeg। ଆକାର: 5 MB 4ଟି ଛବି ପର୍ଯ୍ୟନ୍ତ","* ఫార్మాట్: jpg, jpeg. పరిమాణం: 5 MB 4 చిత్రాల వరకు","* ಸ್ವರೂಪ: jpg, jpeg. ಗಾತ್ರ: 5 MB 4 ಚಿತ್ರಗಳವರೆಗೆ","* வடிவம்: jpg, jpeg. அளவு: 5 MB 4 படங்கள் வரை","* ફોર્મેટ: jpg, jpeg. કદ: 5 MB 4 ઇમેજ સુધી",* فارمیٹ: jpg، jpeg. سائز: 5 ایم بی 4 تصاویر تک,,
AI,,PLACE_PAPER_ON_FLAT_CLEAN_SURFACE,"• Place the piece of paper on a flat, clean surface","• कागदाचा तुकडा सपाट, स्वच्छ पृष्ठभागावर ठेवा.","• कागज के टुकड़े को एक समतल, साफ सतह पर रखें।","• କାଗଜ ଖଣ୍ଡକୁ ଏକ ସମତଳ, ସଫା ପୃଷ୍ଠରେ ରଖନ୍ତୁ।","• కాగితపు ముక్కను చదునైన, శుభ్రమైన ఉపరితలంపై ఉంచండి.","• ಕಾಗದದ ತುಂಡನ್ನು ಸಮತಟ್ಟಾದ, ಸ್ವಚ್ಛವಾದ ಮೇಲ್ಮೈ ಮೇಲೆ ಇರಿಸಿ.","• காகிதத் துண்டை ஒரு தட்டையான, சுத்தமான மேற்பரப்பில் வைக்கவும்.","• કાગળનો ટુકડો સપાટ, સ્વચ્છ સપાટી પર મૂકો.",• کاغذ کے ٹکڑے کو چپٹی، صاف سطح پر رکھیں,,
AI,,HOLD_PHONE_STRAIGHT_ABOVE_PAPER,• Hold the phone straight above the piece of paper,• फोन कागदाच्या तुकड्याच्या वर सरळ धरा,• फोन को कागज के टुकड़े के ठीक ऊपर सीधा पकड़ें।,• ଫୋନ୍‌କୁ କାଗଜ ଖଣ୍ଡ ଉପରେ ସିଧା ଧରନ୍ତୁ।,• కాగితం ముక్క పైన ఫోన్‌ను నేరుగా పట్టుకోండి,• ಫೋನ್ ಅನ್ನು ಕಾಗದದ ತುಂಡಿನ ಮೇಲೆ ನೇರವಾಗಿ ಹಿಡಿದುಕೊಳ್ಳಿ,• காகிதத் துண்டின் மேலே தொலைபேசியை நேராகப் பிடிக்கவும்.,• ફોનને કાગળના ટુકડાની ઉપર સીધો પકડી રાખો,• فون کو کاغذ کے ٹکڑے کے اوپر سیدھا پکڑیں۔,,
AI,,ENSURE_GOOD_LIGHTING_AVOID_SHADOWS,• Ensure good lighting and avoid shadows or glare,• चांगला प्रकाश सुनिश्चित करा आणि सावल्या किंवा चमक टाळा.,• पर्याप्त रोशनी सुनिश्चित करें और छाया या चकाचौंध से बचें।,• ଭଲ ଆଲୋକୀକରଣ ସୁନିଶ୍ଚିତ କରନ୍ତୁ ଏବଂ ଛାଇ କିମ୍ବା ଚମକ ଏଡାନ୍ତୁ।,• మంచి లైటింగ్ ఉండేలా చూసుకోండి మరియు నీడలు లేదా కాంతిని నివారించండి,• ಉತ್ತಮ ಬೆಳಕನ್ನು ಖಚಿತಪಡಿಸಿಕೊಳ್ಳಿ ಮತ್ತು ನೆರಳುಗಳು ಅಥವಾ ಪ್ರಜ್ವಲಿಸುವಿಕೆಯನ್ನು ತಪ್ಪಿಸಿ,"• நல்ல வெளிச்சத்தை உறுதிசெய்து, நிழல்கள் அல்லது கண்ணை கூசுவதைத் தவிர்க்கவும்.",• સારી લાઇટિંગ સુનિશ્ચિત કરો અને પડછાયા કે ઝગઝગાટ ટાળો,• اچھی روشنی کو یقینی بنائیں اور سائے یا چکاچوند سے بچیں۔,,
AI,,ENSURE_ALL_TEXT_CLEAR_VISIBLE,• Ensure all text is clear and fully visible,• सर्व मजकूर स्पष्ट आणि पूर्णपणे दृश्यमान असल्याची खात्री करा.,• सुनिश्चित करें कि सभी टेक्स्ट स्पष्ट और पूरी तरह से दिखाई दे।,• ସମସ୍ତ ପାଠ୍ୟ ସ୍ପଷ୍ଟ ଏବଂ ସମ୍ପୂର୍ଣ୍ଣ ଦୃଶ୍ୟମାନ ହେବା ନିଶ୍ଚିତ କରନ୍ତୁ।,• అన్ని వచనాలు స్పష్టంగా మరియు పూర్తిగా కనిపించేలా చూసుకోండి,• ಎಲ್ಲಾ ಪಠ್ಯವು ಸ್ಪಷ್ಟವಾಗಿದೆ ಮತ್ತು ಸಂಪೂರ್ಣವಾಗಿ ಗೋಚರಿಸುತ್ತದೆ ಎಂದು ಖಚಿತಪಡಿಸಿಕೊಳ್ಳಿ,• அனைத்து உரையும் தெளிவாகவும் முழுமையாகவும் தெரியும்படி உறுதி செய்யவும்.,• ખાતરી કરો કે બધો ટેક્સ્ટ સ્પષ્ટ અને સંપૂર્ણપણે દેખાય છે,اس بات کو یقینی بنائیں کہ تمام متن واضح اور مکمل طور پر دکھائی دے رہا ہے۔,,
AI,,CLICK_IMAGE_AND_UPLOAD_TO_PORTAL,• Click an image and upload to the portal,• एका प्रतिमेवर क्लिक करा आणि पोर्टलवर अपलोड करा.,• एक छवि पर क्लिक करें और उसे पोर्टल पर अपलोड करें।,• ଏକ ପ୍ରତିଛବିକୁ କ୍ଲିକ୍ କରନ୍ତୁ ଏବଂ ପୋର୍ଟାଲରେ ଅପଲୋଡ୍ କରନ୍ତୁ,• ఒక చిత్రంపై క్లిక్ చేసి పోర్టల్‌కు అప్‌లోడ్ చేయండి.,• ಚಿತ್ರವನ್ನು ಕ್ಲಿಕ್ ಮಾಡಿ ಮತ್ತು ಪೋರ್ಟಲ್‌ಗೆ ಅಪ್‌ಲೋಡ್ ಮಾಡಿ,• ஒரு படத்தைக் கிளிக் செய்து போர்ட்டலில் பதிவேற்றவும்.,• એક ઇમેજ પર ક્લિક કરો અને પોર્ટલ પર અપલોડ કરો,• تصویر پر کلک کریں اور پورٹل پر اپ لوڈ کریں۔,,
AI,,IF_ANSWER_SHEET_MULTIPLE_PAGES,"• If the answer sheet has multiple pages, take a picture of each page separately and upload",• जर उत्तरपत्रिकेत अनेक पाने असतील तर प्रत्येक पानाचा स्वतंत्रपणे फोटो काढा आणि अपलोड करा.,"• यदि उत्तर पुस्तिका में कई पृष्ठ हैं, तो प्रत्येक पृष्ठ की अलग-अलग तस्वीर लें और अपलोड करें।","• ଯଦି ଉତ୍ତର ପତ୍ରରେ ଏକାଧିକ ପୃଷ୍ଠା ଅଛି, ତେବେ ପ୍ରତ୍ୟେକ ପୃଷ୍ଠାର ଏକ ଫଟୋ ପୃଥକ ଭାବରେ ଉଠାନ୍ତୁ ଏବଂ ଅପଲୋଡ୍ କରନ୍ତୁ।","• సమాధాన పత్రంలో బహుళ పేజీలు ఉంటే, ప్రతి పేజీ యొక్క చిత్రాన్ని విడిగా తీసి అప్‌లోడ్ చేయండి.","• ಉತ್ತರ ಪತ್ರಿಕೆಯು ಬಹು ಪುಟಗಳನ್ನು ಹೊಂದಿದ್ದರೆ, ಪ್ರತಿ ಪುಟದ ಚಿತ್ರವನ್ನು ಪ್ರತ್ಯೇಕವಾಗಿ ತೆಗೆದುಕೊಂಡು ಅಪ್‌ಲೋಡ್ ಮಾಡಿ.","• விடைத்தாளில் பல பக்கங்கள் இருந்தால், ஒவ்வொரு பக்கத்தையும் தனித்தனியாக படம் எடுத்து பதிவேற்றவும்.","• જો જવાબવહીમાં વધુ પાનાં હોય, તો દરેક પાનાંનો અલગથી ફોટો લો અને અપલોડ કરો.",• اگر جوابی شیٹ میں متعدد صفحات ہیں، تو ہر صفحے کی الگ تصویر لیں اور اپ لوڈ کریں۔,,
AI,,READ_LESS,Read Less,कमी वाचा,कम पढ़ें,କମ୍ ପଢ଼ନ୍ତୁ,తక్కువ చదవండి,ಕಡಿಮೆ ಓದಿ,குறைவாகப் படிக்க,ઓછું વાંચો,کم پڑھیں,,
AI,,READ_MORE,Read More,पुढे वाचा,और पढ़ें,ଅଧିକ ପଢ଼ନ୍ତୁ,ఇంకా చదవండి,ಮತ್ತಷ್ಟು ಓದು,மேலும் படிக்க,વધારે વાચો,مزید پڑھیں,,
ASSESSMENTS,,ASSESSMENTS,Assessments,मूल्यांकने,आकलन,ମୂଲ୍ୟାଙ୍କନ,మూల్యాంకనాలు,ಮೌಲ್ಯಮಾಪನಗಳು,மதிப்பீடுகள்,મૂલ્યાંકનો,تشخیصات,,
ASSESSMENTS,,AI_ASSESSMENT,AI Assessment,एआय मूल्यांकन,एआई मूल्यांकन,AI ମୂଲ୍ୟାଙ୍କନ,AI అసెస్‌మెంట్,AI ಮೌಲ್ಯಮಾಪನ,AI மதிப்பீடு,AI મૂલ્યાંકન ,AI تشخیص,,
ASSESSMENTS,,ASSESSMENT_LIST,Assessment List,मूल्यांकन यादी,मूल्यांकन सूची,ମୂଲ୍ୟାଙ୍କନ ତାଲିକା,అసెస్‌మెంట్ జాబితా,ಮೌಲ್ಯಮಾಪನ ಪಟ್ಟಿ,மதிப்பீட்டுப் பட்டியல்,મૂલ્યાંકન યાદી,تشخیص کی فہرست,,
ASSESSMENTS,,AI_ASSESSMENT_LIST,AI Assessment List,एआय मूल्यांकन यादी,एआई मूल्यांकन सूची,AI ମୂଲ୍ୟାଙ୍କନ ତାଲିକା,AI అసెస్‌మెంట్ జాబితా,AI ಮೌಲ್ಯಮಾಪನ ಪಟ್ಟಿ,AI மதிப்பீட்டுப் பட்டியல்,AI મૂલ્યાંકન યાદી,AI تشخیص کی فہرست,,
ASSESSMENTS,,CENTER,Center,केंद्र,केंद्र,କେନ୍ଦ୍ର,కేంద్రం,ಸೆಂಟರ್ ,மையம்,સેન્ટર ,سینٹر,,
ASSESSMENTS,,ASSESSMENT_TYPE,Assessment Type,मूल्यांकन प्रकार,मूल्यांकन प्रकार,ମୂଲ୍ୟାଙ୍କନ ପ୍ରକାର,మూల్యాంకనం రకం,ಮೌಲ್ಯಮಾಪನ ಪ್ರಕಾರ,மதிப்பீட்டு வகை,મૂલ્યાંકનનો પ્રકાર ,تشخیص کی قسم,,
ASSESSMENTS,,COMPLETED_THE_ASSESSMENT,completed the assessment,मूल्यांकन पूर्ण केले,मूल्यांकन पूरा हो गया,ମୂଲ୍ୟାଙ୍କନ ସମାପ୍ତ କରିଛି,మూల్యాంకనం  ను పూర్తి చేసారు.,ಮೌಲ್ಯಮಾಪನವನ್ನು ಪೂರ್ಣಗೊಳಿಸಿದೆ,மதிப்பீட்டை முடித்தார்,મૂલ્યાંકન પૂર્ણ થયું ,تشخیص مکمل کیا,,
ASSESSMENTS,,SUBMITTED_ON,Submitted On,सबमिट केले,प्रस्तुत किया गया,ଦାଖଲ କରାଯାଇଥିବା ତାରିଖ,సమర్పించబడిన తేదీ,ಸಲ್ಲಿಸಲಾಗಿದೆ,சமர்ப்பிக்கப்பட்டது,સબમિટ કર્યાના રોજ,پر جمع کرایا,,
ASSESSMENTS,,CORRECT_ANSWER,correct answers,बरोबर उत्तरे,सही उत्तर,ସଠିକ୍ ଉତ୍ତର,సరైన సమాధానాలు,ಸರಿಯಾದ ಉತ್ತರಗಳು,சரியான பதில்கள்,સાચા જવાબો,درست جوابات,,
ASSESSMENTS,,NO_DATA_FOUND,No data found,कोणताही डेटा आढळला नाही.,डाटा प्राप्त नहीं हुआ,କୌଣସି ଡାଟା ମିଳିଲା ନାହିଁ,డేటా కనుగొనబడలేదు,ಯಾವುದೇ ಡೇಟಾ ಕಂಡುಬಂದಿಲ್ಲ.,தரவு எதுவும் கிடைக்கவில்லை.,કોઈ ડેટા મળ્યો નથી.,کوئی ڈیٹا نہیں ملا,,
ASSESSMENTS,,SEARCH_STUDENT,Search student,विद्यार्थी शोधा,छात्र खोजें,ବିଦ୍ୟାର୍ଥୀଙ୍କୁ ଖୋଜନ୍ତୁ,విద్యార్థిని శోధించు,ವಿದ್ಯಾರ್ಥಿಯನ್ನು ಹುಡುಕಿ,மாணவரைத் தேடு,વિદ્યાર્થી શોધો,طالب علم تلاش کریں۔,,
ASSESSMENTS,,NO_ASSESSMENTS_FOUND,No assessments found,कोणतेही मूल्यांकन आढळले नाही.,कोई मूल्यांकन नहीं मिला,କୌଣସି ମୂଲ୍ୟାଙ୍କନ ମିଳିଲା ନାହିଁ,అంచనాలు ఏవీ కనుగొనబడలేదు.,ಯಾವುದೇ ಮೌಲ್ಯಮಾಪನಗಳು ಕಂಡುಬಂದಿಲ್ಲ.,மதிப்பீடுகள் எதுவும் கிடைக்கவில்லை.,કોઈ મૂલ્યાંકન મળ્યું નથી,کوئی تشخیص نہیں ملا,,
ASSESSMENTS,,ASSESSMENTS_FOUND,{{count}} assessment found,{{count}} मूल्यांकन आढळले,{{count}} मूल्यांकन में पाया गया,{{count}} ମୂଲ୍ୟାଙ୍କନ ମିଳିଲା,{{count}} అంచనా కనుగొనబడింది,{{count}} ಮೌಲ್ಯಮಾಪನ ಕಂಡುಬಂದಿದೆ,{{count}} மதிப்பீடு கண்டறியப்பட்டது,{{count}} મૂલ્યાંકન મળ્યું,{{count}} تشخیص ملا,,
ASSESSMENTS,,ASSESSMENT_STATUS,Assessment Status,मूल्यांकन स्थिती,मूल्यांकन स्थिति,ମୂଲ୍ୟାଙ୍କନ ସ୍ଥିତି,అసెస్‌మెంట్ స్థితి,ಮೌಲ್ಯಮಾಪನ ಸ್ಥಿತಿ,மதிப்பீட்டு நிலை,મૂલ્યાંકન સ્થિતિ ,تشخیص کی حیثیت,,
ASSESSMENTS,,NOT_STARTED,Not Started,सुरू झाले नाही,शुरू नहीं,ଆରମ୍ଭ ହୋଇନାହିଁ,ప్రారంభించలేదు,ಪ್ರಾರಂಭಿಸಲಾಗಿಲ್ಲ,தொடங்கப்படவில்லை,શરૂ થયું નથી,شروع نہیں ہوا۔,,
ASSESSMENTS,,IN_PROGRESS,In Progress,प्रगतीपथावर,प्रगति पर है,ପ୍ରଗତିରେ ଅଛି,కొనసాగుతోంది,ಪ್ರಗತಿಯಲ್ಲಿದೆ,செயல்பாட்டில் உள்ளது,પ્રગતિમાં છે,جاری ہے۔,,
ASSESSMENTS,,COMPLETED,Completed,पूर्ण झाले,पुरा होना।,ସମାପ୍ତ ହୋଇଛି,పూర్తయింది,ಪೂರ್ಣಗೊಂಡಿದೆ,முடிந்தது,પૂર્ણ,مکمل,,
ASSESSMENTS,,MARKS_OBTAINED,Marks Obtained,मिळालेले गुण,अंक प्राप्त की,ପ୍ରାପ୍ତ ମାର୍କ,పొందిన మార్కులు,ಪಡೆದ ಅಂಕಗಳು,பெற்ற மதிப்பெண்கள்,મેળવેલા ગુણ,حاصل کردہ نشانات,,
ASSESSMENTS,,OVERALL_SCORE,Overall Score,एकूण धावसंख्या,समग्र प्राप्तांक,ମୋଟ ସ୍କୋର୍,మొత్తం స్కోరు,ಒಟ್ಟಾರೆ ಅಂಕ,ஒட்டுமொத்த மதிப்பெண்,કુલ સ્કોર,مجموعی اسکور,,
ASSESSMENTS,,ASSESSMENT_NOT_STARTED_YET,Assessment not started yet,मूल्यांकन अद्याप सुरू झालेले नाही,मूल्यांकन अभी शुरू नहीं हुआ है,ମୂଲ୍ୟାଙ୍କନ ଏପର୍ଯ୍ୟନ୍ତ ଆରମ୍ଭ ହୋଇନାହିଁ,మూల్యాంకనం ఇంకా ప్రారంభం కాలేదు,ಮೌಲ್ಯಮಾಪನ ಇನ್ನೂ ಪ್ರಾರಂಭವಾಗಿಲ್ಲ.,மதிப்பீடு இன்னும் தொடங்கவில்லை.,મૂલ્યાંકન હજુ શરૂ થયું નથી,تشخیص ابھی شروع نہیں ہوا۔,,
ASSESSMENTS,,NUMBER_OUT_OF_COMPLETED,{{completedCount}} out of {{totalCount}} completed,{{totalCount}} पैकी {{completedCount}} पूर्ण झाले,{{totalCount}} में से {{completedCount}} पूरे हो गए,{{totalCount}} ମଧ୍ୟରୁ {{completedCount}}ଟି ସମ୍ପୂର୍ଣ୍ଣ ହୋଇଛି,{{totalCount}} లో {{completedCount}} పూర్తయ్యాయి,{{totalCount}} ರಲ್ಲಿ {{completedCount}} ಪೂರ್ಣಗೊಂಡಿದೆ,{{totalCount}} இல் {{completedCount}} முடிந்தது,{{totalCount}} માંથી {{completedCount}} પૂર્ણ થયા,{{totalCount}} میں سے {{completedCount}} مکمل ہو گئے۔,,
ASSESSMENTS,,NO_SUBTOPIC_SELECTED,No Subtopic selected,कोणताही उपविषय निवडलेला नाही.,कोई उपविषय चयनित नहीं है,କୌଣସି ଉପବିଷୟ ଚୟନ କରାଯାଇନାହିଁ,ఉప శీర్షిక ఎంచుకోబడలేదు.,ಯಾವುದೇ ಉಪವಿಷಯವನ್ನು ಆಯ್ಕೆ ಮಾಡಲಾಗಿಲ್ಲ.,துணை தலைப்பு எதுவும் தேர்ந்தெடுக்கப்படவில்லை.,કોઈ પેટાવિષય પસંદ કરેલ નથી.,کوئی ذیلی موضوع منتخب نہیں کیا گیا۔,,
ASSESSMENTS,,NO_SUBJECT_FOUND,No Subject found,कोणताही विषय सापडला नाही.,कोई विषय नहीं मिला,କୌଣସି ବିଷୟ ମିଳିଲା ନାହିଁ,ఏ సబ్జెక్టు దొరకలేదు,ಯಾವುದೇ ವಿಷಯ ಕಂಡುಬಂದಿಲ್ಲ,எந்தப் பொருளும் கிடைக்கவில்லை.,કોઈ વિષય મળ્યો નથી,کوئی موضوع نہیں ملا,,
ASSESSMENTS,,NO_ASSIGNED,No assigned,नियुक्त केलेले नाही,कोई आवंटित नहीं,କୌଣସି ଆସାଇନ୍ କରାଯାଇନାହିଁ,కేటాయించబడలేదు,ನಿಯೋಜಿಸಲಾಗಿಲ್ಲ,ஒதுக்கப்படவில்லை,કોઈ અસાઇન થયેલ નથી,کوئی تفویض نہیں کیا گیا۔,,
ASSESSMENTS,,OUT_OF,Out of,पैकी,में से,ମଧ୍ୟରୁ,బయటకు,ಹೊರಗೆ,வெளியே,માંથી,سے باہر,,
ASSESSMENTS,,ASSESSMENT_DETAILS,Assessment Details,मूल्यांकन तपशील,मूल्यांकन विवरण,ମୂଲ୍ୟାଙ୍କନ ବିବରଣୀ,అసెస్‌మెంట్ వివరాలు,ಮೌಲ್ಯಮಾಪನ ವಿವರಗಳು,மதிப்பீட்டு விவரங்கள்,મૂલ્યાંકન વિગતો ,تشخیص کی تفصیلات,,
ASSESSMENTS,,MID_TERM_EXAM,Mid Term Exam,मध्यावधी परीक्षा,अर्धवार्षिक परीक्षायें,ମଧ୍ୟମା ପରୀକ୍ଷା,మిడ్ టర్మ్ పరీక్ష,ಅರ್ಧವಾರ್ಷಿಕ ಪರೀಕ್ಷೆ,இடைநிலைப் தேர்வு,મિડ ટર્મ એક્ઝામ ,مڈ ٹرم امتحان,,
ASSESSMENTS,,MATHEMATICS_ASSESSMENT,Mathematics Assessment - Algebra & Geometry,गणित मूल्यांकन - बीजगणित आणि भूमिती,गणित मूल्यांकन - बीजगणित और ज्यामिति,ଗଣିତ ମୂଲ୍ୟାଙ୍କନ - ବୀଜଗଣିତ ଏବଂ ଜ୍ୟାମିତି,గణిత మూల్యాంకనం - బీజగణితం & జ్యామితి,ಗಣಿತದ ಮೌಲ್ಯಮಾಪನ - ಬೀಜಗಣಿತ ಮತ್ತು ರೇಖಾಗಣಿತ,கணித மதிப்பீடு - இயற்கணிதம் & வடிவியல்,ગણિત મૂલ્યાંકન - બીજગણિત અને ભૂમિતિ,ریاضی کی تشخیص - الجبرا اور جیومیٹری,,
ASSESSMENTS,,SEARCH_LEARNER,Search Learner..,शिकणारा शोधा..,शिक्षार्थी खोजें...,ଶିକ୍ଷାର୍ଥୀ ଖୋଜନ୍ତୁ..,శోధన అభ్యాసకుడు..,ಕಲಿಯುವವರನ್ನು ಹುಡುಕಿ..,மாணவரைத் தேடவும்..,લર્નર શોધો..,طلباء کو تلاش کریں..,,
ASSESSMENTS,,QUESTIONS,Questions,प्रश्न,प्रश्न,ପ୍ରଶ୍ନଗୁଡ଼ିକ,ప్రశ్నలు,ಪ್ರಶ್ನೆಗಳು,கேள்விகள்,પ્રશ્નો,سوالات,,
ASSESSMENTS,,MINUTES,minutes,मिनिटे,मिनट,ମିନିଟ୍,నిమిషాలు,ನಿಮಿಷಗಳು,நிமிடங்கள்,મિનિટ,منٹ,,
ASSESSMENTS,,MINS,mins,मिनिटे,मिनट,ମିନିଟ୍,నిమిషాలు,ನಿಮಿಷಗಳು,நிமிடங்கள்,મિનિટ,منٹ,,
ASSESSMENTS,,MATHEMATICS,Mathematics,गणित,अंक शास्त्र,ଗଣିତ,గణితం,ಗಣಿತ,கணிதம்,ગણિત,ریاضی,,
ASSESSMENTS,,GRADE_10,10th Grade,दहावी इयत्ता,10 वीं कक्षा,ଦଶମ ଶ୍ରେଣୀ,10వ తరగతి,10 ನೇ ತರಗತಿ,10 ஆம் வகுப்பு,૧૦મું ધોરણ,دسویں جماعت,,
ASSESSMENTS,,OFFLINE_ASSESSMENT,Offline Assessment,ऑफलाइन मूल्यांकन,ऑफ़लाइन मूल्यांकन,ଅଫ୍‌ଲାଇନ୍ ମୂଲ୍ୟାଙ୍କନ,ఆఫ్‌లైన్ అసెస్‌మెంట్,ಆಫ್‌ಲೈನ್ ಮೌಲ್ಯಮಾಪನ,ஆஃப்லைன் மதிப்பீடு,ઑફલાઇન મૂલ્યાંકન,آف لائن تشخیص,,
ASSESSMENTS,,DOWNLOAD_ASSESSMENT_MESSAGE,This assessment contains Long/Short Answer questions. Would you like to download the offline question paper?,या मूल्यांकनात दीर्घ/लघु उत्तरांचे प्रश्न आहेत. तुम्हाला ऑफलाइन प्रश्नपत्रिका डाउनलोड करायची आहे का?,इस मूल्यांकन में लंबे/छोटे उत्तर वाले प्रश्न हैं। क्या आप ऑफ़लाइन प्रश्न पत्र डाउनलोड करना चाहेंगे?,ଏହି ମୂଲ୍ୟାଙ୍କନରେ ଲମ୍ବା/ସଂକ୍ଷିପ୍ତ ଉତ୍ତର ପ୍ରଶ୍ନ ଅଛି। ଆପଣ କ’ଣ ଅଫଲାଇନ୍ ପ୍ରଶ୍ନପତ୍ର ଡାଉନଲୋଡ୍ କରିବାକୁ ଚାହାଁନ୍ତି?,ఈ మూల్యాంకనంలో దీర్ఘ/సంక్షిప్త సమాధాన ప్రశ్నలు ఉంటాయి. మీరు ఆఫ్‌లైన్ ప్రశ్నపత్రాన్ని డౌన్‌లోడ్ చేసుకోవాలనుకుంటున్నారా?,ಈ ಮೌಲ್ಯಮಾಪನವು ದೀರ್ಘ/ಸಣ್ಣ ಉತ್ತರ ಪ್ರಶ್ನೆಗಳನ್ನು ಒಳಗೊಂಡಿದೆ. ನೀವು ಆಫ್‌ಲೈನ್ ಪ್ರಶ್ನೆ ಪತ್ರಿಕೆಯನ್ನು ಡೌನ್‌ಲೋಡ್ ಮಾಡಲು ಬಯಸುವಿರಾ?,இந்த மதிப்பீட்டில் நீண்ட/குறுகிய பதில் கேள்விகள் உள்ளன. ஆஃப்லைன் வினாத்தாளை பதிவிறக்கம் செய்ய விரும்புகிறீர்களா?,આ મૂલ્યાંકનમાં લાંબા/ટૂંકા જવાબના પ્રશ્નો છે. શું તમે ઑફલાઇન પ્રશ્નપત્ર ડાઉનલોડ કરવા માંગો છો?,اس تشخیص میں طویل/مختصر جوابات کے سوالات شامل ہیں۔ کیا آپ آف لائن سوالیہ پرچہ ڈاؤن لوڈ کرنا چاہیں گے؟,,
ASSESSMENTS,,DOWNLOAD,Download,डाउनलोड करा,डाउनलोड करना,ଡାଉନଲୋଡ୍ କରନ୍ତୁ,డౌన్‌లోడ్ చేయండి,ಡೌನ್‌ಲೋಡ್ ಮಾಡಿ,பதிவிறக்கவும்,ડાઉનલોડ કરો,ڈاؤن لوڈ کریں۔,,
ASSESSMENTS,,DOWNLOAD_SUCCESS,Question paper downloaded successfully,प्रश्नपत्रिका यशस्वीरित्या डाउनलोड केली.,प्रश्न पत्र सफलतापूर्वक डाउनलोड हो गया।,ପ୍ରଶ୍ନପତ୍ର ସଫଳତାର ସହ ଡାଉନଲୋଡ୍ ହୋଇଛି,ప్రశ్నపత్రం విజయవంతంగా డౌన్‌లోడ్ చేయబడింది.,ಪ್ರಶ್ನೆ ಪತ್ರಿಕೆಯನ್ನು ಯಶಸ್ವಿಯಾಗಿ ಡೌನ್‌ಲೋಡ್ ಮಾಡಲಾಗಿದೆ.,வினாத்தாள் வெற்றிகரமாக பதிவிறக்கம் செய்யப்பட்டது.,પ્રશ્નપત્ર સફળતાપૂર્વક ડાઉનલોડ થયું,سوالیہ پرچہ کامیابی کے ساتھ ڈاؤن لوڈ ہو گیا۔,,
ASSESSMENTS,,CANCEL,Cancel,रद्द करा,रद्द करना,ବାତିଲ କରନ୍ତୁ,రద్దు చేయండి,ರದ್ದುಮಾಡಿ,ரத்துசெய்,રદ કરો,منسوخ کریں۔,,
ASSESSMENTS,,MARKS_APPROVED_SCORE,Marks approved: {{score}}/{{maxScore}},मंजूर गुण: {{score}}/{{maxScore}},स्वीकृत अंक: {{score}}/{{maxScore}},ଅନୁମୋଦିତ ମାର୍କ: {{score}}/{{maxScore}},ఆమోదించబడిన మార్కులు: {{score}}/{{maxScore}},ಅನುಮೋದಿತ ಅಂಕಗಳು: {{score}}/{{maxScore}},அங்கீகரிக்கப்பட்ட மதிப்பெண்கள்: {{score}}/{{maxScore}},મંજૂર થયેલા ગુણ: {{score}}/{{maxScore}},منظور شدہ نشانات: {{score}}/{{maxScore}},,
ASSESSMENTS,,UNDER_AI_EVALUATION,Under AI Evaluation,एआय मूल्यांकन अंतर्गत,एआई मूल्यांकन के तहत,AI ମୂଲ୍ୟାୟନ ଅଧୀନରେ,AI మూల్యాంకనం కింద,AI ಮೌಲ್ಯಮಾಪನದ ಅಡಿಯಲ್ಲಿ,AI மதிப்பீட்டின் கீழ்,AI મૂલ્યાંકન હેઠળ,AI تشخیص کے تحت,,
ASSESSMENTS,,AWAITING_YOUR_APPROVAL,Awaiting Your Approval,तुमच्या मंजुरीची वाट पाहत आहे,आपकी स्वीकृति की प्रतीक्षा है,ଆପଣଙ୍କ ଅନୁମୋଦନର ଅପେକ୍ଷାରେ,మీ ఆమోదం కోసం వేచి ఉంది,ನಿಮ್ಮ ಅನುಮೋದನೆಗಾಗಿ ಕಾಯಲಾಗುತ್ತಿದೆ,உங்கள் ஒப்புதலுக்காக காத்திருக்கிறது,તમારી મંજૂરીની રાહ જોઈ રહ્યા છીએ,آپ کی منظوری کا انتظار ہے۔,,
ASSESSMENTS,,NOT_SUBMITTED,Not Submitted,सबमिट केलेले नाही,प्रस्तुत नही किया है,ଦାଖଲ କରାଯାଇନାହିଁ,సమర్పించబడలేదు,ಸಲ್ಲಿಸಲಾಗಿಲ್ಲ,சமர்ப்பிக்கப்படவில்லை,સબમિટ કરેલ નથી,جمع نہیں کیا گیا۔,,
ASSESSMENTS,,APPROVED_ON,Approved on: {{date}},मंजूरी: {{date}},दिनांक: {{date}},ଅନୁମୋଦନ ହୋଇଥିବା ତାରିଖ: {{date}},ఆమోదించబడిన తేదీ: {{date}},ಅನುಮೋದಿಸಲಾದ ದಿನಾಂಕ: {{date}},அங்கீகரிக்கப்பட்ட தேதி: {{date}},મંજૂર તારીખ: {{date}},منظور شدہ تاریخ: {{date}},,
ASSESSMENTS,,UPLOADED_ON,Uploaded on: {{date}},अपलोड केले: {{date}},अपलोड तिथि: {{date}},ଅପଲୋଡ୍ କରାଯାଇଛି: {{date}},అప్‌లోడ్ చేసిన తేదీ: {{date}},ಅಪ್‌ಲೋಡ್ ಮಾಡಿದ ದಿನಾಂಕ: {{date}},பதிவேற்றப்பட்டது: {{date}},અપલોડ કર્યાની તારીખ: {{date}},اپ لوڈ کی تاریخ: {{date}},,
ASSESSMENTS,,SORT_BY_STATUS,Sort by Status,स्थितीनुसार क्रमवारी लावा,स्थिति के अनुसार क्रमबद्ध करें,ସ୍ଥିତି ଅନୁସାରେ ସଜାନ୍ତୁ,స్థితి ఆధారంగా క్రమబద్ధీకరించు,ಸ್ಥಿತಿಯ ಪ್ರಕಾರ ವಿಂಗಡಿಸಿ,நிலைப்படி வரிசைப்படுத்து,સ્થિતિ દ્વારા સૉર્ટ કરો,حیثیت کے لحاظ سے ترتیب دیں۔,,
ASSESSMENTS,,LEARNERS_COUNT,{{count}} of {{total}} Learners,{{एकूण}} विद्यार्थ्यांपैकी {{गणना}},कुल शिक्षार्थियों की संख्या ({count}}),{{ମୋଟ}} ଶିକ୍ଷାର୍ଥୀଙ୍କ ମଧ୍ୟରୁ {{ଗଣନା}},{{మొత్తం}} మంది అభ్యాసకులలో {{count}},{{ಒಟ್ಟು}} ಕಲಿಯುವವರಲ್ಲಿ {{ಎಣಿಕೆ}},{{மொத்தம்}} மாணவர்களில் {{எண்ணிக்கை}},{{કુલ}} શીખનારાઓમાંથી {{ગણતરી}},{{total}} سیکھنے والوں میں سے {{count}},,
ASSESSMENTS,,NO_LEARNERS_FOUND,No learners found matching your search.,तुमच्या शोधाशी जुळणारे कोणतेही शिकणारे आढळले नाहीत.,आपकी खोज से मेल खाने वाले कोई शिक्षार्थी नहीं मिले।,ଆପଣଙ୍କ ସନ୍ଧାନ ସହିତ ମେଳ ଖାଉଥିବା କୌଣସି ଶିକ୍ଷାର୍ଥୀ ମିଳିଲେ ନାହିଁ।,మీ శోధనకు సరిపోయే అభ్యాసకులు ఎవరూ కనుగొనబడలేదు.,ನಿಮ್ಮ ಹುಡುಕಾಟಕ್ಕೆ ಹೊಂದಿಕೆಯಾಗುವ ಯಾವುದೇ ಕಲಿಯುವವರು ಕಂಡುಬಂದಿಲ್ಲ.,உங்கள் தேடலுடன் பொருந்தக்கூடிய மாணவர்கள் யாரும் கிடைக்கவில்லை.,તમારી શોધ સાથે મેળ ખાતા કોઈ શીખનારા મળ્યા નથી.,آپ کی تلاش سے مماثل کوئی سیکھنے والا نہیں ملا۔,,
ASSESSMENTS,,MANUAL_ASSESSMENT,Manual Assessment,मॅन्युअल मूल्यांकन,मैनुअल मूल्यांकन,ମାନୁଆଲ୍ ମୂଲ୍ୟାଙ୍କନ,మాన్యువల్ అసెస్‌మెంట్,ಮಾನ್ಯುವಲ್  ಮೌಲ್ಯಮಾಪನ,கைமுறை மதிப்பீடு,મેન્યુઅલ મૂલ્યાંકન,دستی تشخیص,,
ASSESSMENTS,,MANUAL_ASSESSMENT_LIST,Manual Assessment List,मॅन्युअल मूल्यांकन यादी,मैनुअल मूल्यांकन सूची,ମାନୁଆଲ୍ ମୂଲ୍ୟାଙ୍କନ ତାଲିକା,మాన్యువల్ అసెస్‌మెంట్ జాబితా,ಮಾನ್ಯುವಲ್ ಮೌಲ್ಯಮಾಪನ ಪಟ್ಟಿ,கைமுறை மதிப்பீட்டுப் பட்டியல்,મેન્યુઅલ મૂલ્યાંકન યાદી,دستی تشخیص کی فہرست,,
ASSESSMENTS,,UNDER_EVALUATION,Under Evaluation,मूल्यांकनाधीन,मूल्यांकन के अधीन,ମୂଲ୍ୟାଙ୍କନ ଅଧୀନରେ ଅଛି,మూల్యాంకనంలో ఉంది,ಮೌಲ್ಯಮಾಪನ ಹಂತದಲ್ಲಿದೆ,மதிப்பீட்டில் உள்ளது,મૂલ્યાંકન હેઠળ,تشخیص کے تحت,,
ASSESSMENTS,,UPDATE_MARKS,Update Marks,अपडेट मार्क्स,अंक अपडेट करें,ଚିହ୍ନଗୁଡ଼ିକୁ ଅପଡେଟ୍ କରନ୍ତୁ,నవీకరణ మార్కులు,ನವೀಕರಣ ಗುರುತುಗಳು,மதிப்பெண்களை புதுப்பிக்கவும்,અપડેટ માર્ક્સ,مارکس کو اپ ڈیٹ کریں۔,,
ASSESSMENTS,,SUBMIT_MARKS,Submit Marks,गुण सबमिट करा,अंक जमा करें,ମାର୍କ ଦାଖଲ କରନ୍ତୁ,మార్కులు సమర్పించండి,ಅಂಕಗಳನ್ನು ಸಲ್ಲಿಸಿ,மதிப்பெண்களைச் சமர்ப்பிக்கவும்,ગુણ સબમિટ કરો,مارکس جمع کروائیں۔,,
ASSESSMENTS,,ASSESSMENTS_FOUND_PLURAL,{{count}} assessments found,{{count}} मूल्यांकने आढळली,{{count}} आकलन पाए गए,{{count}} ମୂଲ୍ୟାଙ୍କନ ମିଳିଲା,{{count}} అసెస్‌మెంట్‌లు కనుగొనబడ్డాయి,{{count}} ಮೌಲ್ಯಮಾಪನಗಳು ಕಂಡುಬಂದಿವೆ,{{count}} மதிப்பீடுகள் கிடைத்தன,{{count}} મૂલ્યાંકન મળ્યાં,{{count}} جائزے ملے,,
ASSESSMENTS,,NO_ASSESSMENT_TYPE_FOUND,No Assessment Type Found,मूल्यांकनाचा प्रकार आढळला नाही.,कोई मूल्यांकन प्रकार नहीं मिला,କୌଣସି ମୂଲ୍ୟାଙ୍କନ ପ୍ରକାର ମିଳିଲା ନାହିଁ,అసెస్‌మెంట్ రకం కనుగొనబడలేదు,ಯಾವುದೇ ಮೌಲ್ಯಮಾಪನ ಪ್ರಕಾರ ಕಂಡುಬಂದಿಲ್ಲ.,மதிப்பீட்டு வகை எதுவும் கிடைக்கவில்லை.,કોઈ મૂલ્યાંકન પ્રકાર મળ્યો નથી,تشخیص کی کوئی قسم نہیں ملی,,
ASSESSMENTS,,IMAGE_UPLOADED,Image Uploaded,प्रतिमा अपलोड केली,छवि अपलोड की गई,ଇମେଜ  ଅପଲୋଡ୍ କରାଯାଇଛି,చిత్రం అప్‌లోడ్ చేయబడింది,ಚಿತ್ರವನ್ನು ಅಪ್‌ಲೋಡ್ ಮಾಡಲಾಗಿದೆ,படம் பதிவேற்றப்பட்டது,ઇમેજ અપલોડ કરી,تصویر اپ لوڈ ہو گئی۔,,
ASSESSMENTS,,VIEW,View,पहा,देखना,ଦର୍ଶନ,చూడండి,ವೀಕ್ಷಿಸಿ,காண்க,જુઓ,دیکھیں,, 
ASSESSMENTS,,REUPLOAD,Reupload,पुन्हा अपलोड करा,पुन: अपलोड,ପୁଣି ଅପଲୋଡ୍ କରନ୍ତୁ,తిరిగి అప్‌లోడ్ చేయి,ಮರು ಅಪ್‌ಲೋಡ್ ಮಾಡಿ,மீண்டும் பதிவேற்று,ફરીથી અપલોડ કરો,دوبارہ اپ لوڈ کریں۔,,
ASSESSMENTS,,FORMAT_JPG_SIZE_MB_UP_TO_IMAGES,"* Format: jpg, jpeg. Size: {{mb}} MB Up to {{count}} images","* स्वरूप: jpg, jpeg. आकार: {{mb}} MB {{count}} पर्यंत प्रतिमा","* फॉर्मेट: jpg, jpeg. साइज़: {{mb}} MB तक {{count}} इमेज","* ଫର୍ମାଟ୍: jpg, jpeg. ଆକାର: {{mb}} MB {{count}} ପ୍ରତିଛବି ପର୍ଯ୍ୟନ୍ତ","* ఫార్మాట్: jpg, jpeg. పరిమాణం: {{mb}} MB {{count}} చిత్రాల వరకు","* ಸ್ವರೂಪ: jpg, jpeg. ಗಾತ್ರ: {{mb}} MB {{count}} ಚಿತ್ರಗಳವರೆಗೆ","* வடிவம்: jpg, jpeg. அளவு: {{mb}} MB {{count}} படங்கள் வரை","* ફોર્મેટ: jpg, jpeg. કદ: {{mb}} MB {{count}} છબીઓ સુધી",* فارمیٹ: jpg، jpeg. سائز: {{mb}} MB تک {{count}} تصاویر,,
LMP_SINGLE_BATCH_WIDGET,,TITLE,Select batch,बॅच निवडा,बैच चुनें,ବ୍ୟାଚ୍ ବାଛନ୍ତୁ,బ్యాచ్ ఎంచుకోండి,ಬ್ಯಾಚ್ ಆಯ್ಕೆಮಾಡಿ,பேட்சைத் தேர்வு செய்க,બેચ પસંદ કરો,ایس ایس او کی توثیق,,
LMP_SINGLE_BATCH_WIDGET,,CENTER,Center,केंद्र,केंद्र,କେନ୍ଦ୍ର,కేంద్రం,ಸೆಂಟರ್ ,மையம்,સેન્ટર ,سنڑ,,
LMP_SINGLE_BATCH_WIDGET,,SELECT_CENTER,Select center,केंद्र निवडा,केंद्र चुनें,କେନ୍ଦ୍ର ବାଛନ୍ତୁ,కేంద్రాన్ని ఎంచుకోండి,ಸೆಂಟರ್ ನ್ನು  ಆಯ್ಕೆಮಾಡಿ,மையத்தைத் தேர்ந்தெடுக்கவும்,સેન્ટર  પસંદ કરો,سنڑ منتخب کریں۔,,
LMP_SINGLE_BATCH_WIDGET,,NO_CENTERS_AVAILABLE,No centers available,कोणतेही केंद्र उपलब्ध नाही,कोई केंद्र उपलब्ध नहीं,କୌଣସି କେନ୍ଦ୍ର ଉପଲବ୍ଧ ନାହିଁ,కేంద్రాలు ఏవీ అందుబాటులో లేవు,ಯಾವುದೇ ಸೆಂಟರ್ ಗಳು  ಲಭ್ಯವಿಲ್ಲ,மையங்கள் எதுவும் இல்லை,કોઈ સેન્ટર  ઉપલબ્ધ નથી,کوئی سنڑ دستیاب نہیں۔,,
LMP_SINGLE_BATCH_WIDGET,,BATCH,Batch,बॅच,बैच,ବ୍ୟାଚ୍,బ్యాచ్,ಬ್ಯಾಚ್,பேட்ச்,બેચ,بیچ,,
LMP_SINGLE_BATCH_WIDGET,,SELECT_CENTER_FIRST,Select a center first,प्रथम एक केंद्र निवडा,पहले एक केंद्र चुनें,ପ୍ରଥମେ ଏକ କେନ୍ଦ୍ର ବାଛନ୍ତୁ,ముందుగా ఒక కేంద్రాన్ని ఎంచుకోండి,ಮೊದಲು ಒಂದು ಸೆಂಟರ್ ನ್ನು ಆಯ್ಕೆಮಾಡಿ,முதலில் ஒரு மையத்தைத் தேர்ந்தெடுக்கவும்,પહેલા એક સેન્ટર પસંદ કરો,پہلے ایک سنڑ کا انتخاب کریں۔,,
LMP_SINGLE_BATCH_WIDGET,,LOADING_BATCHES,Loading batches…,बॅच लोड होत आहेत…,बैच लोड हो रहे हैं…,ବ୍ୟାଚ୍ ଲୋଡ୍ ହେଉଛି…,బ్యాచ్‌లు లోడ్ అవుతున్నాయి…,ಬ್ಯಾಚ್‌ಗಳು ಲೋಡ್ ಆಗುತ್ತಿವೆ…,பேட்சுகள் ஏற்றப்படுகிறது...,બેચ લોડ થઈ રહ્યા છે…,بیچز لوڈ ہو رہے ہیں…,,
LMP_SINGLE_BATCH_WIDGET,,SELECT_BATCH,Select batch,बॅच निवडा,बैच चुनें,ବ୍ୟାଚ୍ ବାଛନ୍ତୁ,బ్యాచ్ ఎంచుకోండి,ಬ್ಯಾಚ್ ಆಯ್ಕೆಮಾಡಿ,பேட்சைத் தேர்வு செய்க,બેચ પસંદ કરો,بیچ منتخب کریں۔,,
LMP_SINGLE_BATCH_WIDGET,,VALUE_NOT_IN_LIST,Current value not in loaded list; pick a batch again if needed.,सध्याचे मूल्य सूचीत नाही; कृपया पुन्हा बॅच निवडा.,वर्तमान मान सूची में नहीं है; कृपया फिर से बैच चुनें।,ବର୍ତ୍ତମାନ ମୂଲ୍ୟ ତାଲିକାରେ ନାହିଁ; ଦୟାକରି ପୁଣି ବ୍ୟାଚ୍ ବାଛନ୍ତୁ।,ప్రస్తుత విలువ జాబితాలో లేదు; దయచేసి మళ్లీ బ్యాచ్ ఎంచుకోండి.,ಪ್ರಸ್ತುತ ಮೌಲ್ಯ ಪಟ್ಟಿಯಲ್ಲಿಲ್ಲ; ದಯವಿಟ್ಟು ಮತ್ತೆ ಬ್ಯಾಚ್ ಆಯ್ಕೆಮಾಡಿ.,தற்போதைய மதிப்பு பட்டியலில் இல்லை; மீண்டும் பேட்சைத்  தேர்ந்தெடுக்கவும்.,વર્તમાન મૂલ્ય યાદીમાં નથી; કૃપા કરીને ફરીથી બેચ પસંદ કરો.,منتخب کردہ  بیچ فہرست میں نہیں ہے۔ اگر ضرورت ہو تو دوبارہ ایک بیچ چنیں۔,,
LEARNER_APP,LOGIN,on_playstore,on- playstore,प्ले स्टोअरवर उपलब्ध आहे,प्लेस्टोर पर,ପ୍ଲେ ଷ୍ଟୋରରେ ଉପଲବ୍ଧ,ప్లే స్టోర్‌లో,ಪ್ಲೇ ಸ್ಟೋರ್‌ನಲ್ಲಿ ಲಭ್ಯವಿದೆ,ப்ளே ஸ்டோர் இல் கிடைக்கிறது,પ્લેસ્ટોર પર,Play Store پر دستیاب ہے۔,,
FORM,,TYPE_OF_PHONE_ACCESSIBLE,type of phone accessible,उपलब्ध असलेल्या फोनचा प्रकार,उपलब्ध फ़ोन का प्रकार,ଆକ୍ସେସ୍ ଯୋଗ୍ୟ ଫୋନର ପ୍ରକାର,యాక్సెస్ చేయగల ఫోన్ రకం,ಪ್ರವೇಶಿಸಬಹುದಾದ ಫೋನ್ ಪ್ರಕಾರ,அணுகக்கூடிய தொலைபேசி வகை,ઉપલબ્ધ ફોનનો પ્રકાર,قابل رسائی فون کی قسم,,
FORM,,WHATS_YOUR_GENDER,what your gender?,तुमचे लिंग काय आहे?,आपका लिंग क्या है?,ଆପଣଙ୍କର ଲିଙ୍ଗ କଣ?,మీ లింగం ఏమిటి?,ನಿಮ್ಮ ಲಿಂಗ ಏನು?,உங்கள் பாலினம் என்ன?,તમારું લિંગ શું છે?,آپ کی جنس کیا ہے؟,,
FORM,,dob,DOB,जन्मतारीख,जन्म तिथि,ଜନ୍ମ ତାରିଖ,పుట్టిన తేదీ,ಹುಟ್ಟಿದ ದಿನಾಂಕ,பிறந்த தேதி,જન્મ તારીખ,تاریخ پیدائش,,
FORM,,PARENT_GUARDIAN_PHONE_NO,parent guardian Phone number,पालक/पालकांचा फोन नंबर,अभिभावक/संरक्षक का फ़ोन नंबर,ପିତାମାତା/ଅଭିଭାବକଙ୍କ ଫୋନ୍ ନମ୍ବର,తల్లిదండ్రులు/సంరక్షకుడి ఫోన్ నంబర్,ಪೋಷಕರು/ಪೋಷಕರ ಫೋನ್ ಸಂಖ್ಯೆ,பெற்றோர்/பாதுகாவலர் தொலைபேசி எண்,માતાપિતા/વાલીઓનો ફોન નંબર,والدین/سرپرست کا فون نمبر,,
FORM,,phone_number,Phone Number,फोन नंबर,फ़ोन नंबर,ଫୋନ୍ ନମ୍ବର,ఫోన్ నంబర్,ದೂರವಾಣಿ ಸಂಖ್ಯೆ,தொலைபேசி எண்,ફોન નંબર,فون نمبر,,
,,WELCOME,welcome,स्वागत आहे,स्वागत,ସ୍ୱାଗତ,స్వాగతం,ಸ್ವಾಗತ,வரவேற்பு,સ્વાગત છે,خوش آمدید,,
COMMON,,Job Family,Job Family,कामाचा प्रकार,काम का प्रकार / काम की श्रेणी,କାର୍ଯ୍ୟ କ୍ଷେତ୍ର,ఉద్యోగ కుటుంబం,ಉದ್ಯೋಗದ ವರ್ಗ,வேலையின் வகை,કામનો પ્રકાર,جاب فیملی,,
COMMON,,RESET_USER,Reset User,वापरकर्ता रीसेट करा,यूज़र फिर से ठीक करें / दोबारा चालू करें,ଯୁଜର ରିସେଟ୍ କରନ୍ତୁ,వినియోగదారుని రీసెట్ చేయండి.,ಯುಸರ್ ರಿಸೆಟ್,யூசரை ரீசெட் செய்யவும்,વપરાશકર્તા રીસેટ કરો,یوزر کو دوبارہ ترتیب دیں۔,,
LEARNER_APP,COMMON,Survey,Survey,सर्वेक्षण,जानकारी लेना / जानकारी जुटाना,ସର୍ଭେ,సర్వే,ಸರ್ವೇ ,கணக்கெடுப்பு,સર્વે,سروے,,
LEARNER_APP,HOME,WELCOME_GIF_ALT,Welcome GIF,स्वागत GIF,स्वागत संदेश,ସ୍ୱାଗତ GIF,స్వాగత GIF,ವೆಲ್ಕಮ್ ಜಿಫ್,வரவேற்பு GIF,સ્વાગત GIF,خوش آمدید GIF,,
LEARNER_APP,HOME,QR_CODE_ALT,QR code,QR कोड,मोबाइल से स्कैन करने वाला कोड / QR कोड,QR କୋଡ୍,QR కోడ్,QR ಕೋಡ್,QR கோட்,ક્યૂ આર કોડ,QR کوڈ,,
LEARNER_APP,HOME,PLAYSTORE_ALT,Play Store,प्ले स्टोअर,ऐप डाउनलोड करने की जगह / प्ले स्टोर,ପ୍ଲେ ଷ୍ଟୋର,ప్లే స్టోర్,ಪ್ಲೇ ಸ್ಟೋರ್,ப்ளே ஸ்டோர்,પ્લે સ્ટોર,پلے اسٹور,,
LEARNER_APP,HOME,YOUTUBE_IFRAME_TITLE,YouTube video player,यूट्यूब व्हिडिओ प्लेअर,यूट्यूब वीडियो प्लेयर,ୟୁ ଟ୍ୟୁବ ଭିଡିଓ ପ୍ଲେୟାର,యూట్యూబ్ వీడియో ప్లేయర్,YouTube ವೀಡಿಯೊ ಪ್ಲೇಯರ್,யூடியூப் வீடியோ பிளேயர்,યુટ્યુબ વિડીયો પ્લેયર,یوٹیوب ویڈیو پلیئر,,
LEARNER_APP,USER_PROFILE_CARD,REGISTER_AS_PTM,Register as PTM,PTM म्हणून नोंदणी करा,PTM के रूप में पंजीकरण करें,PTM ଭାବରେ ପଞ୍ଜିକରଣ କରନ୍ତୁ,PTMగా నమోదు చేసుకోండి,PTM ಆಗಿ ನೋಂದಾಯಿಸಿ,PTM ஆக பதிவு செய்யவும்,PTM તરીકે નોંધણી કરો,PTM کے طور پر رجسٹر ہوں۔,,
LEARNER_APP,USER_PROFILE_CARD,GO_TO_PTM_PORTAL,Go to PTM Portal,PTM पोर्टलवर जा,PTM पोर्टल पर जाएं,PTM ପୋର୍ଟାଲକୁ ଯାଆନ୍ତୁ,PTM పోర్టల్‌కు వెళ్లండి,PTM ಪೋರ್ಟಲ್‌ಗೆ ಹೋಗಿ,PTM போர்டலுக்கு செல்லவும்,PTM પોર્ટલ પર જાઓ,PTM  پورٹل پر جائیں۔,,
LEARNER_APP,USER_PROFILE_CARD,CONGRATULATIONS_TITLE,Congratulations! 🎉,अभिनंदन! 🎉,बधाई हो!,ଅଭିନନ୍ଦନ! 🎉,అభినందనలు! 🎉,ಅಭಿನಂದನೆಗಳು! 🎉,வாழ்த்துகள்! 🎉,અભિનંદન!  🎉,مبارک ہو! 🎉,,
LEARNER_APP,USER_PROFILE_CARD,CONGRATULATIONS_MESSAGE,Congratulations on being associated as a PTM with Pratham. Let's get started with your new journey.,"प्रथमसोबत PTM म्हणून जोडल्याबद्दल अभिनंदन. चला, तुमच्या नव्या प्रवासाची सुरुवात करूया.","आपको Pratham Education Foundation के साथ PTM के रूप में जुड़ने पर बधाई। आइए, अपनी नई शुरुआत करते हैं",ପ୍ରଥମ ସହିତ PTM ଭାବରେ ଜଡିତ ହୋଇଥିବାରୁ ଅଭିନନ୍ଦନ। ଆସନ୍ତୁ ଆପଣଙ୍କର ନୂତନ ଯାତ୍ରା ଆରମ୍ଭ କରିବା।,ప్రథమ్‌లో PTMగా నియమితులైనందుకు అభినందనలు. మీ కొత్త ప్రయాణాన్ని ప్రారంభిద్దాం.,ಪ್ರಥಮ್ ನೊಂದಿಗೆ PTM ಆಗಿ ಸೇರಿದ್ದಕ್ಕೆ ಅಭಿನಂದನೆಗಳು. ನಿಮ್ಮ ಹೊಸ ಪ್ರಯಾಣವನ್ನು ಆರಂಭಿಸೋಣ.,பிரதமுடன் (Pratham) ஒரு PTM-ஆக இணைந்ததற்கு வாழ்த்துகள். உங்கள் புதிய பயணத்தைத் தொடங்கலாம்.,પ્રથમ સાથે PTM તરીકે જોડાવા બદલ અભિનંદન. ચાલો તમારી નવી સફર શરૂ કરીએ.,پرتھم کے ساتھ بطور PTM منسلک ہونے پر مبارکباد۔ آئیے اپنے نئے سفر کا آغاز کریں۔,,
LEARNER_APP,USER_PROFILE_CARD,TO_LOG_IN,"To log in,","लॉग इन करण्यासाठी,",लॉगिन,"ଲଗ୍ ଇନ୍ କରିବାକୁ,","లాగిన్ అవ్వడానికి,","ಲಾಗಿನ್ ಆಗಲು,",லாகின் செய்ய,"લોગ ઇન કરવા માટે,",لاگ ان کرنے کے لیے،,,
LEARNER_APP,USER_PROFILE_CARD,CLICK_HERE,click here,येथे क्लिक करा,यहाँ क्लिक करें,ଏଠାରେ କ୍ଲିକ୍ କରନ୍ତୁ,ఇక్కడ క్లిక్ చేయండి,ಇಲ್ಲಿ ಕ್ಲಿಕ್ ಮಾಡಿ,இங்கே கிளிக் செய்யவும்,અહીં ક્લિક કરો,یہاں کلک کریں۔,,
LEARNER_APP,USER_PROFILE_CARD,LOGIN_TIP,Tip: Log in using your ERP ID,सूचना: आपल्या ERP आयडीचा वापर करून लॉग इन करा.,लॉगिन करने के लिए: सुझाव—अपनी ERP ID से लॉगिन करें,ଟିପ୍ପଣି: ଆପଣଙ୍କର ERP ID ବ୍ୟବହାର କରି ଲଗ୍ ଇନ୍ କରନ୍ତୁ,సూచన: మీ ERP IDని ఉపయోగించి లాగిన్ అవ్వండి.,ಸಲಹೆ: ನಿಮ್ಮ ERP ID ಬಳಸಿ ಲಾಗಿನ್ ಮಾಡಿ,குறிப்பு: உங்கள் ERP ID-ஐப் பயன்படுத்தி லாகின் செய்யுங்கள்,ટિપ: તમારા ERP ID નો ઉપયોગ કરીને લોગ ઇન કરો.,ٹپ: اپنی ERP ID استعمال کرکے لاگ ان کریں۔,,
LEARNER_APP,USER_PROFILE_CARD,REGISTER_TO_ANOTHER_PROGRAM,Add More Programs,अधिक प्रोग्राम जोडा,और प्रोग्राम जोड़ें,ଅଧିକ ପ୍ରୋଗ୍ରାମ୍ ଯୋଡନ୍ତୁ,మరిన్ని ప్రోగ్రామ్‌లను జోడించండి.,ಮತ್ತಷ್ಟು ಕಾರ್ಯಕ್ರಮಗಳನ್ನು ಸೇರಿಸಿ,மேலும் திட்டங்களைச் சேர்க்கவும்,વધુ પ્રોગ્રામ ઉમેરો,مزید پروگرام شامل کریں۔,,
LEARNER_APP,PROFILE,COMPLETED_COURSES_AND_CERTIFICATES,Completed Courses & Certificates,पूर्ण केलेले अभ्यासक्रम आणि प्रमाणपत्रे,पूरे किए गए कोर्स और सर्टिफिकेट,ସମ୍ପୂର୍ଣ୍ଣ ହୋଇଥିବା ପାଠ୍ୟକ୍ରମ ଏବଂ ପ୍ରମାଣପତ୍ର,పూర్తి చేసిన కోర్సులు & సర్టిఫికేట్లు,ಪೂರ್ಣಗೊಂಡ ಕೋರ್ಸ್‌ಗಳು ಮತ್ತು ಪ್ರಮಾಣಪತ್ರಗಳು,முடிந்த பாடப்பிரிவுகள் மற்றும் சான்றிதழ்கள்,પૂર્ણ કરેલા અભ્યાસક્રમો/કોર્સ  અને પ્રમાણપત્રો,مکمل کورسز اور سرٹیفکیٹس,,
LEARNER_APP,PROFILE,CERTIFICATION_NOT_COMPLETED,Certification has not been completed yet.,प्रमाणपत्र अजून पूर्ण झालेले नाही.,सर्टिफिकेट अभी पूरा नहीं हुआ है,ପ୍ରମାଣପତ୍ର ଏପର୍ଯ୍ୟନ୍ତ ସମାପ୍ତ ହୋଇନାହିଁ।,ధృవీకరణ ఇంకా పూర్తి కాలేదు.,ಪ್ರಮಾಣೀಕರಣ ಇನ್ನೂ ಪೂರ್ಣಗೊಂಡಿಲ್ಲ.,சர்டிபிகேஷன் இன்னும் முடிக்கப்படவில்லை.,પ્રમાણપત્ર હજુ પૂર્ણ થયું નથી.,سرٹیفیکیشن ابھی تک مکمل نہیں ہوا ہے۔,,
LEARNER_APP,PROFILE,CERTIFICATION_ID_NOT_FOUND,Certification Id not found,प्रमाणपत्र आयडी सापडला नाही,सर्टिफिकेट आईडी नहीं मिली,ପ୍ରମାଣପତ୍ର ଆଇଡି ମିଳିଲା ନାହିଁ,ధృవీకరణ ID కనుగొనబడలేదు.,ಪ್ರಮಾಣೀಕರಣ Id ಕಂಡುಬಂದಿಲ್ಲ.,சர்டிபிகேஷன் ஐடி (Certification Id) கிடைக்கவில்லை,પ્રમાણપત્ર ID મળ્યું નથી,سرٹیفیکیشن آئی ڈی نہیں ملی,,
LEARNER_APP,REGISTRATION_FLOW,START_ASSESSMENT,Start Assessment,मूल्यमापन सुरू करा,टेस्ट शुरू करें,ମୂଲ୍ୟାଙ୍କନ ଆରମ୍ଭ କରନ୍ତୁ,మూల్యాంకనాన్ని ప్రారంభించండి.,ಮೌಲ್ಯಮಾಪನವನ್ನು ಪ್ರಾರಂಭಿಸಿ,மதிப்பீட்டைத் தொடங்கவும்,ટેસ્ટ શરૂ કરો,تشخیص شروع کریں۔,,
LEARNER_APP,REGISTRATION_FLOW,YOU_HAVE_SUCCESSFULLY_SIGNED_UP_FOR_ASSESSMENT,Your journey towards Class 10 begins here. Let’s start with the Saral Test.,"तुमचा दहावीच्या प्रवासाची सुरुवात इथून होते. चला, सरल टेस्टने सुरुवात करूया.","कक्षा 10 की आपकी यात्रा यहीं से शुरू होती है। चलिए, सरल टेस्ट से शुरुआत करते हैं",ତୁମର ଦଶମ ଶ୍ରେଣୀ ପାଇଁ ଯାତ୍ରା ଏହିଠାରୁ ଆରମ୍ଭ ହୁଏ। ଆସନ୍ତୁ ସରଳ ପରୀକ୍ଷା ସହିତ ଆରମ୍ଭ କରିବା।,10వ తరగతి వైపు మీ ప్రయాణం ఇక్కడ మొదలవుతుంది. సరళ్ పరీక్షతో ప్రారంభిద్దాం.,10 ನೇ ತರಗತಿಗೆ ನಿಮ್ಮ ಪ್ರಯಾಣ ಇಲ್ಲಿಂದ ಪ್ರಾರಂಭವಾಗುತ್ತದೆ. ಸರಳ್ ಪರೀಕ್ಷೆಯೊಂದಿಗೆ ಪ್ರಾರಂಭಿಸೋಣ.,பத்தாம் வகுப்புக்கான உங்கள் பயணம் இங்கே தொடங்குகிறது. 'சரல்' (Saral) தேர்வுடன் தொடங்குவோம்.,ધોરણ ૧૦ તરફની તમારી સફર અહીંથી શરૂ થાય છે. ચાલો સરલ ટેસ્ટથી શરૂઆત કરીએ.,یہاں سے  آپ کادسویں جماعت کا سفر شروع ہوتا ہے۔ آئیے سرل ٹیسٹ کے ساتھ شروع کریں۔,,
LEARNER_APP,REGISTRATION_FLOW,ASSESSMENT_REQUIRED_MESSAGE,Answer a few simple questions and move ahead.,काही सोप्या प्रश्नांची उत्तरे द्या आणि पुढे जा.,कुछ आसान सवालों के जवाब दें और आगे बढ़ें,କିଛି ସରଳ ପ୍ରଶ୍ନର ଉତ୍ତର ଦିଅନ୍ତୁ ଏବଂ ଆଗକୁ ବଢ଼ନ୍ତୁ।,కొన్ని సులభమైన ప్రశ్నలకు సమాధానమిచ్చి ముందుకు సాగండి.,ಕೆಲವು ಸರಳ ಪ್ರಶ್ನೆಗಳಿಗೆ ಉತ್ತರಿಸಿ ಮತ್ತು ಮುಂದುವರಿಯಿರಿ.,சில எளிய கேள்விகளுக்குப் பதிலளித்து முன்னேறுங்கள்.,થોડા સરળ પ્રશ્નોના જવાબ આપો અને આગળ વધો.,چند آسان سوالات کے جواب دیں اور آگے بڑھیں۔,,
LEARNER_APP,REGISTRATION_FLOW,ASSESSMENT_UNAVAILABLE_MESSAGE,The Saral test is currently unavailable in your selected language. We are working on it. Please try again later.,तुमच्या निवडलेल्या भाषेत सध्या सरल टेस्ट उपलब्ध नाही. आम्ही त्यावर काम करत आहोत. कृपया नंतर पुन्हा प्रयत्न करा.,आपके चुनी हुई भाषा में अभी सरल टेस्ट उपलब्ध नहीं है। हम इस पर काम कर रहे हैं। कृपया थोड़ी देर बाद फिर कोशिश करें,ଆପଣ ବାଛିଥିବା ଭାଷାରେ ବର୍ତ୍ତମାନ ସରଳ ପରୀକ୍ଷା ଉପଲବ୍ଧ ନାହିଁ। ଆମେ ଏହା ଉପରେ କାମ କରୁଛୁ। ଦୟାକରି ପରେ ପୁଣି ଚେଷ୍ଟା କରନ୍ତୁ।,మీరు ఎంచుకున్న భాషలో సరళ్ పరీక్ష ప్రస్తుతం అందుబాటులో లేదు. మేము దానిని మెరుగుపరిచే పని చేస్తున్నాము. దయచేసి తర్వాత మళ్ళీ ప్రయత్నించండి.,ನೀವು ಆಯ್ಕೆ ಮಾಡಿದ ಭಾಷೆಯಲ್ಲಿ ಸರಳ್ ಪರೀಕ್ಷೆಯು ಪ್ರಸ್ತುತ ಲಭ್ಯವಿಲ್ಲ. ನಾವು ಅದರ ಮೇಲೆ ಕೆಲಸ ಮಾಡುತ್ತಿದ್ದೇವೆ. ದಯವಿಟ್ಟು ನಂತರ ಮತ್ತೆ ಪ್ರಯತ್ನಿಸಿ.,சரல்' தேர்வு நீங்கள் தேர்ந்தெடுத்த மொழியில் தற்போது கிடைக்கவில்லை. நாங்கள் இதில் பணியாற்றி வருகிறோம். தயவுசெய்து சிறிது நேரம் கழித்து மீண்டும் முயற்சிக்கவும்.,તમારી પસંદ કરેલી ભાષામાં સરલ ટેસ્ટ હાલમાં ઉપલબ્ધ નથી. અમે તેના પર કામ કરી રહ્યા છીએ. કૃપા કરીને પછીથી ફરી પ્રયાસ કરો.,سرل ٹیسٹ فی الحال آپ کی منتخب کردہ زبان میں دستیاب نہیں ہے۔ ہم اس پر کام کر رہے ہیں۔ براہ کرم بعد میں دوبارہ کوشش کریں۔,,
LEARNER_APP,REGISTRATION_FLOW,ASSESSMENT_BEFORE_ACCESS_MESSAGE,"Your journey towards Class 10 begins here. Let’s start with the Saral Test.

Answer a few simple questions and move ahead.","तुमचा दहावीचा प्रवास इथून सुरू होतो. चला, सरल टेस्टने सुरुवात करूया.

काही सोप्या प्रश्नांची उत्तरे द्या आणि पुढे जा.","कक्षा 10 की आपकी यात्रा यहीं से शुरू होती है। चलिए, सरल टेस्ट से शुरुआत करते हैं।

कुछ आसान सवालों के जवाब दें और आगे बढ़ें।",ତୁମର ଦଶମ ଶ୍ରେଣୀ ପାଇଁ ଯାତ୍ରା ଏହିଠାରୁ ଆରମ୍ଭ ହୁଏ। ଆସନ୍ତୁ ସରଳ ପରୀକ୍ଷା ସହିତ ଆରମ୍ଭ କରିବା। କିଛି ସରଳ ପ୍ରଶ୍ନର ଉତ୍ତର ଦିଅ ଏବଂ ଆଗକୁ ବଢ଼।,"10వ తరగతి వైపు మీ ప్రయాణం ఇక్కడ మొదలవుతుంది. సరళ్ పరీక్షతో ప్రారంభిద్దాం.

కొన్ని సులభమైన ప్రశ్నలకు సమాధానమిచ్చి ముందుకు సాగండి.","10 ನೇ ತರಗತಿಗೆ ನಿಮ್ಮ ಪ್ರಯಾಣ ಇಲ್ಲಿಂದ ಪ್ರಾರಂಭವಾಗುತ್ತದೆ. ಸರಳ್ ಪರೀಕ್ಷೆಯೊಂದಿಗೆ ಪ್ರಾರಂಭಿಸೋಣ.
 
 ಕೆಲವು ಸರಳ ಪ್ರಶ್ನೆಗಳಿಗೆ ಉತ್ತರಿಸಿ ಮತ್ತು ಮುಂದುವರಿಯಿರಿ.","பத்தாம் வகுப்புக்கான உங்கள் பயணம் இங்கே தொடங்குகிறது. 'சரல்' (Saral) தேர்வுடன் தொடங்குவோம்.

சில எளிய கேள்விகளுக்குப் பதிலளித்து முன்னேறுங்கள்.","ધોરણ ૧૦ તરફની તમારી સફર અહીંથી શરૂ થાય છે. ચાલો સરલ ટેસ્ટથી શરૂઆત કરીએ.

થોડા સરળ પ્રશ્નોના જવાબ આપો અને આગળ વધો.","یہاں سے  آپ کادسویں جماعت کا سفر شروع ہوتا ہے۔ آئیے سرل ٹیسٹ کے ساتھ شروع کریں۔
چند آسان سوالات کے جواب دیں اور آگے بڑھیں۔",,
LEARNER_APP,REGISTRATION_FLOW,ASSESSMENT_BEFORE_ACCESS_UNAVAILABLE_MESSAGE,Your journey towards Class 10 begins here. The Saral test is currently unavailable in your selected language. We are working on it. Please try again later.,तुमचा दहावीचा प्रवास इथून सुरू होतो. सध्या तुमच्या निवडलेल्या भाषेत सरल टेस्ट उपलब्ध नाही. आम्ही त्यावर काम करत आहोत. कृपया नंतर पुन्हा प्रयत्न करा.,"कक्षा 10 की आपकी यात्रा यहीं से शुरू होती है।
आपके चुनी हुई भाषा में अभी सरल टेस्ट उपलब्ध नहीं है। हम इस पर काम कर रहे हैं। कृपया थोड़ी देर बाद फिर कोशिश करें।","ଆପଣଙ୍କର ଶ୍ରେଣୀ ୧୦ ଦିଗରେ ଯାତ୍ରା ଏଠାରୁ ଆରମ୍ଭ ହେଉଛି।
ଆପଣ ଚୟନ କରିଥିବା ଭାଷାରେ ସରଳ ପରୀକ୍ଷା ବର୍ତ୍ତମାନ ଉପଲବ୍ଧ ନାହିଁ। ଆମେ ଏହା ଉପରେ କାମ କରୁଛୁ। ଦୟାକରି କିଛି ସମୟ ପରେ ପୁଣିଥରେ ଚେଷ୍ଟା କରନ୍ତୁ। ",10వ తరగతి వైపు మీ ప్రయాణం ఇక్కడ మొదలవుతుంది. మీరు ఎంచుకున్న భాషలో సరళ్ పరీక్ష ప్రస్తుతం అందుబాటులో లేదు. మేము దానిని మెరుగుపరిచే పని చేస్తున్నాము. దయచేసి తర్వాత మళ్ళీ ప్రయత్నించండి.,10 ನೇ ತರಗತಿಗೆ ನಿಮ್ಮ ಪ್ರಯಾಣ ಇಲ್ಲಿಂದ ಪ್ರಾರಂಭವಾಗುತ್ತದೆ.,பத்தாம் வகுப்புக்கான உங்கள் பயணம் இங்கே தொடங்குகிறது. நீங்கள் தேர்ந்தெடுத்த மொழியில் தற்போது 'சரல்' (Saral) தேர்வு கிடைக்கவில்லை. நாங்கள் இதில் பணியாற்றி வருகிறோம். தயவுசெய்து சிறிது நேரம் கழித்து மீண்டும் முயற்சிக்கவும்.,ધોરણ ૧૦ તરફની તમારી સફર અહીંથી શરૂ થાય છે. સરળ પરીક્ષા હાલમાં તમારી પસંદ કરેલી ભાષામાં ઉપલબ્ધ નથી. અમે તેના પર કામ કરી રહ્યા છીએ. કૃપા કરીને પછીથી ફરી પ્રયાસ કરો.,یہاں سے آپ کا دسویں جماعت کا سفر شروع ہوتا ہے۔سرل ٹیسٹ فی الحال آپ کی منتخب کردہ زبان میں دستیاب نہیں ہے۔ ہم اس پر کام کر رہے ہیں۔ براہ کرم بعد میں دوبارہ کوشش کریں۔,,
LEARNER_APP,REGISTRATION_FLOW,COME_BACK_LATER,Please come back later,कृपया नंतर पुन्हा या,कृपया बाद में फिर आएं,ଦୟାକରି ପରେ ଆସନ୍ତୁ ।,దయచేసి తర్వాత తిరిగి రండి,ದಯವಿಟ್ಟು ನಂತರ ಮತ್ತೆ ಬನ್ನಿ,தயவுசெய்து சிறிது நேரம் கழித்து மீண்டும் முயற்சிக்கவும்.,કૃપા કરીને પછી પરત આવો.,براہ کرم بعد میں واپس آئیں,,
LEARNER_APP,REGISTRATION_FLOW,BACK_TO_PROGRAMS,Back to Programs,प्रोग्रामकडे परत जा,प्रोग्राम्स पर वापस जाएं,ପ୍ରୋଗ୍ରାମଗୁଡିକୁ ଫେରନ୍ତୁ,ప్రోగ్రామ్‌లకు తిరిగి వెళ్లండి,ಕಾರ್ಯಕ್ರಮಗಳಿಗೆ ಹಿಂತಿರುಗಿ,திட்டங்களுக்குத் திரும்பவும்,પ્રોગ્રામ્સ પર પાછા જાઓ,پروگرامز پر واپس جائیں۔,,
LANDING,,ABOUT_PRATHAM_LEARNING_PLATFORM_TEXT,"Pratham Education Foundation (Pratham) is one of the largest education NGOs in India with a record of innovative, rigorously evaluated programs that have inspired similar programs across three continents. With a history spanning 30 years, Pratham's work today extends from programs for early and elementary years to girls and women, and youth skilling.

Through programs covering 25 states and Union Territories, in an average year, Pratham usually reaches over 6 million children and youth. This is achieved through a combination of efforts: directly working with children and youth in communities, as well as through collaborations with state and district-level governments. Pratham has received notable awards such as the Lui Che Woo Prize, WISE Prize for Innovation, Skoll Award for Social Entrepreneurship, the Henry R Kravis Prize in Leadership and the CNN-IBN Indian of the Year for Public Service. Pratham also received the 2021 Yidan Prize for Education Development and the Yashraj Bharati Samman in 2025.","प्रथम एज्युकेशन फाउंडेशन (प्रथम) ही भारतातील सर्वात मोठ्या शैक्षणिक स्वयंसेवी संस्थांपैकी एक आहे. नवकल्पनात्मक आणि काटेकोरपणे मूल्यमापन केलेल्या कार्यक्रमांमुळे तिच्या उपक्रमांनी तीन खंडांमध्ये अशाच प्रकारच्या कार्यक्रमांना प्रेरणा दिली आहे. सुमारे ३० वर्षांच्या इतिहासासह, प्रथमचे कार्य आज लहान मुलांच्या शिक्षणापासून ते मुली व महिलांसाठी आणि युवकांच्या कौशल्य विकासापर्यंत विस्तारलेले आहे.

२५ राज्ये आणि केंद्रशासित प्रदेशांमध्ये चालणाऱ्या कार्यक्रमांद्वारे, सरासरी एका वर्षात प्रथम सुमारे ६ दशलक्ष (६० लाखांहून अधिक) मुलांपर्यंत आणि युवकांपर्यंत पोहोचते. हे कार्य दोन पद्धतींनी साध्य केले जाते: समुदायांमध्ये मुलं आणि युवकांसोबत थेट काम करून, तसेच राज्य आणि जिल्हा स्तरावरील सरकारांसोबत सहकार्य करून.
प्रथमला अनेक मानाचे पुरस्कार मिळाले आहेत, जसे की Lui Che Woo Prize, WISE Prize for Innovation, Skoll Award for Social Entrepreneurship, Henry R. Kravis Prize in Leadership आणि CNN-IBN Indian of the Year for Public Service. याशिवाय, प्रथमला २०२१ मध्ये Yidan Prize for Education Development आणि २०२५ मध्ये यशराज भारती सन्मान मिळाला आहे.","Pratham Education Foundation (प्रथम) भारत के सबसे बड़े शिक्षा से जुड़े गैर-सरकारी संगठनों (NGO) में से एक है। यह संस्था नए और प्रभावी शिक्षा कार्यक्रमों के लिए जानी जाती है, जिनसे दुनिया के कई देशों में भी ऐसे ही कार्यक्रम शुरू हुए हैं। पिछले 30 वर्षों से काम करते हुए, आज प्रथम की गतिविधियाँ छोटे बच्चों की शुरुआती शिक्षा से लेकर लड़कियों, महिलाओं और युवाओं के कौशल विकास तक फैली हुई हैं।

प्रथम के कार्यक्रम भारत के 25 राज्यों और केंद्र शासित प्रदेशों में चल रहे हैं और हर साल औसतन 60 लाख (6 मिलियन) से ज्यादा बच्चों और युवाओं तक पहुँचते हैं। यह काम सीधे समुदाय में बच्चों और युवाओं के साथ काम करके और राज्य व जिला स्तर की सरकारों के साथ मिलकर किया जाता है।

प्रथम को अपने काम के लिए कई बड़े पुरस्कार भी मिले हैं, जैसे Lui Che Woo Prize, WISE Prize for Innovation, Skoll Award for Social Entrepreneurship, Henry R. Kravis Prize in Leadership और CNN-IBN Indian of the Year for Public Service। इसके अलावा, वर्ष 2021 में Yidan Prize for Education Development और 2025 में Yashraj Bharati Samman से भी सम्मानित किया गया है।","ପ୍ରଥମ ଏଡୁକେସନ ଫାଉଣ୍ଡେସନ (ପ୍ରଥମ) ଭାରତର ସବୁଠାରୁ ବଡ଼ ଶିକ୍ଷା-କ୍ଷେତ୍ରର ଅ-ସରକାରୀ ସଂଗଠନ (NGO) ମଧ୍ୟରୁ ଗୋଟିଏ। ଏହାର ନବୀନ ଏବଂ କଠୋର ଭାବରେ ମୂଲ୍ୟାଙ୍କିତ କାର୍ଯ୍ୟକ୍ରମଗୁଡ଼ିକ ତିନୋଟି ମହାଦେଶରେ ସମାନ ପ୍ରକାରର କାର୍ଯ୍ୟକ୍ରମକୁ ପ୍ରେରଣା ଦେଇଛି। ୩୦ ବର୍ଷର ଐତିହ୍ୟ ସହିତ, ପ୍ରଥମର କାର୍ଯ୍ୟକ୍ରମଗୁଡ଼ିକ ଆଜି ପ୍ରାରମ୍ଭିକ ଓ ପ୍ରାଥମିକ ଶିକ୍ଷାରୁ ଆରମ୍ଭ କରି କିଶୋରୀ ଓ ମହିଳାମାନଙ୍କର ସଶକ୍ତିକରଣ ଏବଂ ଯୁବମାନଙ୍କର କୌଶଳ ବିକାଶ ପର୍ଯ୍ୟନ୍ତ ବିସ୍ତାରିତ ହୋଇଛି।

୨୫ଟି ରାଜ୍ୟ ଓ କେନ୍ଦ୍ରଶାସିତ ଅଞ୍ଚଳରେ କାର୍ଯ୍ୟକ୍ରମ ମାଧ୍ୟମରେ, ସାଧାରଣତଃ ପ୍ରତିବର୍ଷ ପ୍ରଥମ ୬୦ ଲକ୍ଷରୁ ଅଧିକ ଶିଶୁ ଓ ଯୁବମାନଙ୍କ ପର୍ଯ୍ୟନ୍ତ ପହଞ୍ଚିଥାଏ। ଏହା ସମୁଦାୟ ସ୍ତରରେ ଶିଶୁ ଓ ଯୁବମାନଙ୍କ ସହ ସିଧାସଳଖ କାର୍ଯ୍ୟ କରିବା ସହିତ ରାଜ୍ୟ ଏବଂ ଜିଲ୍ଲା ସ୍ତରୀୟ ସରକାରମାନଙ୍କ ସହଯୋଗ ମାଧ୍ୟମରେ ସମ୍ଭବ ହୋଇଥାଏ।

ପ୍ରଥମ ଲୁଇ ଚେ ୱୁ ପୁରସ୍କାର (Lui Che Woo Prize), WISE ପୁରସ୍କାର ଫର୍ ଇନୋଭେସନ୍, ସ୍କୋଲ୍ ପୁରସ୍କାର ଫର୍ ସୋସିଆଲ୍ ଏଣ୍ଟ୍ରପ୍ରେନ୍ୟୁରଶିପ୍, ହେନ୍ରି ଆର୍. କ୍ରାଭିସ୍ ଲିଡରଶିପ୍ ପୁରସ୍କାର, ଏବଂ CNN-IBN ଇଣ୍ଡିଆନ୍ ଅଫ୍ ଦ ଇୟର୍ (ପବ୍ଲିକ ସର୍ଭିସ୍) ପରି ଅନେକ ସମ୍ମାନଜନକ ପୁରସ୍କାର ପାଇଛି। ଏହାସହିତ, ପ୍ରଥମ ୨୦୨୧ ମସିହାରେ ୟିଦାନ୍ ପୁରସ୍କାର ଫର୍ ଏଡୁକେସନ୍ ଡେଭେଲପମେଣ୍ଟ ଏବଂ ୨୦୨୫ ମସିହାରେ ଯଶରାଜ ଭାରତୀ ସମ୍ମାନ ମଧ୍ୟ ପ୍ରାପ୍ତ କରିଛି।",".ప్రథమ్ ఎడ్యుకేషన్ ఫౌండేషన్ (ప్రథమ్) భారతదేశంలోని అతిపెద్ద విద్యా స్వచ్ఛంద సంస్థలలో ఒకటి. ఇది వినూత్నమైన, కఠినంగా మూల్యాంకనం చేయబడిన కార్యక్రమాలను రూపొందించి, మూడు ఖండాలలో ఇలాంటి కార్యక్రమాలకు స్ఫూర్తినిచ్చింది. 30 సంవత్సరాల చరిత్ర కలిగిన ప్రథమ్ యొక్క కార్యకలాపాలు నేడు ప్రాథమిక మరియు ప్రాథమిక తరగతుల కార్యక్రమాల నుండి బాలికలు, మహిళలు మరియు యువత నైపుణ్యాభివృద్ధి వరకు విస్తరించి ఉన్నాయి.

సగటున ఒక సంవత్సరంలో, 25 రాష్ట్రాలు మరియు కేంద్రపాలిత ప్రాంతాలలోని కార్యక్రమాల ద్వారా, ప్రథమ్ సాధారణంగా 60 లక్షల మందికి పైగా పిల్లలు మరియు యువతను చేరుకుంటుంది. సమాజంలోని పిల్లలు మరియు యువతతో నేరుగా కలిసి పనిచేయడం, అలాగే రాష్ట్ర మరియు జిల్లా స్థాయి ప్రభుత్వాలతో సహకరించడం వంటి సమిష్టి కృషి ద్వారా ఇది సాధ్యమవుతుంది. ప్రథమ్, లూయీ చే వూ ప్రైజ్, ఆవిష్కరణల కోసం వైజ్ ప్రైజ్, సామాజిక వ్యవస్థాపకత కోసం స్కోల్ అవార్డు, నాయకత్వంలో హెన్రీ ఆర్. క్రావిస్ ప్రైజ్ మరియు ప్రజా సేవకు గాను CNN-IBN ఇండియన్ ఆఫ్ ది ఇయర్ వంటి ప్రముఖ అవార్డులను అందుకుంది. ప్రథమ్ 2021లో విద్యాభివృద్ధికి యిడాన్ ప్రైజ్‌ను మరియు 2025లో యశ్‌రాజ్ భారతి సమ్మాన్‌ను కూడా అందుకుంది.","ಪ್ರಥಮ್ ಎಜುಕೇಶನ್ ಫೌಂಡೇಶನ್ (ಪ್ರಥಮ್) ಭಾರತದ ಅತಿದೊಡ್ಡ ಶಿಕ್ಷಣ ಎನ್‌ಜಿಒಗಳಲ್ಲಿ ಒಂದಾಗಿದೆ, ಇದು ಮೂರು ಖಂಡಗಳಲ್ಲಿ ಇದೇ ರೀತಿಯ ಕಾರ್ಯಕ್ರಮಗಳಿಗೆ ಸ್ಫೂರ್ತಿ ನೀಡಿದ ನವೀನ, ಕಟ್ಟುನಿಟ್ಟಾಗಿ ಮೌಲ್ಯಮಾಪನ ಮಾಡಿದ ಕಾರ್ಯಕ್ರಮಗಳ ದಾಖಲೆಯನ್ನು ಹೊಂದಿದೆ. 30 ವರ್ಷಗಳ ಇತಿಹಾಸದೊಂದಿಗೆ, ಪ್ರಥಮ್‌ನ ಕೆಲಸವು ಇಂದು ಆರಂಭಿಕ ಮತ್ತು ಪ್ರಾಥಮಿಕ ವರ್ಷಗಳ ಕಾರ್ಯಕ್ರಮಗಳಿಂದ ಹುಡುಗಿಯರು ಮತ್ತು ಮಹಿಳೆಯರು ಮತ್ತು ಯುವ ಕೌಶಲ್ಯದವರೆಗೆ ವಿಸ್ತರಿಸಿದೆ.

25 ರಾಜ್ಯಗಳು ಮತ್ತು ಕೇಂದ್ರಾಡಳಿತ ಪ್ರದೇಶಗಳನ್ನು ಒಳಗೊಂಡ ಕಾರ್ಯಕ್ರಮಗಳ ಮೂಲಕ ಪ್ರಥಮ್ ಸರಾಸರಿ ವರ್ಷದಲ್ಲಿ ಸಾಮಾನ್ಯವಾಗಿ 6 ​​ಮಿಲಿಯನ್‌ಗಿಂತಲೂ ಹೆಚ್ಚು ಮಕ್ಕಳು ಮತ್ತು ಯುವಕರನ್ನು ತಲುಪುತ್ತದೆ. ಇದನ್ನು ಪ್ರಯತ್ನಗಳ ಸಂಯೋಜನೆಯ ಮೂಲಕ ಸಾಧಿಸಲಾಗುತ್ತದೆ: ಸಮುದಾಯಗಳಲ್ಲಿನ ಮಕ್ಕಳು ಮತ್ತು ಯುವಕರೊಂದಿಗೆ ನೇರವಾಗಿ ಕೆಲಸ ಮಾಡುವುದು, ಹಾಗೆಯೇ ರಾಜ್ಯ ಮತ್ತು ಜಿಲ್ಲಾ ಮಟ್ಟದ ಸರ್ಕಾರಗಳೊಂದಿಗೆ ಸಹಯೋಗದ ಮೂಲಕ. ಪ್ರಥಮ್ ಲುಯಿ ಚೆ ವೂ ಪ್ರಶಸ್ತಿ, ನಾವೀನ್ಯತೆಗಾಗಿ WISE ಪ್ರಶಸ್ತಿ, ಸಾಮಾಜಿಕ ಉದ್ಯಮಶೀಲತೆಗಾಗಿ ಸ್ಕೋಲ್ ಪ್ರಶಸ್ತಿ, ನಾಯಕತ್ವಕ್ಕಾಗಿ ಹೆನ್ರಿ ಆರ್ ಕ್ರಾವಿಸ್ ಪ್ರಶಸ್ತಿ ಮತ್ತು ಸಾರ್ವಜನಿಕ ಸೇವೆಗಾಗಿ ವರ್ಷದ CNN-IBN ಇಂಡಿಯನ್ ಮುಂತಾದ ಗಮನಾರ್ಹ ಪ್ರಶಸ್ತಿಗಳನ್ನು ಪಡೆದಿದ್ದಾರೆ. ಪ್ರಥಮ್ 2021 ರ ಶಿಕ್ಷಣ ಅಭಿವೃದ್ಧಿಗಾಗಿ ಯಿದಾನ್ ಪ್ರಶಸ್ತಿ ಮತ್ತು 2025 ರಲ್ಲಿ ಯಶರಾಜ್ ಭಾರತಿ ಸಮ್ಮಾನ್ ಅನ್ನು ಸಹ ಪಡೆದರು.","பிரதம் கல்வி அறக்கட்டளை (Pratham) இந்தியாவின் மிகப்பெரிய கல்வி தொண்டு நிறுவனங்களில் ஒன்றாகும். புதுமையான மற்றும் துல்லியமாக மதிப்பீடு செய்யப்பட்ட கல்வி திட்டங்களை செயல்படுத்தி, உலகின் பல இடங்களில் இதுபோன்ற திட்டங்களுக்கு பிரதாம் முன்மாதிரியாக உள்ளது. 30 ஆண்டுகளாக செயல்பட்டு வரும் பிரதம் கல்வி அறக்கட்டளை, இப்போது சிறுவர் மற்றும் ஆரம்பக் கல்வி முதல் பெண்கள் மற்றும் இளைஞர்களின் திறன் மேம்பாட்டு திட்டங்கள் வரை பல துறைகளில் பணியாற்றுகிறது.

இந்தியாவின் 25 மாநிலங்கள் மற்றும் யூனியன் பிரதேசங்களில் செயல்படும் இத்திட்டங்களின் மூலம், ஆண்டுதோறும்  பிரதாம் அமைப்பு சராசரியாக 60 லட்சத்திற்கும் அதிகமான குழந்தைகள் மற்றும் இளைஞர்களைச் சென்றடைகிறது. குழந்தைகள் மற்றும் இளைஞர்களுடன் நேரடியாக பணிபுரிவதோடு, மாநில மற்றும் மாவட்ட அரசுகளுடன் இணைந்து செயல்படுவதன் மூலம் இந்த இலக்கு எட்டப்படுகிறது.

பிரதம் பல முக்கிய விருதுகளை பெற்றுள்ளது. அவற்றில் Lui Che Woo Prize, WISE Innovation Prize, Skoll Award for Social Entrepreneurship, Henry R Kravis Leadership Prize மற்றும் CNN-IBN Indian of the Year (Public Service) ஆகியவை அடங்கும். மேலும், 2021 ஆம் ஆண்டு Yidan Prize for Education Development மற்றும் 2025 ஆம் ஆண்டு Yashraj Bharati Samman விருதுகளையும் பெற்றுள்ளது.","પ્રથમ એજ્યુકેશન ફાઉન્ડેશન (પ્રથમ) એ શિક્ષણ ક્ષેત્રે કામ કરનાર સૌથી મોટી બિન-સરકારી સંસ્થાઓ (એનજીઓ) પૈકીની એક સંસ્થા છે . તે નવીન અને અસરકારક શિક્ષણ કાર્યક્રમો માટે જાણીતી છે જેણે વિશ્વભરના ઘણા દેશોમાં સમાન કાર્યક્રમોને પ્રેરણા આપી છે. 30 વર્ષથી વધુ સમયથી કાર્યરત, પ્રથમની પ્રવૃત્તિઓ આજે નાના બાળકો માટે પૂર્વ શિક્ષણથી લઈને છોકરીઓ, મહિલાઓ અને યુવાનો માટે કૌશલ્ય વિકાસ સુધી વિસ્તરેલ છે. 
 પ્રથમના સમગ્ર ભારતમાં 25 રાજ્યો અને કેન્દ્રશાસિત પ્રદેશોમાં કાર્યરત છે, જે દર વર્ષે વિવિધ કાર્યક્રમો દ્વારા સરેરાશ 6 મિલિયનથી વધુ બાળકો અને યુવાનો સુધી પહોંચે છે. આ કાર્ય સમુદાયમાં બાળકો અને યુવાનો સાથે સીધા કામ કરીને અને રાજ્ય અને જિલ્લા સરકારો સાથે સહયોગ કરીને કરવામાં આવે છે. પ્રથમ ને તેના કામ માટે ઘણા મોટા પુરસ્કાર પર્ણ મળેલ છે , જેમ કે,  Lui Che Woo Prize, WISE Prize for Innovation, Skoll Award for Social Entrepreneurship, Henry R. Kravis Prize in Leadership અને CNN-IBN Indian of the Year for Public Service। તેના સિવાય , વર્ષ  2021 માં  Yidan Prize for Education Development અને 2025 માં  Yashraj Bharati Samman થી સમ્માનિત કરવામાં આવેલ છે.","پرتھم ایجوکیشن فاؤنڈیشن (پرتھم) ہندوستان کی سب سے بڑی تعلیمی این جی اوز میں سے ایک ہے جس کے پاس جدید، سختی سے جانچے گئے پروگراموں کا ریکارڈ ہے جس نے تین براعظموں میں اسی طرح کے پروگراموں کو متاثر کیا ہے۔ 30 سال پر محیط تاریخ کے ساتھ، پرتھم کا کام آج ابتدائی اور ابتدائی سالوں کے پروگراموں سے لے کر لڑکیوں اور خواتین اور نوجوانوں کی مہارت تک پھیلا ہوا ہے۔

25 ریاستوں اور مرکز کے زیر انتظام علاقوں کا احاطہ کرنے والے پروگراموں کے ذریعے، ایک اوسط سال میں، پرتھم عام طور پر 6 ملین سے زیادہ بچوں اور نوجوانوں تک پہنچتا ہے۔ یہ کوششوں کے امتزاج سے حاصل ہوتا ہے: کمیونٹیز میں بچوں اور نوجوانوں کے ساتھ براہ راست کام کرنے کے ساتھ ساتھ ریاستی اور ضلعی سطح کی حکومتوں کے ساتھ تعاون کے ذریعے۔ پرتھم نے قابل ذکر ایوارڈز حاصل کیے ہیں جیسے Lui Che Woo پرائز، WISE پرائز برائے اختراع، Skoll Award for Social Entrepreneurship، The Henry R Kravis Prize in Leadership اور CNN-IBN انڈین آف دی ایئر فار پبلک سروس۔ پرتھم کو 2021 کا یدان انعام برائے تعلیم ترقی اور 2025 میں یشراج بھارتی سمان بھی ملا۔",,
FORM,,HYBRID,Hybrid,संमिश्र (हायब्रिड),हाइब्रिड  (ऑनलाइन और ऑफलाइन दोनों),ହାଇବ୍ରିଡ୍,హైబ్రిడ్,ಹೈಬ್ರಿಡ್,ஹைப்ரிட்,હાઇબ્રીડ (ઓનલાઈન  અને ઓફલાઇન બંને),ہائبرڈ,,
FORM,,ODIA,odia ,,,ଓଡିଆ ,ఒడియా,,ଓଡ଼ିଆ,,,,
FORM,,TELUGU,telugu ,,,ତେଲୁଗୁ ,తెలుగు,,తెలుగు,,,,
FORM,,KANNADA,kanada ,,,କାନାଡା ,కన్నడ,,ಕನ್ನಡ,,,,
FORM,,TAMIL,tamil ,,,ତାମିଲ ,తమిళం,,தமிழ்,,,,
FORM,,GUJARATI,Gujurati ,,,ଗୁଜୁରାଟୀ ,గుజరాతీ,,ગુજરાતી,,,,
FORM,,BENGALI,bengali ,,,ବଙ୍ଗାଳୀ ,బెంగాలీ,,বাংলা,,,,
FORM,,WHAT_IS_YOUR_PREFERRED_LANGUAGE,What is your preferred language,तुमची पसंतीची भाषा कोणती आहे,आपकी पसंदीदा भाषा क्या है?,ତୁମର ପସନ୍ଦର ଭାଷା କଣ?,మీకు ఇష్టమైన భాష ఏది?,ನಿಮ್ಮ ಆದ್ಯತೆಯ ಭಾಷೆ ಯಾವುದು?,உங்களுக்கு விருப்பமான மொழி எது?,તમારી પસંદગીની ભાષા કઈ છે?,آپ کی پسندیدہ زبان کون سی ہے۔,,
FORM,,TYPE_OF_PHONE_ACCESSIBLE,Type of Phone Accessible,उपलब्ध फोनचा प्रकार,फ़ोन का प्रकार जो उपलब्ध है,ଆକ୍ସେସ୍ ଯୋଗ୍ୟ ଫୋନର ପ୍ରକାର,అందుబాటులో ఉన్న ఫోన్ రకం,ಲಭ್ಯವಿರುವ  ಫೋನ್ ಪ್ರಕಾರ,அணுகக்கூடிய தொலைபேசி வகை,સુલભ ફોનનો પ્રકાર,قابل رسائی فون کی قسم,,
FORM,,CONSENT_FILE,Consent File,संमती फाइल,सहमति फाइल,ସମ୍ମତି ଫାଇଲ୍,సమ్మతి ఫైల్ ,ಒಪ್ಪಿಗೆ ಫೈಲ್,ஒப்புதல் கோப்பு,સંમતિ ફાઇલ,رضامندی کی فائل,,
,,CONSENT_FILE,Consent File,,,କନସେଣ୍ଟ ଫାଇଲ ,సమ్మతి ఫైల్ ,ಒಪ್ಪಿಗೆ ಫೈಲ್,ஒப்புதல் கோப்பு,,رضامندی کی فائل,,
,,VIEW_FILE,View File,फाइल पहा,फाइल देखें,ଫାଇଲ୍ ଦେଖନ୍ତୁ,ఫైల్‌ని వీక్షించండి,ಫೈಲ್ ವೀಕ್ಷಿಸಿ,கோப்பை பார்க்கவும்,ફાઇલ જુઓ,فائل دیکھیں,,
,,FILE_PREVIEW,File Preview,फाइलचा पूर्वदृश्य (प्रिव्ह्यू),फाइल प्रीव्यू (फाइल की झलक),ଫାଇଲ୍ ପୂର୍ବାବଲୋକନ,ఫైల్ ప్రివ్యూ,ಫೈಲ್ ಪೂರ್ವವೀಕ್ಷಣೆ,கோப்பு முன்னோட்டம்,ફાઇલ પૂર્વાવલોકન,فائل کا پیش نظارہ,,
REATTEMPT_CHECK,,PLEASE_WAIT,Please wait...,"आम्ही तुमच्या माहितीची पडताळणी करत आहोत, कृपया प्रतीक्षा करा.",कृपया प्रतीक्षा करें जब तक हम आपकी पहचान सत्यापित नहीं कर लेते...,ଆମେ ଆପଣଙ୍କର ପ୍ରମାଣପତ୍ର ଯାଞ୍ଚ କରିବା ପର୍ଯ୍ୟନ୍ତ ଦୟାକରି ଅପେକ୍ଷା କରନ୍ତୁ..., దయచేసి వేచి ఉండండి...,ನಿಮ್ಮ ರುಜುವಾತುಗಳನ್ನು ನಾವು ಪರಿಶೀಲಿಸುವವರೆಗೆ ದಯವಿಟ್ಟು ಕಾಯಿರಿ...,உங்கள் தகவல் சரிபார்க்கப்படுகிறது... தயவுசெய்து காத்திருக்கவும்,કૃપા કરીને અમે તમારા ઓળખપત્રો ચકાસીએ ત્યાં સુધી રાહ જુઓ...,براہ کرم انتظار کریں جب تک ہم آپ کی اسناد کی تصدیق کر لیں...,,
REATTEMPT_CHECK,,MODAL_TITLE,Assessment,मूल्यमापन,मूल्यांकन / टेस्ट,ମୂଲ୍ୟାଙ୍କନ,మూల్యాంకనం,ಮೌಲ್ಯಮಾಪನ,மதிப்பீடு,મૂલ્યાંકન,تشخیص,,
REATTEMPT_CHECK,,REATTEMPT_BUTTON,Reattempt,पुन्हा प्रयत्न करा,दोबारा प्रयास करें,ପୁନଃଚେଷ୍ଟା,పునఃప్రయత్నం,ಮರುಪ್ರಯತ್ನ,மீண்டும் முயற்சி செய்யவும்,ફરીથી પ્રયાસ કરો,دوبارہ کوشش کریں۔,,
REATTEMPT_CHECK,,CONTINUE_BUTTON,Continue,पुढे सुरू ठेवा,आगे बढ़ें,ଜାରି ରଖନ୍ତୁ,కొనసాగించు,ಮುಂದುವರಿಸಿ,தொடரவும்,ચાલુ રાખો,جاری رکھیں,,
REATTEMPT_CHECK,,MAIN_MESSAGE,Would you like to reattempt the saral test or continue into the app?,"तुम्हाला सरल टेस्ट पुन्हा द्यायची आहे का, की अॅपमध्ये पुढे जायचे आहे?",क्या आप सरल टेस्ट दोबारा देना चाहते हैं या ऐप में आगे बढ़ना चाहते हैं?,ଆପଣ ସରଳ ପରୀକ୍ଷା ପୁଣି ଥରେ ଚେଷ୍ଟା କରିବାକୁ ଚାହାଁନ୍ତି ନା ଆପରେ ଜାରି ରଖିବାକୁ ଚାହାଁନ୍ତି?,మీరు సరళ్ పరీక్షను మళ్లీ ప్రయత్నించాలనుకుంటున్నారా లేదా యాప్‌లోకి కొనసాగాలనుకుంటున్నారా?,ನೀವು ಸರಳ್ ಪರೀಕ್ಷೆಯನ್ನು ಮತ್ತೆ ಪ್ರಯತ್ನಿಸಲು ಬಯಸುವಿರಾ ಅಥವಾ ಆಪ್‌ ನಲ್ಲಿ ಮುಂದುವರಿಯುವಿರಾ?,சரல் தேர்வை மீண்டும் முயற்சி செய்ய விரும்புகிறீர்களா அல்லது தொடர விரும்புகிறீர்களா?,શું તમે સરલ ટેસ્ટ ફરીથી આપવાનો પ્રયાસ કરવા માંગો છો કે એપ્લિકેશનમાં ચાલુ રાખવા માંગો છો?,کیا آپ سرل ٹیسٹ کی دوبارہ کوشش کرنا چاہیں گے یا ایپ میں جاری رکھنا چاہیں گے؟,,
REATTEMPT_CHECK,,SUB_MESSAGE,You can reattempt the registration saral test or skip it and continue to your dashboard.,तुम्ही नोंदणीसाठीची सरल टेस्ट पुन्हा देऊ शकता किंवा ती वगळून थेट तुमच्या डॅशबोर्डवर जाऊ शकता.,आप रजिस्ट्रेशन का सरल टेस्ट दोबारा दे सकते हैं या इसे छोड़कर सीधे डैशबोर्ड पर जा सकते हैं।,ଆପଣ ପଞ୍ଜିକରଣ ସରଳ ପରୀକ୍ଷାକୁ ପୁନଃ ଚେଷ୍ଟା କରିପାରିବେ କିମ୍ବା ଏହାକୁ ଛାଡି ଆପଣଙ୍କର ଡ୍ୟାସବୋର୍ଡକୁ ଜାରି ରଖିପାରିବେ।,మీరు రిజిస్ట్రేషన్ సరళ్ పరీక్షను మళ్లీ ప్రయత్నించవచ్చు లేదా దానిని దాటవేసి మీ డాష్‌బోర్డ్‌కు కొనసాగవచ్చు.,ನೀವು ನೋಂದಣಿ ಸರಳ್ ಪರೀಕ್ಷೆಯನ್ನು ಪುನಃ ಪ್ರಯತ್ನಿಸಬಹುದು ಅಥವಾ ಅದನ್ನು ಬಿಟ್ಟು ನಿಮ್ಮ ಡ್ಯಾಶ್‌ಬೋರ್ಡ್‌ಗೆ ಮುಂದುವರಿಯಬಹುದು.,நீங்கள் பதிவு செய்த சரல் தேர்வை மீண்டும் எழுதலாம் அல்லது அதைத் தவிர்த்து உங்கள் டாஷ்போர்டுக்கு செல்லலாம்,તમે રજીસ્ટ્રેશન સરલ ટેસ્ટ ફરીથી આપી શકો છો અથવા તેને છોડી શકો છો અને તમારા ડેશબોર્ડ પર ચાલુ રાખી શકો છો.,آپ رجسٹریشن سرل ٹیسٹ کی دوبارہ کوشش کر سکتے ہیں یا اسے چھوڑ کر اپنے ڈیش بورڈ پر جا سکتے ہیں۔,,
,,During,Learn,शिका,सीखें,ଶିଖନ୍ତୁ,నేర్చుకోండి,ಕಲಿಯಿರಿ,கற்றல்,શીખો,سیکھیں۔,,
,,Postrequisite,Practice,सराव करा,अभ्यास करें,ଅଭ୍ୟାସ କରନ୍ତୁ,సాధన,ಅಭ್ಯಾಸ ಮಾಡಿ,பயிற்சி,પ્રેક્ટિસ,مشق کریں۔,,
,,Facilitator-requisite,Facilitator-requisite,सुविधादात्यासाठी आवश्यक बाबी,फैसिलिटेटर के लिए आवश्यक चीजें,ସହାୟକ-ଆବଶ୍ୟକ,ఫెసిలిటేటర్- అవసరం,ಫೆಸಿಲಿಟೇಟರ್- ಅವಶ್ಯಕತೆ,ஆசிரியர் தேவைகள்,ફેસિલિટેટર માટે આવશ્યક,سہولت کار- مطلوبہ,,
,,Prerequisite,Prepare,तयारी करा,तैयारी करें,ପ୍ରସ୍ତୁତ ହୁଅ,సిద్ధం,ತಯಾರಿ,தயாராகுங்கள்,તૈયાર,تیار کریں۔,,
,,Select_Language_For_Learning,Select the language in which you want to learn,तुम्हाला ज्या भाषेत शिकायचे आहे ती भाषा निवडा.,"आप जिस भाषा में सीखना चाहते हैं, उसे चुनें","ଆପଣ ଯେଉଁ ଭାଷାରେ ଶିଖିବାକୁ ଚାହୁଁଛନ୍ତି, ସେହି ଭାଷାକୁ ଚୟନ କରନ୍ତୁ।",మీరు ఏ భాషలో నేర్చుకోవాలనుకుంటున్నారో ఆ భాషను ఎంచుకోండి.,ನೀವು ಕಲಿಯಲು ಬಯಸುವ ಭಾಷೆಯನ್ನು ಆಯ್ಕೆಮಾಡಿ.,நீங்கள் எந்த மொழியில் கற்க விரும்புகிறீர்களோ அந்த மொழியைத் தேர்ந்தெடுக்கவும்.,તમે જે ભાષામાં શીખવા માંગો છો તે ભાષા પસંદ કરો.,آپ جس زبان میں سیکھنا چاہتے ہیں، وہ زبان منتخب کریں۔,,
,,Learning_Language_Info,"Content, courses, and assessments will be shown in your selected language. You can change this language anytime from the Profile section","सामग्री, अभ्यासक्रम आणि मूल्यांकन तुम्ही निवडलेल्या भाषेत दाखवले जातील. तुम्ही ही भाषा कधीही प्रोफाइल विभागातून बदलू शकता.","आपकी चुनी गई भाषा में कंटेंट, कोर्स और टेस्ट दिखाए जाएंगे। आप इस भाषा को कभी भी प्रोफ़ाइल सेक्शन से बदल सकते हैं","ବିଷୟବସ୍ତୁ, କୋର୍ସ ଏବଂ ମୂଲ୍ୟାୟନଗୁଡ଼ିକ ଆପଣ ଚୟନ କରିଥିବା ଭାଷାରେ ଦେଖାଯିବ। ଆପଣ ଏହି ଭାଷାକୁ ଯେକୌଣସି ସମୟରେ ପ୍ରୋଫାଇଲ ବିଭାଗରୁ ପରିବର୍ତ୍ତନ କରିପାରିବେ","కంటెంట్, కోర్సులు మరియు అసెస్‌మెంట్‌లు మీరు ఎంచుకున్న భాషలో చూపబడతాయి. మీరు ఈ భాషను ""ప్రొఫైల్"" విభాగం నుండి ఎప్పుడైనా మార్చుకోవచ్చు.","ನೀವು ಆಯ್ಕೆ ಮಾಡಿದ ಭಾಷೆಯಲ್ಲಿ ವಿಷಯಗಳು, ಕೋರ್ಸ್‌ಗಳು ಮತ್ತು ಮೌಲ್ಯಮಾಪನಗಳು  ತೋರಿಸಲಾಗುತ್ತದೆ.ಈ ಭಾಷೆಯನ್ನು ನೀವು ಯಾವುದೇ ಸಮಯದಲ್ಲಿ ಪ್ರೊಫೈಲ್  ವಿಭಾಗದಿಂದ ಬದಲಾಯಿಸಬಹುದು.","உள்ளடக்கம், பாடப்பிரிவுகள் மற்றும் மதிப்பீடுகள் அனைத்தும்  நீங்கள் தேர்ந்தெடுத்த மொழியில் காண்பிக்கப்படும். இந்த மொழியை நீங்கள் எப்போது வேண்டுமானாலும் சுயவிவரப் பகுதியில் மாற்றலாம்.","સામગ્રી, કોર્સ અને મૂલ્યાંકન તમારી પસંદ કરેલી ભાષામાં બતાવવામાં આવશે. તમે આ ભાષાને કોઈપણ સમયે પ્રોફાઇલ વિભાગમાંથી બદલી શકો છો.","مواد، کورسز، اور اسیسمنٹس آپ کی منتخب کردہ زبان میں دکھائے جائیں گے۔ آپ اس زبان کو کسی بھی وقت پروفائل سیکشن سے تبدیل کر سکتے ہیں۔",,