Module,Submodule,Key,English,Marathi,Hindi,Odiya,Telugu,Kannada,Tamil,Gujarati,Urdu
COMMON,,LANGUAGE,Language,भाषा,भाषा,ଭାଷା,భాష,ಭಾಷೆ,மொழி,ભાષા,زبان
COMMON,,ADD_NEW,Add New,नवीन जोडा,नया जोड़ें,ନୂତନ ଯୋଡନ୍ତୁ,కొత్తదాన్ని జోడించండి,ಹೊಸದನ್ನು ಸೇರಿಸಿ,புதியதைச் சேர்க்கவும்,નવું જોડો,نیا شامل کریں۔
COMMON,,PAGE_SIZE,Page Size,पेज  आकार,पृष्ठ आकार,ପୃଷ୍ଠା ଆକାର,పేజీ పరిమాణం,ಪುಟ ಗಾತ್ರ,பக்க அளவு,કાગળનું માપ,صفحہ کا سائز
COMMON,,DELETE_USER,Delete User,वापरकर्त्याला कायमस्वरूपी हटवा,उपयोगकर्ता को स्थायी रूप से हटाएं,ୟୁଜରଙ୍କୁ ଡିଲିଟ  କରନ୍ତୁ ,వినియోగదారుని తొలగించండి,ಯೂಸರ್ ನ್ನು ಶಾಶ್ವತವಾಗಿ ಅಳಿಸಿ,பயனரை நீக்கவும்,ઉપયોગકર્તાને સ્થાયી રૂપથી હટાવો,صارف کو حذف کریں۔
COMMON,,DELETE_USER_WITH_REASON,Delete User,वापरकर्त्याला हटवा,उपयोगकर्ता को हटाएं,ୟୁଜରଙ୍କୁ ଡିଲିଟ  କରନ୍ତୁ ,వినియోగదారుని తొలగించండి,ಯೂಸರ್ ನ್ನು ಅಳಿಸಿ,பயனரை நீக்கவும்,ઉપયોગકર્તાને હટાવો,صارف کو حذف کریں۔
COMMON,,USER_DELETED_PERMANENTLY,User Successfully Deleted!,वापरकर्ता यशस्वीरित्या हटविला गेला!,उपयोगकर्ता सफलतापूर्वक हटाया गया!,ୟୁଜରଙ୍କୁ ସଫଳତାର ସହ ଡିଲିଟ କରାଯାଇଛି l ,వినియోగదారు విజయవంతంగా తొలగించబడ్డారు!,ಯೂಸರ್ ನ್ನು ಯಶಸ್ವಿಯಾಗಿ ಅಳಿಸಲಾಗಿದೆ!,பயனர் வெற்றிகரமாக நீக்கப்பட்டார்!,ઉપયોગકર્તાને સફળતાપૂર્વક હટાવી દીધો છે.,صارف  کامیابی سے حذف ہو گیا!
COMMON,,OTHER_REASON,Other Reason,इतर कारण,अन्य कारण,ଅନ୍ୟାନ୍ୟ କାରଣ,ఇతర కారణం,ಇತರ ಕಾರಣ,பிற காரணம்,અન્ય કારણ,دوسری وجہ
COMMON,,OTHER_REASON_PLACEHOLDER,Enter Other Reason,इतर कारण प्रविष्ट करा,अन्य कारण दर्ज करें,ଅନ୍ୟାନ୍ୟ କାରଣ ଲେଖନ୍ତୁ,ఇతర కారణాన్ని నమోదు చేయండి,ಇತರ ಕಾರಣವನ್ನು ನಮೂದಿಸಿ,பிற காரணத்தை உள்ளிடவும்,અન્ય કારણ નાખો,دوسری وجہ درج کریں۔
COMMON,,REASON_FOR_DELETION,Reason for Deletion,हटवण्याचे कारण,हटाने का कारण,ଡିଲିଟ କରିବାର କାରଣ ,తొలగింపుకు కారణం,ಅಳಿಸುವಿಕೆಗೆ ಕಾರಣ,நீக்குவதற்கான காரணம்,હટાવી દેવાનું કારણ,حذف کرنے کی وجہ
COMMON,,INCORRECT_DATA_ENTRY,Incorrect Data Entry,चुकीची डेटा नोंद,गलत डेटा प्रविष्टि,ତ୍ରୁଟିପୂର୍ଣ୍ଣ ତଥ୍ୟ ଏଣ୍ଟ୍ରି ,తప్పుగా డేటా నమోదు,ತಪ್ಪಾದ ಡೇಟಾ ನಮೂದು,தவறான தரவு பதிவு,ખોટી માહિતી નાખી છે.,غلط ڈیٹا انٹری
COMMON,,DUPLICATED_USER,Duplicate User,डुप्लिकेट वापरकर्ता,डुप्लिकेट उपयोगकर्ता,ଡୁପ୍ଲିକେଟ୍ ୟୁଜର ,నకిలీ వినియోగదారు,ನಕಲಿ ಯೂಸರ್,டூப்ளிகேட் பயனர்,ડુપ્લિકેટ ઉપયોગકર્તા,نقلی صارف
COMMON,,NO_USER_FOUND,User not found,वापरकर्ता सापडला नाही,उपयोगकर्ता नहीं मिला,ୟୁଜର ମିଳିଲେ ନାହିଁ।,వినియోగదారు కనుగొనబడలేదు,ಯೂಸರ್ ಕಂಡುಬಂದಿಲ್ಲ.,பயனர் கிடைக்கவில்லை,ઉપયોગકર્તા નથી મળેલ,صارف نہیں ملا
COMMON,,NO_CENTER_FOUND,Centers not found,सेंटर नहीं मिले,केंद्र सापडले नाही,ସେଣ୍ଟର  ମିଳିନାହିଁ,కేంద్రాలు దొరకలేదు,ಕೇಂದ್ರಗಳು ಕಂಡುಬಂದಿಲ್ಲ,மையங்கள் கிடைக்கவில்லை,કેન્દ્ર મળ્યું નથી,سنٹرز نہیں ملے
COMMON,,ALL,All,सर्व,सभी,ସମସ୍ତ,అన్నీ,ಎಲ್ಲವೂ,அனைத்தும்,બધાજ,تمام
COMMON,,NO_GO_BACK,"No, go back","नाही, परत जा","नहीं, वापस जाएं","ନାହିଁ, ପଛକୁ ଯାଆନ୍ତୁ","లేదు, వెనక్కి వెళ్ళు","ಇಲ್ಲ, ಹಿಂತಿರುಗಿ","இல்லை, திரும்பிச் செல்லவும்","નથી, પાછા જાઓ",نہیں، واپس جائیں
COMMON,,YES,Yes,होय,हाँ,ହଁ,అవును,ಹೌದು,ஆம்,હા,جی ہاں
COMMON,,OTHER,Other,इतर,अन्य,ଅନ୍ୟାନ୍ୟ,ఇతర,ಇತರೆ,மற்றவை,અન્ય,دیگر
COMMON,,EDIT_CENTER_NAME,Edit Center,संपादन केंद्र,संपादन केंद्र,ସେଣ୍ଟର ସମ୍ପାଦିତ କର,సవరణ కేంద్రం,ಎಡಿಟ್ ಸೆಂಟರ್ ,மையத்தைத் திருத்தவும்,કેન્દ્ર ફાળવો,سنٹر میں ترمیم کریں۔
COMMON,,NAME,Name,नाव,नाम,ନାମ,పేరు,ಹೆಸರು,பெயர்,નામ,نام
COMMON,,UPDATE_CENTER,Update Center,केंद्र अद्ययावत करा,केंद्र को अपडेट करें,ଅପଡେଟ୍ କେନ୍ଦ୍ର,అప్‌డేట్ సెంటర్,ಅಪ್ಡೇಟ್ ಸೆಂಟರ್,மையத்தைப் புதுப்பிக்கவும்,અપડેટ સેન્ટર,اپ ڈیٹ سینٹر
COMMON,,EDIT,Edit,संपादित करा,संपादित करें,ସମ୍ପାଦନା,సవరణ,ಎಡಿಟ್ ಸೆಂಟರ್ ,திருத்தவும்,ઉમેરો,ترمیم کریں۔
COMMON,,DELETE,Delete,हटवा,हटाएं,ହଟାନ୍ତୁ,తొలగించండి,ಅಳಿಸಿ,நீக்கவும்,કાઢો,حذف کریں۔
COMMON,,NO_DATA_FOUND,No data found,डेटा सापडला नाही,कोई डेटा नहीं मिला,ତଥ୍ୟ ମିଳିଲା ନାହିଁ,డేటా ఏదీ కనుగొనబడలేదు,ಯಾವುದೇ ಡೇಟಾ ಕಂಡುಬಂದಿಲ್ಲ,தரவு எதுவும் கிடைக்கவில்லை,કોઈ માહિતી નથી મળેલ,کوئی ڈیٹا نہیں ملا
COMMON,,SUBMIT,Submit,सबमिट करा,जमा करें,ଦାଖଲ କରନ୍ତୁ,సమర్పించండి,ಸಲ್ಲಿಸಿ,சமர்ப்பிக்கவும்,સબમિટ કરો,جمع کروائیں۔
COMMON,,BACK,Back,परत जा,वापस,ପଛକୁ ଯାଆନ୍ତୁ,వెనుకకు,ಹಿಂದೆ,பின்செல்,પાછા જાઓ,پیچھے
COMMON,,CANCEL,Cancel,रद्द करें,रद्द करा,ବାତିଲ,రద్దు చేయి,ರದ್ದುಮಾಡಿ,ரத்து செய்க,રદ કરો,منسوخ کریں۔
COMMON,,ARE_YOU_SURE_DELETE,There are {{block}} active blocks in this district you cannot delete it.,"इस जिले में {{block}} सक्रिय ब्लॉक हैं, आप इसे हटा नहीं सकते।","या जिल्ह्यात {{block}} सक्रिय ब्लॉक्स आहेत, तुम्ही हे हटवू शकत नाही.","ଏହି ଜିଲ୍ଲାକୁ {{block}} ସକ୍ରିୟ ବ୍ଲକ ଅଛି, ତୁମେ ଏହାକୁ ଡିଲିଟ କରିପାରିବ ନାହିଁ |","ఈ జిల్లాలో {{block}} క్రియాశీల బ్లాక్‌లు ఉన్నాయి, మీరు దీన్ని తొలగించలేరు.","ಈ ಜಿಲ್ಲೆಯಲ್ಲಿ {{ಬ್ಲಾಕ್}} ಸಕ್ರಿಯ ಬ್ಲಾಕ್‌ಗಳಿವೆ, ಅದನ್ನು ನೀವು ಅಳಿಸಲು ಸಾಧ್ಯವಿಲ್ಲ.",இந்த மாவட்டத்தில் {{block}} செயலில் உள்ள வட்டங்கள் உள்ளன. இதை நீக்க முடியாது.,"{{block}} આ જિલ્લામાં સક્રિય બ્લોક છે, તમે તેને કાઢી શકતા નથી.",اس ضلع میں {{block}} فعال بلاکس ہیں آپ اسے حذف نہیں کر سکتے۔
COMMON,,NO_ACTIVE_BLOCKS_DELETE,There are no active blocks in this district. Do you want to delete it?,इस जिले में कोई सक्रिय ब्लॉक नहीं हैं। क्या आप इसे हटाना चाहते हैं?,या जिल्ह्यात कोणतेही सक्रिय ब्लॉक्स नाहीत. तुम्हाला ते हटवायचे आहे का?,ଏହି ଜିଲ୍ଲାର କୌଣସି ସକ୍ରିୟ ବ୍ଲକ ନାହିଁ | ଆପଣ ଏହାକୁ ଡିଲିଟ  କରିବାକୁ ଚାହୁଁଛନ୍ତି କି?,ఈ జిల్లాలో క్రియాశీల బ్లాక్‌లు ఏవీ లేవు. మీరు దీన్ని తొలగించాలనుకుంటున్నారా?,ಈ ಜಿಲ್ಲೆಯಲ್ಲಿ ಯಾವುದೇ ಸಕ್ರಿಯ ಬ್ಲಾಕ್‌ಗಳಿಲ್ಲ. ನೀವು ಅದನ್ನು ಅಳಿಸಲು ಬಯಸುತ್ತೀರಾ?,இந்த மாவட்டத்தில் செயலில் உள்ள வட்டங்கள் எதுவும் இல்லை. இதை நீக்க விரும்புகிறீர்களா?,આ જિલ્લામાં કોઈ સક્રિય બ્લોક નથી. શું તમે તેને કાઢી નાખવા માંગો છો?,اس ضلع میں کوئی فعال بلاکس نہیں ہیں۔ کیا آپ اسے حذف کرنا چاہتے ہیں؟
COMMON,,ARE_YOU_SURE_DELETE_BLOCK,There are {{centerCount}} active centers in this block you cannot delete it,"इस ब्लॉक में {{centerCount}} सक्रिय केंद्र हैं, आप इसे हटा नहीं सकते","या ब्लॉकमध्ये {{centerCount}} सक्रिय केंद्र आहेत, तुम्ही हे हटवू शकत नाही","ଏହି ବ୍ଲକରେ {{centerCount}} ସକ୍ରିୟ କେନ୍ଦ୍ର ଅଛି, ଆପଣ ଏହାକୁ ଡିଲିଟ  କରିପାରିବେ ନାହିଁ |","ఈ బ్లాక్‌లో {{centerCount}} సక్రియ కేంద్రాలు ఉన్నాయి, మీరు దీన్ని తొలగించలేరు","ಈ ಬ್ಲಾಕ್‌ನಲ್ಲಿ {{centerCount}} ಸಕ್ರಿಯ ಕೇಂದ್ರಗಳಿವೆ, ನೀವು ಅದನ್ನು ಅಳಿಸಲು ಸಾಧ್ಯವಿಲ್ಲ.",இந்த வட்டத்தில் {{centerCount}} செயலில் உள்ள மையங்கள் உள்ளன. இதை நீக்க முடியாது.,"આ બ્લોકમાં {{centerCount}} સક્રિય કેન્દ્રો છે, તમે તેને કાઢી શકતા નથી",اس بلاک میں {{centerCount}} فعال مراکز ہیں آپ اسے حذف نہیں کر سکتے
COMMON,,NO_ACTIVE_CENTERS_DELETE,There are no active centers in this block. Do you want to delete it?,इस ब्लॉक में कोई सक्रिय केंद्र नहीं हैं। क्या आप इसे हटाना चाहते हैं?,या ब्लॉकमध्ये कोणतेही सक्रिय केंद्र नाहीत. तुम्हाला ते हटवायचे आहे का?,ଏହି ବ୍ଲକରେ କୌଣସି ସକ୍ରିୟ କେନ୍ଦ୍ର ନାହିଁ | ଆପଣ ଏହାକୁ ଡିଲିଟ  କରିବାକୁ ଚାହୁଁଛନ୍ତି କି?,ఈ బ్లాక్‌లో క్రియాశీల కేంద్రాలు ఏవీ లేవు. మీరు దీన్ని తొలగించాలనుకుంటున్నారా?,ಈ ಬ್ಲಾಕ್‌ನಲ್ಲಿ ಯಾವುದೇ ಸಕ್ರಿಯ ಕೇಂದ್ರಗಳಿಲ್ಲ. ನೀವು ಅದನ್ನು ಅಳಿಸಲು ಬಯಸುವಿರಾ?,இந்த வட்டத்தில் செயலில் உள்ள மையங்கள் எதுவும் இல்லை. இதை நீக்க விரும்புகிறீர்களா?,આ બ્લોકમાં કોઈ સક્રિય કેન્દ્રો નથી. શું તમે તેને કાઢી નાખવા માંગો છો?,اس بلاک میں کوئی فعال مراکز نہیں ہیں۔ کیا آپ اسے حذف کرنا چاہتے ہیں؟
COMMON,,CONFIRM_DELETE,Confirm Delete,हटाने की पुष्टि करें,हटवण्याची पुष्टी करा,ଡିଲିଟ  ନିଶ୍ଚିତ କରନ୍ତୁ |,తొలగించడాన్ని నిర్ధారించండి,ಅಳಿಸುವಿಕೆಯನ್ನು ದೃಢೀಕರಿಸಿ,நீக்குவதை உறுதிப்படுத்தவும்,કાઢી નાખવાની પુષ્ટિ કરો,حذف کی تصدیق کریں۔
COMMON,,ADD_STATE,Add New State,नया राज्य जोड़ें,नवीन राज्य जोडा,ନୂତନ ରାଜ୍ୟ ଯୋଗ କରନ୍ତୁ |,కొత్త రాష్ట్రాన్ని జోడించండి,ಹೊಸ ರಾಜ್ಯವನ್ನು ಸೇರಿಸಿ,புதிய மாநிலத்தைச் சேர்க்கவும்,નવું રાજ્ય ઉમેરો,نئی ریاست شامل کریں۔
COMMON,,ADD_STATE_CODE,Code,कोड,कोड,କୋଡ୍,కోడ్,ಕೋಡ್,குறியீடு,કોડ,کوڈ
COMMON,,NAME_REQUIRED,Name is Required,नाम आवश्यक है,नाव आवश्यक आहे,ନାମ ଆବଶ୍ୟକ |,పేరు అవసరం,ಹೆಸರು ಅಗತ್ಯವಿದೆ,பெயர் தேவை,નામ જરૂરી છે,نام مطلوب ہے۔
COMMON,,CODE_REQUIRED,Code is Required,कोड आवश्यक है,कोड आवश्यक आहे,କୋଡ୍ ଆବଶ୍ୟକ |,కోడ్ అవసరం,ಕೋಡ್ ಅಗತ್ಯವಿದೆ,குறியீடு தேவை,કોડ જરૂરી,کوڈ درکار ہے۔
COMMON,,CODE_NOTIFICATION,Code should contain 2-3 characters (e.g.MH),कोड में 2-3 वर्ण होने चाहिए (उदाहरण: MH),कोडमध्ये २-३  वर्णाक्षर असावेत (उदा. MH),କୋଡ୍ 2-3 ଅକ୍ଷର ଧାରଣ କରିବା ଉଚିତ (e.g MH),కోడ్‌లో 2-3 అక్షరాలు ఉండాలి (ఉదా.MH),ಕೋಡ್ 2-3 ಅಕ್ಷರಗಳನ್ನು ಹೊಂದಿರಬೇಕು (i.n.MHA),குறியீட்டில் 2-3 எழுத்துகள் இருக்க வேண்டும் (எ.கா.MH),કોડમાં 2-3 અક્ષરો હોવા જોઈએ (ઉદાહરણ: MH),کوڈ میں 2-3 حروف ہونا چاہیے (جیسے MH)
COMMON,,STATE_NAME,State Name,राज्य का नाम,राज्याचे नाव,ରାଜ୍ୟର ନାମ,రాష్ట్రం పేరు,ರಾಜ್ಯ_ಹೆಸರು,மாநில பெயர்,રાજ્યનું નામ,ریاست کا نام
COMMON,,INVALID_TEXT,Invalid Text,अमान्य पाठ,अवैध मजकूर,ଅମାନ୍ୟ ପାଠ୍ୟ,టెక్స్ట్ చెల్లదు,ಇನ್ ವ್ಯಾಲಿಡ್ ಟೆಕ್ಸ್ಟ್,தவறான எழுத்துக்கள்,અમાન્ય પાઠ,غلط متن
COMMON,,INVALID_CODE,Invalid Code,अमान्य कोड,अवैध कोड,ଅମାନ୍ୟ କୋଡ୍,చెల్లని కోడ్,ಇನ್ ವ್ಯಾಲಿಡ್ ಕೋಡ್,தவறான குறியீடு,અમાન્ય કોડ,غلط کوڈ
COMMON,,FILTER_BY_STATUS,Filter By Status :,स्थिति के अनुसार फ़िल्टर करें:,स्थितीवर आधारित फिल्टर करा:,ସ୍ଥିତି ଅନୁଯାୟୀ ଫିଲ୍ଟର କରନ୍ତୁ:,స్థితి వారీగా ఫిల్టర్ చేయండి:,ಸ್ಥಿತಿಯ ಪ್ರಕಾರ ಫಿಲ್ಟರ್ ಮಾಡಿ:,நிலையின்படி வடிகட்டவும்,સ્થિતિ દ્વારા ફિલ્ટર કરો:,حیثیت کے لحاظ سے فلٹر کریں:
COMMON,,DISTRICT_NAME,District Name,जिले का नाम,जिल्ह्याचे नाव,ଜିଲ୍ଲାର ନାମ,జిల్లా పేరు,ಜಿಲ್ಲೆಯ ಹೆಸರು,மாவட்டத்தின் பெயர்,જિલ્લાનું નામ,ضلع کا نام
COMMON,,DISTRICT_CODE,District Code,जिला कोड,जिल्हा कोड,ଜିଲ୍ଲାର କୋଡ୍,జిల్లా కోడ్,ಜಿಲ್ಲಾ ಕೋಡ್ ,மாவட்ட குறியீடு,જિલ્લા કોડ,ضلعی کوڈ
COMMON,,CONTROLLING_FIELD,Controlling Field,नियंत्रक फ़ील्ड,नियंत्रक फील्ड,ନିୟନ୍ତ୍ରଣ କ୍ଷେତ୍ର,కంట్రోలింగ్ ఫీల్డ్,ನಿಯಂತ್ರಣ ಕ್ಷೇತ್ರ,கட்டுப்பாட்டு புலம்,નિયંત્રક ક્ષેત્ર,کنٹرولنگ فیلڈ
COMMON,,ADD_DISTRICT,Add New District,नया जिला जोड़ें,नवीन जिल्हा जोडा,ନୂତନ ଜିଲ୍ଲା ଯୋଡନ୍ତୁ |,కొత్త జిల్లాను జోడించండి,ಹೊಸ ಜಿಲ್ಲೆ ಸೇರಿಸಿ,புதிய மாவட்டத்தைச் சேர்க்கவும்,નવો જિલ્લો ઉમેરો,نیا ضلع شامل کریں۔
COMMON,,ERROR_MESSAGE_SOMETHING_WRONG,Something Went Wrong,कुछ गलत हो गया,काहीतरी चूक झाली,କିଛି ଭୁଲ ହୋଇଗଲା,ఏదో తప్పు జరిగింది,ಏನೋ ತಪ್ಪಾಗಿದೆ.,ஏதோ தவறு ஏற்பட்டுள்ளது,કંઈક ખોટું થયું,کچھ غلط ہو گیا۔
COMMON,,UPDATE,Update,अद्यतन करें,अद्यतन करा,ଆପଡେଟ୍ କରନ୍ତୁ,అప్‌డేట్ చేయండి,ಅಪ್ಡೇಟ್,புதுப்பிக்கவும்,અપડેટ,اپ ڈیٹ کریں۔
COMMON,,UPDATE_STATE,Update State,राज्य अपडेट करें,राज्य अद्ययावत करा,ରାଜ୍ୟ ଅପଡେଟ୍ କରନ୍ତୁ,స్థితిని అప్‌డేట్ చేయండి,ರಾಜ್ಯವನ್ನು ಅಪ್ಡೇಟ್ ಮಾಡಿ ,மாநிலத்தைப் புதுப்பிக்கவும்,રાજ્ય અપડેટ કરો,ریاست کو اپ ڈیٹ کریں۔
COMMON,,UPDATE_DISTRICT,Update District,जिला अपडेट करें,जिल्हा अद्ययावत करा,ଜିଲ୍ଲା ଅପଡେଟ୍ କରନ୍ତୁ,జిల్లా అప్‌డేట్ చేయండి,ಜಿಲ್ಲೆಯನ್ನು ಅಪ್ಡೇಟ್ ಮಾಡಿ ,மாவட்டத்தைப் புதுப்பிக்கவும்,જિલ્લા અપડેટ કરો,ضلع کو اپ ڈیٹ کریں۔
COMMON,,UPDATE_BLOCK,Update Block,ब्लॉक अपडेट करें,ब्लॉक अद्ययावत करा,ବ୍ଲକ୍ ଅପଡେଟ୍କରନ୍ତୁ,బ్లాక్‌ని అప్‌డేట్ చేయండి,ಬ್ಲಾಕ್ ಅನ್ನು ಅಪ್ಡೇಟ್ ಮಾಡಿ ,வட்டத்தைப் புதுப்பிக்கவும்,બ્લોક અપડેટ કરો,اپ ڈیٹ بلاک
COMMON,,ADD_BLOCK,Add New Block,नया ब्लॉक जोड़ें,नवीन ब्लॉक जोडा,ନୂତନ ବ୍ଲକ୍ ଯୋଡନ୍ତୁ |,కొత్త బ్లాక్‌ని జోడించండి,ಹೊಸ ಬ್ಲಾಕ್ ಸೇರಿಸಿ,புதிய வட்டத்தைச் சேர்க்கவும்,નવો બ્લોક ઉમેરો,نیا بلاک شامل کریں۔
COMMON,,BLOCK_NAME,Block Name,ब्लॉक का नाम,ब्लॉकचे नाव,ବ୍ଲକର ନାମ,బ్లాక్ పేరు,ಬ್ಲಾಕ್ ಹೆಸರು,வட்டத்தின் பெயர்,બ્લોકનું નામ,بلاک کا نام
COMMON,,BLOCK_CODE,Block Code,ब्लॉक कोड,ब्लॉक कोड,ବ୍ଲକର କୋଡ୍,బ్లాక్ కోడ్,ಬ್ಲಾಕ್ ಕೋಡ್,வட்டக் குறியீடு,બ્લોક કોડ,بلاک کوڈ
COMMON,,BLOCKS_NOT_FOUND,Blocks not found,ब्लॉक नहीं मिले,ब्लॉक्स सापडले नाहीत,ବ୍ଲକ୍ ମିଳିଲା ନାହିଁ |,బ్లాక్‌లు కనుగొనబడలేదు,ಬ್ಲಾಕ್‌ಗಳು ಕಂಡುಬಂದಿಲ್ಲ,வட்டங்கள் கிடைக்கவில்லை,બ્લોક નથી મળેલ,بلاکس نہیں ملا
COMMON,,STATE_NOT_FOUND,States not found,राज्य नहीं मिले,राज्ये सापडली नाहीत,ରାଜ୍ୟ ମିଳିଲା ନାହିଁ |,రాష్ట్రాలు కనుగొనబడలేదు,ರಾಜ್ಯಗಳು ಕಂಡುಬಂದಿಲ್ಲ,மாநிலங்கள் கிடைக்கவில்லை,રાજ્ય નથી મળેલ,ریاستیں نہیں ملیں۔
COMMON,,DISTRICT_NOT_FOUND,District not found,जिला नहीं मिला,जिल्हा सापडला नाही,ଜିଲ୍ଲା ମିଳିଲା ନାହିଁ |,జిల్లా దొరకలేదు,ಜಿಲ್ಲೆ ಕಂಡುಬಂದಿಲ್ಲ,மாவட்டம் கிடைக்கவில்லை,જિલ્લો નથી મળેલ,ضلع نہیں ملا
COMMON,,USERS_EMAIL,Users Email,उपयोगकर्ताओं का ईमेल,वापरकर्त्याचे ईमेल,ଉପଭୋକ୍ତାଙ୍କ ଇମେଲ୍,వినియోగదారులు ఇమెయిల్,ಯೂಸರ್ ಇಮೇಲ್,பயனரின் மின்னஞ்சல்,ઉપયોગકર્તા નો મેઈલ,صارفین کا ای میل
COMMON,,STATE_NAME_REQUIRED,State Name is Required,राज्य का नाम आवश्यक है,राज्याचे नाव आवश्यक आहे,ରାଜ୍ୟ ନାମ ଆବଶ୍ୟକ |,రాష్ట్రం పేరు అవసరం,ರಾಜ್ಯದ ಹೆಸರು ಅಗತ್ಯವಿದೆ,மாநிலத்தின் பெயர் கட்டாயம்,રાજ્યનું નામ આવ્યાશ્યક છે,ریاست کا نام درکار ہے۔
COMMON,,DISTRICT_NAME_REQUIRED,District Name is Required,जिला का नाम आवश्यक है,जिल्ह्याचे नाव आवश्यक आहे,ଜିଲ୍ଲାର ନାମ ଆବଶ୍ୟକ |,జిల్లా పేరు అవసరం,ಜಿಲ್ಲೆಯ ಹೆಸರು ಅಗತ್ಯವಿದೆ,மாவட்டத்தின் பெயர் கட்டாயம்,જિલ્લાનું નામ આવ્યશ્યક છે,ضلع کا نام درکار ہے۔
COMMON,,CREATE,Create,बनाएँ,तयार करा,ବନାନ୍ତୁ,సృష్టించు,ರಚಿಸಿ,உருவாக்கவும்,બનાવો,بنائیں
COMMON,,STATE_DELETED_SUCCESS,State Deleted Successfully!,राज्य सफलतापूर्वक हटाया गया!,राज्य यशस्वीपणे हटवले.,ରାଜ୍ୟ ସଫଳତାର ସହିତ ଡିଲିଟ  ହେଲା,రాష్ట్రం విజయవంతంగా తొలగించబడింది!,ರಾಜ್ಯವನ್ನು ಯಶಸ್ವಿಯಾಗಿ ಅಳಿಸಲಾಗಿದೆ!,மாநிலம் வெற்றிகரமாக நீக்கப்பட்டது!,રાજ્ય સફળતાપૂર્વક હટાયવેલ છે,ریاست کو کامیابی کے ساتھ حذف کر دیا گیا!
COMMON,,STATE_DELETED_FAILURE,State is not Deleted!,राज्य नहीं हटाया गया!,राज्य हटवले गेले नाही.,ରାଜ୍ୟ ଡିଲିଟ  ହୋଇନାହିଁ,రాష్ట్రం తొలగించబడలేదు!,ರಾಜ್ಯವನ್ನು ಅಳಿಸಲಾಗಿಲ್ಲ!,மாநிலத்தை நீக்க முடியவில்லை!,રાજ્ય નથી હટાવેલ,ریاست کو حذف نہیں کیا گیا ہے!
COMMON,,STATE_ADDED_SUCCESS,State Added Successfully!,राज्य सफलतापूर्वक जोड़ा गया!,राज्य यशस्वीपणे जोडले गेले.,ରାଜ୍ୟ ସଫଳତାର ସହିତ ଯୋଡିଛି!,రాష్ట్రం విజయవంతంగా జోడించబడింది!,ರಾಜ್ಯವನ್ನು ಯಶಸ್ವಿಯಾಗಿ ಸೇರಿಸಲಾಗಿದೆ!,மாநிலம் வெற்றிகரமாகச் சேர்க்கப்பட்டது!,રાજ્ય સફરતાપૂર્વક જોડેલ છે,ریاست کامیابی کے ساتھ شامل کر دی گئی!
COMMON,,STATE_ADDED_FAILURE,Unable to add state,राज्य जोड़ने में असमर्थ,राज्य जोडण्यात अक्षम,ରାଜ୍ୟ ଯୋଡିବାକୁ ଅସମର୍ଥ |,రాష్ట్రాన్ని జోడించడం సాధ్యం కాలేదు,ರಾಜ್ಯವನ್ನು ಸೇರಿಸಲು ಸಾಧ್ಯವಾಗುತ್ತಿಲ್ಲ.,மாநிலத்தைச் சேர்க்க முடியவில்லை,રાજ્ય જોડવામાં અસમર્થ,ریاست شامل کرنے سے قاصر
COMMON,,STATE_UPDATED_SUCCESS,State Updated Successfully!,राज्य सफलतापूर्वक अपडेट किया गया!,राज्य यशस्वीपणे अपडेट केले.,ରାଜ୍ୟ ସଫଳତାର ସହିତ ଅପଡେଟ୍ ହୋଇଛି!,రాష్ట్రం విజయవంతంగా నవీకరించబడింది!,ರಾಜ್ಯವನ್ನು ಯಶಸ್ವಿಯಾಗಿ ನವೀಕರಿಸಲಾಗಿದೆ!,மாநிலம் வெற்றிகரமாகப் புதுப்பிக்கப்பட்டது!,રાજ્ય સફળતાપૂર્વક અપડેટ કરેલ છે,ریاست کو کامیابی کے ساتھ اپ ڈیٹ کیا گیا!
COMMON,,STATE_UPDATED_FAILURE,Unable to update state,राज्य अपडेट करने में असमर्थ,राज्य अद्ययावत  करण्यात अक्षम,ରାଜ୍ୟ ଅପଡେଟ୍ କରିବାକୁ ଅସମର୍ଥ |,రాష్ట్రాన్ని నవీకరించడం సాధ్యం కాలేదు,ರಾಜ್ಯವನ್ನು ನವೀಕರಿಸಲು ಸಾಧ್ಯವಾಗುತ್ತಿಲ್ಲ.,மாநிலத்தைப் புதுப்பிக்க முடியவில்லை,રાજ્ય જોડવામાં અસમર્થ,حالت کو اپ ڈیٹ کرنے سے قاصر
COMMON,,STATE_OPERATION_FAILURE,State Operation Failed,राज्य संचालन विफल,राज्य ऑपरेशन अयशस्वी,ରାଜ୍ୟ ଅପରେସନ୍ ବିଫଳ ହେଲା |,రాష్ట్ర ఆపరేషన్ విఫలమైంది,ರಾಜ್ಯ ಕಾರ್ಯಾಚರಣೆ ವಿಫಲವಾಗಿದೆ,மாநில செயல்பாடு தோல்வியடைந்தது,રાજ્ય સંચાલન અસફળ,ریاستی آپریشن ناکام
COMMON,,DISTRICT_DELETED_SUCCESS,District Deleted Successfully!,जिला सफलतापूर्वक हटाया गया!,जिल्हा यशस्वीपणे हटवला!,ଜିଲ୍ଲା ସଫଳତାର ସହିତ ବିଲୋପ ହେଲା!,జిల్లా విజయవంతంగా తొలగించబడింది!,ಜಿಲ್ಲೆಯನ್ನು ಯಶಸ್ವಿಯಾಗಿ ಅಳಿಸಲಾಗಿದೆ!,மாவட்டம் வெற்றிகரமாக நீக்கப்பட்டது!,જિલ્લો સફળતાપૂર્વક હટાયવેલ છે,ضلع کامیابی سے حذف ہو گیا!
COMMON,,DISTRICT_DELETED_FAILURE,Unable to delete district,जिला हटाने में असमर्थ,जिल्हा हटवू शकत नाही,ଜିଲ୍ଲା ଡିଲିଟ  କରିବାରେ ଅସମର୍ଥ |,జిల్లాను తొలగించడం సాధ్యం కాలేదు,ಜಿಲ್ಲೆಯನ್ನು ಅಳಿಸಲು ಸಾಧ್ಯವಿಲ್ಲ.,மாவட்டத்தை நீக்க முடியவில்லை,જિલ્લો કાઢવામાં અસમર્થ,ضلع کو حذف کرنے سے قاصر
COMMON,,DISTRICT_ADDED_SUCCESS,District Added Successfully!,जिला सफलतापूर्वक जोड़ा गया!,जिल्हा यशस्वीपणे जोडला.,ଜିଲ୍ଲା ସଫଳତାର ସହିତ ଯୋଡି ହେଲା!,జిల్లా విజయవంతంగా జోడించబడింది!,ಜಿಲ್ಲೆಯನ್ನು ಯಶಸ್ವಿಯಾಗಿ ಸೇರಿಸಲಾಗಿದೆ!,மாவட்டம் வெற்றிகரமாகச் சேர்க்கப்பட்டது!,જિલ્લો સફળતાપૂર્વક જોડવામાં આવ્યો,ضلع کامیابی کے ساتھ شامل کیا گیا!
COMMON,,DISTRICT_ADDED_FAILURE,Unable to add district,जिला जोड़ने में असमर्थ,जिल्हा जोडू शकत नाही,ଜିଲ୍ଲା ଯୋଗ କରିବାକୁ ଅସମର୍ଥ |,జిల్లాను జోడించడం సాధ్యం కాలేదు,ಜಿಲ್ಲೆಯನ್ನು ಸೇರಿಸಲು ಸಾಧ್ಯವಾಗುತ್ತಿಲ್ಲ.,மாவட்டத்தைச் சேர்க்க முடியவில்லை,જિલ્લો જોડવામાં અસમર્થ,ضلع شامل کرنے سے قاصر
COMMON,,DISTRICT_UPDATED_SUCCESS,District Updated Successfully!,जिला सफलतापूर्वक अपडेट किया गया!,जिल्हा यशस्वीपणे अपडेट केला.,ଜିଲ୍ଲା ସଫଳତାର ସହିତ ଅପଡେଟ୍ ହୋଇଛି!,జిల్లా విజయవంతంగా నవీకరించబడింది!,ಜಿಲ್ಲೆಯನ್ನು ಯಶಸ್ವಿಯಾಗಿ ನವೀಕರಿಸಲಾಗಿದೆ!,மாவட்டம் வெற்றிகரமாகப் புதுப்பிக்கப்பட்டது!,જિલ્લો સફળતાપૂર્વક અપડેટ કરેલ છે,ضلع کو کامیابی کے ساتھ اپ ڈیٹ کیا گیا!
COMMON,,DISTRICT_DUPLICATION_FAILURE,District is already exists!,जिला पहले से मौजूद है!,जिल्हा आधीच अस्तित्वात आहे.,ଜିଲ୍ଲା ପୂର୍ବରୁ ଉପସ୍ଥିତ ଅଛି!,జిల్లా ఇప్పటికే ఉంది!,ಜಿಲ್ಲೆ ಈಗಾಗಲೇ ಅಸ್ತಿತ್ವದಲ್ಲಿದೆ!,மாவட்டம் ஏற்கனவே உள்ளது!,જિલ્લો પહેલાથી જ છે,ضلع پہلے سے موجود ہے!
COMMON,,DISTRICT_UPDATED_FAILURE,Unable to update district,जिला अपडेट करने में असमर्थ,जिल्हा अद्ययावत करण्यात अक्षम,ଜିଲ୍ଲା ଅପଡେଟ୍ କରିବାକୁ ଅସମର୍ଥ,జిల్లాను నవీకరించడం సాధ్యం కాలేదు,ಜಿಲ್ಲೆಯನ್ನು ನವೀಕರಿಸಲು ಸಾಧ್ಯವಾಗುತ್ತಿಲ್ಲ.,மாவட்டத்தைப் புதுப்பிக்க முடியவில்லை,જિલ્લા અપડેટ કરવામાં અસમર્થ,ضلع کو اپ ڈیٹ کرنے سے قاصر
COMMON,,BLOCK_DELETED_SUCCESS,Block Deleted Successfully!,ब्लॉक सफलतापूर्वक हटाया गया!,ब्लॉक यशस्वीपणे हटवला,ବ୍ଲକ୍ ସଫଳତାର ସହିତ ବିଲୋପ ହେଲା,బ్లాక్ విజయవంతంగా తొలగించబడింది!,ಬ್ಲಾಕ್ ಅನ್ನು ಯಶಸ್ವಿಯಾಗಿ ಅಳಿಸಲಾಗಿದೆ!,வட்டம் வெற்றிகரமாக நீக்கப்பட்டது!,બ્લોક સફળતાપૂર્વક દૂર કર્યો!,بلاک کامیابی سے حذف ہو گیا!
COMMON,,BLOCK_DELETED_FAILURE,Unable to delete block,ब्लॉक हटाने में असमर्थ,ब्लॉक हटवू शकत नाही,ବ୍ଲକ ଡିଲିଟ  କରିବାରେ ଅସମର୍ଥ |,బ్లాక్‌ను తొలగించడం సాధ్యం కాలేదు,ಬ್ಲಾಕ್ ಅನ್ನು ಅಳಿಸಲು ಸಾಧ್ಯವಿಲ್ಲ,வட்டத்தை நீக்க முடியவில்லை,બ્લોક દૂર કરવામાં અસમર્થ,بلاک کو حذف کرنے سے قاصر
COMMON,,BLOCK_ADDED_SUCCESS,Block Added Successfully!,ब्लॉक सफलतापूर्वक जोड़ा गया!,ब्लॉक यशस्वीपणे जोडला,ବ୍ଲକ ସଫଳତାର ସହିତ ଯୋଡି ହେଲା!,బ్లాక్ విజయవంతంగా జోడించబడింది!,ಬ್ಲಾಕ್ ಅನ್ನು ಯಶಸ್ವಿಯಾಗಿ ಸೇರಿಸಲಾಗಿದೆ!,வட்டம் வெற்றிகரமாகச் சேர்க்கப்பட்டது!,બ્લોક સફળતાપૂર્વક ઉમેર્યા!,بلاک کامیابی کے ساتھ شامل کر دیا گیا!
COMMON,,BLOCK_ADDED_FAILURE,Unable to add block,ब्लॉक जोड़ने में असमर्थ,ब्लॉक जोडू शकत नाही,ବ୍ଲକ୍ ଯୋଡିବାକୁ ଅସମର୍ଥ |,బ్లాక్‌ను జోడించడం సాధ్యం కాలేదు,ಬ್ಲಾಕ್ ಸೇರಿಸಲು ಸಾಧ್ಯವಾಗುತ್ತಿಲ್ಲ,வட்டத்தைச் சேர்க்க முடியவில்லை,બ્લોક ઉમેરવામાં અસમર્થ,بلاک شامل کرنے سے قاصر
COMMON,,BLOCK_UPDATED_SUCCESS,Block Updated Successfully!,ब्लॉक सफलतापूर्वक अपडेट किया गया!,ब्लॉक यशस्वीपणे अद्ययावत केला,ବ୍ଲକ ସଫଳତାର ସହିତ ଆପଡେଟ୍ ହେଲା,బ్లాక్ విజయవంతంగా నవీకరించబడింది!,ಬ್ಲಾಕ್ ಅನ್ನು ಯಶಸ್ವಿಯಾಗಿ ನವೀಕರಿಸಲಾಗಿದೆ!,வட்டம் வெற்றிகரமாகப் புதுப்பிக்கப்பட்டது!,બ્લોક સફળતાપૂર્વક અપડેટ થયા!,بلاک کامیابی کے ساتھ اپ ڈیٹ ہو گیا!
COMMON,,BLOCK_UPDATED_FAILURE,Unable to update block,ब्लॉक अपडेट करने में असमर्थ,ब्लॉक अद्ययावत करण्यात अक्षम,ବ୍ଲକ୍ ଅପଡେଟ୍ କରିବାକୁ ଅସମର୍ଥ,బ్లాక్‌ను నవీకరించడం సాధ్యం కాలేదు,ಬ್ಲಾಕ್ ಅನ್ನು ನವೀಕರಿಸಲು ಸಾಧ್ಯವಾಗುತ್ತಿಲ್ಲ,வட்டத்தைப் புதுப்பிக்க முடியவில்லை,બ્લોક અપડેટ કરવામાં અસમર્થ,بلاک کو اپ ڈیٹ کرنے سے قاصر
COMMON,,BLOCK_DUPLICATION_FAILURE,Block is already exists!,ब्लॉक पहले से मौजूद है!,ब्लॉक आधीच अस्तित्वात आहे,ଜିଲ୍ଲା ପୂର୍ବରୁ ଉପସ୍ଥିତ ଅଛି!,బ్లాక్ ఇప్పటికే ఉంది!,ಬ್ಲಾಕ್ ಈಗಾಗಲೇ ಅಸ್ತಿತ್ವದಲ್ಲಿದೆ!,வட்டம் ஏற்கனவே உள்ளது!,બ્લોક પહેલેથી જ અસ્તિત્વમાં છે!,بلاک پہلے سے موجود ہے!
COMMON,,ACTIVE,Active,सक्रिय,सक्रिय,ସକ୍ରିୟ,చురుకుగా,ಸಕ್ರಿಯ,செயலில் உள்ளது,સક્રિય,فعال
COMMON,,INACTIVE,Inactive,निष्क्रिय,निष्क्रिय,ନିଷ୍କ୍ରିୟ |,నిష్క్రియ,ನಿಷ್ಕ್ರಿಯ,செயலில் இல்லை,નિષ્ક્રિય,غیر فعال
COMMON,,DISTRICT,District,जिला,जिल्हा,ଜିଲ୍ଲା,జిల్లా,ಜಿಲ್ಲೆ,மாவட்டம்,જિલ્લો,ضلع
COMMON,,BLOCK,Block,ब्लॉक,ब्लॉक,ବ୍ଲକ୍,బ్లాక్,ಬ್ಲಾಕ್ ,வட்டம்,બ્લોક,بلاک
COMMON,,SELECT_STATE,Select State,राज्य चुनें,राज्य निवडा,ରାଜ୍ୟକୁ ଚୟନ କରନ୍ତୁ,రాష్ట్రాన్ని ఎంచుకోండి,ರಾಜ್ಯವನ್ನು ಆಯ್ಕೆಮಾಡಿ,மாநிலத்தைத் தேர்ந்தெடுக்கவும்,રાજ્ય પસંદ કરો,ریاست منتخب کریں۔
COMMON,,SELECT_DISTRICT,Select District,जिला चुनें,जिल्हा निवडा,ଜିଲ୍ଲାକୁ ଚୟନ କରନ୍ତୁ,జిల్లాను ఎంచుకోండి,ಜಿಲ್ಲೆಯನ್ನು ಆಯ್ಕೆಮಾಡಿ,மாவட்டத்தைத் தேர்ந்தெடுக்கவும்,જિલ્લો પસંદ કરો,ضلع منتخب کریں۔
COMMON,,SOMETHING_WENT_WRONG,Something went wrong,कुछ गलत हो गया,काहीतरी चूक झाली,କିଛି ଭୁଲ ହୋଇଗଲା,ఏదో తప్పు జరిగింది,ಏನೋ ತಪ್ಪಾಗಿದೆ.,ஏதோ தவறு ஏற்பட்டுள்ளது,કંઈક ખોટું થયું,کچھ غلط ہو گیا۔
COMMON,,BLOCK_NAME_REQUIRED,Block Name is Required,ब्लॉक का नाम आवश्यक है,ब्लॉकचे नाव आवश्यक आहे,ବ୍ଲକର ନାମ ଆବଶ୍ୟକ,బ్లాక్ పేరు అవసరం,ಬ್ಲಾಕ್ ಹೆಸರು ಅಗತ್ಯವಿದೆ,வட்டத்தின் பெயர் கட்டாயம்,બ્લોક નામ જરૂરી છે,بلاک کا نام درکار ہے۔
COMMON,,BLOCK_CODE_REQUIRED,Code is Required,कोड आवश्यक है,कोड आवश्यक आहे,କୋଡ୍ ର ଆବଶ୍ୟକ,కోడ్ అవసరం,ಕೋಡ್ ಅಗತ್ಯವಿದೆ,குறியீடு கட்டாயம்,કોડ જરૂરી,کوڈ درکار ہے۔
COMMON,,INVALID_INPUT,Invalid Input,अमान्य इनपुट,अवैध इनपुट,ଆମାନ୍ୟ ଇନପୁଟ୍,చెల్లని ఇన్‌పుట్,ಇನ್ ವ್ಯಾಲಿಡ್ ಇನ್‌ಪುಟ್,தவறான உள்ளீடு,અમાન્ય ઇનપુટ,غلط ان پٹ
COMMON,,ALL_DISTRICTS,All Districts,सभी जिले,सर्व जिल्हे,ସମସ୍ତ ରାଜ୍ୟ,అన్ని జిల్లాలు,ಎಲ್ಲಾ ಜಿಲ್ಲೆಗಳು,அனைத்து மாவட்டங்கள்,તમામ જિલ્લાઓ,تمام اضلاع
COMMON,,NO_DISTRICTS,No Districts,कोई जिले नहीं,कोणतेही जिल्हे नाहीत,ଜିଲ୍ଲା ନାହିଁ,జిల్లాలు లేవు,ಜಿಲ್ಲೆಗಳಿಲ್ಲ,மாவட்டங்கள் இல்லை,કોઈ જિલ્લો નથી,کوئی اضلاع نہیں۔
COMMON,,ALL_STATES,All States,सभी राज्य,सर्व राज्ये,ସମସ୍ତ ରାଜ୍ୟ,అన్ని రాష్ట్రాలు,ಎಲ್ಲಾ ರಾಜ್ಯಗಳು,அனைத்து மாநிலங்கள்,તમામ રાજ્યો,تمام ریاستیں۔
COMMON,,LOGOUT,Log out,लॉग आउट,लॉग आउट,ଲଗ୍ ଆଉଟ୍,లాగ్ అవుట్ చేయండి,ಲಾಗ್ ಔಟ್ ಮಾಡಿ,வெளியேறு,લૉગ આઉટ કરો,لاگ آؤٹ کریں۔
COMMON,,HI,"Hi, {{name}}","नमस्ते, {{name}}","नमस्कार, {{name}}","ନମସ୍କାର, {{name}}","హాయ్, {{పేరు}}","ನಮಸ್ಕಾರ, {{ಹೆಸರು}}","வணக்கம், {{name}}","નમસ્તે, {{name}}",ہیلو، {{name}}
COMMON,,MOBILE,Mobile,मोबाइल,मोबाइल,ମୋବାଇଲ୍,మొబైల్,ಮೊಬೈಲ್,கைபேசி எண்,મોબાઈલ,موبائل
COMMON,,ALL_BLOCKS,All Blocks,सभी ब्लॉक,सर्व ब्लॉक्स,ସମସ୍ତ ବ୍ଲକ୍,అన్ని బ్లాక్‌లు,ಎಲ್ಲಾ ಬ್ಲಾಕ್‌ಗಳು,அனைத்து வட்டங்கள்,બધા બ્લોક્સ,تمام بلاکس
COMMON,,NO_BLOCKS,No Blocks,कोई ब्लॉक नहीं,कोणतेही ब्लॉक्स नाहीत,ବ୍ଲକ ନାହିଁ,బ్లాక్‌లు లేవు,ಬ್ಲಾಕ್‌ಗಳಿಲ್ಲ,வட்டங்கள் இல்லை,કોઈ બ્લોક નથી,کوئی بلاکس نہیں۔
COMMON,,ARCHIVED,Archived,आर्काइव किया गया,संग्रहित केले,ସଂରକ୍ଷିତ,ఆర్కైవ్ చేయబడింది,ಆರ್ಕೈವ್ ಮಾಡಲಾಗಿದೆ,காப்பகப்படுத்தப்பட்டது,મેળવેલ,محفوظ شدہ
COMMON,,SEND_CREDENTIALS,Send Credentials,क्रेडेंशियल भेजें,ओळखपत्र पाठवा,ଲଗଇନ୍ ବିବରଣୀ ପଠାନ୍ତୁ,ఆధారాలను పంపండి,ರುಜುವಾತುಗಳನ್ನು ಕಳುಹಿಸಿ,உள்நுழைவு விவரங்களை அனுப்பவும்,ઓળખપત્રો મોકલો,اسناد بھیجیں۔
COMMON,,CREDENTIALS_EMAILED_OF_FACILITATOR,The login credentials will be emailed to the Facilitator at {{email}},लॉगिन क्रेडेंशियल्स को ईमेल के माध्यम से फैसलिटेटर को भेजा जाएगा {{email}},लॉगिन क्रेडेन्शियल्स {{email}} येथे पाठवले जातील,ଲଗଇନ୍ ବିବରଣୀ ସୁବିଧାଦାତାଙ୍କର {{email}} ଇମେଲ୍ ଠିକଣାକୁ ପଠାଯିବ।,లాగిన్ ఆధారాలు {{email}} వద్ద ఫెసిలిటేటర్‌కు ఇమెయిల్ చేయబడతాయి,ಲಾಗಿನ್ ರುಜುವಾತುಗಳನ್ನು ಫೆಸಿಲಿಟೇಟರ್‌ಗೆ {{email}} ನಲ್ಲಿ ಇಮೇಲ್ ಮಾಡಲಾಗುತ್ತದೆ.,உள்நுழைவு விவரங்கள் {{email}} என்ற மின்னஞ்சல் முகவரிக்கு வசதியாளருக்கு அனுப்பப்படும்,લૉગિન ઓળખપત્રો {{email}} પર ફેસિલિટેટરને ઇમેઇલ કરવામાં આવશે,لاگ ان کی اسناد {{email}} پر سہولت کار کو ای میل کر دی جائیں گی۔
COMMON,,CREDENTIALS_EMAILED_OF_TEAM_LEADER,The login credentials will be emailed to the Team Leader at  {{email}},लॉगिन क्रेडेंशियल्स को ईमेल के माध्यम से टीम लीडर को भेजा जाएगा {{email}},लॉगिन क्रेडेन्शियल्स {{email}} येथे पाठवले जातील,ଲଗଇନ୍ ବିବରଣୀ ଟିମ୍ ଲିଡରଙ୍କ {{email}} ଇମେଲ୍ ଠିକଣାକୁ ପଠାଯିବ।,లాగిన్ ఆధారాలు {{email}} వద్ద టీమ్ లీడర్‌కు ఇమెయిల్ చేయబడతాయి,ಲಾಗಿನ್ ರುಜುವಾತುಗಳನ್ನು ತಂಡದ ನಾಯಕರಿಗೆ {{email}} ನಲ್ಲಿ ಇಮೇಲ್ ಮಾಡಲಾಗುತ್ತದೆ.,உள்நுழைவு விவரங்கள் {{email}} என்ற மின்னஞ்சல் முகவரிக்கு குழுத் தலைவருக்கு அனுப்பப்படும்,લૉગિન ઓળખપત્રો ટીમ લીડરને {{email}} પર ઇમેઇલ કરવામાં આવશે,لاگ ان کی اسناد ٹیم لیڈر کو {{email}} پر ای میل کر دی جائیں گی۔
COMMON,,CREDENTIALS_EMAILED_OF_LEARNER,The login credentials have been send to your email at  {{email}},लॉगिन क्रेडेंशियल्स आपके ईमेल पर भेजे गए हैं {{email}},लॉगिन क्रेडेन्शियल्स {{email}} येथे पाठवले गेले आहेत,"ଲଗଇନ୍ ବିବରଣୀ ଆପଣଙ୍କ {{email}} ଇମେଲ୍ ଠିକଣାକୁ ପଠାଯାଇଛି।""",లాగిన్ ఆధారాలు మీ {{email}} వద్ద ఉన్న ఇమెయిల్‌కు పంపబడతాయి.,ಲಾಗಿನ್ ರುಜುವಾತುಗಳನ್ನು ನಿಮ್ಮ {{email}} ಇಮೇಲ್‌ಗೆ ಕಳುಹಿಸಲಾಗಿದೆ.,உள்நுழைவு விவரங்கள் {{email}} என்ற உங்கள் மின்னஞ்சல் முகவரிக்கு அனுப்பப்பட்டுள்ளன,લૉગિન ઓળખપત્રો {{email}} પર તમારા ઇમેઇલ પર મોકલવામાં આવ્યા છે,لاگ ان کی اسناد آپ کے ای میل پر {{email}} پر بھیج دی گئی ہیں۔
COMMON,,OKAY,okay,ठीक है,ठीक आहे,ଠିକ୍ ଅଛି,సరే,ಸರಿ,சரி,ઠીક છે,ٹھیک ہے
COMMON,,NEW,New {{role}},नया {{role}},नवीन {{role}},ନୂତନ {{ଭୁମିକା}},కొత్త {{పాత్ర}},ಹೊಸ {{ಪಾತ್ರ}},புதிய {{role}},નવું,نیا {{ ذمه داری}}
COMMON,,USER_CREDENTIAL_SEND_SUCCESSFULLY,User credentials sent successfully!,उपयोगकर्ता क्रेडेंशियल्स सफलतापूर्वक भेजे गए!,वापरकर्ता क्रेडेन्शियल्स यशस्वीपणे पाठवले!,ୟୁଜରଙ୍କ ଲଗଇନ୍ ବିବରଣୀ ସଫଳତାର ସହିତ ପଠାଯାଇଛି,యూజర్ ఆధారాలు విజయవంతంగా పంపబడ్డాయి!,ಯೂಸರ್ ರುಜುವಾತುಗಳನ್ನು ಯಶಸ್ವಿಯಾಗಿ ಕಳುಹಿಸಲಾಗಿದೆ!,பயனர் உள்நுழைவு விவரங்கள் வெற்றிகரமாக அனுப்பப்பட்டன!,વપરાશકર્તા ઓળખપત્રો સફળતાપૂર્વક મોકલ્યા!,صارف کی اسناد کامیابی کے ساتھ بھیج دی گئیں!
COMMON,,USER_CREDENTIALS_WILL_BE_SEND_SOON,User credentials will be sent soon,उपयोगकर्ता क्रेडेंशियल्स जल्द ही भेजे जाएंगे,वापरकर्ता क्रेडेन्शियल्स लवकरच पाठवले जातील,"ୟୁଜରଙ୍କ  ଲଗଇନ୍ ବିବରଣୀ ଖୁବ ଶୀଘ୍ର ପଠାଯିବ।""",యూజర్ ఆధారాలు త్వరలో పంపబడతాయి,ಯೂಸರ್ ರುಜುವಾತುಗಳನ್ನು ಶೀಘ್ರದಲ್ಲೇ ಕಳುಹಿಸಲಾಗುತ್ತದೆ。,பயனர் உள்நுழைவு விவரங்கள் விரைவில் அனுப்பப்படும்,વપરાશકર્તા ઓળખપત્રો ટૂંક સમયમાં મોકલવામાં આવશે,صارف کی اسناد جلد بھیج دی جائیں گی۔
COMMON,,REASSIGN_CENTERS,Re-assign Center,सेंटर पुनः असाइन करें,केंद्र पुन्हा नियुक्त करा,କେନ୍ଦ୍ରକୁ ପୁନଃନିଯୁକ୍ତ କରନ୍ତୁ,కేంద్రాన్ని తిరిగి కేటాయించండి,ಕೇಂದ್ರವನ್ನು ಮರು ನಿಯೋಜಿಸಿ,மையத்தை மறுஒதுக்கீடு செய்யவும்,કેન્દ્ર ફરીથી સોંપો,سنٹرکو دوبارہ تفویض کریں۔
COMMON,,REASSIGN_BLOCKS,Re-assign Blocks,ब्लॉक पुनः असाइन करें,ब्लॉक्स पुन्हा नियुक्त करा,ବ୍ଲକକୁ ପୁନଃନିଯୁକ୍ତ କରନ୍ତୁ,బ్లాక్‌లను తిరిగి కేటాయించండి,ಬ್ಲಾಕ್‌ಗಳನ್ನು ಮರು ನಿಯೋಜಿಸಿ,வட்டங்களை மறுஒதுக்கீடு செய்யவும்,બ્લોક્સને ફરીથી સોંપો,بلاکس کو دوبارہ تفویض کریں۔
COMMON,,REASSIGN,Reassign,पुनः असाइन करें,पुन्हा नियुक्त करा,ପୁନଃନିଯୁକ୍ତ,తిరిగి కేటాయించండి,ಮರುನಿಯೋಜಿಸಿ,மறுஒதுக்கீடு செய்யவும்,ફરીથી સોંપો,دوبارہ تفویض کریں۔
COMMON,,COHORT_ID_NOT_FOUND,Could not found center Id for {{block}},{{block}} के लिए समूह पहचान नहीं मिली,{{block}} साठी कोहोर्ट आयडी सापडला नाही,{{block}} ପାଇଁ କେନ୍ଦ୍ର ID ମିଳିଲା ନାହିଁ।,{{బ్లాక్}} కోసం కోహోర్ట్ ఐడిని కనుగొనలేకపోయాము,{{block}} ಗಾಗಿ ಕೊಹಾರ್ಟ್ ಐಡಿ ಸಿಗಲಿಲ್ಲ.,{{block}} க்கான மைய அடையாள எண்ணைக் கண்டுபிடிக்க முடியவில்லை,{{block}} માટે કોહોર્ટ આઈડી મળી શક્યું નથી,{{block}} کے لیے ہم آہنگی کی شناخت نہیں مل سکی
COMMON,,CENTERS_REASSIGN_SUCCESSFULLY,Center reassign successfully,सेंटर सफलतापूर्वक पुनः असाइन किया गया,केंद्र यशस्वीपणे पुन्हा नियुक्त करण्यात आले.,କେନ୍ଦ୍ରକୁ ସଫଳତାର ସହ ପୁନଃ ଆସାଇନ  କରାଯାଇଛି,సెంటర్ రీఅసైన్మెంట్ విజయవంతంగా,ಕೇಂದ್ರ ಮರುನಿಯೋಜನೆ ಯಶಸ್ವಿಯಾಗಿ,மையம் வெற்றிகரமாக மறுஒதுக்கீடு செய்யப்பட்டது,કેન્દ્ર સફળતાપૂર્વક પુનઃસોંપણી,مرکز کامیابی کے ساتھ دوبارہ تفویض ہو گیا۔
COMMON,,BLOCKS_REASSIGN_SUCCESSFULLY,Block reassign successfully,ब्लॉक सफलतापूर्वक पुनः असाइन किया गया,ब्लॉक यशस्वीपणे पुन्हा नियुक्त करण्यात आला.,ବ୍ଲକକୁ ସଫଳତାର ସହ ପୁନଃ ଆସାଇନ କରାଯାଇଛି,బ్లాక్ రీఅసైన్మెంట్ విజయవంతంగా,ಬ್ಲಾಕ್ ಮರುನಿಯೋಜನೆ ಯಶಸ್ವಿಯಾಗಿದೆ ,வட்டம் வெற்றிகரமாக மறுஒதுக்கீடு செய்யப்பட்டது,સફળતાપૂર્વક ફરીથી સોંપણીને અવરોધિત કરો,کامیابی کے ساتھ دوبارہ تفویض کو مسدود کریں۔
COMMON,,CENTERS_REASSIGN_FAILED,Center Reassignment fails,सेंटर पुनः असाइनमेंट विफल,केंद्र पुनः नियुक्त करणे अयशस्वी झाले.,କେନ୍ଦ୍ର ପୁନଃ ଆସାଇନ ବିଫଳ ହୋଇଛି,సెంటర్ రీఅసైన్మెంట్ విఫలమైంది,ಕೇಂದ್ರ ಮರುನಿಯೋಜನೆ ವಿಫಲವಾಗಿದೆ,மைய மறுஒதுக்கீடு தோல்வியடைந்தது,કેન્દ્ર ફરીથી સોંપણી નિષ્ફળ,مرکز کی دوبارہ تفویض ناکام ہو گئی۔
COMMON,,BLOCKS_REASSIGN_FAILED,Block Reassignment fails,ब्लॉक पुनः असाइनमेंट विफल,ब्लॉक पुनः नियुक्त करणे अयशस्वी झाले.,ବ୍ଲକ ପୁନଃ ଆସାଇନ ବିଫଳ ହୋଇଛି,బ్లాక్ రీఅసైన్మెంట్ విఫలమైంది,ಬ್ಲಾಕ್ ಮರುನಿಯೋಜನೆ ವಿಫಲವಾಗಿದೆ,வட்ட மறுஒதுக்கீடு தோல்வியடைந்தது,બ્લોક પુનઃસોંપણી નિષ્ફળ,بلاک ری اسائنمنٹ ناکام ہو جاتا ہے۔
COMMON,,USER_BLOCK,{{name}} belongs to below block,{{name}} निम्नलिखित ब्लॉक से संबंधित है,{{name}} खालील गटाचा सदस्य आहे,{{name}} ନିମ୍ନଲିଖିତ ବ୍ଲକ ସହିତ ଜଡିତ,{{పేరు}} దిగువ బ్లాక్‌కి చెందినది,{{name}} ಕೆಳಗಿನ ಬ್ಲಾಕ್‌ಗೆ ಸೇರಿದ್ದಾರೆ,{{name}} கீழ்க்காணும் வட்டத்தைச் சேர்ந்தவர்,{{name}} નીચેના બ્લોકનો છે,{{name}} کا تعلق نیچے والے بلاک سے ہے۔
COMMON,,USER_CENTERS,{{name}} belongs to below centers,{{name}} निम्नलिखित केंद्रों से संबंधित है,{{name}} खालील केंद्रांचा सदस्य आहे,{{name}} ନିମ୍ନଲିଖିତ କେନ୍ଦ୍ରଗୁଡ଼ିକର ଅଟେ।,{{పేరు}} దిగువ కేంద్రాలకు చెందినది,{{name}} ಈ ಕೆಳಗಿನ ಕೇಂದ್ರಗಳಿಗೆ ಸೇರಿದೆ,{{name}} கீழ்க்காணும் மையங்களைச் சேர்ந்தவர்,{{name}} નીચેના કેન્દ્રોને અનુસરે છે,{{name}} کا تعلق نیچے کے مراکز سے ہے۔
COMMON,,USER_CENTER,{{name}} belongs to below center,{{name}} निम्नलिखित केंद्र से संबंधित है,{{name}} खालील केंद्राचा सदस्य आहे,{{name}} ନିମ୍ନଲିଖିତ କେନ୍ଦ୍ରଗୁଡ଼ିକର ଅଟେ।,{{పేరు}} దిగువ కేంద్రానికి చెందినది,{{name}} ಕೆಳಗಿನ ಕೇಂದ್ರಕ್ಕೆ ಸೇರಿದೆ,{{name}} கீழ்க்காணும் மையத்தைச் சேர்ந்தவர்,{{name}} નીચેના કેન્દ્રથી સંબંધિત છે,{{name}} کا تعلق نیچے کے مرکز سے ہے۔
COMMON,,DELETE_FROM_BLOCK_WARNING,Do you want to delete user from block?,क्या आप उपयोगकर्ता को ब्लॉक से हटाना चाहते हैं?,तुम्हाला वापरकर्त्याला गटातून हटवायचे आहे का?,ଆପଣ ବ୍ଲକରୁ ବ୍ୟବହାରକାରୀଙ୍କୁ ଡିଲିଟ  କରିବାକୁ ଚାହୁଁଛନ୍ତି କି?,మీరు బ్లాక్ నుండి వినియోగదారుని తొలగించాలనుకుంటున్నారా?,ನೀವು ಬ್ಲಾಕ್ ನಿಂದ ಯೂಸರ್ ನ್ನು ಅಳಿಸಲು ಬಯಸುತ್ತೀರಾ?,பயனரை வட்டத்திலிருந்து நீக்க விரும்புகிறீர்களா?,શું તમે વપરાશકર્તાને બ્લોકમાંથી કાઢી નાખવા માંગો છો?,کیا آپ صارف کو بلاک سے حذف کرنا چاہتے ہیں؟
COMMON,,DELETE_FROM_CENTER_WARNING,Do you want to delete user from center?,क्या आप उपयोगकर्ता को केंद्र से हटाना चाहते हैं?,तुम्हाला वापरकर्त्याला केंद्रातून हटवायचे आहे का?,ଆପଣ କେନ୍ଦ୍ରରୁ ବ୍ୟବହାରକାରୀଙ୍କୁ ଡିଲିଟ  କରିବାକୁ ଚାହୁଁଛନ୍ତି କି?,మీరు సెంటర్ నుండి వినియోగదారుని తొలగించాలనుకుంటున్నారా?,ನೀವು ಯೂಸರ್ ನ್ನು ಕೇಂದ್ರದಿಂದ ಅಳಿಸಲು ಬಯಸುತ್ತೀರಾ?,பயனரை மையத்திலிருந்து நீக்க விரும்புகிறீர்களா?,શું તમે કેન્દ્રમાંથી વપરાશકર્તાને કાઢી નાખવા માંગો છો?,کیا آپ صارف کو مرکز سے حذف کرنا چاہتے ہیں؟
COMMON,,DELETE_FROM_CENTERS_WARNING,Do you want to delete user from centers?,क्या आप उपयोगकर्ता को केंद्रों से हटाना चाहते हैं?,तुम्हाला वापरकर्त्याला केंद्रांमधून हटवायचे आहे का?,ଆପଣ କେନ୍ଦ୍ରରୁ ବ୍ୟବହାରକାରୀଙ୍କୁ ଡିଲିଟ  କରିବାକୁ ଚାହୁଁଛନ୍ତି କି?,మీరు సెంటర్ల నుండి వినియోగదారుని తొలగించాలనుకుంటున్నారా?,ನೀವು ಕೇಂದ್ರಗಳಿಂದ ಯೂಸರ್ ನ್ನು ಅಳಿಸಲು ಬಯಸುತ್ತೀರಾ?,பயனரை மையங்களிலிருந்து நீக்க விரும்புகிறீர்களா?,શું તમે કેન્દ્રોમાંથી વપરાશકર્તાને કાઢી નાખવા માંગો છો?,کیا آپ صارف کو مراکز سے حذف کرنا چاہتے ہیں؟
COMMON,,NO_CENTER_AVAILABLE,No centers available,कोई सेंटर उपलब्ध नहीं,कोणतीही केंद्रे उपलब्ध नाहीत,କୌଣସି କେନ୍ଦ୍ର ଉପଲବ୍ଧ ନାହିଁ,కేంద్రాలు అందుబాటులో లేవు,ಯಾವುದೇ ಕೇಂದ್ರಗಳು ಲಭ್ಯವಿಲ್ಲ。,மையங்கள் எதுவும் இல்லை,કોઈ કેન્દ્રો ઉપલબ્ધ નથી,کوئی مراکز دستیاب نہیں۔
COMMON,,NO_BLOCK_AVAILABLE,No blocks available,कोई ब्लॉक उपलब्ध नहीं,कोणतेही ब्लॉक्स उपलब्ध नाहीत,କୌଣସି ବ୍ଲକ ଉପଲବ୍ଧ ନାହିଁ,బ్లాకులు అందుబాటులో లేవు,ಯಾವುದೇ ಬ್ಲಾಕ್‌ಗಳು ಲಭ್ಯವಿಲ್ಲ。,வட்டங்கள் எதுவும் இல்லை,કોઈ બ્લોક્સ ઉપલબ્ધ નથી,کوئی بلاکس دستیاب نہیں ہیں۔
COMMON,,PLEASE_SELECT_BLOCK_LIST,Please select block from block list,कृपया ब्लॉक सूची से ब्लॉक चुनें,कृपया ब्लॉक सूचीमधून ब्लॉक निवडा,ଦୟାକରି ବ୍ଲକ ତାଲିକାରୁ ଏକ ବ୍ଲକକୁ ଚୟନ କରନ୍ତୁ।,దయచేసి బ్లాక్ జాబితా నుండి బ్లాక్‌ను ఎంచుకోండి,ದಯವಿಟ್ಟು ಬ್ಲಾಕ್ ಪಟ್ಟಿಯಿಂದ ಬ್ಲಾಕ್ ಆಯ್ಕೆಮಾಡಿ。,வட்டப் பட்டியலிலிருந்து ஒரு வட்டத்தைத் தேர்ந்தெடுக்கவும்,કૃપા કરીને બ્લોક સૂચિમાંથી બ્લોક પસંદ કરો,براہ کرم بلاک لسٹ سے بلاک کو منتخب کریں۔
COMMON,,ALL_CENTERS,All centers,सभी सेंटर,सर्व केंद्रे,ସମସ୍ତ କେନ୍ଦ୍ର,అన్ని కేంద్రాలు,ಎಲ್ಲಾ ಕೇಂದ್ರಗಳು,அனைத்து மையங்கள்,બધા કેન્દ્રો,تمام مراکز
COMMON,,NO_CENTERS,No centers,कोई सेंटर नहीं,कोणतीही केंद्रे नाहीत,କୌଣସି କେନ୍ଦ୍ର ନାହିଁ,కేంద్రాలు లేవు,ಯಾವುದೇ ಕೇಂದ್ರಗಳಿಲ್ಲ,மையங்கள் இல்லை,કેન્દ્રો નથી,کوئی سنٹرز نہیں۔
COMMON,,MULTIPLE_TEAM_LEADERS_ASSIGNED,Selected block {{selectedBlockForTL}} already has {{assignedTeamLeader}} Team Leaders assigned.,चयनित ब्लॉक {{selectedBlockForTL}} में पहले से {{assignedTeamLeader}} टीम लीडर असाइन किए गए हैं,निवडलेला ब्लॉक {{selectedBlockForTL}} मध्ये आधीच {{assignedTeamLeader}} टीम लीडर नियुक्त आहेत,ଚୟନ କରାଯାଇଥିବା ବ୍ଲକ୍ {{selectedBlockForTL}} ରେ ପୂର୍ବରୁ {{assignedTeamLeader}} ଜଣ ଟିମ୍ ଲିଡର ନିଯୁକ୍ତ ଅଛନ୍ତି,ఎంచుకున్న బ్లాక్ {{selectedBlockForTL}}కి ఇప్పటికే {{assignedTeamLeader}} టీమ్ లీడర్‌లను కేటాయించారు,ಆಯ್ದ ಬ್ಲಾಕ್ {{selectedBlockForTL}} ಈಗಾಗಲೇ {{assignedTeamLeader}} ತಂಡದ ನಾಯಕರನ್ನು ನಿಯೋಜಿಸಿದೆ.,தேர்ந்தெடுக்கப்பட்ட வட்டம் {{selectedBlockForTL}} இல் ஏற்கனவே {{assignedTeamLeader}} குழுத் தலைவர்கள் ஒதுக்கப்பட்டுள்ளனர்.,પસંદ કરેલ બ્લોક {{selectedBlockForTL}} પહેલાથી જ {{assignedTeamLeader}} ટીમ લીડરોને સોંપેલ છે,منتخب بلاک {{selectedBlockForTL}} میں پہلے سے ہی {{assignedTeamLeader}} ٹیم لیڈرز تفویض کیے گئے ہیں
COMMON,,SINGLE_TEAM_LEADERS_ASSIGNED,Selected block {{selectedBlockForTL}} already has {{assignedTeamLeader}} Team Leader assigned.,चयनित ब्लॉक {{selectedBlockForTL}} में पहले से {{assignedTeamLeader}} टीम लीडर असाइन किया गया है।,निवडलेला ब्लॉक {{selectedBlockForTL}} मध्ये आधीच {{assignedTeamLeader}} टीम लीडर नियुक्त आहे.,ଚୟନ ବ୍ଲକ୍ {{selectedBlockForTL}} ରେ ପୂର୍ବରୁ {{assignedTeamLeader}} ଜଣ ଟିମ୍ ଲିଡର ନିଯୁକ୍ତ ଅଛନ୍ତି।,ఎంచుకున్న బ్లాక్ {{selectedBlockForTL}}కి ఇప్పటికే {{assignedTeamLeader}} టీమ్ లీడర్‌ను కేటాయించారు.,ಆಯ್ದ ಬ್ಲಾಕ್ {{selectedBlockForTL}} ಈಗಾಗಲೇ {{assignedTeamLeader}} ತಂಡದ ನಾಯಕನನ್ನು ನಿಯೋಜಿಸಿದೆ.,தேர்ந்தெடுக்கப்பட்ட வட்டம் {{selectedBlockForTL}} இல் ஏற்கனவே {{assignedTeamLeader}} குழுத் தலைவர் ஒதுக்கப்பட்டுள்ளார்.,પસંદ કરેલ બ્લોક {{selectedBlockForTL}} ને પહેલેથી જ {{assignedTeamLeader}} ટીમ લીડર સોંપેલ છે.,منتخب بلاک {{selectedBlockForTL}} میں پہلے سے ہی {{assignedTeamLeader}} ٹیم لیڈر تفویض کیا گیا ہے۔
COMMON,,CONTINUE_ASSIGNED_TEAM_LEADER,Still do you want to continue to assign team leader to {{selectedBlockForTL}},क्या आप अभी भी टीम लीडर को {{selectedBlockForTL}} असाइन करना चाहते हैं?,तरीसुद्धा तुम्हाला टीम लीडर नियुक्त करायचा आहे का {{selectedBlockForTL}},ତଥାପି ଯଦି ଆପଣ ଜାରି ରଖିବାକୁ ଚାହାଁନ୍ତି ତେବେ {{selectedBlockForTL}} ଟିମ୍ ଲିଡରକୁ  ନିଯୁକ୍ତ କରନ୍ତୁ।,మీరు ఇప్పటికీ {{selectedBlockForTL}}కి టీమ్ లీడర్‌ను కేటాయించాలనుకుంటున్నారా,ಇನ್ನೂ ನೀವು {{selectedBlockForTL}} ಗೆ ತಂಡದ ನಾಯಕನನ್ನು ನಿಯೋಜಿಸುವುದನ್ನು ಮುಂದುವರಿಸಲು ಬಯಸುತ್ತೀರಾ?,இருந்தாலும் {{selectedBlockForTL}} க்கு குழுத் தலைவரை ஒதுக்க தொடர விரும்புகிறீர்களா?,હજુ પણ શું તમે ટીમ લીડરને {{selectedBlockForTL}} ને સોંપવાનું ચાલુ રાખવા માંગો છો?,کیا آپ اب بھی ٹیم لیڈر کو {{selectedBlockForTL}} کو تفویض کرنا جاری رکھنا چاہتے ہیں؟
COMMON,,ASSIGNED_TEAM_LEADERS,{{assignedTeamLeaderNames}} and more..,{{assignedTeamLeaderNames}} और अधिक..,{{assignedTeamLeaderNames}} आणि अधिक..,{{assignedTeamLeaderNames}} ଏବଂ ଅଧିକ...,{{assignedTeamLeaderNames}} మరియు మరిన్నింటికి...,{{assignedTeamLeaderNames}} ಮತ್ತು ಇನ್ನಷ್ಟು..,{{assignedTeamLeaderNames}} மற்றும் பலர்..,{{assignedTeamLeaderNames}} અને વધુ..,{{assignedTeamLeaderNames}} اور مزید..
COMMON,,CONTINUE,Continue,जारी रखें,सुरू ठेवा,ଜାରି ରଖନ୍ତୁ,కొనసాగించు,ಮುಂದುವರಿಸಿ,தொடரவும்,ચાલુ રાખો,جاری رکھیں
COMMON,,DESCRIPTION,Description,वर्णन,विवरण,ବର୍ଣ୍ଣନା,వివరణ,ವಿವರಣೆ,விளக்கம்,વર્ણન,تفصیل
COMMON,,ALREADY_EXIST,Center name already exist.Please provide another name,केंद्राचे नाव आधीच अस्तित्वात आहे. कृपया दुसरे नाव प्रविष्ट करा,केंद्र का नाम पहले से मौजूद है। कृपया एक और नाम प्रदान करें,କେନ୍ଦ୍ର ନାମ ପୂର୍ବରୁ ଅଛି। ଦୟାକରି ଅନ୍ୟ ଏକ ନାମ ଦିଅନ୍ତୁ।,సెంటర్ పేరు ఇప్పటికే ఉంది. దయచేసి మరొక పేరును అందించండి,ಕೇಂದ್ರದ ಹೆಸರು ಈಗಾಗಲೇ ಅಸ್ತಿತ್ವದಲ್ಲಿದೆ. ದಯವಿಟ್ಟು ಇನ್ನೊಂದು ಹೆಸರನ್ನು ಒದಗಿಸಿ.,மையத்தின் பெயர் ஏற்கனவே உள்ளது. வேறு பெயரை வழங்கவும்,કેન્દ્રનું નામ પહેલેથી જ અસ્તિત્વમાં છે. કૃપા કરીને બીજું નામ આપો,مرکز کا نام پہلے سے موجود ہے۔ براہ کرم دوسرا نام فراہم کریں۔
COMMON,,PAGE_NOT_FOUND,Page not found,पृष्ठ सापडले नाही,पृष्ठ नहीं मिला,ପୃଷ୍ଠା ମିଳିଲା ନାହିଁ,పేజీ కనుగొనబడలేదు,ಪುಟ ಕಂಡುಬಂದಿಲ್ಲ.,பக்கம் கிடைக்கவில்லை,પેજ મળ્યું નથી,صفحہ نہیں ملا
COMMON,,ACCESS_DENIED,Access Denied,प्रवेश नाकारला,पहुँच अस्वीकृत,ପ୍ରବେଶ ଅନୁମତି ନାହିଁ,యాక్సెస్ తిరస్కరించబడింది,ಪ್ರವೇಶ ನಿರಾಕರಿಸಲಾಗಿದೆ,அணுகல் மறுக்கப்பட்டது,ઍક્સેસ નકારી,رسائی سے انکار کر دیا گیا۔
COMMON,,YOU_DONT_HAVE_PERMISSION_TO_ACCESS_THIS_PAGE,You don't have access to this page,तुम्हाला या पृष्ठावर प्रवेश नाही,आपके पास इस पृष्ठ तक पहुँच नहीं है,ଆପଣଙ୍କର ଏହି ପୃଷ୍ଠାକୁ ଆକ୍ସେସ୍ ନାହିଁ।,మీకు ఈ పేజీకి యాక్సెస్ లేదు,ಈ ಪುಟಕ್ಕೆ ನಿಮಗೆ ಪ್ರವೇಶವಿಲ್ಲ.,இந்தப் பக்கத்தை அணுக உங்களுக்கு அனுமதி இல்லை,તમારી પાસે આ પેજની ઍક્સેસ નથી,آپ کو اس صفحہ تک رسائی حاصل نہیں ہے۔
COMMON,,RETURN_TO_LOGIN,Return to Login,लॉगिनवर परत जा,लॉगिन पर वापस जाएं,ଲଗଇନକୁ ଫେରନ୍ତୁ,లాగిన్‌కు తిరిగి వెళ్లండి,ಲಾಗಿನ್‌ಗೆ ಹಿಂತಿರುಗಿ,உள்நுழைவுக்குத் திரும்பவும்,લોગિન પર પાછા ફરો,لاگ ان پر واپس جائیں۔
COMMON,,COHORT_CODE_EXISTS,Code already exists,कोड आधीच अस्तित्वात आहे,कोड पहले से मौजूद है,କୋଡ୍ ପୂର୍ବରୁ ଅଛି,కోడ్ ఇప్పటికే ఉంది,ಕೋಡ್ ಈಗಾಗಲೇ ಅಸ್ತಿತ್ವದಲ್ಲಿದೆ.,குறியீடு ஏற்கனவே உள்ளது,કોડ પહેલેથી જ અસ્તિત્વમાં છે,کوڈ پہلے سے موجود ہے۔
COMMON,,NO_MENTOR_FOUND,No Mentor Found,कोणताही मेंटर सापडला नाही,कोई मेंटर नहीं मिला,ମେଣ୍ଟର ମିଳିଲା ନାହିଁ,మెంటార్ కనుగొనబడలేదు,ಮೆಂಟರ್  ಲಭ್ಯವಿಲ್ಲ,வழிகாட்டி எவரும் கிடைக்கவில்லை,કોઈ માર્ગદર્શક મળ્યો નથી,کوئی سرپرست نہیں ملا
COMMON,,NO_YOUTH_FOUND,No Youth Found,कोणताही युथ सापडला नाही,कोई युवा नहीं मिला,ଯୁବକ/ଯୁବତୀ ମିଳିଲେ ନାହିଁ,యువకుడు కనుగొనబడలేదు,ಯೂತ್ ಲಭ್ಯವಿಲ್ಲ,இளைஞர் கண்டறியப்படவில்லை,કોઈ યુવા મળ્યો નથી,کوئی نوجوان نہیں ملا
COMMON,,NO_MENTOR_LEAD_FOUND,No Central Head Found,कोणताही मेंटर लीड सापडला नाही,कोई मेंटर लीड नहीं मिला,ମେଣ୍ଟର ନେତା ମିଳିଲେ ନାହିଁ,మెంటార్ లీడర్ కనుగొనబడలేదు,ಸೆಂಟರ್ ಹೆಡ್  ಲಭ್ಯವಿಲ್ಲ,மத்தியத் தலைவர் எவரும் கிடைக்கவில்லை,કોઈ માર્ગદર્શક લીડ મળ્યો નથી,کوئی سرپرست لیڈ نہیں ملا
COMMON,,NO_STATE_FOUND,No State Found,कोणतेही राज्य सापडले नाही,कोई राज्य नहीं मिला,ରାଜ୍ୟ ମିଳିଲା ନାହିଁ,రాష్ట్రం కనుగొనబడలేదు,ರಾಜ್ಯ ಲಭ್ಯವಿಲ್ಲ,மாநிலம் எதுவும் கிடைக்கவில்லை,કોઈ રાજ્ય મળ્યું નથી,کوئی ریاست نہیں ملی
COMMON,,NO_VILLAGE_FOUND,No Village Found,कोणतेही गाव सापडले नाही,कोई गांव नहीं मिला,ଗାଁ ମିଳିଲା ନାହିଁ,గ్రామం కనుగొనబడలేదు,ಗ್ರಾಮ  ಲಭ್ಯವಿಲ್ಲ,கிராமம் எதுவும் கிடைக்கவில்லை,કોઈ ગામ મળ્યું નથી,کوئی گاؤں نہیں ملا
COMMON,,NO_DISTRICTS_FOUND,No District Found,कोणताही जिल्हा सापडला नाही,कोई जिला नहीं मिला,ଜିଲ୍ଲା ମିଳିଲା ନାହିଁ,జిల్లా కనుగొనబడలేదు,ಜಿಲ್ಲೆ ಲಭ್ಯವಿಲ್ಲ,மாவட்டம் எதுவும் கிடைக்கவில்லை,કોઈ જિલ્લો મળ્યો નથી,کوئی ضلع نہیں ملا
COMMON,,NO_BLOCK_FOUND,No Block Found,कोणताही ब्लॉक सापडला नाही,कोई ब्लॉक नहीं मिला,ବ୍ଲକ୍ ମିଳିଲା ନାହିଁ,బ్లాక్ కనుగొనబడలేదు,ಬ್ಲಾಕ್ ಲಭ್ಯವಿಲ್ಲ,வட்டம் எதுவும் கிடைக்கவில்லை,કોઈ બ્લોક મળ્યો નથી,کوئی بلاک نہیں ملا
COMMON,,NO_FACILITATOR_FOUND,No Facilitator Found,कोणताही फॅसिलिटेटर सापडला नाही,कोई facilitator नहीं मिला,ଫ୍ୟାସିଲିଟେଟର ମିଳିଲେ ନାହିଁ,ఫ్యాసిలిటేటర్ కనుగొనబడలేదు,ಫೆಸಿಲಿಟೆಟರ್  ಲಭ್ಯವಿಲ್ಲ,பெசிலிடேட்டர் எவரும் கிடைக்கவில்லை,કોઈ સુવિધા આપનાર મળ્યો નથી,کوئی سہولت کار نہیں ملا
COMMON,,NOT_ABLE_UPDATE_FACILITATOR,Not Able To Update Teacher,शिक्षक अपडेट करता आले नाही,शिक्षक को अपडेट करने में सक्षम नहीं,ଶିକ୍ଷକ ଅପଡେଟ  କରିପାରିଲେ ନାହିଁ,గురువుల్ని నవీకరించడంలో విఫలమయ్యారు,ಶಿಕ್ಷಕರನ್ನು ನವೀಕರಿಸಲು ಸಾಧ್ಯವಾಗುತ್ತಿಲ್ಲ,ஆசிரியரைப் புதுப்பிக்க முடியவில்லை,શિક્ષકને અપડેટ કરવામાં સક્ષમ નથી,ٹیچر کو اپ ڈیٹ کرنے کے قابل نہیں۔
COMMON,,NOT_ABLE_CREATE_FACILITATOR,Not Able To Create Teacher,शिक्षक तयार करता आले नाही,शिक्षक बनाने में सक्षम नहीं,ଶିକ୍ଷକ ସୃଷ୍ଟି କରିପାରିଲେ ନାହିଁ,గురువుల్ని సృష్టించడంలో విఫలమయ్యారు,ಶಿಕ್ಷಕರನ್ನು ರಚಿಸಲು ಸಾಧ್ಯವಾಗುತ್ತಿಲ್ಲ,ஆசிரியரை உருவாக்க முடியவில்லை,શિક્ષકને બનાવવા સક્ષમ નથી,استاد پیدا کرنے کے قابل نہیں۔
COMMON,,NOT_ABLE_UPDATE_LEARNER,Not Able To Update Learner,लर्नर अपडेट करता आले नाही,लर्नर को अपडेट करने में सक्षम नहीं,ଶିକ୍ଷାର୍ଥୀ ଅପଡେଟ  କରିପାରିଲେ ନାହିଁ,లెర్నర్‌ను నవీకరించడంలో విఫలమయ్యారు,ಕಲಿಯುವವರನ್ನು ಅಪ್‌ಡೇಟ್ ಮಾಡಲು ಸಾಧ್ಯವಾಗುತ್ತಿಲ್ಲ,மாணவரைப் புதுப்பிக்க முடியவில்லை,શીખનારને અપડેટ કરવામાં સક્ષમ નથી,لرنر کو اپ ڈیٹ کرنے کے قابل نہیں ہے۔
COMMON,,NOT_ABLE_CREATE_LEARNER,Not Able To Create Learner,लर्नर तयार करता आले नाही,लर्नर बनाने में सक्षम नहीं,ଶିକ୍ଷାର୍ଥୀ ସୃଷ୍ଟି କରିପାରିଲେ ନାହିଁ,లెర్నర్‌ను సృష్టించడంలో విఫలమయ్యారు,ಕಲಿಯುವವರನ್ನು ರಚಿಸಲು ಸಾಧ್ಯವಾಗುತ್ತಿಲ್ಲ,மாணவரை உருவாக்க முடியவில்லை,શીખનારને બનાવવા સક્ષમ નથી,لرنر بنانے کے قابل نہیں۔
COMMON,,NO_CONTENT_CREATOR_FOUND,No Content Creator (SCTA) Found,कोणताही कन्टेन्ट क्रिएटर (SCTA) सापडला नाही,कोई सामग्री निर्माता (SCTA) नहीं मिला,ସାମଗ୍ରୀ ସୃଷ୍ଟା (SCTA) ମିଳିଲେ ନାହିଁ,కంటెంట్ క్రియేటర్ (SCTA) కనుగొనబడలేదు,ವಿಷಯ ಕ್ರೀಯಟರ್  (SCTA) ಲಭ್ಯವಿಲ್ಲ,உள்ளடக்க உருவாக்குநர் (SCTA) எவரும் கிடைக்கவில்லை,કોઈ સામગ્રી નિર્માતા (SCTA) મળ્યો નથી,کوئی مواد تخلیق کرنے والا (SCTA) نہیں ملا
COMMON,,NO_CONTENT_REVIEWER_FOUND,No Content Reviewer (CCTA) Found,कोणताही कन्टेन्ट रिव्ह्युअर (CCTA) सापडला नाही,कोई सामग्री समीक्षक (CCTA) नहीं मिला,ସାମଗ୍ରୀ ସମୀକ୍ଷକ (CCTA) ମିଳିଲେ ନାହିଁ,కంటెంట్ సమీక్షకులు (CCTA) కనుగొనబడలేదు,ವಿಷಯ ಪರಿಶೀಲಕರು   (CCTA) ಲಭ್ಯವಿಲ್ಲ,உள்ளடக்க மதிப்பாய்வாளர் (CCTA) எவரும் கிடைக்கவில்லை,કોઈ સામગ્રી સમીક્ષક (CCTA) મળ્યો નથી,کوئی مواد کا جائزہ لینے والا (CCTA) نہیں ملا
COMMON,,LOADING,Loading,लोड करत आहे,लोड हो रहा है,ଲୋଡ୍ ହେଉଛି,లోడ్ అవుతోంది,ಲೋಡ್ ಆಗುತ್ತಿದೆ,ஏற்றப்படுகிறது,લોડ કરી રહ્યા છીએ,لوڈ ہو رہا ہے۔
COMMON,,SURE_REASSIGN_CENTER,Are you sure you want to re-assign Center to this user?,तुम्ही खात्री आहात की तुम्हाला या वापरकर्त्यास केंद्र पुन्हा नियुक्त करायचे आहे?,क्या आप सुनिश्चित हैं कि आप इस उपयोगकर्ता को केंद्र पुनः आवंटित करना चाहते हैं?,ଆପଣ ନିଶ୍ଚିତ କି ଏହି ଉପଭୋକ୍ତାଙ୍କୁ କେନ୍ଦ୍ର ପୁନର୍ନିୟୁକ୍ତ କରିବାକୁ ଚାହୁଁଛନ୍ତି?,మీరు ఖచ్చితంగా ఈ వినియోగదారుకు కేంద్రాన్ని తిరిగి కేటాయించాలనుకుంటున్నారా?,ಈ ಯೂಸರ್ ಗೆ ಕೇಂದ್ರವನ್ನು ಮರು ನಿಯೋಜಿಸಲು ನೀವು ಖಚಿತವಾಗಿ ಬಯಸುವಿರಾ?,இந்தப் பயனருக்கு மையத்தை மறுஒதுக்கீடு செய்ய விரும்புகிறீர்களா?,શું તમે ખરેખર આ વપરાશકર્તાને સેન્ટર ફરીથી સોંપવા માંગો છો?,کیا آپ واقعی اس صارف کو سینٹر میں دوبارہ تفویض کرنا چاہتے ہیں؟
COMMON,,SORT,Sort,क्रमवारी लावा,छाँटें,ସଜାନ୍ତୁ,క్రమబద్ధీకరించు,ವಿಂಗಡಿಸಿ,வரிசைப்படுத்து,સૉર્ટ કરો,چھانٹنا
COMMON,,USER_DELETE_SUCCSSFULLY,User deleted Successfully,वापरकर्ता यशस्वीपणे हटवला,उपयोगकर्ता सफलतापूर्वक हटाया गया,ୟୁଜର  ସଫଳତାର ସହିତ ଡିଲିଟ  କଲେ |,వినియోగదారు విజయవంతంగా తొలగించబడ్డారు,ಯೂಸರ್ ನ್ನು ಯಶಸ್ವಿಯಾಗಿ ಅಳಿಸಲಾಗಿದೆ,பயனர் வெற்றிகரமாக நீக்கப்பட்டார்,વપરાશકર્તા સફળતાપૂર્વક કાઢી નાખ્યો,صارف کو کامیابی سے حذف کر دیا گیا۔
LOGIN_PAGE,,USERNAME,Username,वापरकर्ता नाव,उपयोगकर्ता नाम,ୟୁଜରଙ୍କ  ନାମ,వినియోగదారు పేరు,ಯೂಸರ್ ಹೆಸರು,பயனர் பெயர்,ઉપયોગકર્તાનું નામ,صارف نام
LOGIN_PAGE,,PASSWORD,Password,पासवर्ड,पासवर्ड,ପ୍ରବେଶ କୋଡ଼,పాస్వర్డ్,ಪಾಸ್‌ವರ್ಡ್,கடவுச்சொல்,પાસવર્ડ,پاس ورڈ
LOGIN_PAGE,,LOGIN,Login,लॉगिन,लॉगिन,ପ୍ରବେଶ,లాగిన్ చేయండి,ಲಾಗಿನ್,உள்நுழைவு,લૉગિન કરો,لاگ ان
LOGIN_PAGE,,USERNAME_PLACEHOLDER,Enter username,वापरकर्ता नाव प्रविष्ट करा,उपयोगकर्ता नाम दर्ज करें,ୟୁଜରଙ୍କ  ନାମ ଲେଖନ୍ତୁ,వినియోగదారు పేరును నమోదు చేయండి,ಯೂಸರ್ ಹೆಸರು ನಮೂದಿಸಿ,பயனர் பெயரை உள்ளிடவும்,ઉપયોગકર્તાનું નામ લખો,صارف نام درج کریں۔
LOGIN_PAGE,,PASSWORD_PLACEHOLDER,Enter password,पासवर्ड प्रविष्ट करा,पासवर्ड दर्ज करें,ପ୍ରବେଶ କୋଡ଼ ଲେଖନ୍ତୁ,పాస్వర్డ్ను నమోదు చేయండి,ಪಾಸ್‌ವರ್ಡ್ ನಮೂದಿಸಿ,கடவுச்சொல்லை உள்ளிடவும்,પાસવર્ડ નાખો,پاس ورڈ درج کریں۔
LOGIN_PAGE,,USERNAME_PASSWORD_NOT_CORRECT,The username or password you entered is incorrect,तुम्ही प्रविष्ट केलेले वापरकर्ता नाव किंवा पासवर्ड चुकीचा आहे,आपके द्वारा दर्ज किया गया उपयोगकर्ता नाम या पासवर्ड गलत है,ଆପଣ ଲେଖିଥିବା ୟୁଜରଙ୍କ  ନାମ କିମ୍ବା ପ୍ରବେଶ କୋଡ଼ ତ୍ରୁଟିପୂର୍ଣ୍ଣ,మీరు నమోదు చేసిన వినియోగదారు పేరు లేదా పాస్‌వర్డ్ తప్పు,ನೀವು ನಮೂದಿಸಿದ ಯೂಸರ್ ಹೆಸರು ಅಥವಾ ಪಾಸ್‌ವರ್ಡ್ ತಪ್ಪಾಗಿದೆ,நீங்கள் உள்ளிட்ட பயனர் பெயர் அல்லது கடவுச்சொல் தவறானது,તમારા ધ્વારા નાખેલ ઉપયોગકર્તાનું નામ અથવા પાસવર્ડ ખોટો છે.,آپ نے جو صارف نام یا پاس ورڈ درج کیا ہے وہ غلط ہے۔
LOGIN_PAGE,,FORGOT_PASSWORD,Forgot Password?,पासवर्ड विसरलात का?,पासवर्ड भूल गए?,ପ୍ରବେଶ କୋଡ଼କୁ ଭୁଲିଗଲେ?,పాస్‌వర్డ్ మర్చిపోయారా?,ಪಾಸ್‌ವರ್ಡ್ ಮರೆತಿದ್ದೀರಾ?,கடவுச்சொல்லை மறந்துவிட்டீர்களா?,પાસવર્ડ ભૂલી ગયા ?,پاس ورڈ بھول گئے؟
LOGIN_PAGE,,REMEMBER_ME,Remember Me,मला लक्षात ठेवा,मुझे याद रखें,ମୋତେ ମନେ ରଖନ୍ତୁ,నన్ను గుర్తుంచుకో,ನನ್ನನ್ನು ನೆನಪಿಡಿ,என்னை நினைவில் வைத்திரு,મને યાદ રાખો,مجھے یاد رکھنا
LOGIN_PAGE,,CONFIRM_PASSWORD,Confirm password,पासवर्डची पुष्टी करा,पासवर्ड की पुष्टि करें,ପାସୱାର୍ଡ ସୁନିଶ୍ଚିତ କରନ୍ତୁ,పాస్‌వర్డ్‌ను నిర్ధారించండి,ಪಾಸ್‌ವರ್ಡ್ ದೃಢೀಕರಿಸಿ,கடவுச்சொல்லை உறுதிப்படுத்தவும்,પાસવર્ડની પુષ્ટિ કરો,پاس ورڈ کی تصدیق کریں۔
LOGIN_PAGE,,RESET_PASSWORD,Reset Password,पासवर्ड रीसेट करा,पासवर्ड रीसेट करें,ପାସୱାର୍ଡ ପୁନଃସେଟ୍ କରନ୍ତୁ,పాస్‌వర్డ్‌ను రీసెట్ చేయండి,ಪಾಸ್ವರ್ಡ್ ಮರುಹೊಂದಿಸಿ,கடவுச்சொல்லை மீட்டமைக்கவும்,પાસવર્ડ રીસેટ કરો,پاس ورڈ ری سیٹ کریں۔
LOGIN_PAGE,,CREATE_NEW,"Create a new, strong password that you don't use for other websites","नवीन, मजबूत पासवर्ड तयार करा जो तुम्ही इतर वेबसाइटसाठी वापरत नाही","एक नया, मजबूत पासवर्ड बनाएं जो आप अन्य वेबसाइटों के लिए उपयोग नहीं करते","ଏକ ନୂତନ, ଜଟିଳ ପାସୱାର୍ଡ ତିଆରି କରନ୍ତୁ ଯାହାକୁ ଆପଣ ଅନ୍ୟ ୱେବସାଇଟ୍ ପାଇଁ ବ୍ୟବହାର କରନ୍ତି ନାହିଁ","మీరు ఇతర వెబ్‌సైట్‌ల కోసం ఉపయోగించని కొత్త, బలమైన పాస్‌వర్డ్‌ను సృష్టించండి","ನೀವು ಇತರ ವೆಬ್‌ಸೈಟ್‌ಗಳಿಗೆ ಬಳಸದ ಹೊಸ, ಬಲಿಷ್ಠ ಪಾಸ್‌ವರ್ಡ್ ಅನ್ನು ರಚಿಸಿ.",பிற இணையதளங்களில் பயன்படுத்தாத புதிய மற்றும் வலுவான கடவுச்சொல்லை உருவாக்கவும்,"નવો, મજબૂત પાસવર્ડ બનાવો જેનો તમે અન્ય વેબસાઇટ્સ માટે ઉપયોગ કરતા નથી",ایک نیا، مضبوط پاس ورڈ بنائیں جسے آپ دوسری ویب سائٹس کے لیے استعمال نہیں کرتے ہیں۔
LOGIN_PAGE,,NOT_MATCH,Passwords do not match,पासवर्ड जुळत नाही,पासवर्ड मेल नहीं खाते,ପାସୱାର୍ଡଗୁଡ଼ିକ ମେଳ ଖାଉନାହିଁ।,పాస్‌వర్డ్‌లు సరిపోలడం లేదు,ಪಾಸ್‌ವರ್ಡ್‌ಗಳು ಹೊಂದಿಕೆಯಾಗುತ್ತಿಲ್ಲ.,கடவுச்சொற்கள் பொருந்தவில்லை,પાસવર્ડ મેળ ખાતા નથી,پاس ورڈز مماثل نہیں ہیں۔
LOGIN_PAGE,,CHARACTERS_LONG,Passwords must be at least 8 characters long,पासवर्ड किमान 8 अक्षरे लांब असावा,पासवर्ड कम से कम 8 अंकों का होना चाहिए,ପାସୱାର୍ଡଗୁଡ଼ିକ ଅତି କମରେ 8 ଅକ୍ଷର ଲମ୍ବା ହେବା ଆବଶ୍ୟକ,పాత పాస్‌వర్డ్‌లు కనీసం 8 అక్షరాల పొడవు ఉండాలి,ಪಾಸ್‌ವರ್ಡ್‌ಗಳು ಕನಿಷ್ಠ 8 ಅಕ್ಷರಗಳಿರಬೇಕು .,கடவுச்சொல் குறைந்தது 8 எழுத்துகள் கொண்டிருக்க வேண்டும்,પાસવર્ડ ઓછામાં ઓછા 8 અક્ષર લાંબા હોવા જોઈએ,پاس ورڈ کم از کم 8 حروف کا ہونا چاہیے۔
LOGIN_PAGE,,OLD_PASSWORD,Old Password,जुना पासवर्ड,पुराना पासवर्ड,ପୁରୁଣା ପାସୱାର୍ଡ,పాత పాస్‌వర్డ్,ಹಳೆಯ ಪಾಸ್‌ವರ್ಡ್,பழைய கடவுச்சொல்,જૂનો પાસવર્ડ,پرانا پاس ورڈ
LOGIN_PAGE,,NEW_PASSWORD,New Password,नवीन पासवर्ड,नया पासवर्ड,ନୂଆ ପାସୱାର୍ଡ,కొత్త పాస్‌వర్డ్,ಹೊಸ ಪಾಸ್‌ವರ್ಡ್,புதிய கடவுச்சொல்,નવો પાસવર્ડ,نیا پاس ورڈ
LOGIN_PAGE,,CONFIRM_NEW_PASSWORD,Confirm New Password,नवीन पासवर्डची पुष्टी करा,नया पासवर्ड की पुष्टि करें,ନୂଆ ପାସୱାର୍ଡ ସୁନିଶ୍ଚିତ କରନ୍ତୁ,కొత్త పాస్‌వర్డ్‌ను నిర్ధారించండి,ಹೊಸ ಪಾಸ್‌ವರ್ಡ್ ಅನ್ನು ದೃಢೀಕರಿಸಿ,புதிய கடவுச்சொல்லை உறுதிப்படுத்தவும்,નવા પાસવર્ડની પુષ્ટિ કરો,نئے پاس ورڈ کی تصدیق کریں۔
LOGIN_PAGE,,TROUBLE_LOGIN,Trouble with logging in?,लॉगिन करण्यात अडचण आहे?,लॉगिन करने में परेशानी हो रही है?,ଲଗଇନ୍ କରିବାରେ ଅସୁବିଧା ହେଉଛି କି?,లాగిన్ చేయడంలో సమస్య ఉందా?,ಲಾಗಿನ್ ಆಗುವಲ್ಲಿ ತೊಂದರೆ ಇದೆಯೇ?,உள்நுழைவதில் சிக்கலா?,લૉગ ઇન કરવામાં મુશ્કેલી?,لاگ ان کرنے میں پریشانی؟
LOGIN_PAGE,,ENTER_USERNAME_TO_GET_LINK,"Enter your username, we’ll send you a link to get back into your account.","तुमचे वापरकर्ता नाव प्रविष्ट करा, आम्ही तुम्हाला तुमच्या खात्यात परत जाण्यासाठी एक लिंक पाठवू.","अपना उपयोगकर्ता नाम दर्ज करें, हम आपको अपने खाते में वापस जाने के लिए एक लिंक भेजेंगे।","ଆପଣଙ୍କର ୟୁଜରଙ୍କ ନାମ  ପ୍ରବେଶ କରନ୍ତୁ, ଆମେ ଆପଣଙ୍କୁ ଆପଣଙ୍କର ଆକାଉଣ୍ଟକୁ ଫେରି ପାଇବା ପାଇଁ ଏକ ଲିଙ୍କ୍ ପଠାଇବୁ।","మీ యూజర్‌నేమ్‌ను ఎంటర్ చేయండి, మీ ఖాతాలోకి తిరిగి రావడానికి మేము మీకు లింక్‌ను పంపుతాము.","ನಿಮ್ಮ ಯೂಸರ್ ಹೆಸರನ್ನು ನಮೂದಿಸಿ, ನಿಮ್ಮ ಖಾತೆಗೆ ಮರಳಲು ನಾವು ನಿಮಗೆ ಲಿಂಕ್ ಕಳುಹಿಸುತ್ತೇವೆ.",உங்கள் பயனர் பெயரை உள்ளிடவும். உங்கள் கணக்கை மீண்டும் அணுக ஒரு இணைப்பை அனுப்புவோம்.,"તમારું વપરાશકર્તા નામ દાખલ કરો, અમે તમને તમારા એકાઉન્ટમાં પાછા આવવા માટે એક લિંક મોકલીશું.",اپنا صارف نام درج کریں، ہم آپ کو آپ کے اکاؤنٹ میں واپس جانے کے لیے ایک لنک بھیجیں گے۔
LOGIN_PAGE,,ENTER_USERNAME,Enter Username,वापरकर्ता नाव प्रविष्ट करा,उपयोगकर्ता नाम दर्ज करें,ୟୁଜରଙ୍କ ନାମ  ଲେଖନ୍ତୁ,యూజర్‌నేమ్ ఎంటర్ చేయండి,ಯೂಸರ್ ಹೆಸರನ್ನು ನಮೂದಿಸಿ,பயனர் பெயரை உள்ளிடவும்,વપરાશકર્તા નામ દાખલ કરો,صارف نام درج کریں۔
LOGIN_PAGE,,BACK_TO_LOGIN,Back to Login,लॉगिनवर परत जा,लॉगिन पर वापस जाएं,ଲଗଇନକୁ ଫେରନ୍ତୁ,లాగిన్‌కి తిరిగి వెళ్లండి,ಲಾಗಿನ್‌ಗೆ ಹಿಂತಿರುಗಿ,உள்நுழைவுக்குத் திரும்பவும்,લૉગિન પર પાછા જાઓ,لاگ ان پر واپس جائیں۔
LOGIN_PAGE,,CREATE_STRONG_PASSWORD,Create a strong password,मजबूत पासवर्ड तयार करा,एक मजबूत पासवर्ड बनाएं,ଏକ ଜଟିଳ ପାସୱାର୍ଡ ତିଆରି କରନ୍ତୁ,బలమైన పాస్‌వర్డ్‌ను సృష్టించండి,ಬಲವಾದ ಪಾಸ್‌ವರ್ಡ್ ರಚಿಸಿ,வலுவான கடவுச்சொல்லை உருவாக்கவும்,મજબૂત પાસવર્ડ બનાવો,ایک مضبوط پاس ورڈ بنائیں
LOGIN_PAGE,,YOUR_PASSWORD_NEED,Your password needs to:,तुमच्या पासवर्डमध्ये हे आवश्यक आहे:,आपके पासवर्ड में यह होना चाहिए:,ଆପଣଙ୍କ ପାସୱାର୍ଡ ର ଆବଶ୍ୟକ:,మీ పాస్‌వర్డ్‌లో ఇవి ఉండాలి:,ನಿಮ್ಮ ಪಾಸ್‌ವರ್ಡ್‌ಗೆ ಇವುಗಳ ಅಗತ್ಯವಿದೆ:,உங்கள் கடவுச்சொல் பின்வருவனவற்றைக் கொண்டிருக்க வேண்டும்:,તમારા પાસવર્ડની જરૂર છે:,آپ کے پاس ورڈ کی ضرورت ہے:
LOGIN_PAGE,,INCLUDE_BOTH,Include both upper case and lower case,अपर केस आणि लोअर केस दोन्ही समाविष्ट करा,अप्पर केस और लोअर केस दोनों को शामिल करें,ବଡ ଅକ୍ଷର ଏବଂ ଛୋଟ ଅକ୍ଷର ଉଭୟ ଅନ୍ତର୍ଭୁକ୍ତ କରନ୍ତୁ,అప్పర్ కేస్ మరియు లోయర్ కేస్ రెండింటినీ చేర్చండి,ದೊಡ್ಡಕ್ಷರ ಮತ್ತು ಸಣ್ಣಕ್ಷರ ಎರಡನ್ನೂ ಸೇರಿಸಿ,பெரிய மற்றும் சிறிய எழுத்துகள் இரண்டும் இருக்க வேண்டும்,અપરકેસ અને લોઅરકેસ બંનેનો સમાવેશ કરો,اپر کیس اور لوئر کیس دونوں شامل کریں۔
LOGIN_PAGE,,INCLUDE_NUMBER,Include at least one number,किमान एक नंबर समाविष्ट करा,कम से कम एक नंबर शामिल करें,ଅତି କମରେ ଗୋଟିଏ ସଂଖ୍ୟା ଅନ୍ତର୍ଭୁକ୍ତ କରନ୍ତୁ,కనీసం ఒక సంఖ్యను చేర్చండి,ಕನಿಷ್ಠ ಒಂದು ಸಂಖ್ಯೆಯನ್ನು ಸೇರಿಸಿ,குறைந்தது ஒரு எண்ணையாவது கொண்டிருக்க வேண்டும்,ઓછામાં ઓછો એક નંબર શામેલ કરો,کم از کم ایک نمبر شامل کریں۔
LOGIN_PAGE,,INCLUDE_SPECIAL,Include at least one special character,किमान एक विशेष वर्ण समाविष्ट करा,कम से कम एक विशेष वर्ण शामिल करें,ଅତି କମରେ ଗୋଟିଏ ବିଶେଷ ଅକ୍ଷର ଅନ୍ତର୍ଭୁକ୍ତ କରନ୍ତୁ,కనీసం ఒక ప్రత్యేక అక్షరాన్ని చేర్చండి,ಕನಿಷ್ಠ ಒಂದು ವಿಶೇಷ ಅಕ್ಷರವನ್ನು ಸೇರಿಸಿ,குறைந்தது ஒரு சிறப்பு எழுத்தையாவது கொண்டிருக்க வேண்டும்,ઓછામાં ઓછું એક વિશિષ્ટ પાત્ર શામેલ કરો,کم از کم ایک خاص کردار شامل کریں۔
LOGIN_PAGE,,MUST_BE_AT,Must be at least 8 characters long,किमान 8 अक्षरे असणे आवश्यक,कम से कम 8 अक्षर का होना जरूरी है,ଅତି କମରେ 8 ଅକ୍ଷର ବିଶିଷ୍ଟ ହେବା ଆବଶ୍ୟକ,కనీసం 8 అక్షరాల పొడవు ఉండాలి,ಕನಿಷ್ಠ 8 ಅಕ್ಷರಗಳಿರಬೇಕು ,குறைந்தது 8 எழுத்துகள் நீளமாக இருக்க வேண்டும்,ઓછામાં ઓછા 8 અક્ષર લાંબા હોવા જોઈએ,کم از کم 8 حروف کا ہونا ضروری ہے۔
LOGIN_PAGE,,OTHER_SETTING,Other settings,इतर सेटिंग्ज,अन्य सेटिंग्स,ଅନ୍ୟାନ୍ୟ ସେଟିଂସ୍‍,ఇతర సెట్టింగ్‌లు,ಇತರ ಸೆಟ್ಟಿಂಗ್‌ಗಳು,பிற அமைப்புகள்,અન્ય સેટિંગ્સ,دیگر ترتیبات
LOGIN_PAGE,,WELCOME,Welcome!,स्वागत आहे!,स्वागत है!,ସ୍ୱାଗତ!,స్వాగతం!,ಸ್ವಾಗತ!,வரவேற்கிறோம்!,સ્વાગત છે!,خوش آمدید!
LOGIN_PAGE,,PLEASE_RESET_YOUR_PASSWORD,Please reset your password to ensure your account is secure,तुमचे खाते सुरक्षित असल्याची खात्री करण्यासाठी कृपया तुमचा पासवर्ड रीसेट करा.,"आपका खाता सुरक्षित है, यह सुनिश्चित करने के लिए कृपया अपना पासवर्ड रीसेट करें",ଆପଣଙ୍କର ଆକାଉଣ୍ଟ ସୁରକ୍ଷିତ ଅଛି ବୋଲି ସୁନିଶ୍ଚିତ କରିବାକୁ ଦୟାକରି ଆପଣଙ୍କର ପାସୱାର୍ଡ ରିସେଟ୍ କରନ୍ତୁ।,మీ ఖాతా సురక్షితంగా ఉందని నిర్ధారించుకోవడానికి దయచేసి మీ పాస్‌వర్డ్‌ను రీసెట్ చేయండి,ನಿಮ್ಮ ಖಾತೆ ಸುರಕ್ಷಿತವಾಗಿದೆ ಎಂದು ಖಚಿತಪಡಿಸಿಕೊಳ್ಳಲು ದಯವಿಟ್ಟು ನಿಮ್ಮ ಪಾಸ್‌ವರ್ಡ್ ಅನ್ನು ಮರುಹೊಂದಿಸಿ.,உங்கள் கணக்கின் பாதுகாப்பை உறுதிப்படுத்த தயவுசெய்து கடவுச்சொல்லை மீட்டமைக்கவும்,તમારું એકાઉન્ટ સુરક્ષિત છે તેની ખાતરી કરવા કૃપા કરીને તમારો પાસવર્ડ રીસેટ કરો,یہ یقینی بنانے کے لیے کہ آپ کا اکاؤنٹ محفوظ ہے اپنا پاس ورڈ دوبارہ ترتیب دیں۔
LOGIN_PAGE,,DO_IT_LATER,I’ll do it later,मी हे नंतर करीन,मैं इसे बाद में कर लूँगा,ମୁଁ ଏହା ପରେ କରିବି,నేను దానిని తర్వాత చేస్తాను,ನಾನು ಅದನ್ನು ನಂತರ ಮಾಡುತ್ತೇನೆ.,பிறகு செய்கிறேன்,હું પછીથી કરીશ,میں بعد میں کروں گا۔
LOGIN_PAGE,,SUCCESSFULLY_RESET,Your password has been successfully reset,तुमचा पासवर्ड यशस्वीरित्या रीसेट करण्यात आला आहे,आपका पासवर्ड सफलतापूर्वक रीसेट कर दिया गया है,ଆପଣଙ୍କର ପାସୱାର୍ଡ ସଫଳତାର ସହ ରିସେଟ୍ ହୋଇଛି।,మీ పాస్‌వర్డ్ విజయవంతంగా రీసెట్ చేయబడింది,ನಿಮ್ಮ ಪಾಸ್‌ವರ್ಡ್ ಅನ್ನು ಯಶಸ್ವಿಯಾಗಿ ಮರುಹೊಂದಿಸಲಾಗಿದೆ.,உங்கள் கடவுச்சொல் வெற்றிகரமாக மீட்டமைக்கப்பட்டது,તમારો પાસવર્ડ સફળતાપૂર્વક રીસેટ કરવામાં આવ્યો છે,آپ کا پاس ورڈ کامیابی کے ساتھ دوبارہ ترتیب دیا گیا ہے۔
LOGIN_PAGE,,LINK_EXPIRED,Link has been expired,लिंक कालबाह्य झाली आहे,लिंक की समय सीमा समाप्त हो गई है,ଲିଙ୍କର ସମୟ ସୀମା ଶେଷ ହୋଇଯାଇଛି,లింక్ గడువు ముగిసింది,ಲಿಂಕ್ ಅವಧಿ ಮುಗಿದಿದೆ.,இணைப்பின் காலாவதி முடிந்துவிட்டது,લિંક સમાપ્ત થઈ ગઈ છે,لنک ختم ہو چکا ہے۔
LOGIN_PAGE,,WE_SEND_AN_EMAIL,We sent an email to {{maskEmail}} with a link to reset your password,आम्ही तुमचा पासवर्ड रीसेट करण्यासाठी लिंकसह {{maskEmail}} वर ईमेल पाठवला आहे,हमने आपके पासवर्ड को रीसेट करने के लिए एक लिंक के साथ {{maskEmail}} पर एक ईमेल भेजा है,ଆପଣଙ୍କ ପାସୱାର୍ଡ ପୁନଃସେଟ୍ କରିବା ପାଇଁ ଆମକୁ {{maskEmail}}ଏକ ଇମେଲ୍ ପଠାଇଛୁ।,మీ పాస్‌వర్డ్‌ను రీసెట్ చేయడానికి మేము {{maskEmail}}కి లింక్‌తో ఇమెయిల్ పంపాము,ನಿಮ್ಮ ಪಾಸ್‌ವರ್ಡ್ ಅನ್ನು ಮರುಹೊಂದಿಸಲು ಲಿಂಕ್ ಹೊಂದಿರುವ ಇಮೇಲ್ ಅನ್ನು ನಾವು {{maskEmail}} ಗೆ ಕಳುಹಿಸಿದ್ದೇವೆ.,உங்கள் கடவுச்சொல்லை மீட்டமைக்க {{maskEmail}} க்கு ஒரு மின்னஞ்சல் அனுப்பியுள்ளோம்,અમે તમારો પાસવર્ડ રીસેટ કરવા માટેની લિંક સાથે {{maskEmail}} પર એક ઈમેલ મોકલ્યો છે,ہم نے آپ کا پاس ورڈ دوبارہ ترتیب دینے کے لیے ایک لنک کے ساتھ {{maskEmail}} پر ایک ای میل بھیجا ہے۔
LOGIN_PAGE,,CURRENT_PASSWORD_NOT,Current Password Not Matched,वर्तमान पासवर्ड जुळत नाही।,वर्तमान पासवर्ड मेल नहीं खा रहा है।,ବର୍ତ୍ତମାନର ପାସୱାର୍ଡ ମେଳ ଖାଉନାହିଁ,ప్రస్తుత పాస్‌వర్డ్ సరిపోలలేదు,ಪ್ರಸ್ತುತ ಪಾಸ್‌ವರ್ಡ್ ಹೊಂದಿಕೆಯಾಗುತ್ತಿಲ್ಲ,தற்போதைய கடவுச்சொல் பொருந்தவில்லை,વર્તમાન પાસવર્ડ મેળ ખાતો નથી,موجودہ پاس ورڈ مماثل نہیں ہے۔
LOGIN_PAGE,,NO_USERNAME,Username not found,वापरकर्तानाव सापडले नाही।,उपयोगकर्ता नाम नहीं मिला।,ୟୁଜରଙ୍କ ନାମ  ମିଳିଲା ନାହିଁ,యూజర్ పేరు కనుగొనబడలేదు,ಯೂಸರ್ ಹೆಸರು ಕಂಡುಬಂದಿಲ್ಲ.,பயனர் பெயர் கிடைக்கவில்லை,વપરાશકર્તા નામ મળ્યું નથી,صارف نام نہیں ملا
LOGIN_PAGE,,PASSWORD_SAME_AS_OLD,Password same as old,पासवर्ड जुन्या पासवर्ड सारखाच आहे,पासवर्ड पुराना जैसा ही है।,ପାସୱାର୍ଡ ପୁରୁଣା ପାସୱାର୍ଡ ପରି ସମାନ ଅଛି,పాత పాస్‌వర్డ్ లాగానే ఉంది,ಪಾಸ್‌ವರ್ಡ್ ಹಳೆಯಂತೆಯೇ ಇದೆ,புதிய கடவுச்சொல் பழைய கடவுச்சொல்லைப் போல இருக்கக்கூடாது,પાસવર્ડ જુના જેવો જ,پاس ورڈ وہی پرانا ہے۔
SIDEBAR,,HI,hi,नमस्कार,नमस्ते,ନମସ୍କାର,హాయ్,ಹಾಯ್,வணக்கம்,નમસ્તે,ہیلو
SIDEBAR,,DASHBOARD,Dashboard,डॅशबोर्ड,डैशबोर्ड,ଦାଶବୋର୍ଡ ,డ్యాష్‌బోర్డ్,ಡ್ಯಾಶ್‌ಬೋರ್ಡ್,டாஷ்போர்டு,ડેશબોર્ડ,ڈیش بورڈ
SIDEBAR,,MANAGE_USERS,Manage Users,वापरकर्त्यांचे व्यवस्थापन करा,उपयोगकर्ताओं का प्रबंधन करें,ୟୁଜରମାନଙ୍କୁ  ପରିଚାଳନା କରନ୍ତୁ,వినియోగదారులను నిర్వహించండి,ಯೂಸರ್ ನ್ನು   ನಿರ್ವಹಿಸಿ,பயனர்களை நிர்வகிக்கவும்,ઉપયોગકર્તાનું વ્યવસ્થાપન કરો,صارفین کا نظم کریں۔
SIDEBAR,,COURSE_PLANNER,Curriculum Planner,अभ्यासक्रम नियोजक,पाठ्यक्रम योजनाकार,ପାଠ୍ୟକ୍ରମ ପ୍ରଣାଳୀକାରୀ,కోర్సు ప్రణాళికకర్త,ಕೋರ್ಸ್ ಪ್ಲಾನರ್,பாடத்திட்டத் திட்டமிடல்,પાઠ્યક્રમનું આયોજન,کورس پلانر
SIDEBAR,,CENTERS,Centers,सेंटर,केंद्रे,କେନ୍ଦ୍ର,కేంద్రాలు,ಕೇಂದ್ರಗಳು,மையங்கள்,સેન્ટર,مراکز
SIDEBAR,,FACILITATORS,Facilitators,प्रशिक्षक,सुविधा प्रदाता,ସହଜକାରୀମାନେ,సౌకర్యాదారులు,ಫೆಸಿಲಿಟೆಟರ್ ,பெசிலிடேட்டர்ஸ்,ફેસિલેટર,سہولت کار
SIDEBAR,,LEARNERS,Learners,शिकणारे,शिक्षार्थी,ଶିକ୍ଷାର୍ଥୀମାନେ,అభ్యసకులు,ಕಲಿಯುವವರು,மாணவர்கள்,વિધ્યાર્થી,طلباء
SIDEBAR,,TEAM_LEADERS,Team Leaders,टीम लीडर,टीम लीडर,ଦଳ ନେତାମାନେ,టీమ్ లీడర్లు,ತಂಡದ ನಾಯಕರು,குழுத் தலைவர்கள்,ટીમ લીડર,ٹیم لیڈرز
SIDEBAR,,CREATE_PLAN,Create Plan,योजना तयार करा,योजना बनाएं,ଯୋଜନା ସୃଷ୍ଟି କରନ୍ତୁ,ప్రణాళిక సృష్టించండి,ಯೋಜನೆಯನ್ನು ರಚಿಸಿ,திட்டத்தை உருவாக்கவும்,યોજના બનાવો,منصوبہ بنائیں
SIDEBAR,,VIEW_PLANS,View Plans,योजना पहा,योजनाएँ देखें,ଯୋଜନାଗୁଡ଼ିକୁ ଦେଖନ୍ତୁ,ప్రణాళికలను చూడండి,ಯೋಜನೆಗಳನ್ನು ವೀಕ್ಷಿಸಿ,திட்டங்களைக் காணவும்,યોજના જોવો,منصوبہ دیکھیں
SIDEBAR,,FOUNDATION_COURSE,Foundation Course,फाउंडेशन कोर्स,फाउंडेशन कोर्स,ଫାଉଣ୍ଡେସନ୍ କୋର୍ସ,ఫౌండేషన్ కోర్సు,ಫೌಂಡೇಶನ್ ಕೋರ್ಸ್,பவுண்டேஷன் கோர்ஸ்,ફાઉન્ડેશન કોર્સ,فاؤنڈیشن کورس
SIDEBAR,,MAIN_COURSE,Main Course,मुख्य कोर्स,मुख्य कोर्स,ମେନ କୋର୍ସ,ప్రధాన కోర్సు,ಮೆನ್ ಕೋರ್ಸ್,மெயின் கோர்ஸ்,મુખ્ય અભ્યાસક્રમ,مین کورس
SIDEBAR,,CONTENT_CREATOR_REVIEWER,Content Creator/Reviewer,सामग्री निर्माता/पुनरावलोकक,सामग्री निर्माता/समीक्षक,ବିଷୟବସ୍ତୁ ସୃଷ୍ଟିକର୍ତ୍ତା/ସମୀକ୍ଷକ,కంటెంట్ సృష్టికర్త/సమీక్షకుడు,ವಿಷಯ ರಚನೆಗಾರ / ಪರಿಶೀಲಕ,உள்ளடக்க உருவாக்குநர்/மதிப்பாய்வாளர்,સામગ્રી નિર્માતા/સમીક્ષક,مواد کا تخلیق کار/ جائزہ لینے والا
SIDEBAR,,SCTA,State Content Team Associate,राज्य साहित्य टीम सहाय्यक,राज्य सामग्री टीम सहायक,ରାଜ୍ୟ ବିଷୟବସ୍ତୁ ଦଳ ସହଯୋଗୀ,స్టేట్ కంటెంట్ టీమ్ అసోసియేట్,ಸ್ಟೇಟ್ ಕಂಟೆಂಟ್ ಟೀಮ್ ಅಸೋಸಿಯೇಟ್ ,மாநில உள்ளடக்கக் குழு இணைவர்,રાજ્ય સામગ્રી ટીમ સહયોગી,ریاستی مواد ٹیم ایسوسی ایٹ
SIDEBAR,,WORKSPACE,Workspace,कार्यस्थान,कार्यस्थान,କାର୍ଯ୍ୟସ୍ଥାନ,వర్క్‌స్పేస్,ವರ್ಕ್ ಸ್ಪೇಸ್,பணியிடம்,વર્કસ્પેસ,کام کی جگہ
SIDEBAR,,MENTOR,Mentor,मेंटॉर,मेंटर,ମେଣ୍ଟର,మెంటార్,ಮೆಂಟರ್ ,வழிகாட்டி,માર્ગદર્શક,سرپرست
SIDEBAR,,MENTOR_LEADER,Center Head,मेंटॉर लीडर,मेंटर लीडर,ମେଣ୍ଟର ନେତା,సెంటర్ హెడ్,ಸೆಂಟರ್ ಹೆಡ್ ,மையத் தலைவர்,માર્ગદર્શક નેતા,سنٹر کا سرپرست
SIDEBAR,,CERTIFICATE_ISSUANCE,Certificate Issuance,प्रमाणपत्र जारी करणे,सर्टिफिकेट जारी करना,ସର୍ଟିଫିକେଟ୍ ଇସ୍ୟୁନ୍ସ,సర్టిఫికెట్ జారీ,ಪ್ರಮಾಣಪತ್ರ ವಿತರಣೆ,சான்றிதழ் வழங்கல்,પ્રમાણપત્ર જારી,سرٹیفکیٹ کا اجراء
SIDEBAR,,SUPPORT_REQUEST,Support Request,सहाय्य विनंती,समर्थन अनुरोध,ସହଯୋଗ ଅନୁରୋଧ,సహాయం అభ్యర్థన,ಬೆಂಬಲ ಕೇಳುವುದು ,ஆதரவு கோரிக்கை,સહાય વિનંતી,مدد کی درخواست
SIDEBAR,,CONTENT_CREATOR,Content Creator,कन्टेन्ट क्रिएटर,सामग्री निर्माता,ସାମଗ୍ରୀ ସୃଷ୍ଟା,కంటెంట్ క్రియేటర్,ವಿಷಯ ರಚನೆಕಾರ ,உள்ளடக்க உருவாக்குநர்,સામગ્રી નિર્માતા,مواد تخلیق کار
SIDEBAR,,CONTENT_REVIEWER,Content Reviewer,कन्टेन्ट रिव्ह्युअर,सामग्री समीक्षक,ସାମଗ୍ରୀ ସମୀକ୍ଷକ,కంటెంట్ సమీక్షకులు,ವಿಷಯ ಪರಿಶೀಲಕರು  ,உள்ளடக்க மதிப்பாய்வாளர்,સામગ્રી સમીક્ષક,مواد کا جائزہ لینے والا
FACILITATORS,,STATE,State,राज्य,राज्य,ରାଜ୍ୟ,రాష్ట్రం,ರಾಜ್ಯ,மாநிலம்,રાજ્ય,ریاست
FACILITATORS,,DISTRICT,District,जिला,जिल्हा,ଜିଲ୍ଲା,జిల్లా,ಜಿಲ್ಲೆ,மாவட்டம்,જિલ્લો,ضلع
FACILITATORS,,BLOCK,Block,ब्लॉक,ब्लॉक,ବ୍ଲକ୍,బ్లాక్,ಬ್ಲಾಕ್ ,வட்டம்,બ્લોક,بلاک
FACILITATORS,,NEW_FACILITATOR,New Facilitator,नया फैसलिटेटर,नवीन शिक्षक,ନୂତନ ଫାସିଲିଟର୍,కొత్త ఫెసిలిటేటర్,ಹೊಸ ಫೆಸಿಲಿಟೇಟರ್,புதிய பெசிலிடேட்டர்,નવો ફેસિલેટર,نیا فیسلیٹیٹر 
FACILITATORS,,SEARCHBAR_PLACEHOLDER,Search Facilitators..,प्रशिक्षक शोधा..,सुविधा प्रदाता खोजें..,ସହଜକାରୀମାନଙ୍କୁ ଖୋଜନ୍ତୁ..,ఫెసిలిటేటర్స్ శోధించండి..,ಫೆಸಿಲಿಟೇಟರ್ ನ್ನು ಹುಡುಕಿ..,பெசிலிடேட்டர்ஸ் தேடல் ..,ફેસિલેટર શોધો,فیسلیٹیٹر تلاش کریں..
FACILITATORS,,FACILITATOR_CREATED_SUCCESSFULLY,"Teacher is created, and credentials sent successfully!","शिक्षक बनाया गया है, और क्रेडेंशियल्स सफलतापूर्वक भेजे गए हैं!","शिक्षक तयार केला, क्रेडेन्शियल्स यशस्वीपणे पाठवले!",ଶିକ୍ଷକ ସଫଳତାର ସହିତ ସୃଷ୍ଟି ହୋଇଛନ୍ତି ଏବଂ ଲଗଇନ୍ ବିବରଣୀ ପଠାଯାଇଛି।,"టీచర్ సృష్టించబడింది, మరియు ఆధారాలు విజయవంతంగా పంపబడ్డాయి!","ಶಿಕ್ಷಕರನ್ನು ರಚಿಸಲಾಗಿದೆ, ಮತ್ತು ರುಜುವಾತುಗಳನ್ನು ಯಶಸ್ವಿಯಾಗಿ ಕಳುಹಿಸಲಾಗಿದೆ!","ஆசிரியர் உருவாக்கப்பட்டார், உள்நுழைவு விவரங்கள் வெற்றிகரமாக அனுப்பப்பட்டன!","શિક્ષક બનાવવામાં આવ્યો છે, અને ઓળખપત્રો સફળતાપૂર્વક મોકલવામાં આવ્યા છે!",استاد بنایا گیا، اور اسناد کامیابی کے ساتھ بھیج دی گئیں!
FACILITATORS,,USER_CREDENTIALS_WILL_BE_SEND_SOON,"Teacher is created ,credentials will be sent soon","शिक्षक बनाया गया है, क्रेडेंशियल्स जल्द ही भेजे जाएंगे","शिक्षक तयार केला, क्रेडेन्शियल्स लवकरच पाठवले जातील",ଶିକ୍ଷକ ସଫଳତାର ସହିତ ସୃଷ୍ଟି ହୋଇଛନ୍ତି। ଲଗଇନ୍ ବିବରଣୀ ଖୁବ ଶୀଘ୍ର ପଠାଯିବ।,"టీచర్ సృష్టించబడింది, ఆధారాలు త్వరలో పంపబడతాయి","ಶಿಕ್ಷಕರನ್ನು ರಚಿಸಲಾಗಿದೆ, ರುಜುವಾತುಗಳನ್ನು ಶೀಘ್ರದಲ್ಲೇ ಕಳುಹಿಸಲಾಗುತ್ತದೆ。","ஆசிரியர் உருவாக்கப்பட்டார், உள்நுழைவு விவரங்கள் விரைவில் அனுப்பப்படும்","શિક્ષક બનાવવામાં આવ્યા છે, ટૂંક સમયમાં ઓળખપત્રો મોકલવામાં આવશે",استاد بنایا گیا ہے، اسناد جلد بھیج دی جائیں گی۔
FACILITATORS,,FACILITATOR_UPDATED_SUCCESSFULLY,Teacher has been successfully updated!,शिक्षक को सफलतापूर्वक अपडेट किया गया है!,शिक्षक यशस्वीपणे अद्ययावत केला,ଶିକ୍ଷକଙ୍କ ସୂଚନା ସଫଳତାର ସହିତ ଅପଡେଟ  କରାଯାଇଛି,టీచర్ విజయవంతంగా నవీకరించబడింది!,ಶಿಕ್ಷಕರನ್ನು ಯಶಸ್ವಿಯಾಗಿ ನವೀಕರಿಸಲಾಗಿದೆ!,ஆசிரியர் வெற்றிகரமாகப் புதுப்பிக்கப்பட்டார்!,શિક્ષક સફળતાપૂર્વક અપડેટ કરવામાં આવ્યા છે!,استاد کو کامیابی کے ساتھ اپ ڈیٹ کر دیا گیا ہے!
FACILITATORS,,EDIT_FACILITATOR,Edit Facilitator,फैसलिटेटर संपादित करें,शिक्षक संपादित करा,ଫ୍ୟାସିଲିଟେଟରକୁ ଏଡିଟ  କରନ୍ତୁ,ఫెసిలిటేటర్‌ను సవరించండి,ಎಡಿಟ್ ಫೆಸಿಲಿಟೇಟರ್,பெசிலிடேட்டரை திருத்தவும்,ફેસિલિટેટર સંપાદિત કરો,سہولت کار میں ترمیم کریں۔
FACILITATORS,,FACILITATOR_CREATED,The facilitator account has been created successfully,फॅसिलिटेटर खाते यशस्वीरित्या तयार झाले आहे,फैसिलिटेटर खाता सफलतापूर्वक बनाया गया,ଫ୍ୟାସିଲିଟେଟର ଖାତା ସଫଳତାର ସହିତ ସୃଷ୍ଟି ହୋଇଛି,ఫ్యాసిలిటేటర్ ఖాతా విజయవంతంగా సృష్టించబడింది,ಕಾರ್ಯನಿರ್ವಹಣೆಯ ಖಾತೆ ಯಶಸ್ವಿಯಾಗಿ ರಚಿಸಲಾಗಿದೆ,பெசிலிடேட்டர் கணக்கு வெற்றிகரமாக உருவாக்கப்பட்டது,ફેસિલિટેટર એકાઉન્ટ સફળતાપૂર્વક બનાવવામાં આવ્યું છે,سہولت کار اکاؤنٹ کامیابی کے ساتھ بنایا گیا ہے۔
FACILITATORS,,FACILITATOR_CREATED_FAILED,Failed to create facilitator account,फॅसिलिटेटर खाते तयार करण्यात अयशस्वी,फैसिलिटेटर खाता बनाने में विफल,ଫ୍ୟାସିଲିଟେଟର ଖାତା ସୃଷ୍ଟି କରିପାରିଲେ ନାହିଁ,ఫ్యాసిలిటేటర్ ఖాతా సృష్టించడంలో విఫలమైంది,ಕಾರ್ಯನಿರ್ವಹಣೆ ಖಾತೆ ರಚಿಸಲು ವಿಫಲವಾಗಿದೆ,பெசிலிடேட்டர் கணக்கை உருவாக்க முடியவில்லை,ફેસિલિટેટર એકાઉન્ટ બનાવવામાં નિષ્ફળ,سہولت کار اکاؤنٹ بنانے میں ناکام
FACILITATORS,,FINISH_ASSIGN,Finish & Assign,पूर्ण करा व नियुक्त करा,समाप्त & असाइन करें,ସମାପ୍ତ କରନ୍ତୁ ଓ ନିୟୁକ୍ତ କରନ୍ତୁ,ముగించండి & కేటాయించండి,ಪೂರ್ಣಗೊಳಿಸಿ ಮತ್ತು ನಿಯೋಜಿಸಿ,முடித்து ஒதுக்கவும்,સમાપ્ત કરો અને સોંપો,ختم کریں اور تفویض کریں۔
FACILITATORS,,BATCHES_SELECTED,batches selected,बॅचेस निवडल्या,चयनित बैच,ବ୍ୟାଚ ଚୟନ କରାଗଲା ,ఎక్కువ ఎంపికలు చేసిన బ్యాచిలు,ಬ್ಯಾಚ್  ಆಯ್ಕೆ ಮಾಡಲಾಗಿದೆ,தேர்ந்தெடுக்கப்பட்ட பேட்ச்கள்,બેચ પસંદ કર્યા,بیچوں کو منتخب کیا
FACILITATORS,,CENTERS,Centers,केंद्रे,केंद्र,ସେଣ୍ଟର ,కేంద్రములు,ಕೇಂದ್ರಗಳು,மையங்கள்,કેન્દ્રો,مراکز
FACILITATORS,,RE_ASSIGN_facilitator,Re-assign Facilitator,फॅसिलिटेटर पुन्हा नियुक्त करा,फैसिलिटेटर को फिर से असाइन करें,ସୁବିଧାଦାତାଙ୍କୁ ପୁନଃନିଯୁକ୍ତ କରନ୍ତୁ,ఫెసిలిటేటర్‌ని మళ్లీ కేటాయించండి,ಪುನಃ ಕಾರ್ಯನಿರ್ವಹಣೆ,பெசிலிடேட்டரை மறுஒதுக்கீடு செய்யவும்,ફેસિલિટેટરને ફરીથી સોંપો,سہولت کار کو دوبارہ تفویض کریں۔
NAVBAR,,SEARCHBAR_PLACEHOLDER,"Search course, topic, student, pdf etc..","अभ्यासक्रम, विषय, विद्यार्थी, पीडीएफ इत्यादी शोधा..","पाठ्यक्रम, विषय, छात्र, पीडीएफ आदि खोजें..","ପାଠ୍ୟକ୍ରମ, ବିଷୟ, ଛାତ୍ର, ପିଡ଼ଏଫ୍ ଇତ୍ୟାଦି ଖୋଜନ୍ତୁ..","కోర్సు, టాపిక్, విద్యార్థి, పిడిఎఫ్ మొదలైనవి శోధించండి..","ಕೋರ್ಸ್, ವಿಷಯ, ವಿದ್ಯಾರ್ಥಿ, ಪಿಡಿಎಫ್ ಇತ್ಯಾದಿಗಳನ್ನು ಹುಡುಕಿ..","பாடநெறி, தலைப்பு, மாணவர், PDF போன்றவற்றைத் தேடவும்..","અભ્યાસક્રમ ,વિષય , વિધ્યાર્થી ,PDF વગેરે શોધો",تلاش کورس، موضوع، طالب علم، پی ڈی ایف وغیرہ۔
LEARNERS,,SEARCHBAR_PLACEHOLDER,Search Learners..,शिकणारे शोधा..,शिक्षार्थियों को खोजें..,ଶିକ୍ଷାର୍ଥୀମାନଙ୍କୁ ଖୋଜନ୍ତୁ..,అభ్యసకులను శోధించండి..,ಲರ್ನರ್  ಹುಡುಕಿ..,மாணவர்களை தேடுங்கள்..,વિધ્યાર્થીઓને શોધો,طلباء کو تلاش کریں..
LEARNERS,,NEW_LEARNER,New Learner,नवीन शिकणारा,नया शिक्षार्थी,ନୂତନ ଶିକ୍ଷାର୍ଥୀ,కొత్త అభ్యసకుడు,ಹೊಸ ಕಲಿಯುವವರು,புதிய மாணவர்,નવા વિધ્યાર્થી,نئے طلباء
LEARNERS,,FIRST_SELECT_REQUIRED_FIELDS,First select required fields,प्रथम आवश्यक फील्ड निवडा,पहले आवश्यक फ़ील्ड चुनें,ପ୍ରଥମେ ଆବଶ୍ୟକ ତଥ୍ୟଗୁଡ଼ିକୁ ଚୟନ କରନ୍ତୁ,మొదట అవసరమైన ఫీల్డ్స్‌ను ఎంచుకోండి,ಮೊದಲು ಅಗತ್ಯವಿರುವ ಕ್ಷೇತ್ರಗಳನ್ನು ಆಯ್ಕೆಮಾಡಿ,முதலில் தேவையான புலங்களைத் தேர்ந்தெடுக்கவும்,પહેલા આવયશ્યક ફિલ્ડ પસંદ કરો,پہلے مطلوبہ فیلڈز منتخب کریں۔
LEARNERS,,LEARNER_CREATED_SUCCESSFULLY,Learner has been successfully created!,लर्नर को सफलतापूर्वक बनाया गया है!,विद्यार्थी यशस्वीपणे तयार केला गेला!,ବିଦ୍ୟାର୍ଥୀ ସଫଳତାର ସହ ତିଆରି ହୋଇଛି!,లెర్నర్ విజయవంతంగా సృష్టించబడింది!,ಕಲಿಯುವವರನ್ನು ಯಶಸ್ವಿಯಾಗಿ ರಚಿಸಲಾಗಿದೆ!,மாணவர் வெற்றிகரமாக உருவாக்கப்பட்டார்!,લર્નર સફળતાપૂર્વક બનાવવામાં આવ્યું છે!,سیکھنے والے کو کامیابی کے ساتھ بنایا گیا ہے!
LEARNERS,,USER_CREDENTIALS_WILL_BE_SEND_SOON,"Learner is created, credentials will be sent soon","लर्नर बनाया गया है, क्रेडेंशियल्स जल्द ही भेजे जाएंगे","विद्यार्थी तयार केला, क्रेडेन्शियल्स लवकरच पाठवले जातील","ଶିକ୍ଷାର୍ଥୀ ସଫଳତାର ସହିତ ସୃଷ୍ଟି ହୋଇଛନ୍ତି। ଲଗଇନ୍ ବିବରଣୀ ଖୁବ ଶୀଘ୍ର ପଠାଯିବ।""","అభ్యాసకుడు సృష్టించబడ్డాడు, ఆధారాలు త్వరలో పంపబడతాయి","ಕಲಿಯುವವರನ್ನು ರಚಿಸಲಾಗಿದೆ, ರುಜುವಾತುಗಳನ್ನು ಶೀಘ್ರದಲ್ಲೇ ಕಳುಹಿಸಲಾಗುತ್ತದೆ。","மாணவர் உருவாக்கப்பட்டார், உள்நுழைவு விவரங்கள் விரைவில் அனுப்பப்படும்","લર્નર બનાવવામાં આવ્યું છે, ઓળખપત્રો ટૂંક સમયમાં મોકલવામાં આવશે",لرنر بنایا گیا ہے، اسناد جلد بھیج دی جائیں گی۔
LEARNERS,,LEARNER_UPDATED_SUCCESSFULLY,Learner has been successfully updated!,लर्नर को सफलतापूर्वक अपडेट किया गया है!,विद्यार्थी यशस्वीपणे अपडेट केला!,ବିଦ୍ୟାର୍ଥୀଙ୍କୁ ସଫଳତାର ସହ ଅପଡେଟ୍ କରାଯାଇଛି!,లెర్నర్ విజయవంతంగా నవీకరించబడింది!,ಕಲಿಯುವವರನ್ನು ಯಶಸ್ವಿಯಾಗಿ ನವೀಕರಿಸಲಾಗಿದೆ!,மாணவர் வெற்றிகரமாகப் புதுப்பிக்கப்பட்டார்!,લર્નરને સફળતાપૂર્વક અપડેટ કરવામાં આવ્યું છે!,لرنر کو کامیابی کے ساتھ اپ ڈیٹ کر دیا گیا ہے!
LEARNERS,,EDIT_LEARNER,Edit Learner,लर्नर संपादित करें,विद्यार्थी संपादित करा,ବିଦ୍ୟାର୍ଥୀକୁ ସମ୍ପାଦନ କରନ୍ତୁ,లెర్నర్‌ను సవరించండి,ಎಡಿಟ್ ಲರ್ನರ್ ,மாணவரைத் திருத்தவும்,લર્નરને સંપાદિત કરો,سیکھنے والے میں ترمیم کریں۔
LEARNERS,,NO_LEARNERS_FOUND,No Learners Found,कोणतेही लर्नर्स सापडले नाहीत,कोई लर्नर नहीं मिला,କୌଣସି ଶିକ୍ଷାର୍ଥୀ ମିଳିଲେ ନାହିଁ,లెర్నర్స్ కనుగొనబడలేదు,ವಿದ್ಯಾರ್ಥಿಗಳು ಲಭ್ಯವಿಲ್ಲ,மாணவர்கள் எவரும் கிடைக்கவில்லை,કોઈ શીખનારા મળ્યા નથી,کوئی سیکھنے والا نہیں ملا
LEARNERS,,RE_ASSIGN_LEARNER,Re-assign Learner,लर्नर पुन्हा नियुक्त करा,लर्नर को फिर से असाइन करें,ଶିକ୍ଷାର୍ଥୀକୁ ପୁଣି ଆସାଇନ  କରନ୍ତୁ,లెర్నర్‌ని మళ్లీ కేటాయించండి,ಪುನಃ ವಿದ್ಯಾರ್ಥಿಯನ್ನು ನಿಯೋಜಿಸಿ,மாணவரை மறுஒதுக்கீடு செய்யவும்,લર્નરને ફરીથી સોંપો,لرنر کو دوبارہ تفویض کریں۔
MENTOR_LEADERS,,SEARCHBAR_PLACEHOLDER,Search Center Heads..,मेंटॉर लीडर्स शोधा..,मेंटर लीडर खोजें..,ମେଣ୍ଟର ନେତା ସନ୍ଧାନ କରନ୍ତୁ..,సెర్చ్ సెంటర్ హెడ్స్..,ಮಾರ್ಗದರ್ಶಕ ನಾಯಕರು ಹುಡುಕಿ..,மையத் தலைவர்களைத் தேடவும்..,માર્ગદર્શક નેતાઓ શોધો..,سرپرست رہنما تلاش کریں..
MENTOR_LEADERS,,FIRST_SELECT_REQUIRED_FIELDS,First select required fields,सर्वप्रथम आवश्यक फील्ड निवडा,पहले आवश्यक फ़ील्ड चुनें,ପ୍ରଥମେ ଆବଶ୍ୟକ ତଥ୍ୟ ଚୟନ କରନ୍ତୁ,మొదట అవసరమైన ఫీల్డ్స్ ఎంచుకోండి,ಮೊದಲು ಅಗತ್ಯವಿರುವ ಕ್ಷೇತ್ರಗಳನ್ನು ಆಯ್ಕೆ ಮಾಡಿ,முதலில் தேவையான புலங்களைத் தேர்ந்தெடுக்கவும்,પહેલા જરૂરી ક્ષેત્રો પસંદ કરો,پہلے مطلوبہ فیلڈز منتخب کریں۔
MENTOR_LEADERS,,MENTOR_LEADER_CREATED_SUCCESSFULLY,Center Head has been successfully created!,मेंटॉर लीडर यशस्वीरित्या तयार झाला आहे!,मेंटर लीडर सफलतापूर्वक बनाया गया!,ମେଣ୍ଟର ନେତା ସଫଳତାର ସହିତ ସୃଷ୍ଟି ହୋଇଛି!,సెంటర్ హెడ్ విజయవంతంగా సృష్టించబడింది!,ಮಾರ್ಗದರ್ಶಕ ನಾಯಕ ಯಶಸ್ವಿಯಾಗಿ ರಚಿಸಲಾಗಿದೆ!,மையத் தலைவர் வெற்றிகரமாக உருவாக்கப்பட்டார்!,માર્ગદર્શક નેતા સફળતાપૂર્વક બનાવવામાં આવ્યા છે!,مینٹر لیڈر کامیابی کے ساتھ بنایا گیا ہے!
MENTOR_LEADERS,,USER_CREDENTIALS_WILL_BE_SEND_SOON,"Center Head is created, credentials will be sent soon","मेंटॉर लीडर तयार झाला आहे, क्रेडेन्शियल्स लवकरच पाठवले जातील","मेंटर लीडर बनाया गया है, क्रेडेंशियल्स जल्द ही भेजे जाएंगे","ମେଣ୍ଟର ନେତା ସୃଷ୍ଟି ହୋଇଛି, ସନଦ ଶୀଘ୍ର  ମେଲ କରାଯିବ","సెంటర్ హెడ్ సృష్టించబడింది, ఆధారాలు త్వరలో పంపబడతాయి","ಮಾರ್ಗದರ್ಶಕ ನಾಯಕ ರಚಿಸಲಾಗಿದೆ, ಪ್ರಮಾಣಪತ್ರಗಳು ಸದ್ಯದಲ್ಲೇ ಕಳುಹಿಸಲಾಗುತ್ತವೆ","மையத் தலைவர் உருவாக்கப்பட்டார், உள்நுழைவு விவரங்கள் விரைவில் அனுப்பப்படும்","માર્ગદર્શક નેતા બનાવવામાં આવ્યા છે, ઓળખપત્રો ટૂંક સમયમાં મોકલવામાં આવશે",مینٹر لیڈر بنایا گیا ہے، اسناد جلد بھیج دی جائیں گی۔
MENTOR_LEADERS,,MENTOR_LEADER_UPDATED_SUCCESSFULLY,Center Head has been successfully updated!,मेंटॉर लीडर यशस्वीरित्या अपडेट केला आहे!,मेंटर लीडर सफलतापूर्वक अपडेट किया गया!,ମେଣ୍ଟର ନେତା ସଫଳତାର ସହିତ ଅପଡେଟ  ହୋଇଛି!,సెంటర్ హెడ్ విజయవంతంగా నవీకరించబడింది!,ಸೆಂಟರ್ ಹೆಡ್  ಯಶಸ್ವಿಯಾಗಿ ನವೀಕರಿಸಲಾಗಿದೆ!,மையத் தலைவர் வெற்றிகரமாகப் புதுப்பிக்கப்பட்டார்!,માર્ગદર્શક નેતા સફળતાપૂર્વક અપડેટ કરવામાં આવ્યા છે!,مینٹر لیڈر کو کامیابی کے ساتھ اپ ڈیٹ کر دیا گیا ہے!
MENTOR_LEADERS,,EDIT_MENTOR_LEADER,Edit Center Head,मेंटॉर लीड संपादित करा,मेंटर लीडर संपादित करें,ମେଣ୍ଟର ନେତା ଏଡିଟ  କରନ୍ତୁ,సెంటర్ హెడ్‌ని సవరించండి,ಎಡಿಟ್ ಸೆಂಟರ್ ಹೆಡ್ ,மையத் தலைவரைத் திருத்தவும்,માર્ગદર્શક નેતા સંપાદિત કરો,مینٹر لیڈر میں ترمیم کریں۔
MENTOR_LEADERS,,MENTOR_LEAD_UPDATED_SUCCESSFULLY,Center Head has been successfully updated!,मेंटॉर लीड यशस्वीरित्या अपडेट झाला आहे!,मेंटर लीड सफलतापूर्वक अपडेट किया गया!,ମେଣ୍ଟର ନେତା ସଫଳତାର ସହିତ ଅପଡେଟ  ହୋଇଛି!,సెంటర్ హెడ్ విజయవంతంగా నవీకరించబడింది!,ಸೆಂಟರ್ ಹೆಡ್ ಯಶಸ್ವಿಯಾಗಿ ನವೀಕರಿಸಲಾಗಿದೆ!,மையத் தலைவர் வெற்றிகரமாகப் புதுப்பிக்கப்பட்டார்!,માર્ગદર્શક લીડ સફળતાપૂર્વક અપડેટ કરવામાં આવ્યા છે!,مینٹر لیڈ کو کامیابی کے ساتھ اپ ڈیٹ کر دیا گیا ہے!
MENTOR_LEADERS,,NOT_ABLE_UPDATE_MENTOR_LEAD,Not able to update Center Head,मेंटॉर लीड अपडेट करता आले नाही,मेंटर लीड को अपडेट करने में सक्षम नहीं,ମେଣ୍ଟର ନେତାକୁ ଅପଡେଟ  କରିପାରିଲେ ନାହିଁ,సెంటర్ హెడ్‌ని అప్‌డేట్ చేయడం సాధ్యపడలేదు,ಸೆಂಟರ್ ಹೆಡ್ ನ್ನು ನವೀಕರಿಸಲು ಸಾಧ್ಯವಿಲ್ಲ,மையத் தலைவரைப் புதுப்பிக்க முடியவில்லை,માર્ગદર્શક લીડ અપડેટ કરવામાં અસમર્થ,سرپرست لیڈ کو اپ ڈیٹ کرنے کے قابل نہیں ہے۔
MENTOR_LEADERS,,MENTOR_LEAD_CREATED_SUCCESSFULLY,Central Head has been successfully created!,मेंटॉर लीड यशस्वीरित्या तयार झाला आहे!,मेंटर लीड सफलतापूर्वक बनाया गया!,ମେଣ୍ଟର ନେତା ସଫଳତାର ସହିତ ସୃଷ୍ଟି ହୋଇଛି!,సెంట్రల్ హెడ్ విజయవంతంగా సృష్టించబడింది!,ಸೆಂಟರ್ ಹೆಡ್ ಯಶಸ್ವಿಯಾಗಿ ರಚಿಸಲಾಗಿದೆ!,மத்தியத் தலைவர் வெற்றிகரமாக உருவாக்கப்பட்டார்!,માર્ગદર્શક લીડ સફળતાપૂર્વક બનાવવામાં આવ્યા છે!,مینٹر لیڈ کامیابی کے ساتھ بن گیا ہے!
MENTOR_LEADERS,,NOT_ABLE_CREATE_MENTOR_LEAD,Not able to create Center Head,मेंटॉर लीड तयार करता आले नाही,मेंटर लीड बनाने में सक्षम नहीं,ମେଣ୍ଟର ନେତାକୁ ସୃଷ୍ଟି କରିପାରିଲେ ନାହିଁ,సెంటర్ హెడ్‌ను సృష్టించలేకపోతున్నాను.,ಸೆಂಟರ್ ಹೆಡ್ ನ್ನು ರಚಿಸಲು ಸಾಧ್ಯವಿಲ್ಲ,மையத் தலைவரை உருவாக்க முடியவில்லை,માર્ગદર્શક લીડ બનાવવામાં અસમર્થ,سرپرست لیڈ بنانے کے قابل نہیں ہے۔
MENTOR_LEADERS,,UPDATE_MENTOR_LEAD,Update Center Head,मेंटॉर लीड अपडेट करा,मेंटर लीड अपडेट करें,ମେଣ୍ଟର ନେତା ଅପଡେଟ କରନ୍ତୁ ,అప్‌డేట్ సెంటర్ హెడ్,ಸೆಂಟರ್ ಹೆಡ್ ನ್ನು ನವೀಕರಿಸಿ,மையத் தலைவரைப் புதுப்பிக்கவும்,માર્ગદર્શક લીડ અપડેટ કરો,مینٹر لیڈ کو اپ ڈیٹ کریں۔
MENTOR_LEADERS,,NEW_MENTOR_LEAD,New Center Head,नवीन मेंटॉर लीड,नया मेंटर लीड,ନୂତନ ମେଣ୍ଟର ନେତା,కొత్త సెంటర్ హెడ్,ಹೊಸ ಸೆಂಟರ್ ಹೆಡ್,புதிய மையத் தலைவர்,નવા માર્ગદર્શક લીડ,نئے سینٹر ہیڈ
MENTOR_LEADERS,,ER,New Center Heads,नवीन मेंटॉर लीडर्स,नए मेंटर लीडर्स,ନୂଆ ମେଣ୍ଟର ନେତା,కొత్తసెంటర్ హెడ్స్,ಹೊಸ ಸೆಂಟರ್ ಹೆಡ್,புதிய மையத் தலைவர்கள்,નવા માર્ગદર્શક નેતાઓ,نئے سینٹر ہیڈ
TEAM_LEADERS,,SEARCHBAR_PLACEHOLDER,Search Team leaders..,टीम लीडर शोधा..,टीम लीडर्स को खोजें..,ଦଳ ନେତାମାନଙ୍କୁ ଖୋଜନ୍ତୁ..,టీమ్ లీడర్లను శోధించండి..,ತಂಡದ ನಾಯಕರನ್ನು ಹುಡುಕಿ..,குழுத் தலைவர்களைத் தேடவும்..,ટીમ લીડર શોધો,ٹیم لیڈرز کو تلاش کریں..
TEAM_LEADERS,,NEW_TEAM_LEADER,New Team Leader,नया टीम लीडर,नवीन टीम लीडर,ନୂତନ ଚିମ୍ ଲିଡର,కొత్త టీమ్ లీడర్,ಹೊಸ ಟೀಮ್ ಲೀಡರ್,புதிய குழுத் தலைவர்,નવા ટીમ લીડર,نیا ٹیم لیڈر
TEAM_LEADERS,,FIRST_SELECT_REQUIRED_FIELDS,First select required fields,पहले आवश्यक फ़ील्ड चुनें,प्रथम आवश्यक फील्ड निवडा,ପ୍ରଥମେ ଆବଶ୍ୟକୀୟ କ୍ଷେତ୍ରଗୁଡ଼ିକୁ ଚୟନ କରନ୍ତୁ,మొదట అవసరమైన ఫీల్డ్‌లను ఎంచుకోండి,ಮೊದಲು ಅಗತ್ಯವಿರುವ ಕ್ಷೇತ್ರಗಳನ್ನು ಆಯ್ಕೆಮಾಡಿ,முதலில் தேவையான புலங்களைத் தேர்ந்தெடுக்கவும்,પ્રથમ જરૂરી ક્ષેત્રો પસંદ કરો,پہلے مطلوبہ فیلڈز منتخب کریں۔
TEAM_LEADERS,,TEAM_LEADER_CREATED_SUCCESSFULLY,"Team Leader is created, and credentials sent successfully!","टीम लीडर बनाया गया है, और क्रेडेंशियल्स सफलतापूर्वक भेजे गए हैं!","टीम लीडर तयार केला गेला, क्रेडेन्शियल्स यशस्वीपणे पाठवले",ଟିମ୍ ଲିଡର ସଫଳତାର ସହିତ ସୃଷ୍ଟି ହୋଇଛନ୍ତି ଏବଂ ଲଗଇନ୍ ବିବରଣୀ ପଠାଯାଇଛି।,టీమ్ లీడర్ సృష్టించబడింది మరియు ఆధారాలు విజయవంతంగా పంపబడ్డాయి!,ಟೀಮ್ ಲೀಡರ್ ನನ್ನು ರಚಿಸಲಾಗಿದೆ ಮತ್ತು ರುಜುವಾತುಗಳನ್ನು ಯಶಸ್ವಿಯಾಗಿ ಕಳುಹಿಸಲಾಗಿದೆ!,"குழுத் தலைவர் உருவாக்கப்பட்டார், உள்நுழைவு விவரங்கள் வெற்றிகரமாக அனுப்பப்பட்டன!","ટીમ લીડર બનાવવામાં આવ્યો છે, અને ઓળખપત્રો સફળતાપૂર્વક મોકલવામાં આવ્યા છે!",ٹیم لیڈر بن گیا، اور اسناد کامیابی کے ساتھ بھیج دی گئیں!
TEAM_LEADERS,,USER_CREDENTIALS_WILL_BE_SEND_SOON,"Team Leader is created ,credentials will be sent soon","टीम लीडर बनाया गया है, क्रेडेंशियल्स जल्द ही भेजे जाएंगे","टीम लीडर तयार केला गेला, क्रेडेन्शियल्स लवकरच पाठवले जातील",ଟିମ୍ ଲିଡର ସଫଳତାର ସହିତ ସୃଷ୍ଟି ହୋଇଛନ୍ତି। ଲଗଇନ୍ ବିବରଣୀ ଖୁବ ଶୀଘ୍ର ପଠାଯିବ।,"టీమ్ లీడర్ సృష్టించబడ్డాడు, త్వరలోనే ఆధారాలు పంపబడతాయి","ಟೀಮ್ ಲೀಡರ್ ನನ್ನು ರಚಿಸಲಾಗಿದೆ, ರುಜುವಾತುಗಳನ್ನು ಶೀಘ್ರದಲ್ಲೇ ಕಳುಹಿಸಲಾಗುತ್ತದೆ。","குழுத் தலைவர் உருவாக்கப்பட்டார், உள்நுழைவு விவரங்கள் விரைவில் அனுப்பப்படும்","ટીમ લીડર બનાવવામાં આવ્યો છે, ઓળખપત્રો ટૂંક સમયમાં મોકલવામાં આવશે",ٹیم لیڈر بنایا گیا ہے، اسناد جلد بھیج دی جائیں گی۔
TEAM_LEADERS,,TEAM_LEADER_UPDATED_SUCCESSFULLY,Team Leader has been successfully updated!,टीम लीडर को सफलतापूर्वक अपडेट किया गया है!,टीम लीडर यशस्वीपणे अद्ययावत केला,ଚିମ୍ ଲିଡରଙ୍କୁ ସଫଳତାର ସହ ଅପଡେଟ୍ କରାଯାଇଛି!,టీమ్ లీడర్ విజయవంతంగా నవీకరించబడ్డాడు!,ಟೀಮ್ ಲೀಡರ್ ನನ್ನು ಯಶಸ್ವಿಯಾಗಿ ನವೀಕರಿಸಲಾಗಿದೆ!,குழுத் தலைவர் வெற்றிகரமாகப் புதுப்பிக்கப்பட்டார்!,ટીમ લીડર સફળતાપૂર્વક અપડેટ કરવામાં આવ્યા છે!,ٹیم لیڈر کو کامیابی کے ساتھ اپ ڈیٹ کر دیا گیا ہے!
TEAM_LEADERS,,EDIT_TEAM_LEADER,Edit Team Leader,टीम लीडर संपादित करें,संपादित करा टीम लीडर,ଚିମ୍ ଲିଡରକୁ ସମ୍ପାଦନ କରନ୍ତୁ,టీమ్ లీడర్‌ను సవరించండి,ಎಡಿಟ್ ಟೀಮ್ ಲೀಡರ್,குழுத் தலைவரைத் திருத்தவும்,ટીમ લીડર સંપાદિત કરો,ٹیم لیڈر میں ترمیم کریں۔
TEAM_LEADERS,,NO_TEAM_LEADER_FOUND,No Team Leader Found,कोणताही टीम लीडर सापडला नाही,कोई टीम लीडर नहीं मिला,କୌଣସି ଦଳ ନେତା ମିଳିଲେ ନାହିଁ,టీమ్ లీడర్ దొరకలేదు,ಯಾವುದೇ ತಂಡ ನಾಯಕ ಲಭ್ಯವಿಲ ,குழுத் தலைவர்கள் எவரும் கிடைக்கவில்லை,કોઈ ટીમ લીડર મળ્યો નથી,کوئی ٹیم لیڈر نہیں ملا
TEAM_LEADERS,,NOT_ABLE_CREATE_TEAM_LEADER,Not Able To Create Team leader,टीम लीडर तयार करता आले नाही,टीम लीडर बनाने में सक्षम नहीं,ଦଳ ନେତା ସୃଷ୍ଟି କରିପାରିଲେ ନାହିଁ,టీమ్ లీడర్‌ను సృష్టించలేరు,ತಂಡ ನಾಯಕವನ್ನು ರಚಿಸಲು ಸಾಧ್ಯವಿಲ್ಲ,குழுத் தலைவரை உருவாக்க முடியவில்லை,ટીમ લીડર બનાવી શક્યા નથી,ٹیم لیڈر بنانے کے قابل نہیں۔
TEAM_LEADERS,,NOT_ABLE_UPDATE_TEAM_LEADER,Not Able to update Team leader,टीम लीडर अपडेट करता आले नाही,टीम लीडर को अपडेट करने में सक्षम नहीं,ଦଳ ନେତା ଅଦ୍ୟତନ କରିପାରିଲେ ନାହିଁ,టీమ్ లీడర్‌ను అప్‌డేట్ చేయలేరు,ತಂಡ ನಾಯಕವನ್ನು ನವೀಕರಿಸಲು ಸಾಧ್ಯವಿಲ್ಲ,குழுத் தலைவரைப் புதுப்பிக்க முடியவில்லை,ટીમ લીડર અપડેટ કરી શક્યા નથી,ٹیم لیڈر کو اپ ڈیٹ کرنے کے قابل نہیں ہے۔
TEAM_LEADERS,,RE_ASSIGN_TEAM_LEAD,Re-assign Team lead,टीम लीड पुनः नियुक्त करा,टीम लीड को फिर से असाइन करें,ଦଳ ନେତାକୁ ପୁନଃ ନିୟୁକ୍ତ କରନ୍ତୁ,టీమ్ లీడ్‌ను తిరిగి కేటాయించండి,ತಂಡ ನಾಯಕರನ್ನು ಪುನಃ ನಿಯೋಜಿಸಿ,குழுத் தலைவரை மறுஒதுக்கீடு செய்யவும்,ટીમ લીડર ફરીથી સોંપો,ٹیم کی قیادت کو دوبارہ تفویض کریں۔
ADMIN,,ADMIN_UPDATED_SUCCESSFULLY,Admin has been successfully updated!,एडमिन को सफलतापूर्वक अपडेट किया गया है!,अ‍ॅडमिन यशस्वीपणे अद्ययावत केला,ଆଡମିନ୍ ସଫଳତାର ସହ ଅପଡେଟ୍ ହୋଇଛନ୍ତି!,అడ్మిన్ విజయవంతంగా నవీకరించబడ్డాడు!,ನಿರ್ವಾಹಕರನ್ನು ಯಶಸ್ವಿಯಾಗಿ ನವೀಕರಿಸಲಾಗಿದೆ!,நிர்வாகி வெற்றிகரமாகப் புதுப்பிக்கப்பட்டார்!,એડમિન સફળતાપૂર્વક અપડેટ કરવામાં આવ્યું છે!,ایڈمن کو کامیابی کے ساتھ اپ ڈیٹ کر دیا گیا ہے!
COHORTS,,SEARCHBAR_PLACEHOLDER,Search Center..,गट शोधा..,समूहों को खोजें..,ଗୋଷ୍ଠୀମାନଙ୍କୁ ଖୋଜନ୍ତୁ..,కేంద్రం శోధించండి..,ಸೆಂಟರ್ ನ್ನು ಹುಡುಕಿ..,மையத்தைத் தேடவும்..,સેંટર શોધો ,کوہورٹس تلاش کریں..
COURSE_PLANNER,,LEARNERS_PREREQISITE,Learners Prepare,विद्यार्थ्यांसाठीच्या  पूर्व-आवश्यकता,शिक्षार्थियों की पूर्व-आवश्यकताएँ,ବିଦ୍ୟାର୍ଥୀଙ୍କ ପାଇଁ ପୂର୍ବ-ଆବଶ୍ୟକତା,అభ్యాసకులు సిద్ధమవుతున్నారు,ಕಲಿಯುವವರ ಪೂರ್ವ ತಯಾರಿಗಳು ,மாணவர்களின் முன்தேவைகள்,લનર્સ તૈયારી કરે છે,سیکھنے والوں کی پیشگی شرائط
COURSE_PLANNER,,NO_DATA_PRE,No data available for Learners Prepare,विद्यार्थ्यांसाठी पूर्व-आवश्यकतेसाठी कोणताही डेटा उपलब्ध नाही,शिक्षार्थियों की पूर्व-आवश्यकताओं के लिए कोई डेटा उपलब्ध नहीं है,ଶିକ୍ଷାର୍ଥୀମାନଙ୍କ ପୂର୍ବ-ଆବଶ୍ୟକତା ପାଇଁ କୌଣସି ଡାଟା ଉପଲବ୍ଧ ନାହିଁ।,Learners Prepare' కోసం ఎటువంటి డేటా అందుబాటులో లేదు.,ಕಲಿಯುವವರ ಪೂರ್ವಾಪೇಕ್ಷಿತಗಳಿಗೆ ಯಾವುದೇ ಡೇಟಾ ಲಭ್ಯವಿಲ್ಲ.,மாணவர்களின் முன்தேவைகளுக்கான தரவு எதுவும் இல்லை,લર્નર્સ પૂર્વ-જરૂરીયાતો માટે કોઈ ડેટા ઉપલબ્ધ નથી,لرنرز کی پیشگی ضروریات کے لیے کوئی ڈیٹا دستیاب نہیں ہے۔
COURSE_PLANNER,,LEARNERS_POSTREQISITE,Learners Practice,विद्यार्थ्यांसाठी नंतरच्या आवश्यकता,शिक्षार्थियों की पश्च-आवश्यकताएँ,ବିଦ୍ୟାର୍ଥୀଙ୍କ ପାଇଁ ପର-ଆବଶ୍ୟକତା,అభ్యాసకుల సాధన,ಕಲಿಯುವವರ ಪ್ರಾಕ್ಟೀಸ್ ,மாணவர்களுக்கு பின் தேவைகள்,લર્નર્સ-જરૂરીયાતો,متعلمین کے بعد کی ضروریات
COURSE_PLANNER,,NO_DATA_POST,No data available for Learners Practice,विद्यार्थ्यांसाठी नंतरच्या आवश्यकतेसाठी कोणताही डेटा उपलब्ध नाही,शिक्षार्थियों की पश्च-आवश्यकताओं के लिए कोई डेटा उपलब्ध नहीं है,ଶିକ୍ଷାର୍ଥୀ ପର-ଆବଶ୍ୟକତା ପାଇଁ କୌଣସି ଡାଟା ଉପଲବ୍ଧ ନାହିଁ,అభ్యాసకుల సాధన కోసం ఎటువంటి సమాచారం అందుబాటులో లేదు.,ಕಲಿಯುವವರ ಪ್ರಾಕ್ಟೀಸ್ ಗೆ ಯಾವುದೇ ಡೇಟಾ ಲಭ್ಯವಿಲ್ಲ.,மாணவர்களுக்கு பிந்தைய தேவைகளுக்கான தரவு எதுவும் இல்லை,લર્નર્સ પોસ્ટ-જરૂરિયાતો માટે કોઈ ડેટા ઉપલબ્ધ નથી,لرنرز کے بعد کی ضروریات کے لیے کوئی ڈیٹا دستیاب نہیں ہے۔
COURSE_PLANNER,,FACILITATORS,Facilitators Requisites,फैसिलिटेटरच्या आवश्यकता,सुविधाकर्ताओं की आवश्यकताएँ,ଫ୍ୟାସିଲିଟେଟରଙ୍କ ଆବଶ୍ୟକ,ఫెసిలిటేటర్స్ రిక్విజిట్స్,ಫೆಸಿಲಿಟೆಟರ್  ಅವಶ್ಯಕತೆಗಳು,பெசிலிடேடர்கள் தேவைகள்,ફેસિલિટેટર્સ આવશ્યકતાઓ,سہولت کار کی ضروریات
COURSE_PLANNER,,NO_DATA,No data available for Facilitators Requisites,फैसिलिटेटरसाठी कोणताही डेटा उपलब्ध नाही,सुविधाकर्ताओं की आवश्यकताओं के लिए कोई डेटा उपलब्ध नहीं है,ଫ୍ୟାସିଲିଟେଟରଙ୍କ ଆବଶ୍ୟକତା ପାଇଁ କୌଣସି ଡାଟା ଉପଲବ୍ଧ ନାହିଁ।,ఫెసిలిటేటర్ల అవసరాలకు సంబంధించి ఎటువంటి సమాచారం అందుబాటులో లేదు.,ಫೆಸಿಲಿಟೇಟರ್ ಅವಶ್ಯಕತೆಗಳಿಗೆ ಯಾವುದೇ ಡೇಟಾ ಲಭ್ಯವಿಲ್ಲ.,பெசிலிடேடர்கள் தேவைகளுக்கான தரவு எதுவும் இல்லை,ફેસિલિટેટર્સ આવશ્યકતાઓ માટે કોઈ ડેટા ઉપલબ્ધ નથી,سہولت کاروں کی ضروریات کے لیے کوئی ڈیٹا دستیاب نہیں ہے۔
COURSE_PLANNER,,DOWNLOAD_SAMPLE_CSV,Download Sample CSV,नमुना CSV डाउनलोड करा,सैंपल CSV डाउनलोड करें,ନମୁନା CSV ଡାଉନଲୋଡ୍ କରନ୍ତୁ,నమూనా CSVని డౌన్‌లోడ్ చేయండి,ಮಾದರಿ CSV ಡೌನ್‌ಲೋಡ್ ಮಾಡಿ,மாதிரி CSV-ஐ பதிவிறக்கவும்,સેમ્પલ CSV ડાઉનલોડ કરો,نمونہ CSV ڈاؤن لوڈ کریں۔
COURSE_PLANNER,,BOARDS,Boards,बोर्ड,बोर्ड,ବର୍ଡ,బోర్డులు,ಬೋರ್ಡ್ ,போர்டுகள்,બોર્ડ,بورڈز
COURSE_PLANNER,,SELECT_MEDIUM,Select Medium,माध्यम निवडा,माध्यम चयन करें,ମାଧ୍ୟମ ଚୟନ କରନ୍ତୁ,మధ్యస్థాన్ని ఎంచుకోండి,ಮಾಧ್ಯಮ  ಆಯ್ಕೆಮಾಡಿ,பயிற்று மொழியைத் தேர்ந்தெடுக்கவும்,મધ્યમ પસંદ કરો,میڈیم منتخب کریں۔
COURSE_PLANNER,,SELECT_GRADE,Select Grade,ग्रेड निवडा,ग्रेड चयन करें,ଗ୍ରେଡ୍ ଚୟନ କରନ୍ତୁ,గ్రేడ్‌ను ఎంచుకోండి,ತರಗತಿ  ಆಯ್ಕೆಮಾಡಿ,வகுப்பைத் தேர்ந்தெடுக்கவும்,ગ્રેડ પસંદ કરો,گریڈ منتخب کریں۔
COURSE_PLANNER,,SELECT_TYPE,Select Type,प्रकार निवडा,प्रकार चयन करें,ପ୍ରକାର ଚୟନ କରନ୍ତୁ,రకాన్ని ఎంచుకోండి,ಪ್ರಕಾರವನ್ನು ಆಯ್ಕೆಮಾಡಿ,வகையைத் தேர்ந்தெடுக்கவும்,પ્રકાર પસંદ કરો,قسم منتخب کریں۔
COURSE_PLANNER,,CLEAR_SELECTION,Clear Selection,निवड साफ करा,चयन साफ करें,ଚୟନ ଖାଲି କରନ୍ତୁ,ఎంపికను క్లియర్ చేయండి,ಆಯ್ಕೆಯನ್ನು ತೆರವುಗೊಳಿಸಿ,தேர்வை நீக்கவும்,પસંદગી સાફ કરો,انتخاب صاف کریں۔
COURSE_PLANNER,,SELECT_ALL_MESSSAGE,"Select Medium, Grade, and Type","माध्यम, ग्रेड आणि प्रकार निवडा","माध्यम, ग्रेड, और प्रकार चयन करें","ମାଧ୍ୟମ, ଗ୍ରେଡ୍ ଏବଂ ପ୍ରକାର ଚୟନ କରନ୍ତୁ","మీడియం, గ్రేడ్ మరియు రకాన్ని ఎంచుకోండి","ಮಾಧ್ಯಮ, ತರಗತಿ ಮತ್ತು ಪ್ರಕಾರವನ್ನು ಆಯ್ಕೆಮಾಡಿ","பயிற்று மொழி, வகுப்பு மற்றும் வகையைத் தேர்ந்தெடுக்கவும்","મધ્યમ, ગ્રેડ અને પ્રકાર પસંદ કરો",میڈیم، گریڈ اور ٹائپ منتخب کریں۔
COURSE_PLANNER,,GRADE,Grade,इयत्ता,कक्षा,ଗ୍ରେଡ୍,గ్రేడ్,ತರಗತಿ  ,வகுப்பு,ગ્રેડ,گریڈ
COURSE_PLANNER,,MEDIUM,Medium,माध्यम,माध्यम,ମାଧ୍ୟମ,మీడియం,ಮಾಧ್ಯಮ,பயிற்று மொழி,માધ્યમ,درمیانہ
COURSE_PLANNER,,FILTER,Filter,फिल्टर,फ़िल्टर,ଫିଲ୍ଟର୍,ఫిల్టర్,ಫಿಲ್ಟರ್,வடிகட்டி,ફિલ્ટર કરો,فلٹر
COURSE_PLANNER,,BOARDS_FULLY_UPLOADED,Boards fully uploaded,बोर्ड्स पूर्णपणे अपलोड केले,बोर्ड पूरी तरह से अपलोड हो गए हैं,ବୋର୍ଡଗୁଡ଼ିକ ସମ୍ପୂର୍ଣ୍ଣ ଅପଲୋଡ୍ ହୋଇଛି,పూర్తిగా అప్‌లోడ్ చేయబడిన బోర్డులు,ಬೋರ್ಡ್‌ಗಳನ್ನು ಸಂಪೂರ್ಣವಾಗಿ ಅಪ್‌ಲೋಡ್ ಮಾಡಲಾಗಿದೆ,போர்டுகள் முழுமையாக பதிவேற்றப்பட்டுள்ளன,બોર્ડ સંપૂર્ણપણે અપલોડ,بورڈز مکمل طور پر اپ لوڈ ہو چکے ہیں۔
COURSE_PLANNER,,ACTIVITY,Activity,क्रियाकलाप,गतिविधि,ଗତିବିଧି,కార్యకలాపం,ಚಟುವಟಿಕೆ,செயல்பாடு,પ્રવૃત્તિ,سرگرمی
COURSE_PLANNER,,COPY_LINK,Copy Link,लिंक कॉपी करा,लिंक कॉपी करें,ଲିଙ୍କ୍ କପି କରନ୍ତୁ,లింక్‌ను కాపీ చేయండి,ಲಿಂಕ್ ನಕಲಿಸಿ,இணைப்பை நகலெடுக்கவும்,લિંક કૉપિ કરો,لنک کاپی کریں۔
COURSE_PLANNER,,SEARCH,Search,शोधा,खोज,ଖୋଜନ୍ତୁ,శోధన,ಹುಡುಕಿ,தேடல்,શોધો,تلاش کریں۔
COURSE_PLANNER,,DATA_NOT_FOUND,Data not found,डेटा सापडला नाही,डेटा नहीं मिला,ଡାଟା ମିଳିଲା ନାହିଁ,డేటా కనుగొనబడలేదు,ಡೇಟಾ ಕಂಡುಬಂದಿಲ್ಲ.,தரவு கிடைக்கவில்லை,ડેટા મળ્યો નથી,ڈیٹا نہیں ملا
COURSE_PLANNER,,SUBJECTS_UPLOADED,Subjects uploaded,विषय अपलोड केले,विषय अपलोड किए गए,ବିଷୟଗୁଡ଼ିକ ଅପଲୋଡ୍ କରାଯାଇଛି,అప్‌లోడ్ చేయబడిన విషయాలు,ವಿಷಯಗಳನ್ನು ಅಪ್‌ಲೋಡ್ ಮಾಡಲಾಗಿದೆ,பாடங்கள் பதிவேற்றப்பட்டுள்ளன,વિષયો અપલોડ કર્યા,مضامین اپ لوڈ کیے گئے۔
COURSE_PLANNER,,IMPORT_PLANNER,Import Planner,नियोजक आयात करा,प्लानर इम्पोर्ट करें,ଇମ୍ପୋର୍ଟ ପ୍ଲାନର୍,దిగుమతి ప్లానర్,ಇಂಪೋರ್ಟ್ ಪ್ಲಾನರ್,திட்டமிடலை இறக்குமதி செய்யவும்,આયાત પ્લાનર,درآمدی منصوبہ ساز
COURSE_PLANNER,,REMOVE_FILE,Remove,काढा,हटाएं,ହଟାନ୍ତୁ,తొలగించు,ತೆಗೆದುಹಾಕಿ,நீக்கவும்,દૂર કરો,ہٹا دیں۔
COURSE_PLANNER,,IMPORT_PLANNER_TO_UPLOADING,Click on ‘Import Planner’ to start uploading,‘आयात नियोजक’ वर क्लिक करा सुरू करण्यासाठी अपलोड करा,प्लानर इम्पोर्ट' पर क्लिक करें शुरू करने के लिए,ଅପଲୋଡ୍ କରିବା ଆରମ୍ଭ କରିବାକୁ 'ଇମ୍ପୋର୍ଟ ପ୍ଲାନର୍' ଉପରେ କ୍ଲିକ୍ କରନ୍ତୁ।,అప్‌లోడ్ ప్రారంభించడానికి  ‘Import Planner’పై క్లిక్ చేయండి,ಅಪ್‌ಲೋಡ್ ಮಾಡಲು ಪ್ರಾರಂಭಿಸಲು 'ಇಂಪೋರ್ಟ್ ಪ್ಲಾನರ್ ' ಮೇಲೆ ಕ್ಲಿಕ್ ಮಾಡಿ.,பதிவேற்றத்தைத் தொடங்க 'திட்டமிடலை இறக்குமதி செய்யவும்' என்பதைக் கிளிக் செய்யவும்,અપલોડ કરવાનું શરૂ કરવા માટે 'આયાત પ્લાનર' પર ક્લિક કરો,اپ لوڈ کرنا شروع کرنے کے لیے 'امپورٹ پلانر' پر کلک کریں۔
COURSE_PLANNER,,TOPIC_DETAILS,Topic Details,विषय तपशील,विषय विवरण,ବିଷୟ ବିବରଣୀ,అంశం వివరాలు,ವಿಷಯದ ವಿವರಗಳು,தலைப்பு விவரங்கள்,વિષયની વિગતો,موضوع کی تفصیلات
COURSE_PLANNER,,BROWSE_FILE,Browse File,फाइल शोधा,फ़ाइल ब्राउज़ करें,ଫାଇଲ୍ ବ୍ରାଉଜ୍ କରନ୍ତୁ,ఫైల్‌ను బ్రౌజ్ చేయండి,ಫೈಲ್ ಬ್ರೌಸ್ ಮಾಡಿ,கோப்பைத் தேர்ந்தெடுக்கவும்,ફાઇલ બ્રાઉઝ કરો,فائل کو براؤز کریں۔
COURSE_PLANNER,,UPLOAD,Upload,अपलोड करा,अपलोड करें,ଅପଲୋଡ୍ କରନ୍ତୁ,అప్‌లోడ్ చేయండి,ಅಪ್‌ಲೋಡ್ ಮಾಡಿ,பதிவேற்றவும்,અપલોડ કરો,اپ لوڈ کریں۔
COURSE_PLANNER,,COURSE_CREATED_SUCCESSFULLY,Course created successfully,कोर्स यशस्वीपणे तयार केला,कोर्स सफलतापूर्वक बनाया गया,କୋର୍ସ ସଫଳତାର ସହ ତିଆରି କରାଯାଇଛି,కోర్సు విజయవంతంగా సృష్టించబడింది,ಕೋರ್ಸ್ ಅನ್ನು ಯಶಸ್ವಿಯಾಗಿ ರಚಿಸಲಾಗಿದೆ.,பாடநெறி வெற்றிகரமாக உருவாக்கப்பட்டது,અભ્યાસક્રમ સફળતાપૂર્વક બનાવવામાં આવ્યો,کورس کامیابی سے بنایا گیا۔
COURSE_PLANNER,,COURSE_NOT_CREATED,Course not created,कोर्स तयार नाही,कोर्स नहीं बनाया गया,କୋର୍ସ ତିଆରି କରାଯାଇନାହିଁ,కోర్సు సృష్టించబడలేదు,ಕೋರ್ಸ್ ರಚಿಸಲಾಗಿಲ್ಲ,பாடநெறியை உருவாக்க முடியவில்லை,કોર્સ બનાવ્યો નથી,کورس نہیں بنایا
COURSE_PLANNER,,SUB-TOPIC,Sub-topic,उपघटक,उप-विषय,ଉପ-ବିଷୟ,ఉప అంశం,ಉಪ-ವಿಷಯ,துணைத் தலைப்பு,પેટા વિષય,ذیلی موضوع
COURSE_PLANNER,,SUBTOPICS,Sub-Topics,उपघटक,उप-विषय,ଉପ-ବିଷୟଗୁଡ଼ିକ,ఉప అంశాలు,ಉಪ-ವಿಷಯಗಳು,துணைத் தலைப்புகள்,પેટા વિષયો,ذیلی موضوعات
COURSE_PLANNER,,RESOURCES,Resources,साधने,संसाधन,ସମ୍ବଳଗୁଡ଼ିକ,వనరులు,ಸಂಪನ್ಮೂಲಗಳು,கற்றல் உபகரணங்கள்,સંસાધનો,وسائل
COURSE_PLANNER,,TOPIC,Topic,विषय,विषय,ବିଷୟ,అంశం,ವಿಷಯ,தலைப்பு,વિષય,موضوع
COURSE_PLANNER,,DURATION/MONTH,Duration/Month,कालावधी/महिना,अवधि/माह,ଅବଧି/ମାସ,వ్యవధి/నెల,ಅವಧಿ/ತಿಂಗಳು,கால அளவு / மாதம்,સમયગાળો/મહિનો,دورانیہ/مہینہ
MASTER,,STATE,States,राज्य,राज्य,ରାଜ୍ୟ,రాష్ట్రాల పేర్లు,ರಾಜ್ಯ,மாநிலங்கள்,સમૂહ ને શોધો,ریاست
MASTER,,STATE_NAMES,State Name,राज्याची नावे,राज्य के नाम,ରାଜ୍ୟ ନାମଗୁଡ଼ିକ,రాష్ట్రం పేరు,ರಾಜ್ಯ ಹೆಸರುಗಳು,மாநிலத்தின் பெயர்,રાજ્ય,ریاست کے نام
MASTER,,SORT,Sort,क्रमवारी लावा,छाँटें,ବିନ୍ୟାସ,క్రమీకరించండి,ವಿಂಗಡಿಸಿ,வரிசைப்படுத்து,રાજ્યનું નામ,چھانٹنا
MASTER,,DISTRICT_NAMES,District Name,जिल्ह्यांची नावे,जिलों के नाम,ଜିଲ୍ଲା ନାମଗୁଡ଼ିକ,జిల్లా పేరు,ಜಿಲ್ಲೆಯ ಹೆಸರುಗಳು,மாவட்டத்தின் பெயர்,જિલ્લાઓનું નામ,اضلاع کے نام
MASTER,,BLOCK_NAMES,Block Name,ब्लॉकची नावे,ब्लॉक के नाम,ବ୍ଲକ୍ ନାମଗୁଡ଼ିକ,బ్లాక్ పేరు,ಬ್ಲಾಕ್ ಹೆಸರುಗಳು,வட்டத்தின் பெயர்,બ્લોકનું નામ,بلاک کے نام
MASTER,,ACTIONS,Actions,कृती,कार्य,କାର୍ଯ୍ୟ,చర్యలు,ಕ್ರಿಯೆಗಳು,நடவடிக்கைகள்,કાર્ય,اعمال
MASTER,,DISTRICTS,Districts,जिल्हे,जिले,ଜିଲ୍ଲାମାନେ,జిల్లాలు,ಜಿಲ್ಲೆಗಳು,மாவட்டங்கள்,જિલ્લા,اضلاع
MASTER,,SEARCHBAR_PLACEHOLDER_STATE,Search States,राज्ये शोधा,राज्यों को खोजें,ରାଜ୍ୟଗୁଡ଼ିକୁ ଖୋଜନ୍ତୁ,రాష్ట్రాలను శోధించండి,ರಾಜ್ಯಗಳನ್ನು ಹುಡುಕಿ,மாநிலங்களைத் தேடவும்,રાજ્યો ને શોધો,ریاستوں کو تلاش کریں۔
MASTER,,SEARCHBAR_PLACEHOLDER_DISTRICT,Search Districts,जिल्हे शोधा,जिलों को खोजें,ଜିଲ୍ଲାମାନଙ୍କୁ ଖୋଜନ୍ତୁ,జిల్లాలను శోధించండి,ಜಿಲ್ಲೆಗಳನ್ನು ಹುಡುಕಿ,மாவட்டங்களைத் தேடவும்,જિલ્લાઓને શોધો,اضلاع تلاش کریں۔
MASTER,,SEARCHBAR_PLACEHOLDER_BLOCK,Search Blocks,ब्लॉक्स शोधा,ब्लॉक्स को खोजें,ବ୍ଲକ୍ ଗୁଡ଼ିକୁ ଖୋଜନ୍ତୁ,బ్లాక్‌లను శోధించండి,ಬ್ಲಾಕ್‌ಗಳನ್ನು ಹುಡುಕಿ,வட்டங்களைத் தேடவும்,બ્લોકને શોધો,بلاکس تلاش کریں۔
MASTER,,BLOCKS,Blocks,ब्लॉक्स,ब्लॉक्स,ବ୍ଲକ୍ମାନେ,బ్లాక్స్,ಬ್ಲಾಕ್‌ಗಳು,வட்டங்கள்,બ્લોક,بلاکس
MASTER,,UPDATED_AT,Updated Date,अद्यतन तिथि,अद्ययावत केलेली तारीख,ଅପଡେଟ୍ ହୋଇଥିବା ତାରିଖ,నవీకరించబడిన తేదీ,ನವೀಕರಿಸಿದ ದಿನಾಂಕ,புதுப்பிக்கப்பட்ட தேதி,અપડેટ તારીખ,جدید تاریخ
MASTER,,CREATED_AT,Created Date,बनाई गई तिथि,तयार केलेली तारीख,ତିଆରି ହୋଇଥିବା ତାରିଖ,సృష్టించబడిన తేదీ,ರಚಿಸಿದ ದಿನಾಂಕ,உருவாக்கப்பட்ட தேதி,તારીખ બનાવી,تخلیق کی تاریخ
MASTER,,CREATED_BY,Created By,द्वारा बनाई गई,च्या द्वारे तयार केलेले,କାହାଦ୍ୱାରା ତିଆରି,సృష్టించబడినది,ರಚಿಸಿದವರು,உருவாக்கியவர்,દ્વારા બનાવવામાં આવેલ,کے ذریعہ تخلیق کیا گیا۔
MASTER,,UPDATED_BY,Updated By,द्वारा अपडेट किया गया,च्या द्वारे अद्ययावत केलेले,କାହାଦ୍ୱାରା ଆପଡୋଟ୍,నవీకరించబడినది,ನವೀಕರಿಸಿದವರು,புதுப்பித்தவர்,દ્વારા અપડેટ કરાયેલ,کی طرف سے اپ ڈیٹ
MASTER,,STATE_CODE,State Code,राज्य कोड,राज्य कोड,ରାଜ୍ୟର କୋଡ୍,రాష్ట్ర కోడ్,ರಾಜ್ಯ ಕೋಡ್,மாநிலக் குறியீடு,રાજ્ય કોડ,ریاستی کوڈ
MASTER,,DISTRICT_CODE,District Code,जिला कोड,जिल्हा कोड,ଜିଲ୍ଲାର କୋଡ୍,జిల్లా కోడ్,ಜಿಲ್ಲೆ ಕೋಡ್,மாவட்டக் குறியீடு,બ્લોક કોડ,ضلعی کوڈ
MASTER,,BLOCK_CODE,Block Code,ब्लॉक कोड,ब्लॉक कोड,ବ୍ଲକ୍ ର କୋଡ୍,బ్లాక్ కోడ్,ಬ್ಲಾಗ್ ಕೋಡ್,வட்டக் குறியீடு,બ્લોક કોડ,بلاک کوڈ
MASTER,,CODE,Code,कोड,कोड,କୋଡ୍,కోడ్,ಕೋಡ್,குறியீடு,કોડ,کوڈ
MASTER,,MASTER,Master,मास्टर,मास्टर,ମାଷ୍ଟର,మాస్టర్,ಮಾಸ್ಟರ್,மாஸ்டர்,માસ્ટર,ماسٹر
CENTERS,,CENTER,center,सेंटर,केंद्र,କେନ୍ଦ୍ର,కేంద్రం,ಸೆಂಟರ್,மையம்,કેન્દ્ર,سنٹر
CENTERS,,CENTERS,Centers,केंद्रे,केंद्र,କେନ୍ଦ୍ରଗୁଡ଼ିକ,కేంద్రాలు,ಕೇಂದ್ರಗಳು,மையங்கள்,કેન્દ્ર,سنٹر
CENTERS,,REGULAR_CENTERS,Regular Centers,नियमित केंद्रे,नियमित केंद्र,ନିୟମିତ କେନ୍ଦ୍ରଗୁଡ଼ିକ,రెగ్యులర్ సెంటర్స్,ರೆಗ್ಯುಲರ್  ಕೇಂದ್ರಗಳು,ரெகுலர் மையங்கள்,નિયમિત કેન્દ્ર,باقاعدہ سنٹر
CENTERS,,REMOTE_CENTERS,Remote Centers,दूरस्थ केंद्रे,दूरस्थ केंद्र,ଦୂରସ୍ଥ କେନ୍ଦ୍ରଗୁଡ଼ିକ,రిమోట్ సెంటర్స్,ರಿಮೋಟ್ ಕೇಂದ್ರಗಳು,ரிமோட் மையங்கள்,રિમોટ કેન્દ્ર,دور دراز سنٹر
CENTERS,,REMOTE_CENTER,Remote Center,दूरस्थ केंद्र,दूरस्थ केंद्र,ଦୂରସ୍ଥ କେନ୍ଦ୍ର,రిమోట్ సెంటర్,ರಿಮೋಟ್ ಕೇಂದ್ರ,ரிமோட் மையம்,રિમોટ કેન્દ્ર,ریموٹ سینٹر
CENTERS,,REGULAR,Regular,नियमित,नियमित,ନିୟମିତ,రెగ్యులర్,ರೆಗ್ಯುಲರ್ ,ரெகுலர்,નિયમિત,باقاعدہ
CENTERS,,REMOTE,Remote,दूरस्थ,दूरस्थ,ଦୂରସ୍ଥ,రిమోట్,ರಿಮೋಟ್,ரிமோட்,રિમોટ,ریموٹ
CENTERS,,SEARCH_BLOCKS,Search Blocks,ब्लॉक्स शोधा,ब्लॉक्स को खोजें,ବ୍ଲକ୍ଗୁଡ଼ିକୁ ଖୋଜନ୍ତୁ,బ్లాక్‌లను శోధించండి,ಬ್ಲಾಕ್‌ಗಳನ್ನು ಹುಡುಕಿ,வட்டங்களைத் தேடவும்,બ્લોક શોધો,بلاکس تلاش کریں۔
CENTERS,,BLOCK_REQUEST,You are sending a request to the state Team Leader to re-assign the Block to this user,तुम्ही या वापरकर्त्यास ब्लॉक पुन्हा नियुक्त करण्यासाठी राज्य टीम लीडरला विनंती पाठवत आहात,आप इस उपयोगकर्ता को ब्लॉक पुनः आवंटित करने के लिए राज्य टीम लीडर को अनुरोध भेज रहे हैं,ଆପଣ ଏହି ଉପଭୋକ୍ତାଙ୍କୁ ବ୍ଲକ୍ ପୁନର୍ନିୟୁକ୍ତ କରିବା ପାଇଁ ରାଜ୍ୟ ଟିମ୍ ଲିଡର୍କୁ ଅନୁରୋଧ ପଠାଉଛନ୍ତି,"ఈ వినియోగదారునికి బ్లాక్‌ను తిరిగి కేటాయించమని మీరు 
రాష్ట్ర టీమ్ లీడర్‌కు అభ్యర్థనను పంపుతున్నారు.",ಈ ಯೂಸರ್ ಗೆ ಬ್ಲಾಕ್ ಅನ್ನು ಮರು ನಿಯೋಜಿಸಲು ನೀವು ರಾಜ್ಯ ತಂಡದ ನಾಯಕರಿಗೆ ವಿನಂತಿಯನ್ನು ಕಳುಹಿಸುತ್ತಿದ್ದೀರಿ,இந்தப் பயனருக்கு வட்டத்தை மறுஒதுக்கீடு செய்ய மாநிலக் குழுத் தலைவருக்கு கோரிக்கை அனுப்புகிறீர்கள்,તમે આ ઉપયોગકર્તાના બ્લોક ફરીથી સ્થાપિતકરવા માટે રાજ્ય ટીમ લીડરને વિનંતી મોકલી રહ્યાં છો,آپ ریاستی ٹیم لیڈر کو اس صارف کو بلاک دوبارہ تفویض کرنے کی درخواست بھیج رہے ہیں۔
CENTERS,,NEW_CENTER,New Center,नवीन केंद्र,नया केंद्र,ନୂତନ କେନ୍ଦ୍ର,కొత్త సెంటర్,ಹೊಸ ಕೇಂದ್ರ,புதிய மையம்,નવું કેન્દ્ર,نیا مرکز
CENTERS,,CENTER_TYPE,Center Type,केंद्र प्रकार,केंद्र प्रकार,କେନ୍ଦ୍ର ପ୍ରକାର,సెంటర్ రకం,ಕೇಂದ್ರದ ಪ್ರಕಾರ,மைய வகை,કેન્દ્રના પ્રકાર,مرکز کی قسم
CENTERS,,UNIT_NAME,Unit Name,युनिटचे नाव,इकाई का नाम,ୟୁନିଟ  ନାମ,యూనిట్ పేరు,ಯುನಿಟ್  ಹೆಸರು,யூனிட் பெயர்,યુનિટ નું નામ,یونٹ کا نام
CENTERS,,NOTE,Note: This will be the center name,लक्षात घ्या: हे केंद्राचे नाव असेल,नोट: यह केंद्र का नाम होगा,ଦୟାକରି ଲକ୍ଷ୍ୟ କରନ୍ତୁ: ଏହା କେନ୍ଦ୍ରର ନାମ ହେବ,గమనిక: ఇది సెంటర్ పేరు అవుతుంది,ಗಮನಿಸಿ: ಇದು ಕೇಂದ್ರದ ಹೆಸರಾಗಿರುತ್ತದೆ,குறிப்பு: இது மையத்தின் பெயராக இருக்கும்,નોધ : આ કેન્દ્રનું નામ રહેશે,نوٹ: یہ مرکز کا نام ہوگا۔
CENTERS,,CENTER_CREATED,Center Created Successfully!,केंद्र यशस्वीरित्या तयार केले गेले!,केंद्र सफलतापूर्वक बनाया गया!,କେନ୍ଦ୍ର ସଫଳତାର ସହ ସୃଷ୍ଟି ହେଲା!,సెంటర్ విజయవంతంగా సృష్టించబడింది!,ಕೇಂದ್ರವನ್ನು ಯಶಸ್ವಿಯಾಗಿ ರಚಿಸಲಾಗಿದೆ!,மையம் வெற்றிகரமாக உருவாக்கப்பட்டது!,કેન્દ્ર સફળતાપૂર્વક બની ગયું,مرکز کامیابی کے ساتھ بنایا گیا!
CENTERS,,RENAME_CENTER,Rename Center,केंद्राचे नाव बदला,केंद्र का नाम बदलें,କେନ୍ଦ୍ରର ନାମ ପୁନଃ ନାମକରଣ କରନ୍ତୁ ,సెంటర్ పేరును మార్చండి,ಕೇಂದ್ರವನ್ನು ಮರುಹೆಸರಿಸಲಾಗಿದೆ,மையத்தின் பெயரை மாற்றவும்,કેન્દ્રનું નામ બદલો,مرکز کا نام تبدیل کریں۔
CENTERS,,REQUEST_TO_DELETE,Request to Delete,हटवण्याची विनंती,हटाने का अनुरोध,ଡିଲିଟ କରିବା  ପାଇଁ ଅନୁରୋଧ କରନ୍ତୁ ,తొలగించడానికి అభ్యర్థన చేయండి,ಅಳಿಸಲು ವಿನಂತಿ,நீக்கக் கோரிக்கை,હટાવવા માટે અનુરોધ,حذف کرنے کی درخواست
CENTERS,,RENAME,Rename,नाव बदला,नाम बदलें,ପୁନଃ ନାମକରଣ ,పేరు మార్చండి,ಮರುಹೆಸರಿಸಲಾಗಿದೆ,பெயரை மாற்றவும்,નામ બદલો,نام تبدیل کریں۔
CENTERS,,CENTER_RENAMED,Center Renamed Successfully!,केंद्राचे नाव यशस्वीरित्या बदलले गेले!,केंद्र का नाम सफलतापूर्वक बदला गया!,କେନ୍ଦ୍ରର ନାମ ସଫଳତାର ସହିତ ପରିବର୍ତ୍ତନ କରାଯାଇଛି,సెంటర్ పేరు విజయవంతంగా మార్చబడింది!,ಕೇಂದ್ರವನ್ನು ಯಶಸ್ವಿಯಾಗಿ ಮರುಹೆಸರಿಸಲಾಗಿದೆ!,மையத்தின் பெயர் வெற்றிகரமாக மாற்றப்பட்டது!,કેન્દ્રનું નામ સફળતાપૂર્વક બદલાઈ ગયું,مرکز کا نام کامیابی کے ساتھ بدل دیا گیا!
CENTERS,,SEND_REQUEST,Send Request,विनंती पाठवा,अनुरोध भेजें,ଅନୁରୋଧ ପଠାନ୍ତୁ,అభ్యర్థన పంపండి,ವಿನಂತಿಯನ್ನು ಕಳುಹಿಸಿ,கோரிக்கையை அனுப்பவும்,અનુરોધ મોકલો,درخواست بھیجیں۔
CENTERS,,SURE_DELETE_CENTER,Are you sure you want to delete,क्या आप इसे हटाना चाहते हैं,तुम्हाला नक्की हटवायचे आहे का,ଆପଣ ଡିଲିଟ  କରିବାକୁ ଚାହୁଁଛନ୍ତି କି,మీరు ఖచ్చితంగా తొలగించాలనుకుంటున్నారా,ನೀವು ಅಳಿಸಲು ಖಚಿತವಾಗಿ ಬಯಸುವಿರಾ?,நீக்க விரும்புகிறீர்களா?,શું તમે ખરેખર ડિલીટ કરવા માંગો છો,کیا آپ واقعی حذف کرنا چاہتے ہیں؟
CENTERS,,CENTER_UPDATE_SUCCESSFULLY,Center has been successfully updated,सेंटर सफलतापूर्वक अपडेट किया गया,केंद्र यशस्वीपणे अद्ययावत केले,କେନ୍ଦ୍ର ସଫଳତାର ସହ ଅପଡେଟ୍ ହୋଇଛି।,కేంద్రం విజయవంతంగా నవీకరించబడింది,ಕೇಂದ್ರವನ್ನು ಯಶಸ್ವಿಯಾಗಿ ನವೀಕರಿಸಲಾಗಿದೆ。,மையம் வெற்றிகரமாகப் புதுப்பிக்கப்பட்டது,કેન્દ્રને સફળતાપૂર્વક અપડેટ કરવામાં આવ્યું છે,مرکز کو کامیابی کے ساتھ اپ ڈیٹ کر دیا گیا ہے۔
CENTERS,,CENTER_DELETE_SUCCESSFULLY,Center has been successfully deleted,सेंटर सफलतापूर्वक हटाया गया,केंद्र यशस्वीपणे हटवले,କେନ୍ଦ୍ର ସଫଳତାର ସହ ଡିଲିଟ  କରାଯାଇଛି,కేంద్రం విజయవంతంగా తొలగించబడింది,ಕೇಂದ್ರವನ್ನು ಯಶಸ್ವಿಯಾಗಿ ಅಳಿಸಲಾಗಿದೆ。,மையம் வெற்றிகரமாக நீக்கப்பட்டது,કેન્દ્ર સફળતાપૂર્વક કાઢી નાખવામાં આવ્યું છે,مرکز کو کامیابی کے ساتھ حذف کر دیا گیا ہے۔
CENTERS,,CENTER_CREATED_SUCCESSFULLY,Center Created successfully,सेंटर सफलतापूर्वक बनाया गया,केंद्र यशस्वीपणे तयार केले,କେନ୍ଦ୍ର ସଫଳତାର ସହ ତିଆରି ହୋଇଛି,కేంద్రం విజయవంతంగా సృష్టించబడింది,ಕೇಂದ್ರವನ್ನು ಯಶಸ್ವಿಯಾಗಿ ರಚಿಸಲಾಗಿದೆ。,மையம் வெற்றிகரமாக உருவாக்கப்பட்டது,કેન્દ્ર સફળતાપૂર્વક બનાવવામાં આવ્યું,مرکز کامیابی سے بنا
CENTERS,,SEARCHBAR_PLACEHOLDER,Search Center..,सेंटर खोजें..,शोधा केंद्र..,କେନ୍ଦ୍ର ସନ୍ଧାନ କର ..,శోధన కేంద్రం..,ಸರ್ಚ್ ಸೆಂಟರ್,மையத்தைத் தேடவும்..,કેન્દ્ર શોધો,سرچ سینٹر..
CENTERS,,CENTER_UPDATE_FAILED,Something went wrong while updating center,सेंटर को अपडेट करते समय कुछ गलत हो गया,केंद्र अद्ययावत करताना काहीतरी चूक झाली,କେନ୍ଦ୍ର ଅପଡେଟ୍ କରିବା ସମୟରେ କିଛି ଭୁଲ ହୋଇଗଲା।,కేంద్రాన్ని నవీకరించేటప్పుడు ఏదో తప్పు జరిగింది,ಕೇಂದ್ರವನ್ನು ನವೀಕರಿಸುವಾಗ ಏನೋ ತಪ್ಪಾಗಿದೆ。,மையத்தைப் புதுப்பிக்கும்போது ஏதோ தவறு ஏற்பட்டது,કેન્દ્ર અપડેટ કરતી વખતે કંઈક ખોટું થયું,مرکز کو اپ ڈیٹ کرتے وقت کچھ غلط ہو گیا۔
CENTERS,,YOU_CANT_DELETE_CENTER_HAS_ACTIVE_LEARNERS,You can't delete the center because it has {{activeMembers}} Active Learners,आप सेंटर को नहीं हटा सकते क्योंकि इसमें {{activeMembers}} सक्रिय लर्नर्स हैं,तुम्ही केंद्र हटवू शकत नाही कारण त्यात {{activeMembers}} सक्रिय शिकणारे आहेत,ଆପଣ କେନ୍ଦ୍ରକୁ ଡିଲିଟ୍ କରିପାରିବେ ନାହିଁ କାରଣ ଏଥିରେ {{activeMembers}} ସକ୍ରିୟ ବିଦ୍ୟାର୍ଥୀ ଅଛନ୍ତି।,మీరు కేంద్రాన్ని తొలగించలేరు ఎందుకంటే దానిలో {{activeMembers}} యాక్టివ్ లెర్నర్లు ఉన్నారు,ನೀವು ಕೇಂದ್ರವನ್ನು ಅಳಿಸಲು ಸಾಧ್ಯವಿಲ್ಲ ಏಕೆಂದರೆ ಅದು {{activeMembers}} ಸಕ್ರಿಯ ಕಲಿಯುವವರನ್ನು ಹೊಂದಿದೆ。,இந்த மையத்தில் {{activeMembers}} செயலில் உள்ள மாணவர்கள் இருப்பதால் இதை நீக்க முடியாது,તમે કેન્દ્રને કાઢી શકતા નથી કારણ કે તેમાં {{activeMembers}} સક્રિય લર્નર્સ છે,آپ مرکز کو حذف نہیں کر سکتے کیونکہ اس میں {{activeMembers}} ایکٹو لرنرز ہیں۔
BATCH,,NEW_BATCH,New Batch,नवीन बॅच,नया बैच,ନୂତନ ବ୍ୟାଚ୍,కొత్త బ్యాచ్,ಹೊಸ ಬ್ಯಾಚ್,புதிய பேட்ச்,નવી બેચ,نیا بیچ
BATCH,,UPDATE_BATCH,Update Batch,बॅच अपडेट करा,बैच अपडेट करें,ବ୍ୟାଚ୍ ଅପଡେଟ  କରନ୍ତୁ,బ్యాచ్‌ను నవీకరించండి,ಬ್ಯಾಚ್ ಅನ್ನು ನವೀಕರಿಸಿ,பேட்சைப் புதுப்பிக்கவும்,બેચ અપડેટ કરો,بیچ کو اپ ڈیٹ کریں۔
BATCH,,SURE_DELETE_BATCH,Are you sure you want to delete,तुम्ही खरोखर बॅच हटवू इच्छिता का?,क्या आप निश्चित हैं कि आप इसे हटाना चाहते हैं?,ଆପଣ ନିଶ୍ଚିତ କି ଆପଣ ଏହାକୁ ଡିଲିଟ୍ କରିବାକୁ ଚାହାଁନ୍ତି?,మీరు ఖచ్చితంగా తొలగించాలనుకుంటున్నారా,ನೀವು ದಯವಿಟ್ಟು ಅಳಿಸಲು ಖಚಿತವಾಗಿದ್ದೀರಾ?,நீக்க விரும்புகிறீர்களா?,શું તમે ખરેખર કાઢી નાખવા માંગો છો,کیا آپ واقعی حذف کرنا چاہتے ہیں۔
BATCH,,BATCH_UPDATE_SUCCESSFULLY,Batch has been successfully updated,बॅच यशस्वीरित्या अपडेट झाली,बैच सफलतापूर्वक अपडेट किया गया,ବ୍ୟାଚ୍ ସଫଳତାର ସହିତ ଅପଡେଟ  ହୋଇଛି,బ్యాచ్ విజయవంతంగా నవీకరించబడింది,ಬ್ಯಾಚ್ ಯಶಸ್ವಿಯಾಗಿ ನವೀಕರಿಸಲಾಗಿದೆ,பேட்ச் வெற்றிகரமாகப் புதுப்பிக்கப்பட்டது,બેચ સફળતાપૂર્વક અપડેટ કરવામાં આવી છે,بیچ کو کامیابی کے ساتھ اپ ڈیٹ کر دیا گیا ہے۔
BATCH,,BATCH_DELETE_SUCCESSFULLY,Batch has been successfully deleted,बॅच यशस्वीरित्या हटवली,बैच सफलतापूर्वक हटाया गया,ବ୍ୟାଚ୍ ସଫଳତାର ସହିତ ଡିଲିଟ  ହୋଇଛି,బ్యాచ్ విజయవంతంగా తొలగించబడింది,ಬ್ಯಾಚ್ ಯಶಸ್ವಿಯಾಗಿ ಅಳಿಸಲಾಗಿದೆ,பேட்ச் வெற்றிகரமாக நீக்கப்பட்டது,બેચ સફળતાપૂર્વક કાઢી નાખવામાં આવી છે,بیچ کو کامیابی کے ساتھ حذف کر دیا گیا ہے۔
BATCH,,BATCH_CREATED_SUCCESSFULLY,Batch Created successfully,बॅच यशस्वीरित्या तयार झाली,बैच सफलतापूर्वक बनाया गया,ବ୍ୟାଚ୍ ସଫଳତାର ସହିତ ସୃଷ୍ଟି ହୋଇଛି,బ్యాచ్ విజయవంతంగా సృష్టించబడింది,ಬ್ಯಾಚ್ ಯಶಸ್ವಿಯಾಗಿ ರಚಿಸಲಾಗಿದೆ,பேட்ச் வெற்றிகரமாக உருவாக்கப்பட்டது,બેચ સફળતાપૂર્વક બનાવવામાં આવી,بیچ کامیابی کے ساتھ تیار ہو گیا۔
BATCH,,BATCH_UPDATE_FAILED,Something went wrong while updating batch,बॅच अपडेट करत असताना काहीतरी चूक झाली,बैच अपडेट करते समय कुछ गलत हुआ,"""ବ୍ୟାଚ୍ ଅପଡେଟ  କରିବା ସମୟରେ କିଛି ତ୍ରୁଟି ଘଟିଛି।""",బ్యాచ్‌ను అప్‌డేట్ చేస్తున్నప్పుడు ఏదో తప్పు జరిగింది,ಬ್ಯಾಚ್ ಅಪ್‌ಡೇಟ್ ಮಾಡುವಲ್ಲಿ ಸಮಸ್ಯೆ ಉಂಟಾಗಿದೆ,பேட்சைப் புதுப்பிக்கும்போது ஏதோ தவறு ஏற்பட்டது,બેચ અપડેટ કરતી વખતે કંઈક ખોટું થયું,بیچ کو اپ ڈیٹ کرتے وقت کچھ غلط ہو گیا۔
FORM,,FULL_NAME,Full Name,पूर्ण नाव,पूरा नाम,ପୂର୍ଣ୍ଣ ନାମ,పూర్తి పేరు,ಪೂರ್ಣ ಹೆಸರು,முழுப் பெயர்,પૂરું નામ,پورا نام
FORM,,ENTER_FULL_NAME,Enter FUll Name,पूर्ण नाव प्रविष्ट करा,पूरा नाम दर्ज करें,ପୂର୍ଣ୍ଣ ନାମ ଭରନ୍ତୁ,పూర్తి పేరు నమోదు చేయండి,ಪೂರ್ಣ ಹೆಸರನ್ನು ನಮೂದಿಸಿ,முழுப் பெயரை உள்ளிடவும்,પૂરું નામ નાખો,پورا نام درج کریں۔
FORM,,CONTACT_NUMBER,Contact Number,संपर्क क्रमांक,संपर्क नंबर,ସମ୍ପର୍କ ସଂଖ୍ୟା,సంప్రదింపు సంఖ్య,ಸಂಪರ್ಕ ಸಂಖ್ಯೆ,தொடர்பு எண்,સંપર્ક નંબર,رابطہ نمبر
FORM,,ENTER_CONTACT_NUMBER,Enter Contact Number,संपर्क क्रमांक प्रविष्ट करा,संपर्क नंबर दर्ज करें,ସମ୍ପର୍କ ସଂଖ୍ୟା ଭରନ୍ତୁ,సంప్రదింపు సంఖ్యను నమోదు చేయండి,ಸಂಪರ್ಕ ಸಂಖ್ಯೆಯನ್ನು ನಮೂದಿಸಿ,தொடர்பு எண்ணை உள்ளிடவும்,સંપર્ક નંબર નાખો,رابطہ نمبر درج کریں۔
FORM,,HOW_WAS_LEARNER_MOBILISED,How Was the Learner Mobilised?,शिकणार्‍यास कसे एकत्रित केले?,शिक्षार्थी को कैसे जुटाया गया?,ଶିକ୍ଷାର୍ଥୀ କିପରି ସଙ୍ଗଠିତ ହେଲେ?,అభ్యసకుడిని ఎలా చలనం చేశారు?,ಲರ್ನರ್ ನ್ನು ಹೇಗೆ ಸಜ್ಜುಗೊಳಿಸಲಾಯಿತು?,மாணவர் எவ்வாறு இணைக்கப்பட்டார்?,વિધ્યાર્થી કેવી રીતે શોધ્યા,سیکھنے والے کو کیسے متحرک کیا گیا؟
FORM,,SECOND_CHANCE_ALUMNI,Second Chance Alumni,सेकंड चान्स माजी विद्यार्थी,सेकंड चांस पूर्व छात्र,ସେକେଣ୍ଡ ଚାନ୍ସ ଆଲୁମିନୀ ,సెకండ్ చాన్స్ అలుమ్ని,ಸೆಕಂಡ್ ಚಾನ್ಸ್  ಹಳೆಯ ವಿದ್ಯಾರ್ಥಿಗಳು,செகண்ட் சான்ஸ் முன்னாள் மாணவர்கள்,સેકન્ડ ચાંસ જૂના વિધ્યાર્થી,سیکنڈ چانس سابق طالب علم
FORM,,PRATHAM_TEAM_MEMBER,Pratham Team Member,प्रथम टीम सदस्य,प्रथम टीम सदस्य,ପ୍ରଥମ ଟିମ୍ ମେମ୍ବର ,ప్రథం టీమ్ సభ్యుడు,ಪ್ರಥಮ್ ತಂಡದ ಸದಸ್ಯ,பிரதம் குழு உறுப்பினர்,પ્રથમના ટીમ સદસ્ય,پرتھم ٹیم ممبر
FORM,,OTHER,Other,इतर,अन्य,ଅନ୍ୟ,ఇతర,ಇತರ,மற்றவை,અન્ય,دیگر
FORM,,AGE,Age,वय,आयु,ବୟସ,వయసు,ವಯಸ್ಸು,வயது,ઉમર,عمر
FORM,,GENDER,Gender,लिंग,लिंग,ଲିଙ୍ଗ,లింగం,ಲಿಂಗ,பாலினம்,લિંગ,جنس
FORM,,MALE,Male,पुरुष,पुरुष,ପୁରୁଷ,పురుషుడు,ಪುರುಷ,ஆண்,પુરુષ,مرد
FORM,,FEMALE,Female,महिला,महिला,ସ୍ତ୍ରୀ,స్త్రీ,ಮಹಿಳೆ,பெண்,સ્ત્રી,خاتون
FORM,,LEARNERS_PRIMARY_WORK,Learner's Primary Work,शिकणार्‍याचे प्राथमिक कार्य,शिक्षार्थी का प्राथमिक कार्य,ଶିକ୍ଷାର୍ଥୀର ପ୍ରାଥମିକ କାମ,అభ్యసకుడి ప్రాథమిక పని,ಲರ್ನರ್  ಪ್ರಾಥಮಿಕ ಕೆಲಸ,மாணவர்களின் முதன்மைப் பணி,વિધ્યાર્થીનું પ્રાથમિક કાર્ય,طلباء کا بنیادی کام
FORM,,ENROLLED_IN_EDUCATIONAL_INSTITUTE,Enrolled in educational institute,शैक्षणिक संस्थेत नावनोंदणी केली,शैक्षिक संस्थान में नामांकित,ଶିକ୍ଷା ସଂସ୍ଥାରେ ଭର୍ତ୍ତି ହୋଇଛନ୍ତି,విద్యా సంస్థలో నమోదు చేసుకున్నారు,ಶಿಕ್ಷಣ ಸಂಸ್ಥೆಯಲ್ಲಿ ದಾಖಲಾಗಿದ್ದಾರೆ,கல்வி நிறுவனத்தில் சேர்ந்துள்ளார்,શૈક્ષણિક સંસ્થામાં નામકન,تعلیمی ادارے میں داخلہ لیا۔
FORM,,OWN_FARMING,Own farming,स्वत:ची शेती,स्वयं की खेती,ନିଜର କୃଷି,స్వంత వ్యవసాయం,ಸ್ವಂತ ಕೃಷಿ,சொந்த விவசாயம்,પોતાની ખેતી,اپنی کاشتکاری
FORM,,AGRICULTURAL_FARM_LABORER,Agricultural farm laborer,कृषी शेतमजूर,कृषि खेत मजदूर,କୃଷି କଷ୍ଟକର୍ମୀ,వ్యవసాయ కూలీ, ಕೃಷಿ ಕಾರ್ಮಿಕರು ,விவசாய கூலித் தொழிலாளர்,ખેત મજૂરી,زرعی کھیت مزدور
FORM,,NON_AGRICULTURAL_LABORER,Non-agricultural laborer,गैर-कृषी मजूर,गैर-कृषि मजदूर,ଅକୃଷି କଷ୍ଟକର୍ମୀ,వ్యవసాయేతర కూలీ,ಕೃಷಿಯೇತರ ಕಾರ್ಮಿಕರು ,விவசாயம் அல்லாத கூலித் தொழிலாளர்,ખેત મજૂરી સિવાયનું કામ,غیر زرعی مزدور
FORM,,SALARIED_WORK,Salaried work,पगारी काम,वेतनभोगी कार्य,ବେତନଭିତ୍ତିକ କାର୍ଯ୍ୟ,వేతన పని,ಸಂಬಳದ ಕೆಲಸ,சம்பளப் பணி,પગાર આધારિત કાર્ય,تنخواہ دار کام
FORM,,SELF_EMPLOYMENT,Self-employment,स्वयंरोजगार,स्व-रोजगार,ସ୍ୱୟଂ ସେବା,స్వయం ఉపాధి,ಸ್ವ-ಉದ್ಯೋಗ,சுயதொழில்,સ્વ રોજગાર,خود روزگار
FORM,,UNEMPLOYED,Unemployed,बेरोजगार,बेरोज़गार,ବେକାର,నిరుద్యోగం,ನಿರುದ್ಯೋಗಿ,வேலையில்லாதவர்,બેરોજગાર,بے روزگار
FORM,,INVOLVED_IN_DOMESTIC_WORK,Involved in domestic work,घरगुती कामात गुंतलेले,घरेलू कार्यों में शामिल,ଘରୋଇ କାମରେ ଲିପ୍ତ,గృహ కార్యాల్లో పాల్గొంటున్నారు,ಮನೆಕೆಲಸದಲ್ಲಿ ತೊಡಗಿಸಿಕೊಂಡಿದ್ದಾರೆ,வீட்டு வேலைகளில் ஈடுபட்டவர்,ઘરકામ માં જોડાયેલ,گھریلو کاموں میں مشغول
FORM,,FATHER_NAME,Father’s Name,वडिलांचे नाव,पिता का नाम,ବାପାଙ୍କ ନାମ,తండ్రి పేరు,ತಂದೆಯ ಹೆಸರು,தந்தையின் பெயர்,પિતાનું નામ,والد کا نام
FORM,,ENTER_YOUR_FATHER_NAME,Enter Your Father Name,तुमचे वडिलांचे नाव प्रविष्ट करा,अपने पिता का नाम दर्ज करें,ଆପଣଙ୍କ ବାପାଙ୍କ ନାମ ଭରନ୍ତୁ,మీ తండ్రి పేరు నమోదు చేయండి,ನಿಮ್ಮ ತಂದೆಯ ಹೆಸರನ್ನು ನಮೂದಿಸಿ,தந்தையின் பெயரை உள்ளிடவும்,પોતાના પિતાનું નામ લખો,اپنے والد کا نام درج کریں۔
FORM,,CLASS_OR_LAST_PASSED_GRADE,Class (Last passed grade),वर्ग (शेवटचा उत्तीर्ण ग्रेड),कक्षा (अंतिम उत्तीर्ण ग्रेड),କ୍ଲାସ୍ (ଶେଷ ପାଠାଗତ ଶ୍ରେଣୀ),తరగతి (గతంలో ఉత్తీర్ణత పొందిన గ్రేడ్),ವರ್ಗ (ಕೊನೆಯ ತರಗತಿಯಲ್ಲಿ ಉತ್ತೀರ್ಣ),வகுப்பு (கடைசியாக தேர்ச்சி பெற்ற வகுப்பு),ધોરણ (છેલ્લું પાસ કરેલ ),کلاس (آخری پاس شدہ گریڈ)
FORM,,NO_SCHOOLING,No Schooling,शालेय शिक्षण नाही,कोई स्कूली शिक्षा नहीं,କୌଣସି ଶିକ୍ଷା ନାହିଁ,పాఠశాల లేదు,ಶಾಲೆಯಲ್ಲಿ ಶಿಕ್ಷಣವಿಲ್ಲ,பள்ளிப்படிப்பு இல்லை,શાળામાં ગયેલ નથી,کوئی ا سکولنگ نہیں۔
FORM,,REASON_FOR_DROPOUT_FROM_SCHOOL,Reason for Drop Out From School,शाळा सोडण्याचे कारण,स्कूल से बाहर होने का कारण,ପାଠଶାଳାରୁ ତ୍ୟାଗ କରିବାର କାରଣ,పాఠశాల మానేయడానికి కారణం,ಶಾಲೆಯಿಂದ ಹೊರಗುಳಿಯಲು ಕಾರಣ,பள்ளி இடைநிற்றலுக்கான காரணம்,શાળામાથી નીકળી જવાનું કારણ,اسکول چھوڑنے کی وجہ
FORM,,SCHOOL_INACCESSIBLE,School inaccessible,शाळा उपलब्ध नाही,स्कूल पहुंच से बाहर,ପାଠଶାଳା ଅପହେଲିତ,పాఠశాల అందుబాటులో లేదు,ಶಾಲೆಗೆ ಪ್ರವೇಶವಿಲ್ಲ,பள்ளியை அணுக முடியாமை,શાળા ના હતી,اسکول ناقابل رسائی
FORM,,FINANCIAL_CONSTRAINTS,Financial Constraints,आर्थिक मर्यादा,वित्तीय सीमाएँ,ଆର୍ଥିକ ଅସୁବିଧା,ఆర్థిక పరిమితులు,ಆರ್ಥಿಕ ನಿರ್ಬಂಧಗಳು,நிதி நெருக்கடி,આર્થિક સમસ્યા,مالی رکاوٹیں
FORM,,LACK_OF_INTEREST,Lack of Interest,आवडीचा अभाव,रुचि की कमी,ରୁଚିର ଅଭାବ,ఆసక్తి లోపం,ಆಸಕ್ತಿಯ ಕೊರತೆ,ஆர்வமின்மை,રુચિ ન હતી,دلچسپی کی کمی
FORM,,FAMILY_RESPONSIBILITIES,Family responsibilities,कौटुंबिक जबाबदाऱ्या,पारिवारिक ज़िम्मेदारियाँ,ପରିବାରିକ ଦାୟିତ୍ୱ,కుటుంబ బాధ్యతలు,ಕುಟುಂಬದ ಜವಾಬ್ದಾರಿಗಳು,குடும்பப் பொறுப்புகள்,કૌટુંબિક જવાબદારી,خاندانی ذمہ داریاں
FORM,,FAILED,Failed,अयशस्वी,असफल,ବିଫଳ,విఫలమయ్యారు,ವಿಫಲ,தேர்ச்சி பெறவில்லை,નાપાસ,ناکام
FORM,,ILLNESS,Illness,आजारपण,बीमारी,ରୋଗ,అనారోగ్యం,ಅನಾರೋಗ್ಯ,உடல்நலக் குறைவு,બીમારી,بیماری
FORM,,MARRIAGE,Marriage,लग्न,विवाह,ବିବାହ,వివాహం,ಮದುವೆ,திருமணம்,લગ્ન,شادی
FORM,,MIGRATION,Migration,स्थलांतर,प्रवास,ପରିବର୍ତ୍ତନ,వలస,ವಲಸೆ,இடம்பெயர்வு,મુસાફરી,ہجرت
FORM,,STARTED_VOCATIONAL_COURSE,Started vocational course,व्यावसायिक कोर्स सुरू केला,व्यावसायिक पाठ्यक्रम शुरू किया,ପେଶାଗତ ପାଠ୍ୟକ୍ରମ ଆରମ୍ଭ କରିଛନ୍ତି,వృత్తిపరమైన కోర్సు ప్రారంభించారు,ವೃತ್ತಿಪರ ಕೋರ್ಸ್ ಪ್ರಾರಂಭಿಸಿದ್ದಾರೆ,தொழிற்கல்விப் படிப்பைத் தொடங்கினார்,પ્રોફેશનલ કોર્સ શરૂ કર્યો,ووکیشنل کورس شروع کیا۔
FORM,,STARTED_A_JOB,Started a job,नोकरी सुरू केली,नौकरी शुरू की,ଏକ କାମ ଆରମ୍ଭ କରିଛନ୍ତି,ఉద్యోగం ప్రారంభించారు,ಉದ್ಯೋಗವನ್ನು ಪ್ರಾರಂಭಿಸಿದ್ದಾರೆ,வேலையைத் தொடங்கினார்,નોકરી શરૂ કરી,نوکری شروع کی۔
FORM,,SCHOOL_CLOSURE_DUE_TO_COVID,School closure due to covid,कोविडमुळे शाळा बंद,कोविड के कारण स्कूल बंद,କୋଭିଡ୍ ଦ୍ୱାରା ପାଠଶାଳା ବନ୍ଦ,కోవిడ్ కారణంగా పాఠశాల మూసివేయబడింది,ಕೋವಿಡ್ ಕಾರಣದಿಂದಾಗಿ ಶಾಲೆ ಮುಚ್ಚಲಾಗಿದೆ,கோவிட் காரணமாக பள்ளி மூடப்பட்டது,કોવિડને કારણે શાળાઓ બંધ છે,کوویڈ کی وجہ سے سکول بند
FORM,,MARITAL_STATUS,Marital Status,वैवाहिक स्थिती,वैवाहिक स्थिति,ବିବାହିତ ଅବସ୍ଥା,వైవాహిక స్థితి,ವೈವಾಹಿಕ ಸ್ಥಿತಿ,திருமண நிலை,વૈવાહિક સ્થિતિ,ازدواجی حیثیت
FORM,,UNMARRIED,Unmarried,अविवाहित,अविवाहित,ବିବାହିତ ନୁହେଁ,అవివాహిత,ಅವಿವಾಹಿತರು ,திருமணம் ஆகாதவர்,અપરિણીત,غیر شادی شدہ
FORM,,MARRIED,Married,विवाहित,विवाहित,ବିବାହିତ,వివాహిత,ವಿವಾಹಿತರು ,திருமணமானவர்,પરિણીત,شادی شدہ
FORM,,DIVORCED,Divorced,घटस्फोटीत,तलाकशुदा,ବିବାହ ବିଚ୍ଛିନ୍ନ,విడాకులు పొందిన,ವಿಚ್ಛೇದನ ಪಡೆದರು,விவாகரத்து பெற்றவர்,છૂટાછેડા લીધા,طلاق ہو گئی۔
FORM,,PHONE_TYPE_AVAILABLE,Type of Phone Available,उपलब्ध फोनचा प्रकार,उपलब्ध फ़ोन का प्रकार,ଉପଲବ୍ଧ ଫୋନର ପ୍ରକାର,అందుబాటులో ఉన్న ఫోన్ రకం,ಲಭ್ಯವಿರುವ ಫೋನ್ ಪ್ರಕಾರ,கிடைக்கக்கூடிய தொலைபேசி வகை,ઉપલબ્ધ ફોન પ્રકારો,دستیاب فون کی قسم
FORM,,SMARTPHONE,Smartphone,स्मार्टफोन,स्मार्टफोन,ସ୍ମାର୍ଟଫୋନ୍,స్మార్ట్‌ఫోన్,ಸ್ಮಾರ್ಟ್‌ಫೋನ್,ஸ்மார்ட்போன்,સ્માર્ટ ફોન,اسمارٹ فون
FORM,,KEYPAD,Keypad,कीपॅड,कीपैड,କୀପ୍ୟାଡ୍,కీప్యాడ్,ಕೀಪ್ಯಾಡ್,கீபேட்,કીપેડ,کی پیڈ
FORM,,NO_PHONE,No Phone,फोन नाही,कोई फोन नहीं,କୌଣସି ଫୋନ୍ ନାହିଁ,ఫోన్ లేదు,ಫೋನ್ ಇಲ್ಲ,தொலைபேசி இல்லை,ફોન નથી,کوئی فون نہیں۔
FORM,,IS_IT_YOUR_OWN_PHONE,Is it your own phone?,हा तुमचा स्वत:चा फोन आहे का?,क्या यह आपका खुद का फोन है?,ଏହା ଆପଣଙ୍କ ନିଜର ଫୋନ୍ କି?,ఇది మీ స్వంత ఫోనా?,ಇದು ನಿಮ್ಮ ಸ್ವಂತ ಫೋನ್ ಆಗಿದೆಯೇ?,இது உங்கள் சொந்த தொலைபேசியா?,શું તે તમારો પોતાનો ફોન છે?,کیا یہ آپ کا اپنا فون ہے؟
FORM,,YES,Yes,होय,हाँ,ହଁ,అవును,ಹೌದು,ஆம்,હા,جی ہاں
FORM,,NO,No,नाही,नहीं,ନାହିଁ,లేదు,ಇಲ್ಲ,இல்லை,નથી,نہیں
FORM,,TYPE_OF_PHONE_AVAILABLE,Type of Phone Available,उपलब्ध फोनचा प्रकार,उपलब्ध फ़ोन का प्रकार,ଉପଲବ୍ଧ ଫୋନର ପ୍ରକାର,అందుబాటులో ఉన్న ఫోన్ రకం,ಲಭ್ಯವಿರುವ ಫೋನ್ ಪ್ರಕಾರ,கிடைக்கக்கூடிய தொலைபேசி வகை,ઉપલબ્ધ ફોન પ્રકારો,دستیاب فون کی قسم
FORM,,REASON_FOR_DROP_OUT_FROM_SCHOOL,Reason for drop out from School,शाळा सोडण्याचे कारण,स्कूल से बाहर होने का कारण,ବିଦ୍ୟାଳୟରୁ ତ୍ୟାଗ କରିବାର କାରଣ,పాఠశాల మానేయడానికి కారణం,ಶಾಲೆಯಿಂದ ಹೊರಗುಳಿಯಲು ಕಾರಣ,பள்ளி இடைநிற்றலுக்கான காரணம்,શાળા બહાર રહેવાનું કારણ,سکول چھوڑنے کی وجہ
FORM,,EMAIL,Email,ईमेल,ईमेल,ଇମେଲ୍,ఇమెయిల్,ಇಮೇಲ್,மின்னஞ்சல்,ઇમેઇલ,ای میل
FORM,,YEAR_OF_JOINING_SCP,Year of joining SCP,एससीपी में शामिल होने का वर्ष,एससीपी में शामिल होने का वर्ष,SCP ରେ ଯୋଗଦାନର ବର୍ଷ,SCPలో చేరిన సంవత్సరం,SCP ಸೇರಿದ ವರ್ಷ,SCP-யில் இணைந்த ஆண்டு,SCP માં જોડાવાનું વર્ષ,SCP میں شمولیت کا سال
FORM,,ASSIGN_CENTERS,Assign Centers,केंद्रे नियुक्त करा,केंद्र आवंटित करें,କେନ୍ଦ୍ର ସୁପର୍ଦ୍ଦ କରନ୍ତୁ,సెంటర్లను కేటాయించండి,ಕೇಂದ್ರಗಳನ್ನು ನಿಯೋಜಿಸಿ,மையங்களை ஒதுக்கவும்,કેન્દ્ર ફાળવો,مراکز تفویض کریں۔
FORM,,TYPE_OF_COHORT,Type of Center,केंद्र का प्रकार,केंद्राचा प्रकार,କେନ୍ଦ୍ରର ପ୍ରକାର,కేంద్రం రకం,ಕೇಂದ್ರದ ಪ್ರಕಾರ,மைய வகை,કેન્દ્રનો પ્રકાર,مرکز کی قسم
FORM,,UNIT_NAME,Unit Name,इकाई का नाम,युनिटचे नाव,ୟୁନିଟ୍ ର ନାମ,యూనిట్ పేరు,ಯೂನಿಟ್ ಹೆಸರು,யூனிட் பெயர்,એકમનું નામ,یونٹ کا نام
FORM,,SUBJECTS_I_TEACH,Subject I Teach,विषय जो मैं पढ़ाता हूँ,विषय जो मी शिकवतो,ମୁଁ ପଢ଼ାଉଥିବା ବିଷୟ,నేను బోధించే విషయం,ನಾನು ಕಲಿಸುವ ವಿಷಯ,நான் கற்பிக்கும் பாடம்,વિષય હું શીખવે છે,مضمون میں پڑھاتا ہوں۔
FORM,,MY_MAIN_SUBJECTS,Main subjects,मुख्य विषय,मुख्य विषय,ମୁଖ୍ୟ ବିଷୟଗୁଡ଼ିକ,ప్రధాన విషయాలు,ಮುಖ್ಯ ವಿಷಯಗಳು,முக்கியப் பாடங்கள்,મુખ્ય વિષયો,اہم مضامین
FORM,,NUMBER_OF_CLUSTERS_I_TEACH,Number of cluster,क्लस्टर की संख्या,क्लस्टरची संख्या,କ୍ଲଷ୍ଟର ସଂଖ୍ୟା,క్లస్టర్ సంఖ్య,ಕ್ಲಸ್ಟರ್ ಸಂಖ್ಯೆ,கிளஸ்டர்களின் எண்ணிக்கை,ક્લસ્ટરની સંખ્યા,کلسٹر کی تعداد
FORM,,DESIGNATION,Designation,पद,हुद्दा,ପଦବୀ,హోదా,ಹುದ್ದೆ,பதவி,હોદ્દો,عہدہ
FORM,,REGULAR,Regular,नियमित,नियमित,ନିୟମିତ,రెగ్యులర్,ರೇಗುಲರ್ ,ரெகுலர்,નિયમિત,باقاعدہ
FORM,,REMOTE,Remote,रिमोट,दूरस्थ,ରିମୋଟ୍,రిమోట్,ರಿಮೋಟ್,ரிமோட்,રિમોટ,ریموٹ
FORM,,NOTE_THIS_WILL_BE_CENTER_NAME,Note : This will be center name,नोट: यह केंद्र का नाम होगा,टीप : हे केंद्राचे नाव असेल,ଟିପ୍ପଣୀ: ଏହା କେନ୍ଦ୍ର ନାମ ହେବ,గమనిక: ఇది కేంద్ర పేరు,ಗಮನಿಸಿ: ಇದು ಸೆಂಟರ್ ಹೆಸರಾಗಿರುತ್ತದೆ.,குறிப்பு: இது மையத்தின் பெயராக இருக்கும்,નોંધ: આ કેન્દ્રનું નામ હશે,نوٹ: یہ مرکز کا نام ہوگا۔
FORM,,STATE,State,राज्य,राज्य,ରାଜ୍ୟ,రాష్ట్రం,ರಾಜ್ಯ,மாநிலம்,રાજ્ય,ریاست
FORM,,DISTRICT,District,जिला,जिल्हा,ଜିଲ୍ଲା,జిల్లా,ಜಿಲ್ಲೆ,மாவட்டம்,જિલ્લો,ضلع
FORM,,BLOCK,Block,ब्लॉक,ब्लॉक,ବ୍ଲକ୍,బ్లాక్,ಬ್ಲಾಕ್,வட்டம்,બ્લોક,بلاک
FORM,,ACTION,Actions,क्रियाएँ,क्रिया,କାର୍ଯ୍ୟ,చర్యలు,ಕ್ರಿಯೆಗಳು,நடவடிக்கைகள்,ક્રિયા,اعمال
FORM,,STATUS,Status,स्थिति,स्थिती,ସ୍ଥିତି,స్థితి,ಸ್ಥಿತಿ,நிலை,સ્થિતિ,حیثیت
FORM,,NAME,Name,नाम,नाव,ନାମ,పేరు,ಹೆಸರು,பெயர்,નામ,نام
FORM,,MOBILE_NUMBER,Mobile Number,मोबाइल नंबर,मोबाइल नंबर,ମୋବାଇଲ୍ ନମ୍ବର,మొబైల్ నంబర్,ಮೊಬೈಲ್ ನಂಬರ್,கைபேசி எண்,મોબાઈલ નંબર,موبائل نمبر
FORM,,CENTER,Center,सेंटर,केंद्र,କେନ୍ଦ୍ର,కేంద్రం,ಸೆಂಟರ್,மையம்,કેન્દ્ર,مرکز
FORM,,ENGLISH,English,अंग्रेज़ी,इंग्रजी,ଇଂରାଜୀ,ఇంగ్లీష్,ಇಂಗ್ಲೀಷ್,ஆங்கிலம்,અંગ્રેજી,انگریزی
FORM,,HOME_SCIENCE,Home Science,गृह विज्ञान,गृह विज्ञान,ଗୃହ ବିଜ୍ଞାନ,హోమ్ సైన్స్,ಗೃಹ ವಿಜ್ಞಾನ,ஹோம் சயின்ஸ்,ગૃહ વિજ્ઞાન,ہوم سائنس
FORM,,MATH,Math,गणित,गणित,ଗଣିତ,గణితం,ಗಣಿತ,கணிதம்,ગણિત,ریاضی
FORM,,LANGUAGE,Language,भाषा,भाषा,ଭାଷା,భాష,ಭಾಷೆ,மொழி,ભાષા,زبان
FORM,,SCIENCE,Science,विज्ञान,विज्ञान,ବିଜ୍ଞାନ,సైన్స్,ವಿಜ್ಞಾನ,அறிவியல்,વિજ્ઞાન,سائنس
FORM,,SOCIAL_SCIENCE,Social Science,सामाजिक विज्ञान,सामाजिक विज्ञान,ସାମାଜିକ ବିଜ୍ଞାନ,సామాజిక శాస్త్రం,ಸಮಾಜ ವಿಜ್ಞಾನ,சமூக அறிவியல்,સામાજિક વિજ્ઞાન,سوشل سائنس
FORM,,LIFE_SKILLS,Life Skills,जीवन कौशल,जीवन कौशल्ये,ଜୀବନ କୌଶଳ,లైఫ్ స్కిల్స్,ಜೀವನ ಕೌಶಲ್ಯಗಳು,வாழ்க்கைத் திறன்கள்,જીવન કૌશલ્ય,زندگی کی مہارتیں
FORM,,NAME_OF_GUARDIAN,Name of Guardian,पालकाचे नाव,अभिभावक का नाम,ଅଭିଭାବକଙ୍କ ନାମ,గార్డియన్ పేరు,ಪಾಲಕರ ಹೆಸರು,பாதுகாவலரின் பெயர்,વાલીનું નામ,سرپرست کا نام
FORM,,RELATION_WITH_GUARDIAN,Relation with Guardian,पालकाशी नाते,अभिभावक के साथ संबंध,ଅଭିଭାବକ ସହିତ ସମ୍ପର୍କ,గార్డియన్‌తో సంబంధం,ಪಾಲಕರೊಂದಿಗೆ ಸಂಬಂಧ,பாதுகாவலருடன் உள்ள உறவு,વાલી સાથેનો સંબંધ,گارڈین کے ساتھ تعلق
FORM,,PHONE_NUMBER,Phone Number,फोन नंबर,फोन नंबर,ଫୋନ୍ ନମ୍ବର,ఫోన్ నంబర్,ದೂರವಾಣಿ ಸಂಖ್ಯೆ,தொலைபேசி எண்,ફોન નંબર,فون نمبر
FORM,,DOES_THIS_PHONE_BELONG_TO_YOU,Does This Phone Belong to You?,हा फोन नंबर तुमचा आहे का?,क्या यह फोन आपका है?,ଏହି ଫୋନ୍ ଆପଣଙ୍କର କି?,ఈ ఫోన్ మీదా?,ಈ ಫೋನ್ ನಿಮಗೆ ಸಂಬಂಧಪಟ್ಟದು吗?,இந்தத் தொலைபேசி உங்களுடையதா?,શું આ ફોન તમારો છે?,کیا یہ فون آپ کا ہے؟
FORM,,HIGHEST_EDCATIONAL_QUALIFICATION_OR_LAST_PASSED_GRADE,Highest Educational Qualification or Last Passed Grade,तुमची उच्च शैक्षणिक पात्रता किंवा शेवटचा उत्तीर्ण वर्ग,उच्चतम शैक्षिक योग्यता या अंतिम उत्तीर्ण कक्षा,ସର୍ବାଧିକ ଶିକ୍ଷାଗତ ଯୋଗ୍ୟତା କିମ୍ବା ଶେଷ ପାସ୍ କରିଥିବା ଶ୍ରେଣୀ,అత్యున్నత విద్యార్హత లేదా చివరి గ్రేడ్ ఉత్తీర్ణత,ಉನ್ನತ ಶಿಕ್ಷಣ ಅರ್ಹತೆ ಅಥವಾ ಕೊನೆಯ ಪಾಸಾದ ತರಗತಿ ,உயர்ந்த கல்வித் தகுதி அல்லது கடைசியாக தேர்ச்சி பெற்ற வகுப்பு,ઉચ્ચતમ શૈક્ષણિક લાયકાત અથવા છેલ્લે પાસ કરેલ ગ્રેડ,اعلیٰ ترین تعلیمی قابلیت یا آخری پاس شدہ گریڈ
FORM,,WHAT_IS_YOUR_PREFERRED_MODE_OF_LEARNING,What is Your Preferred Mode of Learning?,तुमचा शिकण्याचा प्राधान्य मोड काय आहे?,आपकी पसंदीदा अध्ययन विधि क्या है?,ଆପଣଙ୍କ ପସନ୍ଦୀୟ ଶିକ୍ଷା ଧାରା କଣ?,మీరు ఇష్టపడే అభ్యాస విధానం ఏమిటి?,ನಿಮ್ಮ ಇಚ್ಛಿತ ಅಧ್ಯಯನ ವಿಧಾನವೇನು?,நீங்கள் விரும்பும் கற்றல் முறை என்ன?,તમારી પસંદગીની શિક્ષણ પદ્ધતિ શું છે?,سیکھنے کا آپ کا پسندیدہ طریقہ کیا ہے؟
FORM,,ARE_YOU_CURRENTLY_WORKING_IF_YES_CHOOSE_THE_DOMAIN,"Are You Currently Working? If Yes, Choose the Domain","तुम्ही सध्या काम करत आहात का? होय असल्यास, क्षेत्र निवडा","क्या आप वर्तमान में काम कर रहे हैं? यदि हां, तो डोमेन चुनें","ଆପଣ ବର୍ତ୍ତମାନ କାମ କରୁଛନ୍ତି କି? ଯଦି ହଁ, ତେବେ କ୍ଷେତ୍ର ଚୟନ କରନ୍ତୁ","మీరు ప్రస్తుతం పని చేస్తున్నారా? అవును అయితే, డొమైన్‌ను ఎంచుకోండి","ನೀವು ಪ್ರಸ್ತುತ ಕೆಲಸ ಮಾಡುತ್ತಿದ್ದೀರಾ? ಹೌದು ಎಂದರೆ, ವಲಯವನ್ನು ಆಯ್ಕೆ ಮಾಡಿ","நீங்கள் தற்போது வேலை செய்கிறீர்களா? ஆம் எனில், துறையைத் தேர்ந்தெடுக்கவும்","શું તમે હાલમાં કામ કરો છો? જો હા, તો ડોમેન પસંદ કરો",کیا آپ فی الحال کام کر رہے ہیں؟ اگر ہاں، تو ڈومین کا انتخاب کریں۔
FORM,,HAVE_YOU_RECEIVE_ANY_PRIOR_TRAINING,Have You Received Any Prior Training?,तुम्हाला पूर्वी काही प्रशिक्षण मिळाले आहे का?,क्या आपने पहले कोई प्रशिक्षण प्राप्त किया है?,ଆପଣ ପୂର୍ବରୁ କୌଣସି ପ୍ରଶିକ୍ଷଣ ଗ୍ରହଣ କରିଛନ୍ତି କି?,మీరు ఏదైనా ముందస్తు శిక్షణ పొందారా?,ನೀವು ಮೊದಲು ಯಾವುದೇ ತರಬೇತಿ ಪಡೆದಿದ್ದೀರಾ?,ஏதேனும் முன்பயிற்சி பெற்றுள்ளீர்களா?,શું તમે કોઈ પૂર્વ તાલીમ લીધી છે?,کیا آپ نے کوئی پیشگی تربیت حاصل کی ہے؟
FORM,,WHAT_DO_YOU_WANT_TO_BECOME,What do you want to become?,तुम्ही काय बनू इच्छिता?,आप क्या बनना चाहते हैं?,ଆପଣ କଣ ହେବାକୁ ଚାହାଁନ୍ତି?,మీరు ఏం కావాలనుకుంటున్నారు?,ನೀವು ಏನು ಆಗಲು ಬಯಸುತ್ತೀರಿ?,நீங்கள் என்ன ஆக விரும்புகிறீர்கள்?,તમે શું બનવા માંગો છો?,آپ کیا بننا چاہتے ہیں؟
FORM,,EDUCATIONAL_INSTITUTE,Educational Institute,शैक्षणिक संस्था,शैक्षिक संस्थान,ଶିକ୍ଷାନୁଷ୍ଠାନ,విద్యా సంస్థ,ಶಿಕ್ಷಣ ಸಂಸ್ಥೆ,கல்வி நிறுவனம்,શૈક્ષણિક સંસ્થા,تعلیمی ادارہ
FORM,,UNEMPLOYED_OR_DOMESTIC_WORK,Unemployed or Domestic Work,बेरोजगार किंवा घरगुती काम,बेरोजगार या घरेलू कार्य,ବେରୋଜଗାର କିମ୍ବା ଘରୋଇ କାମ,నిరుద్యోగి లేదా ఇంటి పని,ಉದ್ಯೋಗರಹಿತ ಅಥವಾ ಮನೆಯ ಕೆಲಸ,வேலையில்லாதவர் அல்லது வீட்டு வேலை,બેરોજગાર અથવા ઘરેલું કામ,بے روزگار یا گھریلو کام
FORM,,SELF_PLACED,Self Placed,स्वतःने नोकरी लावलेली,स्वयं नियुक्त,ସ୍ୱୟଂ ନିୟୁକ୍ତ,స్వయంగా స్థిరపడినవారు,ಸ್ವಯಂ ಉದ್ಯೋಗ,சுயமாக வேலைவாய்ப்பு பெற்றவர்,સ્વસ્થાપિત,سیلف پلیسڈ
FORM,,TRANSGENDER,Other,इतर,अन्य,ଅନ୍ୟ,ఇతర,ಇತರ,மற்றவை,અન્ય,دیگر
FORM,,HINDI,Hindi,हिंदी,हिंदी,ହିନ୍ଦୀ,హిందీ,ಹಿಂದಿ,இந்தி,હિન્દી,ہندی
FORM,,MARATHI,Marathi,मराठी,मराठी,ମରାଠୀ,మరాఠీ,ಮರಾಠಿ,மராத்தி,મરાઠી,مراٹھی
FORM,,URDU,Urdu,उर्दू,उर्दू,ଉର୍ଦ୍ଦୁ,ఉర్దూ,ಉರ್ದು,உருது,ઉર્દૂ,اردو
FORM,,DIVORCED/WIDOW,Divorced/Widow,तलाकशुदा/विधवा,तलाकशुदा/विधवा,ବିଚ୍ଛିନ୍ନ/ବିଧବା,విడాకులు తీసుకున్నవారు/వితంతువు,ವಿಚ್ಛೇದಿತ/ವಿಧವೆ ,விவாகரத்து பெற்றவர் / விதவை,છૂટાછેડા લીધેલ/વિધવા,طلاق یافتہ/ بیوہ
FORM,,GRADUATE,Graduate,स्नातक,स्नातक,ସ୍ନାତକ,గ్రాడ్యుయేట్,ಪದವೀಧರ,பட்டதாரி,સ્નાતક,گریجویٹ
FORM,,POST_GRADUATE,Post Graduate,पोस्ट ग्रॅज्युएट,स्नातकोत्तर,ସ୍ନାତକୋତ୍ତର,పోస్ట్ గ్రాడ్యుయేట్,ಸ್ನಾತಕೋತ್ತರ,முதுநிலை பட்டதாரி,અનુસ્નાતક,پوسٹ گریجویٹ
FORM,,AVAILABLE_SUGGESTIONS,Available suggestions:,उपलब्ध सुचवलेले:,उपलब्ध सुझाव:,ଉପଲବ୍ଧ ପ୍ରସ୍ତାବନା:,అందుబాటులో ఉన్న సూచనలు:,ಲಭ್ಯವಿರುವ ಸೂಚನೆಗಳು:,கிடைக்கக்கூடிய பரிந்துரைகள்:,ઉપલબ્ધ સૂચનો:,دستیاب تجاویز:
FORM,,USERNAME_ALREADY_EXIST,This username already exists,हे वापरकर्तानाव आधीच अस्तित्वात आहे,यह उपयोगकर्ता नाम पहले से मौजूद है,ଏହି ବ୍ୟବହାରକାରୀ ନାମ ପୂର୍ବରୁ ଅଛି,ఈ వినియోగదారు పేరు ఇప్పటికే ఉంది,ಈ ಯೂಸರ್ ಹೆಸರು  ಈಗಾಗಲೇ ಅಸ್ತಿತ್ವದಲ್ಲಿದೆ,இந்தப் பயனர் பெயர் ஏற்கனவே உள்ளது,આ વપરાશકર્તા નામ પહેલેથી જ અસ્તિત્વમાં છે,یہ صارف نام پہلے سے موجود ہے۔
FORM,,DO_YOU_WANT_TO_DELETE,Do you want to delete user from center?,तुम्ही केंद्रातून वापरकर्ता हटवू इच्छिता का?,क्या आप केंद्र से उपयोगकर्ता को हटाना चाहते हैं?,ଆପଣ କେନ୍ଦ୍ରରୁ ବ୍ୟବହାରକାରୀକୁ ବିଲୋପ କରିବାକୁ ଚାହାଁନ୍ତି କି?,మీరు వినియోగదారుని కేంద్రం నుండి తొలగించాలనుకుంటున్నారా?,ನೀವು ಯೂಸರ್ ನ್ನು ಕೇಂದ್ರದಿಂದ ಅಳಿಸಲು ಇಚ್ಛಿಸುವಿರಾ?,பயனரை மையத்திலிருந்து நீக்க விரும்புகிறீர்களா?,શું તમે કેન્દ્રમાંથી વપરાશકર્તાને કાઢી નાખવા માંગો છો?,کیا آپ صارف کو مرکز سے حذف کرنا چاہتے ہیں؟
FORM,,BOARD,Board,बोर्ड,बोर्ड,ବର୍ଡ,బోర్డ్,ಬೋರ್ಡ್,போர்டு,બોર્ડ,بورڈ
FORM,,MEDIUM,Medium,माध्यम,माध्यम,ମାଧ୍ୟମ,మధ్యస్థం,ಮಾಧ್ಯಮ  ಆಯ್ಕೆಮಾಡಿ,பயிற்று மொழி,માધ્યમ,درمیانہ
FORM,,GRADE,Grade,ग्रेड,ग्रेड,ଗ୍ରେଡ୍,గ్రేడ్,ಗ್ರೇಡ್,வகுப்பு,ગ્રેડ,گریڈ
FORM_ERROR_MESSAGES,,INVALID_INPUT,Invalid Input.,अमान्य इनपुट।,अवैध इनपुट,ଅବୈଧ ଇନପୁଟ୍।,చెల్లని ఇన్‌పుట్.,ಅಮಾನ್ಯ ಇನ್‌ಪುಟ್.,தவறான உள்ளீடு.,અમાન્ય ઇનપુટ.,غلط ان پٹ۔
FORM_ERROR_MESSAGES,,FIELD_REQUIRED,{{field}} is required,{{field}} आवश्यक है,{{field}} आवश्यक आहे,{{field}} ଆବଶ୍ୟକ।,{{ఫీల్డ్}} అవసరం,{{field}} ಅಗತ್ಯವಿದೆ,{{field}} கட்டாயம்,{{field}} જરૂરી છે,{{field}} درکار ہے۔
FORM_ERROR_MESSAGES,,THIS_IS_REQUIRED_FIELD,This is required field,यह आवश्यक फ़ील्ड है,हे आवश्यक फील्ड आहे,ଏହା ଆବଶ୍ୟକୀୟ କ୍ଷେତ୍ର ଅଟେ,ఇది అవసరమైన ఫీల్డ్,ಇದು ಅಗತ್ಯವಿರುವ ಫೀಲ್ಡ್,இது கட்டாயப் புலம்,આ જરૂરી ક્ષેત્ર છે,یہ ضروری فیلڈ ہے۔
FORM_ERROR_MESSAGES,,ENTER_ONLY_DIGITS,Please enter only digits,कृपया केवल अंक दर्ज करें,कृपया फक्त अंक प्रविष्ट करा,ଦୟାକରି କେବଳ ଅଙ୍କ ଲେଖନ୍ତୁ,దయచేసి అంకెలను మాత్రమే నమోదు చేయండి,ದಯವಿಟ್ಟು ಅಂಕೆಗಳನ್ನು ಮಾತ್ರ ನಮೂದಿಸಿ.,எண்களை மட்டும் உள்ளிடவும்,કૃપા કરીને માત્ર અંકો દાખલ કરો,براہ کرم صرف ہندسے درج کریں۔
FORM_ERROR_MESSAGES,,MIN_LENGTH_DIGITS_ERROR,Minimum {{minLength}} Digits required,न्यूनतम {{minLength}} अंक आवश्यक,किमान {{minLength}} अंक आवश्यक,ସର୍ବନିମ୍ନ {{minLength}} ଅଙ୍କ ଆବଶ୍ୟକ,కనీసం {{minLength}} అంకెలు అవసరం,ಕನಿಷ್ಠ {{minLength}} ಅಂಕೆಗಳು ಅಗತ್ಯವಿದೆ,குறைந்தபட்சம் {{minLength}} இலக்கங்கள் தேவை,ન્યૂનતમ {{minLength}} અંકો જરૂરી છે,کم از کم {{minLength}} ہندسے درکار ہیں۔
FORM_ERROR_MESSAGES,,MAX_LENGTH_DIGITS_ERROR,Maximum {{maxLength}} Digits allowed,अधिकतम {{maxLength}} अंक अनुमत,कमाल {{maxLength}} अंक परवानगी,ସର୍ବାଧିକ {{maxLength}} ଅଙ୍କ ଅନୁମତିପ୍ରାପ୍ତ,గరిష్టంగా {{maxLength}} అంకెలు అనుమతించబడతాయి,ಗರಿಷ್ಠ {{maxLength}} ಅಂಕೆಗಳು ಅನುಮತಿಸಲಾಗಿದೆ,அதிகபட்சம் {{maxLength}} இலக்கங்கள் மட்டுமே அனுமதிக்கப்படும்,મહત્તમ {{maxLength}} અંકોની મંજૂરી છે,زیادہ سے زیادہ {{maxLength}} ہندسوں کی اجازت ہے۔
FORM_ERROR_MESSAGES,,MIN_LENGTH_CHARACTERS_ERROR,Minimum {{minLength}} characters required,न्यूनतम {{minLength}} वर्ण आवश्यक,किमान {{minLength}} अक्षरे आवश्यक,ସର୍ବନିମ୍ନ {{minLength}} ଅକ୍ଷର ଆବଶ୍ୟକ,కనీసం {{minLength}} అక్షరాలు అవసరం,ಕನಿಷ್ಠ {{minLength}} ಅಕ್ಷರಗಳು ಅಗತ್ಯವಿದೆ,குறைந்தபட்சம் {{minLength}} எழுத்துகள் தேவை,ન્યૂનતમ {{minLength}} અક્ષરો જરૂરી છે,کم از کم {{minLength}} حروف درکار ہیں۔
FORM_ERROR_MESSAGES,,MAX_LENGTH_DIGITS_ERROR_AGE,Age should be less than or equal to {{maxLength}},उम्र {{maxLength}} से कम या बराबर होनी चाहिए,वय {{maxLength}} पेक्षा कमी असले पाहिजे,ବୟସ {{maxLength}} ଠାରୁ କମ୍ କିମ୍ବା ସମାନ ହେବା ଉଚିତ।,వయస్సు {{maxLength}} కంటే తక్కువ లేదా సమానంగా ఉండాలి,ವಯಸ್ಸು {{maxLength}} ಕ್ಕಿಂತ ಕಡಿಮೆ ಅಥವಾ ಸಮನಾಗಿರಬೇಕು.,வயது {{maxLength}} ஐ விட குறைவாக அல்லது சமமாக இருக்க வேண்டும்,ઉંમર {{maxLength}} કરતાં ઓછી અથવા તેની બરાબર હોવી જોઈએ,عمر {{maxLength}} سے کم یا اس کے برابر ہونی چاہیے
FORM_ERROR_MESSAGES,,MIN_LENGTH_DIGITS_ERROR_AGE,Age should be greater than or equal to {{minLength}},उम्र {{minLength}} से अधिक या बराबर होनी चाहिए,वय {{minLength}} पेक्षा जास्त असले पाहिजे,ବୟସ {{minLength}} ଠାରୁ ଅଧିକ କିମ୍ବା ସମାନ ହେବା ଉଚିତ।,వయస్సు {{minLength}} కంటే ఎక్కువగా లేదా సమానంగా ఉండాలి,ವಯಸ್ಸು {{minLength}} ಕ್ಕಿಂತ ಹೆಚ್ಚಾಗಿರಬೇಕು ಅಥವಾ ಸಮನಾಗಿರಬೇಕು.,வயது {{minLength}} ஐ விட அதிகமாக அல்லது சமமாக இருக்க வேண்டும்,ઉંમર {{minLength}} કરતાં વધુ અથવા તેની બરાબર હોવી જોઈએ,عمر {{minLength}} سے زیادہ یا اس کے برابر ہونی چاہیے
FORM_ERROR_MESSAGES,,ENTER_VALID_YEAR,Enter valid Year,वैध वर्ष दर्ज करें,वैध वर्ष प्रविष्ट करा,ଦୟାକରି ଏକ ସଠିକ୍ ବର୍ଷ ପ୍ରବେଶ କରନ୍ତୁ।,చెల్లుబాటు అయ్యే సంవత్సరాన్ని నమోదు చేయండి,ಮಾನ್ಯ ವರ್ಷವನ್ನು ನಮೂದಿಸಿ,சரியான ஆண்டை உள்ளிடவும்,માન્ય વર્ષ દાખલ કરો,درست سال درج کریں۔
FORM_ERROR_MESSAGES,,MAX_LENGTH_CHARACTERS_ERROR,Maximum {{maxLength}} characters allowed,अधिकतम {{maxLength}} वर्ण अनुमत,कमाल {{maxLength}} वर्ण परवानगी,ସର୍ବାଧିକ {{maxLength}} ଅକ୍ଷର ଅନୁମତି ଦିଆଯାଇଛି,గరిష్టంగా {{maxLength}} అక్షరాలు అనుమతించబడతాయి,ಗರಿಷ್ಠ {{maxLength}} ಅಕ್ಷರಗಳನ್ನು ಅನುಮತಿಸಲಾಗಿದೆ,அதிகபட்சம் {{maxLength}} எழுத்துகள் மட்டுமே அனுமதிக்கப்படும்,મહત્તમ {{maxLength}} અક્ષરોની મંજૂરી છે,زیادہ سے زیادہ {{maxLength}} حروف کی اجازت ہے۔
FORM_ERROR_MESSAGES,,NUMBER_AND_SPECIAL_CHARACTERS_NOT_ALLOWED,Numbers and special characters are not allowed,अंक और विशेष वर्ण अनुमति नहीं हैं,संख्या आणि विशेष वर्ण अनुमत नाहीत,ସଂଖ୍ୟା ଏବଂ ସ୍ୱତନ୍ତ୍ର ଅକ୍ଷର ଅନୁମୋଦିତ ନୁହେଁ,సంఖ్యలు మరియు ప్రత్యేక అక్షరాలు అనుమతించబడవు,ಸಂಖ್ಯೆಗಳು ಮತ್ತು ವಿಶೇಷ ಅಕ್ಷರಗಳನ್ನು ಅನುಮತಿಸಲಾಗುವುದಿಲ್ಲ.,எண்களும் சிறப்பு எழுத்துகளும் அனுமதிக்கப்படாது,સંખ્યાઓ અને વિશિષ્ટ અક્ષરોની મંજૂરી નથી,نمبرز اور خصوصی حروف کی اجازت نہیں ہے۔
FORM_ERROR_MESSAGES,,CHARACTERS_AND_SPECIAL_CHARACTERS_NOT_ALLOWED,Characters and special characters are not allowed,वर्ण और विशेष वर्ण अनुमति नहीं हैं,वर्ण आणि विशेष वर्ण अनुमत नाहीत,ବର୍ଣ୍ଣ ଏବଂ ବିଶେଷ ବର୍ଣ୍ଣ ଅନୁମୋଦିତ ନୁହେଁ।,అక్షరాలు మరియు ప్రత్యేక అక్షరాలు అనుమతించబడవు,ಅಕ್ಷರಗಳು ಮತ್ತು ವಿಶೇಷ ಅಕ್ಷರಗಳನ್ನು ಅನುಮತಿಸಲಾಗುವುದಿಲ್ಲ.,எழுத்துகளும் சிறப்பு எழுத்துகளும் அனுமதிக்கப்படாது,અક્ષરો અને વિશિષ્ટ પાત્રોને મંજૂરી નથી,حروف اور خصوصی حروف کی اجازت نہیں ہے۔
FORM_ERROR_MESSAGES,,NAME_CANNOT_INCLUDE_DIGITS,Name can not include digits,नाम में अंक शामिल नहीं हो सकते,नावात अंक समाविष्ट असू शकत नाहीत,ନାମରେ ସଂଖ୍ୟା ରହିପାରିବ ନାହିଁ,పేరులో అంకెలు ఉండకూడదు,ಹೆಸರಿನಲ್ಲಿ ಅಂಕಿಗಳು ಇರಬಾರದು.,பெயரில் எண்கள் இருக்கக்கூடாது,નામમાં અંકો શામેલ હોઈ શકતા નથી,نام میں ہندسے شامل نہیں ہو سکتے
FORM_ERROR_MESSAGES,,INVALID_EMAIL_FORMAT,Invalid email format,अमान्य ईमेल प्रारूप,अवैध ईमेल स्वरूप, ଇମେଲ୍ ଫର୍ମାଟ୍ ଇନ ଭେଲିଡ ,చెల్లని ఇమెయిల్ ఫార్మాట్,ಅಮಾನ್ಯ ಇಮೇಲ್ ಸ್ವರೂಪ,தவறான மின்னஞ்சல் வடிவம்,અમાન્ય ઇમેઇલ ફોર્મેટ,غلط ای میل فارمیٹ
FORM_ERROR_MESSAGES,,ENTER_VALID_EMAIL,Enter a valid email address,मान्य ईमेल पता दर्ज करें,वैध ईमेल पत्ता प्रविष्ट करा,ଏକ ସଠିକ  ଇମେଲ୍ ଠିକଣା ଲେଖନ୍ତୁ,సరైన ఈమెయిల్ చిరునామాను నమోదు చేయండి,ಮಾನ್ಯ ಇಮೇಲ್ ವಿಳಾಸವನ್ನು ನಮೂದಿಸಿ.,சரியான மின்னஞ்சல் முகவரியை உள்ளிடவும்,માન્ય ઇમેઇલ સરનામું દાખલ કરો,ایک درست ای میل ایڈریس درج کریں۔
FORM_ERROR_MESSAGES,,ENTER_VALID_MOBILE_NUMBER,Enter a valid Mobile Number,मान्य मोबाइल नंबर दर्ज करें,वैध मोबाइल नंबर प्रविष्ट करा,ଏକ ସଠିକ  ମୋବାଇଲ୍ ନମ୍ବର ପ୍ରବେଶ କରନ୍ତୁ,సరైన మొబైల్ నంబర్‌ను నమోదు చేయండి,ಮಾನ್ಯವಾದ ಮೊಬೈಲ್ ಸಂಖ್ಯೆಯನ್ನು ನಮೂದಿಸಿ,சரியான கைபேசி எண்ணை உள்ளிடவும்,માન્ય મોબાઇલ નંબર દાખલ કરો,ایک درست موبائل نمبر درج کریں。
TABLE_TITLE,,NAME,Name,नाम,नाव,ନାମ,పేరు,ಹೆಸರು,பெயர்,નામ,نام
TABLE_TITLE,,STATUS,Status,स्थिति,स्थिती,ସ୍ଥିତି,స్థితి,ಸ್ಥಿತಿ,நிலை,સ્થિતિ,حیثیت
TABLE_TITLE,,CREATED_DATE,Created Date,बनाई गई तिथि,तयार केलेली तारीख,ତିିଆରି ତାରିଖ,సృష్టించిన తేదీ,ರಚಿಸಿದ ದಿನಾಂಕ,உருவாக்கப்பட்ட தேதி,બનાવેલ તારીખ,تخلیق کی تاریخ
TABLE_TITLE,,UPDATED_DATE,Updated Date,अद्यतन तिथि,अद्ययावत केलेली तारीख,ଅପଡେଟ୍ ତାରିଖ,నవీకరించిన తేదీ,ನವೀಕರಿಸಿದ ದಿನಾಂಕ,புதுப்பிக்கப்பட்ட தேதி,અપડેટ તારીખ,تازہ کاری کی تاریخ
TABLE_TITLE,,CREATED_BY,Created By,द्वारा बनाई गई,तयार केलेले द्वारे,କାହାଦ୍ୱାରା ତିିଆରି,సృష్టించిన వారు,ರಚಿಸಿದವರು,உருவாக்கியவர்,દ્વારા બનાવવામાં આવેલ,کے ذریعہ تخلیق کیا گیا۔
TABLE_TITLE,,UPDATED_BY,Updated By,द्वारा अद्यतन,च्या द्वारे अद्ययावत केले,କାହାଦ୍ୱାରା ଅପଡେଟ୍,నవీకరించిన వారు,ನವೀಕರಿಸಿದವರು,புதுப்பித்தவர்,દ્વારા અપડેટ કરાયેલ,کی طرف سے اپ ڈیٹ
TABLE_TITLE,,ACTIONS,Actions,क्रियाएँ,क्रिया,କାର୍ଯ୍ୟ,చర్యలు,ಕ್ರಿಯೆಗಳು,நடவடிக்கைகள்,ક્રિયા,اعمال
TABLE_TITLE,,TYPE,Type,प्रकार,प्रकार,ପ୍ରକାର,రకం,ಪ್ರಕಾರ,வகை,પ્રકાર,قسم
TABLE_TITLE,,STATE,State,राज्य,राज्य,ରାଜ୍ୟ,రాష్ట్రం,ರಾಜ್ಯ,மாநிலம்,રાજય,ریاست
TABLE_TITLE,,DISTRICT_BLOCK,"District, Block","जिला, ब्लॉक","जिल्हा, ब्लॉक","ଜିଲ୍ଲା , ବ୍ଲକ୍","జిల్లా, బ్లాక్","ಜಿಲ್ಲೆ , ಬ್ಲಾಕ್","மாவட்டம், வட்டம்","જિલ્લો ,બ્લોક્",ضلع، بلاک
TABLE_TITLE,,BLOCK,Block,ब्लॉक,ब्लॉक,ବ୍ଲକ୍,బ్లాక్,ಬ್ಲಾಕ್,வட்டம்,બ્લોક,بلاک
TABLE_TITLE,,CENTER,Centers,सेंटर,केंद्रे,କେନ୍ଦ୍ର,కేంద్రాలు,ಕೇಂದ್ರ,மையங்கள்,કેન્દ્ર,مراکز
TABLE_TITLE,,AGE,Age,आयु,वय,ବୟସ ,వయస్సు,ವಯಸ್ಸು,வயது,ઉમર,عمر
TABLE_TITLE,,GENDER,Gender,लिंग,लिंग,ଲିଙ୍ଗ,లింగం,ಲಿಂಗ,பாலினம்,લિંગ,جنس
TABLE_TITLE,,MOBILE,Mobile,मोबाइल,मोबाइल,ମୋବାଇଲ୍,మొబైల్,ಮೊಬೈಲ್,கைபேசி எண்,મોબાઈલ,موبائل
TABLE_TITLE,,ARCHIVED_MEMBERS,Archived Members,संग्रहीत सदस्य,संग्रहीत सदस्य,ସଂରକ୍ଷିତ ସଦସ୍ୟମାନେ,ఆర్కైవ్ చేయబడిన సభ్యులు,ಆರ್ಚಿವ್ ಸದಸ್ಯರು,காப்பகப்படுத்தப்பட்ட (Archived) உறுப்பினர்கள்,સંગ્રહિત સદસ્ય,محفوظ شدہ ممبران
TABLE_TITLE,,ACTIVE_MEMBERS,Active Members,सक्रिय सदस्य,सक्रिय सदस्य,ସକ୍ରିୟ ସଦସ୍ୟ,యాక్టివ్ సభ్యులు,ಸಕ್ರಿಯ ಸದಸ್ಯರು,செயலில் உள்ள உறுப்பினர்கள்,સક્રિય સદસ્ય,ایکٹو ممبرز
TABLE_TITLE,,ACTIVE_LEARNERS,Active Learners,सक्रिय लर्नर्स,सक्रिय विद्यार्थी,ସକ୍ରିୟ ବିଦ୍ୟାର୍ଥୀ,యాక్టివ్ లెర్నర్స్,ಸಕ್ರಿಯ ಕಲಿಯುವವರು,செயலில் உள்ள மாணவர்கள்,સક્રિય વિધ્યાર્થી,فعال سیکھنے والے
TABLE_TITLE,,ARCHIVED_LEARNERS,Archived Learners,संग्रहीत लर्नर्स,संग्रहीत विद्यार्थी,ସଂରକ୍ଷିତ  ବିଦ୍ୟାର୍ଥୀମାନେ,ఆర్కైవ్ చేయబడిన లెర్నర్స్,ಆರ್ಚಿವ್ ಕಲಿಯುವವರು,காப்பகப்படுத்தப்பட்ட மாணவர்கள்,સંગ્રહિત વિધ્યાર્થી,محفوظ شدہ سیکھنے والے
TABLE_TITLE,,CODE,Code,कोड,कोड,କୋଡ୍,కోడ్,ಕೋಡ್ ಈಗಾಗಲೇ ಅಸ್ತಿತ್ವದಲ್ಲಿದೆ.,குறியீடு,કોડ,کوڈ
TABLE_TITLE,,DISTRICT,District,जिला,जिल्हा,ଜିଲ୍ଲା,జిల్లా,ಜಿಲ್ಲೆ,மாவட்டம்,જિલ્લો,ضلع
TABLE_TITLE,,DOB,Date of Birth,जन्म तारीख,जन्म तिथि,ଜନ୍ମ ତାରିଖ,పుట్టిన తేదీ,ಹುಟ್ಟಿದ ದಿನಾಂಕ,பிறந்த தேதி,જન્મ તારીખ,تاریخ پیدائش
TABLE_TITLE,,ID,Id,आधार क्रमांक,पहचान,ପରିଚୟପତ୍ର ସଂଖ୍ୟା,ఐడి,ಐಡಿ,அடையாள எண்,આઈડી,آئی ڈی
TABLE_TITLE,,TITLE,Title,तास,शीर्षक,ଶୀର୍ଷକ,శీర్షిక,ಶೀರ್ಷಿಕೆ,தலைப்பு,શીર્ષક,عنوان
TABLE_TITLE,,KEY,Key,कुञ्जी,कुंजी,ଚାବି ,కీ,ಕೀ,விசை,કી,چابی
TABLE_TITLE,,CONTEXT,Context,संदर्भ,संदर्भ,ପ୍ରସଙ୍ଗ,సందర్భం,ಸಂದರ್ಭ,சூழல்,સંદર્ભ,سیاق و سباق
TABLE_TITLE,,COURSE_NAME,Course Name,कोर्सचे नाव,कोर्स का नाम,ପାଠ୍ୟକ୍ରମ ନାମ,కోర్సు పేరు,ಪಠ್ಯಕ್ರಮದ ಹೆಸರು,பாடநெறி பெயர்,કોર્સનું નામ,کورس کا نام
TABLE_TITLE,,COURSE_STATUS,Course Status,कोर्स स्थिती,कोर्स स्थिति,ପାଠ୍ୟକ୍ରମ ସ୍ଥିତି,కోర్సు స్థితి,ಪಠ್ಯಕ್ರಮದ ಸ್ಥಿತಿ,பாடநெறி நிலை,કોર્સ સ્થિતિ,کورس کی حیثیت
TABLE_TITLE,,ISSUED_DATE,Issued Date,जारी केलेली तारीख,जारी तिथि,ଇସ୍ୟୁ ତାରିଖ,జారీ చేసిన తేదీ,ನೀಡಿದ ದಿನಾಂಕ,வழங்கப்பட்ட தேதி,જારી કરેલી તારીખ,جاری ہونے کی تاریخ
TABLE_TITLE,,USER_ID,User Id,वापरकर्ता आयडी,उपयोगकर्ता आईडी,ୟୁଜରଙ୍କ  ପରିଚୟ,యూజర్ ఐడి,ಯೂಸರ್  ಐಡಿ,பயனர் அடையாள எண்,યુઝર આઈડી,یوزر آئی ڈی
TABLE_TITLE,,COURSE_ID,Course Id,कोर्स आयडी,कोर्स आईडी,କୋର୍ସ ID,కోర్సు ఐడి,ಪಠ್ಯಕ್ರಮ ಐಡಿ,பாடநெறி அடையாள எண்,કોર્સ આઈડી,کورس کی شناخت
WORKSPACE,,EDITOR_WORKSPACE,Editor Workspace,संपादक कार्यस्थान,संपादक कार्यस्थान,ଏଡିଟର କାର୍ଯ୍ୟକ୍ଷେତ୍ର,ఎడిటర్ వర్క్‌స్పేస్,ಎಡಿಟ್ ವರ್ಕ್ ಸ್ಪೇಸ್ ,தொகுப்பாளர் பணியிடம்,એડિટર વર્કસ્પેસ,ایڈیٹر ورک اسپیس
WORKSPACE,,COURSE,Course,कोर्स,कोर्स,କୋର୍ସ,కోర్సు,ಕೋರ್ಸ್,பாடநெறி,અભ્યાસક્રમ,کورس
CONTENT_CREATOR_REVIEWER,,CONTENT_CREATOR,Content Creator,सामग्री निर्माता,सामग्री निर्माता,କଣ୍ଟେଣ୍ଟ କ୍ରିଏଟର୍,కంటెంట్ సృష్టికర్త,ವಿಷಯ ರಚನೆಕಾರ,உள்ளடக்க உருவாக்குநர்,સામગ્રી નિર્માતા,مواد تخلیق کار
CONTENT_CREATOR_REVIEWER,,CONTENT_REVIEWER,Content Reviewer,सामग्री पुनरावलोकनकर्ता,सामग्री समीक्षक,ବିଷୟବସ୍ତୁ ସମୀକ୍ଷକ,కంటెంట్ సమీక్షకుడు,ವಿಷಯ ಪರಿಶೀಲಕರು ,உள்ளடக்க மதிப்பாய்வாளர்,સામગ્રી સમીક્ષક,مواد کا جائزہ لینے والا
CONTENT_CREATOR_REVIEWER,,CONTENT_CREATOR_REVIEWER,Content Creator/Reviewer,सामग्री निर्माता/पुनरावलोकक,सामग्री निर्माता/समीक्षक,ବିଷୟବସ୍ତୁ ସୃଷ୍ଟିକର୍ତ୍ତା/ସମୀକ୍ଷକ,కంటెంట్ సృష్టికర్త/సమీక్షకుడు,ವಿಷಯ ರಚನೆಕಾರ/ಪರಿಶೀಲಕರು ,உள்ளடக்க உருவாக்குநர்/மதிப்பாய்வாளர்,સામગ્રી નિર્માતા/સમીક્ષક,مواد کا تخلیق کار/ جائزہ لینے والا
CONTENT_CREATOR_REVIEWER,,SEARCH_CONTENT_CREATOR,Search content creator...,सामग्री निर्माता शोधा...,सामग्री निर्माता खोजें...,ବିଷୟବସ୍ତୁ ସୃଷ୍ଟିକାରୀଙ୍କୁ ଖୋଜନ୍ତୁ...,కంటెంట్ సృష్టికర్తను శోధించండి...,ವಿಷಯ ರಚನೆಕಾರರನ್ನು ಹುಡುಕಿ...,உள்ளடக்க உருவாக்குநரைத் தேடவும்...,સામગ્રી નિર્માતા શોધો...,مواد کے تخلیق کار کو تلاش کریں...
CONTENT_CREATOR_REVIEWER,,EDIT_CONTENT_CREATOR,Edit content creator,सामग्री निर्माता संपादित करा,सामग्री निर्माता संपादित करें,ବିଷୟବସ୍ତୁ ସୃଷ୍ଟିକାରୀଙ୍କୁ ଏଡିଟ୍ କରନ୍ତୁ,కంటెంట్ సృష్టికర్తను సవరించండి,ವಿಷಯ ರಚನೆಕಾರರನ್ನು ಎಡಿಟ್ ಮಾಡಿ ,உள்ளடக்க உருவாக்குநரைத் திருத்தவும்,સામગ્રી નિર્માતા સંપાદિત કરો,مواد کے تخلیق کار میں ترمیم کریں۔
CONTENT_CREATOR_REVIEWER,,CREATE_CONTENT_CREATOR,Create content creator,सामग्री निर्माता तयार करा,सामग्री निर्माता बनाएँ,କଣ୍ଟେଣ୍ଟ କ୍ରିଏଟର ତିଆରି କରନ୍ତୁ,కంటెంట్ సృష్టికర్తను సృష్టించండి,ವಿಷಯ ರಚನೆಕಾರರನ್ನು ರಚಿಸಿ,உள்ளடக்க உருவாக்குநரை உருவாக்கவும்,સામગ્રી સર્જક બનાવો,مواد تخلیق کار بنائیں
CONTENT_CREATOR_REVIEWER,,EDIT_CONTENT_REVIEWER,Edit content reviewer,सामग्री पुनरावलोकनकर्ता संपादित करा,सामग्री समीक्षक संपादित करें,ବିଷୟବସ୍ତୁ ସମୀକ୍ଷକଙ୍କୁ ଏଡିଟ୍‍ କରନ୍ତୁ,కంటెంట్ సమీక్షకుడిని సవరించండి,ವಿಷಯ ಪರಿಶೀಲಕರು ಎಡಿಟ್ ಮಾಡಿ ,உள்ளடக்க மதிப்பாய்வாளரைத் திருத்தவும்,સામગ્રી સમીક્ષક સંપાદિત કરો,مواد کا جائزہ لینے والے میں ترمیم کریں。
PROGRAM_MANAGEMENT,,PROGRAM_CREATED_SUCCESS,Program Created Successfully!,कार्यक्रम यशस्वीरित्या तयार झाला!,कार्यक्रम सफलतापूर्वक बनाया गया!,କାର୍ଯ୍ୟକ୍ରମ ସଫଳତାର ସହିତ ସୃଷ୍ଟି ହୋଇଛି!,ప్రోగ్రామ్ విజయవంతంగా సృష్టించబడింది!,ಕಾರ್ಯಕ್ರಮವನ್ನು ಯಶಸ್ವಿಯಾಗಿ ರಚಿಸಲಾಗಿದೆ!,திட்டம் வெற்றிகரமாக உருவாக்கப்பட்டது!,પ્રોગ્રામ સફળતાપૂર્વક બનાવવામાં આવ્યો!,پروگرام کامیابی سے بنایا گیا!
PROGRAM_MANAGEMENT,,PROGRAM_DELETED_SUCCESS,Program Deleted Successfully!,कार्यक्रम यशस्वीरित्या हटवला!,कार्यक्रम सफलतापूर्वक हटाया गया!,କାର୍ଯ୍ୟକ୍ରମ ସଫଳତାର ସହିତ ଡିଲିଟ  ହୋଇଛି!,ప్రోగ్రామ్ విజయవంతంగా తొలగించబడింది!,ಕಾರ್ಯಕ್ರಮವನ್ನು ಯಶಸ್ವಿಯಾಗಿ ಅಳಿಸಲಾಗಿದೆ!,திட்டம் வெற்றிகரமாக நீக்கப்பட்டது!,પ્રોગ્રામ સફળતાપૂર્વક કાઢી નાખવામાં આવ્યો!,پروگرام کامیابی سے حذف ہو گیا!
PROGRAM_MANAGEMENT,,PROGRAM_ALREADY_EXISTS,Program Already Exists!,कार्यक्रम आधीच अस्तित्वात आहे!,कार्यक्रम पहले से मौजूद है!,କାର୍ଯ୍ୟକ୍ରମ ପୂର୍ବରୁ ଅଛି!,ప్రోగ్రామ్ ఇప్పటికే ఉంది!,ಕಾರ್ಯಕ್ರಮ ಈಗಾಗಲೇ ಅಸ್ತಿತ್ವದಲ್ಲಿದೆ!,திட்டம் ஏற்கனவே உள்ளது!,પ્રોગ્રામ પહેલેથી જ અસ્તિત્વમાં છે!,پروگرام پہلے سے موجود ہے!
PROGRAM_MANAGEMENT,,DRAFT,Draft,ड्राफ्ट,मसौदा,ଖସଡ଼ା,డ్రాఫ్ట్,ಡ್ರಾಫ್ಟ್ ,வரைவு,ડ્રાફ્ટ,مسودہ
PROGRAM_MANAGEMENT,,MARK_AS_DRAFT,"Yes, Unpublish","होय, प्रकाशित करू नका","हाँ, अनपब्लिश करें","ହଁ, ପ୍ରକାଶିତ ନ କରନ୍ତୁ","అవును, ప్రచురణను తీసివేయండి","ಹೌದು, ಪ್ರಕಟಣೆಯಿಂದ ತೆಗೆದುಹಾಕಿ","ஆம், வெளியீட்டை நீக்கவும்","હા, અપ્રકાશિત",ہاں، غیر شائع کریں۔
PROGRAM_MANAGEMENT,,ARCHIVED,Archived,संग्रहीत,संग्रहीत,ସଂରକ୍ଷିତ ହୋଇଛି,ఆర్కైవ్ చేయబడింది,ಸಂಗ್ರಹಿತ,காப்பகப்படுத்தப்பட்டது,આર્કાઇવ કરેલ,محفوظ شدہ
PROGRAM_MANAGEMENT,,PUBLISHED,Published,प्रकाशित,प्रकाशित,ପ୍ରକାଶିତ,ప్రచురించబడింది,ಪ್ರಕಟಿತ,வெளியிடப்பட்டது,પ્રકાશિત,شائع شدہ
PROGRAM_MANAGEMENT,,PUBLISH,Publish,प्रकाशित करा,प्रकाशित करें,ପ୍ରକାଶ କରନ୍ତୁ,ప్రచురించు,ಪ್ರಕಟಿಸು,வெளியிடவும்,પ્રકાશિત કરો,شائع کریں۔
PROGRAM_MANAGEMENT,,UNPUBLISHED,Unpublish,प्रकाशित न करा,अनपब्लिश करें,ପ୍ରକାଶିତ ନ କରନ୍ତୁ,ప్రచురణను తీసివేయండి,ಪ್ರಕಟಣೆಯಿಂದ ತೆಗೆದುಹಾಕು,வெளியீட்டை நீக்கவும்,પ્રકાશન રદ કરો,غیر شائع کریں۔
PROGRAM_MANAGEMENT,,PROGRAM_PUBLISHED_SUCCESS,Program Published Successfully!,कार्यक्रम यशस्वीरित्या प्रकाशित झाला!,कार्यक्रम सफलतापूर्वक प्रकाशित किया गया!,କାର୍ଯ୍ୟକ୍ରମ ସଫଳତାର ସହିତ ପ୍ରକାଶିତ ହୋଇଛି,ప్రోగ్రామ్ విజయవంతంగా ప్రచురించబడింది!,ಕಾರ್ಯಕ್ರಮ ಯಶಸ್ವಿಯಾಗಿ ಪ್ರಕಟಿತವಾಗಿದೆ!,திட்டம் வெற்றிகரமாக வெளியிடப்பட்டது!,પ્રોગ્રામ સફળતાપૂર્વક પ્રકાશિત થયો!,پروگرام کامیابی کے ساتھ شائع ہوا!
PROGRAM_MANAGEMENT,,PROGRAM_DRAFT,Program marked as a Draft,कार्यक्रम ड्राफ्ट म्हणून चिन्हित केला,कार्यक्रम को मसौदा के रूप में चिह्नित किया गया,କାର୍ଯ୍ୟକ୍ରମ ଖସଡ଼ା ଭାବରେ ଚିହ୍ନିତ ହୋଇଛି,ప్రోగ్రామ్ డ్రాఫ్ట్‌గా గుర్తించబడింది,ಕಾರ್ಯಕ್ರಮ ಡ್ರಾಫ್ಟ್  ಆಗಿ ಗುರುತಿಸಲಾಗಿದೆ,திட்டம் வரைவாகக் குறிக்கப்பட்டது,પ્રોગ્રામ ડ્રાફ્ટ તરીકે ચિહ્નિત થયો,پروگرام کو ڈرافٹ کے بطور نشان زد کیا گیا ہے۔
PROGRAM_MANAGEMENT,,PROGRAM_UPDATED_SUCCESS,Program Updated Successfully!,कार्यक्रम यशस्वीरित्या अपडेट झाला!,कार्यक्रम सफलतापूर्वक अपडेट किया गया!,କାର୍ଯ୍ୟକ୍ରମ ସଫଳତାର ସହିତ ଅପଡେଟ  ହୋଇଛି,ప్రోగ్రామ్ విజయవంతంగా నవీకరించబడింది!,ಕಾರ್ಯಕ್ರಮ ಯಶಸ್ವಿಯಾಗಿ ನವೀಕರಿಸಲಾಗಿದೆ!,திட்டம் வெற்றிகரமாகப் புதுப்பிக்கப்பட்டது!,પ્રોગ્રામ સફળતાપૂર્વક અપડેટ થયો!,پروگرام کو کامیابی کے ساتھ اپ ڈیٹ کیا گیا!
PROGRAM_MANAGEMENT,,SURE_TO_PUBLISH_PROGRAM,"Are you sure, you want to Publish this program?",तुम्ही निश्चितपणे हा कार्यक्रम प्रकाशित करू इच्छिता का?,"क्या आप निश्चित हैं, आप इस कार्यक्रम को प्रकाशित करना चाहते हैं?",ଆପଣ ନିଶ୍ଚିତ କି ଆପଣ ଏହି କାର୍ଯ୍ୟକ୍ରମକୁ ପ୍ରକାଶ କରିବାକୁ ଚାହାଁନ୍ତି?,"మీరు ఖచ్చితంగా, మీరు ఈ ప్రోగ్రామ్‌ను ప్రచురించాలనుకుంటున్నారా?","ನೀವು ಖಚಿತವಾಗಿದ್ದೀರಾ, ಈ ಕಾರ್ಯಕ್ರಮವನ್ನು ಪ್ರಕಟಿಸಲು?",இந்தத் திட்டத்தை வெளியிட விரும்புகிறீர்களா?,શું તમને ખાતરી છે કે તમે આ પ્રોગ્રામ પ્રકાશિત કરવા માંગો છો?,کیا آپ واقعی اس پروگرام کو شائع کرنا چاہتے ہیں؟
PROGRAM_MANAGEMENT,,SURE_TO_REVERT_PROGRAM,"Are you sure you want to unpublish this program, It will be marked as a draft? ",तुम्ही निश्चितपणे हा कार्यक्रम प्रकाशित न करायचा का? हे ड्राफ्ट म्हणून चिन्हित केले जाईल.,"क्या आप निश्चित हैं कि आप इस कार्यक्रम को अनपब्लिश करना चाहते हैं, यह मसौदा के रूप में चिह्नित हो जाएगा?",ଆପଣ ନିଶ୍ଚିତ କି ଏହି କାର୍ଯ୍ୟକ୍ରମକୁ ଅପ୍ରକାଶିତ କରିବାକୁ ଚାହୁଁଛନ୍ତି? ଏହାକୁ ଖସଡ଼ା ଭାବରେ ଚିହ୍ନିତ କରାଯିବ।,ఈ ప్రోగ్రామ్‌ను అన్‌పబ్లిష్ చేయాలనుకుంటున్నారని ఖచ్చితంగా అనుకుంటున్నారా? ఇది డ్రాఫ్ట్‌గా గుర్తించబడుతుంది.,"ಈ ಪ್ರೋಗ್ರಾಂ ಅನ್ನು ಪ್ರಕಟಿಸದಿರಲು ನೀವು ಖಚಿತವಾಗಿ ಬಯಸುವಿರಾ, ಇದನ್ನು ಡ್ರಾಫ್ಟ್ ಎಂದು ಗುರುತಿಸಲಾಗುತ್ತದೆಯೇ?",இந்தத் திட்டத்தின் வெளியீட்டை நீக்க விரும்புகிறீர்களா? இது வரைவாகக் குறிக்கப்படும்.,"શું તમને ખાતરી છે કે તમે આ પ્રોગ્રામને પ્રકાશિત કરવાનું રદ કરવા માંગો છો, તેને ડ્રાફ્ટ તરીકે ચિહ્નિત કરવામાં આવશે?",کیا آپ واقعی اس پروگرام کی اشاعت کو ختم کرنا چاہتے ہیں، اسے ایک مسودہ کے طور پر نشان زد کیا جائے گا؟
PROGRAM_MANAGEMENT,,SURE_PROGRAM_DELETE,Are you sure to delete this program?,तुम्ही हा कार्यक्रम हटवू इच्छिता का?,क्या आप इस कार्यक्रम को हटाना चाहते हैं?,ଆପଣ ନିଶ୍ଚିତ କି ଆପଣ ଏହି କାର୍ଯ୍ୟକ୍ରମକୁ  ଡିଲିଟ  କରିବାକୁ ଚାହାଁନ୍ତି?,మీరు ఖచ్చితంగా ఈ ప్రోగ్రామ్‌ను తొలగించాలనుకుంటున్నారా?,ಈ ಪ್ರೋಗ್ರಾಂ ಅನ್ನು ಅಳಿಸುವುದು ಖಚಿತವೇ?,இந்தத் திட்டத்தை நீக்க விரும்புகிறீர்களா?,શું તમે ખાતરી કરો કે આ પ્રોગ્રામ કાઢી નાખવાનો છે?,کیا آپ واقعی اس پروگرام کو حذف کرنا چاہتے ہیں؟
PROGRAM_MANAGEMENT,,SURE_PUBLISH_PROGRAM_UPDATE,The program is already published. Are you sure you want to update it?,कार्यक्रम आधीच प्रकाशित झाला आहे. तुम्ही नक्कीच त्याला अपडेट करू इच्छिता का?,कार्यक्रम पहले से प्रकाशित है। क्या आप इसे अपडेट करना चाहते हैं?,କାର୍ଯ୍ୟକ୍ରମ ପୂର୍ବରୁ ପ୍ରକାଶିତ ହୋଇଛି। ଆପଣ ନିଶ୍ଚିତ କି ଆପଣ ଏହାକୁ ଅପଡେଟ କରିବାକୁ ଚାହାଁନ୍ତି?,ప్రోగ్రామ్ ఇప్పటికే ప్రచురించబడింది. మీరు ఖచ్చితంగా దీన్ని నవీకరించాలనుకుంటున్నారా?,ಪ್ರೋಗ್ರಾಂ ಅನ್ನು ಈಗಾಗಲೇ ಪ್ರಕಟಿಸಲಾಗಿದೆ. ನೀವು ಅದನ್ನು ನವೀಕರಿಸಲು ಖಚಿತವಾಗಿ ಬಯಸುವಿರಾ?,இந்தத் திட்டம் ஏற்கனவே வெளியிடப்பட்டுள்ளது. இதைப் புதுப்பிக்க விரும்புகிறீர்களா?,પ્રોગ્રામ પહેલેથી જ પ્રકાશિત થયેલ છે. શું તમે ખાતરી કરો કે તમે તેને અપડેટ કરવા માંગો છો?,پروگرام پہلے ہی شائع ہو چکا ہے۔ کیا آپ واقعی اسے اپ ڈیٹ کرنا چاہتے ہیں؟
PROGRAM_MANAGEMENT,,SAVE_AS_DRAFT,Save as Draft,ड्राफ्ट म्हणून सहेज करा,मसौदे के रूप में सहेजें,ଖସଡ଼ା ଭାବରେ ସଂରକ୍ଷଣ କରନ୍ତୁ,డ్రాఫ్ట్‌గా సేవ్ చేయండి,ಡ್ರಾಫ್ಟ್ ಆಗಿ ಉಳಿಸಿ,வரைவாகச் சேமிக்கவும்,ડ્રાફ્ટ તરીકે સાચવો,ڈرافٹ کے طور پر محفوظ کریں۔
PROGRAM_MANAGEMENT,,CONTINUE_PROGRAM,Do you want to continue  or discard the changes?,तुम्हाला पुढे जाण्याची आवश्यकता आहे का किंवा बदल नाकारू इच्छिता?,क्या आप बदलाव जारी रखना चाहते हैं या त्यागना चाहते हैं?,ଆପଣ ପରିବର୍ତ୍ତନଗୁଡ଼ିକୁ ଜାରି ରଖିବାକୁ ଚାହୁଁଛନ୍ତି କି ନା ସେଗୁଡ଼ିକୁ ଡିଲିଟ  କରିବାକୁ ଚାହୁଁଛନ୍ତି?,మీరు మార్పులను కొనసాగించాలనుకుంటున్నారా లేదా విస్మరించాలనుకుంటున్నారా?,ನೀವು ಬದಲಾವಣೆಗಳನ್ನು ಮುಂದುವರಿಸಲು ಅಥವಾ ತ್ಯಜಿಸಲು ಬಯಸುವಿರಾ?,தொடரவா அல்லது மாற்றங்களை நிராகரிக்கவா விரும்புகிறீர்கள்?,શું તમે ચાલુ રાખવા માંગો છો કે ફેરફારો કાઢી નાખવા માંગો છો?,کیا آپ تبدیلیاں جاری رکھنا چاہتے ہیں یا رد کرنا چاہتے ہیں؟
PROGRAM_MANAGEMENT,,DRAFTS,Drafts,ड्राफ्ट,मसौदे,ଖସଡ଼ାଗୁଡିକ,డ్రాఫ్ట్‌లు,ಡ್ರಾಫ್ಟ್‌ಗಳು,வரைவுகள்,ડ્રાફ્ટ્સ,ڈرافٹ
PROGRAM_MANAGEMENT,,DISCARD_CHANGES,Discard Changes,बदल नाकारू,बदलाव त्यागें,ବଦଳଗୁଡ,మార్పులను విస్మరించండి,ಬದಲಾವಣೆಗಳನ್ನು ತ್ಯಜಿಸಿ,மாற்றங்களை நிராகரிக்கவும்,ફેરફારો કાઢી નાખો,تبدیلیاں رد کریں。
NOTIFICATION,,CONTEXT_TYPE,Context Type,संदर्भ प्रकार,संदर्भ प्रकार,ପ୍ରସଙ୍ଗ ପ୍ରକାର,సందర్భ రకం,ಸಂದರ್ಭ ಪ್ರಕಾರ,சூழல் வகை,સંદર્ભ પ્રકાર,سیاق و سباق کی قسم
NOTIFICATION,,ADD_NOTIFICATION_TEMPLATE,Add Notification Template,सूचना टेम्पलेट जोडा,सूचना टेम्पलेट जोड़ें,ଅଧିସୂଚନା ଟେମ୍ପ୍ଲେଟ୍ ଯୋଗ କରନ୍ତୁ,నోటిఫికేషన్ టెంప్లేట్‌ను జోడించండి,ಅಧಿಸೂಚನೆ ಟೆಂಪ್ಲೇಟ್ ಸೇರಿಸಿ,அறிவிப்பு டெம்ப்ளேட்டைச் சேர்க்கவும்,સૂચના ટેમ્પલેટ ઉમેરો,نوٹیفکیشن ٹیمپلیٹ شامل کریں۔
NOTIFICATION,,UPDATE_NOTIFICATION_TEMPLATE,Update Notification Template,सूचना टेम्पलेट अपडेट करा,सूचना टेम्पलेट अपडेट करें,ଅଧିସୂଚନା ଟେମ୍ପ୍ଲେଟ୍ ଅପଡେଟ୍ କରନ୍ତୁ,నోటిఫికేషన్ టెంప్లేట్‌ను నవీకరించండి,ಅಧಿಸೂಚನೆ ಟೆಂಪ್ಲೇಟ್ ಅನ್ನು ನವೀಕರಿಸಿ,அறிவிப்பு டெம்ப்ளேட்டைப் புதுப்பிக்கவும்,સૂચના ટેમ્પલેટ અપડેટ કરો,نوٹیفکیشن ٹیمپلیٹ کو اپ ڈیٹ کریں۔
NOTIFICATION,,PLEASE_FILL_REQUIRED_FIELDS,Please fill in at least one template with both subject and body.,"कृपया कमीत कमी एक टेम्पलेट भरा, ज्यामध्ये विषय आणि सामग्री दोन्ही असावे.",कृपया कम से कम एक टेम्पलेट भरें जिसमें विषय और सामग्री दोनों हो।,ଦୟାକରି ଅତି କମରେ ଗୋଟିଏ ଟେମ୍ପ୍ଲେଟ୍‌ରେ ବିଷୟ ଓ ବଡି ଦୁହିଁ ଭରନ୍ତୁ।,దయచేసి కనీసం ఒక టెంప్లేట్‌ను సబ్జెక్ట్ మరియు బాడీ రెండింటితోనూ పూరించండి.,ದಯವಿಟ್ಟು ವಿಷಯ ಮತ್ತು ಮುಖ್ಯ ಭಾಗ ಎರಡನ್ನೂ ಹೊಂದಿರುವ ಕನಿಷ್ಠ ಒಂದು ಟೆಂಪ್ಲೇಟ್ ಅನ್ನು ಭರ್ತಿ ಮಾಡಿ.,பொருள் மற்றும் உடல் இரண்டையும் சேர்த்து குறைந்தது ஒரு டெம்ப்ளேட்டையாவது நிரப்பவும்,કૃપા કરીને વિષય અને મુખ્ય ભાગ બંને સાથે ઓછામાં ઓછો એક ટેમ્પલેટ ભરો.,براہ کرم موضوع اور باڈی دونوں کے ساتھ کم از کم ایک ٹیمپلیٹ پُر کریں۔
NOTIFICATION,,TEMPLATE_ADDED_SUCCESS,Template Added Successfully!,टेम्पलेट यशस्वीरित्या जोडले!,टेम्पलेट सफलतापूर्वक जोड़ा गया!,ଟେମ୍ପ୍ଲେଟ୍ ସଫଳଭାବରେ ଯୋଗ ହେଲା!,టెంప్లేట్ విజయవంతంగా జోడించబడింది!,ಟೆಂಪ್ಲೇಟ್ ಅನ್ನು ಯಶಸ್ವಿಯಾಗಿ ಸೇರಿಸಲಾಗಿದೆ!,டெம்ப்ளேட் வெற்றிகரமாக சேர்க்கப்பட்டது!,ટેમ્પલેટ સફળતાપૂર્વક ઉમેરાયો!,ٹیمپلیٹ کامیابی کے ساتھ شامل کر دیا گیا!
NOTIFICATION,,TEMPLATE_UPDATED_SUCCESS,Template Updated Successfully!,टेम्पलेट यशस्वीरित्या अपडेट केले!,टेम्पलेट सफलतापूर्वक अपडेट किया गया!,ଟେମ୍ପ୍ଲେଟ୍ ସଫଳଭାବରେ ଅପଡେଟ୍ ହେଲା!,టెంప్లేట్ విజయవంతంగా నవీకరించబడింది!,ಟೆಂಪ್ಲೇಟ್ ಅನ್ನು ಯಶಸ್ವಿಯಾಗಿ ನವೀಕರಿಸಲಾಗಿದೆ!,டெம்ப்ளேட் வெற்றிகரமாகப் புதுப்பிக்கப்பட்டது!,ટેમ્પલેટ સફળતાપૂર્વક અપડેટ થયો!,ٹیمپلیٹ کامیابی کے ساتھ اپ ڈیٹ ہو گیا!
NOTIFICATION,,UNPUBLISHED,Unpublished,प्रकाशित न केलेले,अनपब्लिश,ପ୍ରକାଶିତ ହୋଇନାହିଁ,ప్రచురించబడలేదు,ಅಪ್ರಕಟಿತ,வெளியிடப்படாதது,અપ્રકાશિત,غیر مطبوعہ
NOTIFICATION,,PUBLISHED,Published,प्रकाशित,प्रकाशित,ପ୍ରକାଶିତ,ప్రచురించబడింది,ಪ್ರಕಟಿಸಲಾಗಿದೆ,வெளியிடப்பட்டது,પ્રકાશિત,شائع شدہ
NOTIFICATION,,TEMPLATE,Template,टेम्पलेट,टेम्पलेट,ଟେମ୍ପ୍ଲେଟ୍,టెంప్లేట్,ಟೆಂಪ್ಲೇಟ್,டெம்ப்ளேட் ,નમૂનો,سانچہ
NOTIFICATION,,USE_SAMPLE_TEMPLATE,Use Sample Template,सॅम्पल टेम्पलेट वापरा,नमूना टेम्पलेट उपयोग करें,ନମୁନା ଟେମ୍ପ୍ଲେଟ୍ ବ୍ୟବହାର କରନ୍ତୁ,నమూనా టెంప్లేట్‌ను ఉపయోగించండి,ಮಾದರಿ ಟೆಂಪ್ಲೇಟ್ ಬಳಸಿ,மாதிரி டெம்ப்ளேட்டைப் பயன்படுத்தவும்,નમૂના ટેમ્પલેટનો ઉપયોગ કરો,نمونہ ٹیمپلیٹ استعمال کریں۔
NOTIFICATION,,PREVIEW,Preview,पूर्वावलोकन करा,पूर्वावलोकन,ପୂର୍ବାଦର୍ଶନ,ప్రివ్యూ,ಪೂರ್ವವೀಕ್ಷಣೆ,முன்னோட்டம்,પૂર્વાવલોકન,پیش نظارہ
NOTIFICATION,,RESET,Reset,रीसेट करा,रीसेट,ପୁନଃସେଟ୍,రీసెట్ చేయండి,ಮರುಹೊಂದಿಸಿ,மீட்டமை,રીસેટ,دوبارہ ترتیب دیں۔
NOTIFICATION,,UPDATE_TEMPLATE,Update Template,टेम्पलेट अपडेट करा,टेम्पलेट अपडेट करें,ଟେମ୍ପ୍ଲେଟ୍ ଅପଡେଟ୍ କରନ୍ତୁ,టెంప్లేట్‌ను నవీకరించండి,ಟೆಂಪ್ಲೇಟ್ ಅನ್ನು ನವೀಕರಿಸಿ,டெம்ப்ளேட்டை புதுப்பிக்கவும்,નમૂનો અપડેટ કરો,سانچہ اپ ڈیٹ کریں۔
NOTIFICATION,,DELETE_TEMPLATE_ALERT,Are you sure you want to delete this template?,तुम्ही नक्कीच हा टेम्पलेट हटवू इच्छिता का?,क्या आप निश्चित हैं कि आप इस टेम्पलेट को हटाना चाहते हैं?,ଆପଣ ନିଶ୍ଚିତ କି ଏହି ଟେମ୍ପ୍ଲେଟ୍ ଅପସାରଣ କରିବାକୁ ଚାହୁଁଛନ୍ତି?,మీరు ఈ టెంప్లేట్‌ను తొలగించాలనుకుంటున్నారా?,ಈ ಟೆಂಪ್ಲೇಟ್ ಅನ್ನು ಅಳಿಸಲು ನೀವು ಖಚಿತವಾಗಿ ಬಯಸುವಿರಾ?,இந்த டெம்ப்ளேட்டை நீக்க விரும்புகிறீர்களா?,શું તમે ખરેખર આ ટેમ્પલેટ કાઢી નાખવા માંગો છો?,کیا آپ واقعی اس ٹیمپلیٹ کو حذف کرنا چاہتے ہیں؟
NOTIFICATION,,TEMPLATE_DELETED_SUCCESS,Template with id {{templateId}} deleted successfully,आयडी {{templateId}} असलेला टेम्पलेट यशस्वीरित्या हटवला,टेम्पलेट {{templateId}} सफलतापूर्वक हटाया गया,{{templateId}} ଟେମ୍ପ୍ଲେଟ୍ ସଫଳଭାବରେ ଅପସାରଣ ହେଲା,{{templateId}} అనే ఐడితో టెంప్లేట్ విజయవంతంగా తొలగించబడింది,{{templateId}} ಐಡಿ ಹೊಂದಿರುವ ಟೆಂಪ್ಲೇಟ್ ಅನ್ನು ಯಶಸ್ವಿಯಾಗಿ ಅಳಿಸಲಾಗಿದೆ,{{templateId}} அடையாள எண்ணைக் கொண்ட டெம்ப்ளேட் வெற்றிகரமாக நீக்கப்பட்டது,{templateId}} id ધરાવતો ટેમ્પલેટ સફળતાપૂર્વક કાઢી નાખવામાં આવ્યો,id {{templateId}} والا ٹیمپلیٹ کامیابی کے ساتھ حذف کر دیا گیا۔
NOTIFICATION,,Add_TEMPLATE,Add new Template,नवीन टेम्पलेट जोडा,नया टेम्पलेट जोड़ें,ନୂତନ ଟେମ୍ପ୍ଲେଟ୍ ଯୋଗ କରନ୍ତୁ,కొత్త టెంప్లేట్‌ను జోడించండి,ಹೊಸ ಟೆಂಪ್ಲೇಟ್ ಸೇರಿಸಿ,புதிய டெம்ப்ளேட்டை சேர்க்கவும்,નવું ટેમ્પલેટ ઉમેરો,نیا سانچہ شامل کریں۔
CERTIFICATES,,SEARCHBAR_PLACEHOLDER,Search...,शोधा...,खोजें...,ଖୋଜନ୍ତୁ...,శోధించండి...,ಹುಡುಕಾಟ...,தேடவும்...,શોધો...,تلاش کریں...
CERTIFICATES,,REISSUE_CERTIFICATE,Reissue Certificate,प्रमाणपत्र पुन्हा जारी करा,सर्टिफिकेट फिर से जारी करें,ପୁନଃ ପ୍ରଦାନ କରନ୍ତୁ,సర్టిఫికెట్‌ను తిరిగి జారీ చేయండి,ಪ್ರಮಾಣಪತ್ರವನ್ನು ಮರುವಿತರಣೆ ಮಾಡಿ,சான்றிதழை மீண்டும் வழங்கவும்,પ્રમાણપત્ર ફરીથી જારી કરો,سرٹیفکیٹ دوبارہ جاری کریں۔
CERTIFICATES,,VIEW_CERTIFICATE,View Certificate,प्रमाणपत्र पहा,सर्टिफिकेट देखें,ସର୍ଟିଫିକେଟ୍ ଦେଖନ୍ତୁ,సర్టిఫికెట్‌ను వీక్షించండి,ಪ್ರಮಾಣಪತ್ರವನ್ನು ವೀಕ್ಷಿಸಿ,சான்றிதழைக் காணவும்,પ્રમાણપત્ર જુઓ,سرٹیفکیٹ دیکھیں
CERTIFICATES,,ISSUE_CERTIFICATE,Issue Certificate,प्रमाणपत्र जारी करा,सर्टिफिकेट जारी करें,ସର୍ଟିଫିକେଟ୍ ପ୍ରଦାନ କରନ୍ତୁ,సర్టిఫికెట్ జారీ చేయండి,ಪ್ರಮಾಣಪತ್ರವನ್ನು ನೀಡಿ,சான்றிதழை வழங்கவும்,પ્રમાણપત્ર જારી કરો,سرٹیفکیٹ جاری کریں۔
CERTIFICATES,,ISSUED_CERTIFICATE_SUCCESSFULLY,Issued Certificate Successfully,प्रमाणपत्र यशस्वीरित्या जारी केले,सर्टिफिकेट सफलतापूर्वक जारी किया गया,ସଫଳଭାବରେ ସର୍ଟିଫିକେଟ୍ ଦିଆଗଲା,సర్టిఫికెట్ విజయవంతంగా జారీ చేయబడింది,ಪ್ರಮಾಣಪತ್ರವನ್ನು ಯಶಸ್ವಿಯಾಗಿ ನೀಡಲಾಗಿದೆ,சான்றிதழ் வெற்றிகரமாக வழங்கப்பட்டது,પ્રમાણપત્ર સફળતાપૂર્વક જારી કરો,سرٹیفکیٹ کامیابی کے ساتھ جاری کیا گیا۔
CERTIFICATES,,REISSUED_CERTIFICATE_SUCCESSFULLY,Reissued Certificate Successfully,प्रमाणपत्र यशस्वीरित्या पुन्हा जारी केले,सर्टिफिकेट फिर से जारी किया गया,ସଫଳଭାବରେ ପୁନଃ ସର୍ଟିଫିକେଟ୍ ଦିଆଗଲା,సర్టిఫికెట్ విజయవంతంగా తిరిగి జారీ చేయబడింది,ಪ್ರಮಾಣಪತ್ರವನ್ನು ಯಶಸ್ವಿಯಾಗಿ ನೀಡಲಾಗಿದೆ,சான்றிதழ் வெற்றிகரமாக மீண்டும் வழங்கப்பட்டது,પ્રમાણપત્ર ફરીથી જારી કરો,سرٹیفکیٹ کامیابی کے ساتھ دوبارہ جاری کر دیا گیا۔
CERTIFICATES,,REISSUED_CERTIFICATE_FAILED,Failed to Reissued Certificate,प्रमाणपत्र पुन्हा जारी करण्यात अयशस्वी,सर्टिफिकेट फिर से जारी करने में विफल,ସର୍ଟିଫିକେଟ୍ ପୁନଃ ଦେବାରେ ବିଫଳ,సర్టిఫికెట్ తిరిగి జారీ చేయడంలో విఫలమైంది,ಪ್ರಮಾಣಪತ್ರವನ್ನು ಮರುವಿತರಿಸಲಾಗಿದೆ,சான்றிதழை மீண்டும் வழங்க முடியவில்லை,પ્રમાણપત્ર ફરીથી જારી કરવામાં નિષ્ફળ,دوبارہ جاری کردہ سرٹیفکیٹ میں ناکام
CERTIFICATES,,ISSUE_CERTIFICATE_ALERT,Are you sure you want to issue a certificate for the following details?,तुम्ही खालील तपशीलांसाठी प्रमाणपत्र जारी करू इच्छिता का?,क्या आप निश्चित हैं कि आप निम्नलिखित विवरणों के लिए सर्टिफिकेट जारी करना चाहते हैं?,ଆପଣ ନିଶ୍ଚିତ କି ନିମ୍ନଲିଖିତ ବିବରଣୀ ପାଇଁ ସର୍ଟିଫିକେଟ୍ ଦେବାକୁ ଚାହୁଁଛନ୍ତି?,మీరు ఈ క్రింది వివరాల కోసం సర్టిఫికెట్‌ను జారీ చేయాలనుకుంటున్నారా?,ಈ ಕೆಳಗಿನ ವಿವರಗಳಿಗೆ ಪ್ರಮಾಣಪತ್ರ ನೀಡಲು ನೀವು ಖಚಿತವಾಗಿ ಬಯಸುವಿರಾ?,பின்வரும் விவரங்களுக்கு சான்றிதழை வழங்க விரும்புகிறீர்களா?,શું તમે ખરેખર નીચેની વિગતો માટે પ્રમાણપત્ર જારી કરવા માંગો છો?,کیا آپ واقعی درج ذیل تفصیلات کے لیے سرٹیفکیٹ جاری کرنا چاہتے ہیں؟
CERTIFICATES,,REISSUE_CERTIFICATE_ALERT,Are you sure you want to reissue a certificate for the following details?,तुम्ही खालील तपशीलांसाठी प्रमाणपत्र पुन्हा जारी करू इच्छिता का?,क्या आप निश्चित हैं कि आप निम्नलिखित विवरणों के लिए सर्टिफिकेट फिर से जारी करना चाहते हैं?,ଆପଣ ନିଶ୍ଚିତ କି ନିମ୍ନଲିଖିତ ବିବରଣୀ ପାଇଁ ପୁନଃ ସର୍ଟିଫିକେଟ୍ ଦେବାକୁ ଚାହୁଁଛନ୍ତି?,మీరు ఈ క్రింది వివరాల కోసం సర్టిఫికెట్‌ను తిరిగి జారీ చేయాలనుకుంటున్నారా?,ಈ ಕೆಳಗಿನ ವಿವರಗಳಿಗೆ ಪ್ರಮಾಣಪತ್ರವನ್ನು ಮರು ನೀಡಲು ನೀವು ಖಚಿತವಾಗಿ ಬಯಸುವಿರಾ?,பின்வரும் விவரங்களுக்கு சான்றிதழை மீண்டும் வழங்க விரும்புகிறீர்களா?,શું તમે ખરેખર નીચેની વિગતો માટે પ્રમાણપત્ર ફરીથી જારી કરવા માંગો છો?,کیا آپ واقعی درج ذیل تفصیلات کے لیے سرٹیفکیٹ دوبارہ جاری کرنا چاہتے ہیں؟
CERTIFICATES,,FIRST_NAME,First Name:,पहिले नाव:,पहला नाम:,ପ୍ରଥମ ନାମ:,మొదటి పేరు:,ಮೊದಲ ಹೆಸರು:,முதல் பெயர்:,પ્રથમ નામ:,پہلا نام:
CERTIFICATES,,MIDDLE_NAME,Middle Name:,मधले नाव:,मध्यम नाम:,ମଧ୍ୟମ ନାମ:,మధ్య పేరు:,ಮಧ್ಯದ ಹೆಸರು:,இடைப்பெயர்:,મધ્યમ નામ:,درمیانی نام:
CERTIFICATES,,LAST_NAME,Last Name:,आखिरी नाव:,अंतिम नाम:,ଶେଷ ନାମ:,చివరి పేరు:,ಕೊನೆಯ ಹೆಸರು:,கடைசி பெயர்:,છેલ્લું નામ:,آخری نام:
CERTIFICATES,,COURSE_NAME,Course Name:,कोर्सचे नाव:,कोर्स का नाम:,ପାଠ୍ୟକ୍ରମର ନାମ:,కోర్సు పేరు:,ಕೋರ್ಸ್ ಹೆಸರು:,பாடநெறி பெயர்:,અભ્યાસક્રમનું નામ:,کورس کا نام:
CERTIFICATES,,REISSUE_CERTIFICATE_CONFIRMATION,Reissue certificate confirmation,प्रमाणपत्र पुन्हा जारी करण्याची पुष्टी,सर्टिफिकेट फिर से जारी करने की पुष्टि,ସର୍ଟିଫିକେଟ୍ ପୁନଃ ଦେବାର ନିଶ୍ଚିତି,పునః జారీ సర్టిఫికెట్ నిర్ధారణ,ಪ್ರಮಾಣಪತ್ರವನ್ನು ಮರು ನೀಡಿಕೆ ದೃಢೀಕರಣ,சான்றிதழை மீண்டும் வழங்கும் உறுதிப்படுத்தல்,પ્રમાણપત્ર પુષ્ટિકરણ ફરીથી જારી કરો,تصدیق نامہ دوبارہ جاری کریں۔
CERTIFICATES,,ISSUE_CERTIFICATE_CONFIRMATION,Issue certificate confirmation,प्रमाणपत्र जारी करण्याची पुष्टी,सर्टिफिकेट जारी करने की पुष्टि,ସର୍ଟିଫିକେଟ୍ ପ୍ରଦାନ ନିଶ୍ଚିତି,జారీ సర్టిఫికెట్ నిర్ధారణ,ಪ್ರಮಾಣಪತ್ರ ದೃಢೀಕರಣ,சான்றிதழ் வழங்கும் உறுதிப்படுத்தல்,પ્રમાણપત્ર પુષ્ટિકરણ જારી કરો,سرٹیفکیٹ کی تصدیق جاری کریں۔
CERTIFICATES,,COURSE_CERTIFICATE,Course certificate,कोर्स प्रमाणपत्र,कोर्स सर्टिफिकेट,କୋର୍ସ ସର୍ଟିଫିକେଟ୍,కోర్సు సర్టిఫికెట్,ಕೋರ್ಸ್ ಪ್ರಮಾಣಪತ್ರ,பாடநெறி சான்றிதழ்,અભ્યાસક્રમ પ્રમાણપત્ર,کورس کا سرٹیفکیٹ
CERTIFICATES,,DOWNLOAD,Ceritificate Download,प्रमाणपत्र डाउनलोड करा,सर्टिफिकेट डाउनलोड करें,ସର୍ଟିଫିକେଟ୍ ଡାଉନଲୋଡ୍,సర్టిఫికేట్ డౌన్‌లోడ్,ಪ್ರಮಾಣಪತ್ರ ಡೌನ್‌ಲೋಡ್,சான்றிதழைப் பதிவிறக்கவும்,પ્રમાણપત્ર ડાઉનલોડ કરો,سرٹیفکیٹ ڈاؤن لوڈ کریں۔
CERTIFICATES,,DOWNLOAD_CERTIFICATE_SUCCESSFULLY,Download Certificate Successfully,प्रमाणपत्र यशस्वीरित्या डाउनलोड केले,सर्टिफिकेट सफलतापूर्वक डाउनलोड करें,ସଫଳଭାବରେ ସର୍ଟିଫିକେଟ୍ ଡାଉନଲୋଡ୍ ହେଲା,సర్టిఫికెట్‌ను విజయవంతంగా డౌన్‌లోడ్ చేసుకోండి,ಪ್ರಮಾಣಪತ್ರವನ್ನು ಯಶಸ್ವಿಯಾಗಿ ಡೌನ್‌ಲೋಡ್ ಮಾಡಿ,சான்றிதழ் வெற்றிகரமாகப் பதிவிறக்கப்பட்டது,પ્રમાણપત્ર સફળતાપૂર્વક ડાઉનલોડ કરો,سرٹیفکیٹ کامیابی کے ساتھ ڈاؤن لوڈ کریں۔
MENTOR,,NEW_MENTOR,New Mentor,नवीन मेंटर,नया मेंटर,ନୂତନ ମେଣ୍ଟର,కొత్త మెంటర్,ಹೊಸ ಮೆಂಟರ್ ,புதிய வழிகாட்டி,નવા માર્ગદર્શક,نیا سرپرست
MENTOR,,NEW_MENTOR_LEAD,New Central Head,नवीन मेंटर लीड,नया मेंटर लीड,ନୂତନ ମେଣ୍ଟର ଲିଡ୍,కొత్త మెంటర్ లీడ్,ಹೊಸ ಸೆಂಟರ್ ಹೆಡ್ ,புதிய வழிகாட்டி தலைவர்,નવા માર્ગદર્શક લીડ,نیو مینٹر لیڈ
MENTOR,,NO_MENTOR_FOUND,No Mentor Found,कोणताही मेंटर सापडला नाही,कोई मेंटर नहीं मिला,କୌଣସି ମେଣ୍ଟର ମିଳିଲା ନାହିଁ,మెంటర్ కనుగొనబడలేదు,ಯಾವುದೇ ಮೆಂಟರ್  ಕಂಡುಬಂದಿಲ್ಲ,எந்த வழிகாட்டியும் கிடைக்கவில்லை,કોઈ માર્ગદર્શક મળ્યો નથી,کوئی سرپرست نہیں ملا
MENTOR,,MENTOR_CREATED_SUCCESSFULLY,"The mentor account has been created successfully, and the credentials have been sent","मेंटर खाते यशस्वीरित्या तयार झाले आहे, आणि क्रेडेन्शियल्स लवकरच पाठवले जातील","मेंटर खाता सफलतापूर्वक बनाया गया है, और क्रेडेंशियल्स भेजे गए हैं",ମେଣ୍ଟର ଆକାଉଣ୍ଟ ସଫଳଭାବରେ ତିଆରି ହୋଇଛି ଏବଂ ଆବଶ୍ୟକ ତଥ୍ୟ ପଠାଯାଇଛି,మెంటర్ ఖాతా విజయవంతంగా సృష్టించబడింది మరియు లాగిన్ వివరాలు పంపబడ్డాయి.,"ಮೆಂಟರ್ ಖಾತೆಯನ್ನು ಯಶಸ್ವಿಯಾಗಿ ರಚಿಸಲಾಗಿದೆ, ಮತ್ತು ರುಜುವಾತುಗಳನ್ನು ಕಳುಹಿಸಲಾಗಿದೆ","வழிகாட்டி கணக்கு வெற்றிகரமாக உருவாக்கப்பட்டது, மேலும் சான்றுகள் அனுப்பப்பட்டுள்ளன","માર્ગદર્શક ખાતું સફળતાપૂર્વક બનાવવામાં આવ્યું છે, અને ઓળખપત્રો મોકલવામાં આવ્યા છે.",سرپرست اکاؤنٹ کامیابی کے ساتھ بنایا گیا ہے، اور اسناد بھیج دی گئی ہیں۔
MENTOR,,MENTOR_CREATED,The mentor account has been created successfully,मेंटर खाते यशस्वीरित्या तयार झाले आहे,मेंटर खाता सफलतापूर्वक बनाया गया,ମେଣ୍ଟର ଆକାଉଣ୍ଟ ସଫଳଭାବରେ ତିଆରି ହେଲା,మెంటర్ ఖాతా విజయవంతంగా సృష్టించబడింది, ಮೆಂಟರ್ ಖಾತೆಯನ್ನು ಯಶಸ್ವಿಯಾಗಿ ರಚಿಸಲಾಗಿದೆ,வழிகாட்டி கணக்கு வெற்றிகரமாக உருவாக்கப்பட்டது,માર્ગદર્શક ખાતું સફળતાપૂર્વક બનાવવામાં આવ્યું છે.,سرپرست اکاؤنٹ کامیابی کے ساتھ بنا دیا گیا ہے۔
MENTOR,,MENTOR_CREATED_FAILED,Failed to create mentor account,मेंटर खाते तयार करण्यात अयशस्वी,मेंटर खाता बनाने में विफल,ମେଣ୍ଟର ଆକାଉଣ୍ଟ ତିଆରି କରିବାରେ ବିଫଳ,మెంటర్ ఖాతాను సృష్టించడంలో విఫలమైంది,ಮೆಂಟರ್  ಖಾತೆಯನ್ನು ರಚಿಸಲು ವಿಫಲವಾಗಿದೆ,வழிகாட்டி கணக்கை உருவாக்குவதில் தோல்வி,માર્ગદર્શક ખાતું બનાવવામાં નિષ્ફળ,سرپرست اکاؤنٹ بنانے میں ناکام
MENTOR,,FINISH_ASSIGN,Finish & Assign,पूर्ण करा आणि नियुक्त करा,समाप्त & असाइन करें,ସମାପ୍ତ କରନ୍ତୁ ଏବଂ ନିଯୁକ୍ତ କରନ୍ତୁ,ముగించు & కేటాయించు,ಮುಗಿಸಿ ಮತ್ತು ನಿಯೋಜಿಸಿ,முடித்து ஒதுக்கவும்,સમાપ્ત કરો અને સોંપો,ختم کریں اور تفویض کریں۔
MENTOR,,VILLAGES_SELECTED,villages selected,गाव निवडले,चयनित गांव,ଗ୍ରାମ ଚୟନ କରାଯାଇଛି,ఎంచుకున్న గ్రామాలు,ಗ್ರಾಮಗಳನ್ನು ಆಯ್ಕೆ ಮಾಡಲಾಗಿದೆ,தேர்ந்தெடுக்கப்பட்ட கிராமங்கள்,ગામો પસંદ કર્યા,گاؤں کا انتخاب
MENTOR,,DISTRICTS,Districts,जिल्हे,जिले,ଜିଲ୍ଲା,జిల్లాలు,ಜಿಲ್ಲೆಗಳು,மாவட்டங்கள்,જિલ્લાઓ,اضلاع
MENTOR,,ASSIGN_VILLAGES_FINISH,"You can complete this later at your own pace. However, the villages will only be assigned once you click on ‘Finish.’","तुम्ही हे नंतर आपल्या गतीनुसार पूर्ण करू शकता. तथापि, गाव फक्त ‘पूर्ण करा’ या बटणावर क्लिक केल्यानंतरच नियुक्त केले जातील.","आप इसे बाद में अपनी गति से पूरा कर सकते हैं। हालांकि, गांव केवल तभी असाइन किए जाएंगे जब आप ‘समाप्त’ पर क्लिक करेंगे।","ଆପଣ ଏହାକୁ ନିଜ ଗତିରେ ପରେ ପୂରଣ କରିପାରିବେ, କିନ୍ତୁ ‘ସମାପ୍ତ’ ଉପରେ କ୍ଲିକ୍ କରିଲେ ମାନେ ଗ୍ରାମ ନିଯୁକ୍ତ ହେବେ।","మీరు దీన్ని తర్వాత మీ స్వంత వేగంతో పూర్తి చేయవచ్చు. అయితే, మీరు ‘ముగించు’పై క్లిక్ చేసిన తర్వాత మాత్రమే గ్రామాలు కేటాయించబడతాయి.","ನೀವು ಇದನ್ನು ನಂತರ ನಿಮ್ಮ ಸ್ವಂತ ವೇಗದಲ್ಲಿ ಪೂರ್ಣಗೊಳಿಸಬಹುದು. ಆದಾಗ್ಯೂ, ನೀವು ‘ಮುಕ್ತಾಯ’ ಕ್ಲಿಕ್ ಮಾಡಿದ ನಂತರ ಮಾತ್ರ ಗ್ರಾಮಗಳನ್ನು ನಿಯೋಜಿಸಲಾಗುತ್ತದೆ.","இதை நீங்கள் பின்னர் உங்கள் வசதிக்கேற்ப முடிக்கலாம். இருப்பினும், ‘முடி’ என்பதைக் கிளிக் செய்த பிறகே கிராமங்கள் ஒதுக்கப்படும்.","તમે આ પ્રક્રિયા તમારી અનુકૂળતા મુજબ પછીથી પણ પૂર્ણ કરી શકો છો. જો કે, જ્યાં સુધી તમે ‘Finish & Assign’ પર ક્લિક નહીં કરો, ત્યાં સુધી બેચ અસાઇન કરવામાં આવશે નહીં.
",آپ اسے بعد میں اپنی رفتار سے مکمل کر سکتے ہیں۔ تاہم، گاؤں کو صرف ایک بار تفویض کیا جائے گا جب آپ 'Finish' پر کلک کریں گے۔
MENTOR,,ASSIGN_VILLAGES_FROM_BLOCKS,Assign Villages from Blocks,ब्लॉक्समधून गाव नियुक्त करा,ब्लॉकों से गांव असाइन करें,ବ୍ଲକ୍‌ରୁ ଗ୍ରାମ ନିଯୁକ୍ତ କରନ୍ତୁ,బ్లాక్‌ల నుండి గ్రామాలను కేటాయించండి,ಬ್ಲಾಕ್‌ಗಳಿಂದ ಗ್ರಾಮಗಳನ್ನು ನಿಯೋಜಿಸಿ,வட்டங்களிலிருந்து கிராமங்களை ஒதுக்கவும்,બ્લોકમાંથી ગામડાઓ સોંપો,بلاکس سے گاؤں تفویض کریں۔
MENTOR,,BACK_TO_FORM,Back to form,फॉर्मवर परत जा,फॉर्म पर वापस जाएं,ଫର୍ମକୁ ଫେରନ୍ତୁ,ఫారమ్‌కి తిరిగి వెళ్లండి,ಫಾರ್ಮ್‌ಗೆ ಹಿಂತಿರುಗಿ,படிவத்திற்குத் திரும்பவும்,ફોર્મ પર પાછા જાઓ,واپس فارم پر
MENTOR,,SEARCH_VILLAGES,Search villages..,गाव शोधा..,गांव खोजें..,ଗ୍ରାମ ଖୋଜନ୍ତୁ..,గ్రామాలను శోధించండి..,ಗ್ರಾಮಗಳನ್ನು ಹುಡುಕಿ..,கிராமங்களைத் தேடவும்..,ગામ શોધો..,گاؤں تلاش کریں..
,,WHATS_YOUR_GENDER,Gender,लिंग,लिंग,ଲିଙ୍ଗ,లింగం,ಲಿಂಗ,பாலினம்,લિંગ,جنس
,,WORKING_STATE,Working State,काम करणारे राज्य,कार्यरत राज्य,କାମ କରୁଥିବା ରାଜ୍ୟ,పని చేసే రాష్ట్రం,ಕೆಲಸ ಮಾಡುವ ರಾಜ್ಯ,பணிபுரியும் மாநிலம்,કામ કરતું રાજ્ય,کام کرنے والی ریاست
,,first_name,First Name,पहिले नाव,पहला नाम,ପ୍ରଥମ ନାମ,మొదటి పేరు,ಮೊದಲ ಹೆಸರು,முதல் பெயர்,પ્રથમ નામ,پہلا نام
,,last_name,Last Name,आखिरी नाव,अंतिम नाम,ଶେଷ ନାମ,చివరి పేరు,ಕೊನೆಯ ಹೆಸರು,கடைசி பெயர்,છેલ્લું નામ,آخری نام
,,phone_number,Phone Number,फोन नंबर,फोन नंबर,ଫୋନ୍ ନମ୍ବର,ఫోన్ నంబర్,ದೂರವಾಣಿ ಸಂಖ್ಯೆ,தொலைபேசி எண்,ફોન નંબર,فون نمبر
,,STATE,State,राज्य,राज्य,ରାଜ୍ୟ,రాష్ట్రం,ರಾಜ್ಯ,மாநிலம்,રાજ્ય,ریاست
,,BLOCK,Block,ब्लॉक,ब्लॉक,ବ୍ଲକ୍,బ్లాక్,ಬ್ಲಾಕ್,வட்டம்,બ્લોક,بلاک
,,VILLAGE,Village,गाव,गांव,ଗ୍ରାମ,గ్రామం,ಗ್ರಾಮ,கிராமம்,ગામ,گاؤں
,,MALE,Male,पुरुष,पुरुष,ପୁରୁଷ,పురుషుడు,ಪುರುಷ,ஆண்,પુરુષ,مرد
,,FEMALE,Female,महिला,महिला,ମହିଳା,స్త్రీ,ಮಹಿಳೆ,பெண்,સ્ત્રી,خاتون
,,TRANSGENDER,Transgender,ट्रांसजेंडर,ट्रांसजेंडर,ଟ୍ରାନ୍ସଜେଣ୍ଡର ,ట్రాన్స్‌జెండర్,ಟ್ರಾನ್ಸ್‌ಜೆಂಡರ್,திருநங்கை,ટ્રાન્સજેન્ડર,ٹرانس جینڈر
,,dob,DOB,जन्म तारीख,जन्म तिथि,ଜନ୍ମ ତାରିଖ,పుట్టిన తేదీ ,ಜನ್ಮ ದಿನಾಂಕ,பிறந்த தேதி,dob,ڈوب
,,email,Email,ईमेल,ईमेल,ଇମେଲ୍,ఇమెయిల్,ಇಮೇಲ್,மின்னஞ்சல்,ઈમેલ,ای میل
,,UNIT_NAME,Unit Name,युनिटचे नाव,यूनिट नाम,ଇୁନିଟ୍ ନାମ,యూనిట్ పేరు,ಯುನಿಟ್  ಹೆಸರು,அலகின் பெயர்,યુનિટનું નામ,یونٹ کا نام
,,TYPE_OF_CENTER,Type of Center,केंद्राचा प्रकार,केंद्र का प्रकार,କେନ୍ଦ୍ର ପ୍ରକାର,కేంద్రం రకం,ಕೇಂದ್ರದ ಪ್ರಕಾರ,மைய வகை,કેન્દ્રનો પ્રકાર,مرکز کی قسم
,,MY_MAIN_SUBJECTS,Main subjects,मुख्य विषय,मुख्य विषय,ପ୍ରଧାନ ବିଷୟ,ప్రధాన విషయాలు,ಮುಖ್ಯ ವಿಷಯಗಳು,முக்கியப் பாடங்கள்,મુખ્ય વિષયો,اہم مضامین
,,LIFE_SKILLS,Life Skills,जीवन कौशल्ये,जीवन कौशल,ଜୀବନ କୌଶଳ,జీవిత నైపుణ్యాలు,ಜೀವನ ಕೌಶಲ್ಯ,வாழ்க்கைத் திறன்கள்,જીવન કૌશલ્ય,زندگی کی مہارتیں
,,ENGLISH,English,इंग्रजी,अंग्रेजी,ଇଂରାଜୀ,ఇంగ్లీష్,ಇಂಗ್ಲಿಷ್,ஆங்கிலம்,અંગ્રેજી,انگریزی
,,HOME_SCIENCE,Home Science,घर विज्ञान,गृह विज्ञान,ଘର ବିଜ୍ଞାନ,హోమ్ సైన్స్,ಗೃಹ ವಿಜ್ಞಾನ,ஹோம் சயின்ஸ்,ગૃહ વિજ્ઞાન,ہوم سائنس
,,MATH,Math,गणित,गणित,ଗଣିତ,గణితం,ಗಣಿತ,கணிதம்,ગણિત,ریاضی
,,LANGUAGE,Language,भाषा,भाषा,ଭାଷା,భాష,ಭಾಷೆ,மொழி,ભાષા,زبان
,,SCIENCE,Science,विज्ञान,विज्ञान,ବିଜ୍ଞାନ,సైన్స్,ವಿಜ್ಞಾನ,அறிவியல்,વિજ્ઞાન,سائنس
,,SOCIAL_SCIENCE,Social Science,सामाजिक विज्ञान,सामाजिक विज्ञान,ସାମାଜିକ ବିଜ୍ଞାନ,సామాజిక శాస్త్రం,ಸಮಾಜ ವಿಜ್ಞಾನ,சமூக அறிவியல்,સામાજિક વિજ્ઞાન,سوشل سائنس
,,SUBJECTS_I_TEACH,Subject I Teach,मी शिकवतो तो विषय,मैं जो विषय पढ़ाता हूँ,ମୁଁ ପଢ଼ାଉଥିବା ବିଷୟ,నేను బోధించే విషయం,ನಾನು ಕಲಿಸುವ ವಿಷಯ,நான் கற்பிக்கும் பாடம்,હું જે વિષય ભણાવું છું,مضمون میں پڑھاتا ہوں۔
,,MOTHER_NAME,Mother Name,आईचे नाव,माता का नाम,ମା’ଙ୍କ ନାମ,తల్లి పేరు,ತಾಯಿಯ ಹೆಸರು,தாயின் பெயர்,માતાનું નામ,ماں کا نام
,,HIGHEST_EDCATIONAL_QUALIFICATION_OR_LAST_PASSED_GRADE,Highest Educational Qualification or Last Passed Grade,उच्च शैक्षणिक पात्रता किंवा शेवटचा उत्तीर्ण वर्ग,उच्चतम शैक्षिक योग्यता या अंतिम उत्तीर्ण कक्षा,ସର୍ବାଧିକ ଶିକ୍ଷାଗତ ଯୋଗ୍ୟତା ବା ଶେଷ ଉତ୍ତୀର୍ଣ୍ଣ କ୍ଲାସ,అత్యున్నత విద్యార్హత లేదా చివరి గ్రేడ్ ఉత్తీర్ణత,ಅತ್ಯುನ್ನತ ಶೈಕ್ಷಣಿಕ ಅರ್ಹತೆ ಅಥವಾ ಕೊನೆಯ ಉತ್ತೀರ್ಣವಾದ ತರಗತಿ ,உயர்ந்த கல்வித் தகுதி அல்லது கடைசியாக தேர்ச்சி பெற்ற வகுப்பு,ઉચ્ચતમ શૈક્ષણિક લાયકાત અથવા છેલ્લો ગ્રેડ પાસ કરેલ,اعلیٰ ترین تعلیمی قابلیت یا آخری پاس شدہ گریڈ
,,MARITAL_STATUS,Marital Status,विवाहिक स्थिती,वैवाहिक स्थिति,ବୈବାହିକ ସ୍ଥିତି ,వైవాహిక స్థితి,ವೈವಾಹಿಕ ಸ್ಥಿತಿ,திருமண நிலை,વૈવાહિક સ્થિતિ,ازدواجی حیثیت
,,TYPE_OF_PHONE_AVAILABLE,Type of Phone Available,उपलब्ध फोनचा प्रकार,उपलब्ध फोन का प्रकार,ଉପଲବ୍ଧ ଫୋନ୍ ପ୍ରକାର,అందుబాటులో ఉన్న ఫోన్ రకం,ಲಭ್ಯವಿರುವ ಫೋನ್ ಪ್ರಕಾರ,கிடைக்கக்கூடிய தொலைபேசி வகை,ઉપલબ્ધ ફોનનો પ્રકાર,دستیاب فون کی قسم
,,SMARTPHONE,Smartphone,स्मार्टफोन,स्मार्टफोन,ସ୍ମାର୍ଟଫୋନ୍,స్మార్ట్‌ఫోన్,ಸ್ಮಾರ್ಟ್‌ಫೋನ್,ஸ்மார்ட்போன்,સ્માર્ટફોન,اسمارٹ فون
,,KEYPAD,Keypad,कीपॅड,कीपैड,କୀପ୍ୟାଡ୍,కీప్యాడ్,ಕೀಪ್ಯಾಡ್,கீபேட்,કીપેડ,کی پیڈ
,,DOES_THIS_PHONE_BELONG_TO_YOU,Does This Phone Belong to You?,हा फोन तुमचा आहे का?,क्या यह फोन आपके पास है?,ଏହି ଫୋନ୍ ଆପଣଙ୍କର କି?,ఈ ఫోన్ మీకు చెందుతుందా?,ಈ ಫೋನ್ ನಿಮಗೆ ಸೇರಿದೆಯೇ?,இந்தத் தொலைபேசி உங்களுடையதா?,શું આ ફોન તમારો છે?,کیا یہ فون آپ کا ہے؟
,,YES,Yes,होय,हाँ,ହଁ,అవును,ಹೌದು,ஆம்,હા,جی ہاں
,,NO,No,नाही,नहीं,ନା,కాదు,ಇಲ್ಲ,இல்லை,ના,نہیں
,,confirm_password,Confirm Password,पासवर्ड पुष्टी करा,पासवर्ड की पुष्टि करें,ପାସୱାର୍ଡ ନିଶ୍ଚିତ କରନ୍ତୁ,పాస్‌వర్డ్‌ను నిర్ధారించండి,ಪಾಸ್‌ವರ್ಡ್ ದೃಢೀಕರಿಸಿ,கடவுச்சொல்லை உறுதிப்படுத்தவும்,પાસવર્ડ કન્ફર્મ કરો,پاس ورڈ کی تصدیق کریں۔
,,USERNAME,Username,वापरकर्तानाव,उपयोगकर्ता नाम,ୟୁଜର ନାମ,యూజర్ పేరు,ಯೂಸರ್  ಹೆಸರು,பயனர் பெயர்,યુઝરનેમ,صارف نام
,,NAME_OF_GUARDIAN,Name of Guardian,पालकाचे नाव,अभिभावक का नाम,ଅଭିଭାବକଙ୍କ ନାମ,గార్డియన్ పేరు,ಪಾಲಕರ  ಹೆಸರು,பாதுகாவலரின் பெயர்,વાલીનું નામ,سرپرست کا نام
,,RELATION_WITH_GUARDIAN,Relation with Guardian,पालकाशी नाते,अभिभावक के साथ संबंध,ଅଭିଭାବକଙ୍କ ସହ ସମ୍ପର୍କ,గార్డియన్‌తో సంబంధం,ಪಾಲಕರೊಂದಿಗಿನ  ಸಂಬಂಧ,பாதுகாவலருடன் உள்ள உறவு,વાલી સાથેનો સંબંધ,گارڈین کے ساتھ تعلق
,,PARENT_GUARDIAN_PHONE_NO,Parent/Guardian Phone No,पालक/संरक्षक फोन नंबर,अभिभावक/पालक का फोन नंबर,ଅଭିଭାବକ/ଅଭିଭାବକଙ୍କ ଫୋନ୍ ନମ୍ବର,తల్లిదండ్రులు/గార్డియన్ ఫోన్ నంబర్,ಪೋಷಕರು/ಪಾಲಕರು  ಫೋನ್ ಸಂಖ್ಯೆ,பெற்றோர் / பாதுகாவலரின் தொலைபேசி எண்,માતાપિતા/વાલીનો ફોન નંબર,والدین/سرپرست فون نمبر
,,WHAT_IS_YOUR_PREFERRED_MODE_OF_LEARNING,What is Your Preferred Mode of Learning?,तुमचा शिकण्याचा प्राधान्य मोड काय आहे?,आपकी पसंदीदा अध्ययन विधि क्या है?,ଆପଣଙ୍କର ପସନ୍ଦର ଶିକ୍ଷା ପଦ୍ଧତି କ’ଣ?,మీరు ఇష్టపడే అభ్యాస విధానం ఏమిటి?,ನಿಮ್ಮ ಆದ್ಯತೆಯ ಕಲಿಕಾ ವಿಧಾನ ಯಾವುದು?,நீங்கள் விரும்பும் கற்றல் முறை என்ன?,તમારી પસંદગીની શિક્ષણ પદ્ધતિ શું છે?,سیکھنے کا آپ کا پسندیدہ طریقہ کیا ہے؟
,,REASON_FOR_DROP_OUT_FROM_SCHOOL,Reason for drop out from School,शाळेपासून ड्रॉपआउट होण्याचे कारण,स्कूल छोड़ने का कारण,ସ୍କୁଲ ଛାଡିବାର କାରଣ,పాఠశాల నుండి డ్రాప్ అవుట్ కావడానికి కారణం,ಶಾಲೆಯಿಂದ ಹೊರಗುಳಿಯಲು ಕಾರಣ,பள்ளி இடைநிற்றலுக்கான காரணம்,શાળા છોડી દેવાનું કારણ,سکول چھوڑنے کی وجہ
,,ARE_YOU_CURRENTLY_WORKING_IF_YES_CHOOSE_THE_DOMAIN,"Are You Currently Working? If Yes, Choose the Domain","तुम्ही सध्या काम करत आहात का? होय असल्यास, क्षेत्र निवडा","क्या आप वर्तमान में काम कर रहे हैं? यदि हाँ, तो क्षेत्र चुनें","ଆପଣ ବର୍ତ୍ତମାନ କାମ କରୁଛନ୍ତି କି? ଯଦି ହଁ, ତେବେ ଡୋମେନ୍ ବାଛନ୍ତୁ","మీరు ప్రస్తుతం పని చేస్తున్నారా? అవును అయితే, డొమైన్‌ను ఎంచుకోండి","ನೀವು ಪ್ರಸ್ತುತ ಕೆಲಸ ಮಾಡುತ್ತಿದ್ದೀರಾ? ಹೌದು ಎಂದಾದರೆ, ಡೊಮೇನ್ ಆಯ್ಕೆಮಾಡಿ","நீங்கள் தற்போது வேலை செய்கிறீர்களா? ஆம் எனில், துறையைத் தேர்ந்தெடுக்கவும்","શું તમે હાલમાં કામ કરી રહ્યા છો? જો હા, તો ડોમેન પસંદ કરો",کیا آپ فی الحال کام کر رہے ہیں؟ اگر ہاں، تو ڈومین کا انتخاب کریں۔
,,WHAT_DO_YOU_WANT_TO_BECOME,What do you want to become?,तुम्ही काय बनू इच्छिता?,आप क्या बनना चाहते हैं?,ଆପଣ କଣ ହେବାକୁ ଚାହୁଁଛନ୍ତି?,మీరు ఏమి కావాలనుకుంటున్నారు?,ನೀವು ಏನಾಗಲು ಬಯಸುತ್ತೀರಿ?,நீங்கள் என்ன ஆக விரும்புகிறீர்கள்?,તમે શું બનવા માંગો છો?,آپ کیا بننا چاہتے ہیں؟
,,CENTER,Center,केंद्र:,केंद्र,କେନ୍ଦ୍ର,కేంద్రం,ಕೇಂದ್ರ,மையம்,કેન્દ્ર,مرکز:
,,BOARD,Board,बोर्ड,बोर्ड,ବୋର୍ଡ,బోర్డు,ಬೋರ್ಡ್ ,வாரியம்,બોર્ડ,بورڈ
,,MEDIUM,Medium,माध्यम,माध्यम,ମଧ୍ୟମ,మధ్యస్థం,ಮಾಧ್ಯಮ ,பயிற்று மொழி,મધ્યમ,درمیانہ
,,GRADE,Grade,ग्रेड,कक्षा,ଗ୍ରେଡ୍,గ్రేడ్,ತರಗತಿ ,வகுப்பு,ગ્રેડ,گریڈ
,,REGULAR,Regular,सामान्य,नियमित,ନିୟମିତ,రెగ్యులర్,ರೆಗ್ಯುಲರ್ ,ரெகுலர்,નિયમિત,باقاعدہ
,,REMOTE,Remote,दूरदर्शन,दूरस्थ,ରିମୋଟ ,రిమోట్,ರಿಮೋಟ್,ரிமோட்,દૂરસ્થ,ریموٹ
,,IS_VOLUNTEER,Is Volunteer,स्वयंसेवक आहे,क्या यह स्वयंसेवक है?,ସ୍ୱେଚ୍ଛାସେବକ କି,వాలంటీర్,ಸ್ವಯಂಸೇವಕ,தன்னார்வலரா?,સ્વયંસેવક છે,رضاکار ہے۔
,,middle_name,Middle Name,मधले नाव,मध्यम नाम,ମଧ୍ୟ ନାମ,మధ్య పేరు,ಮಧ್ಯದ ಹೆಸರು,இடைப்பெயர் ,મધ્યમ નામ,درمیانی نام
CONTENT_CREATORS,,SEARCHBAR_PLACEHOLDER,Search content creator..,कन्टेन्ट क्रिएटर शोधा..,सामग्री निर्माता खोजें..,ବିଷୟବସ୍ତୁ ସୃଷ୍ଟିକର୍ତ୍ତା ଖୋଜନ୍ତୁ..,కంటెంట్ సృష్టికర్త కోసం శోధించండి..,ವಿಷಯ ರಚನೆಕಾರರನ್ನು ಹುಡುಕಿ..,உள்ளடக்க உருவாக்குநரைத் தேடவும்..,કન્ટેન્ટ સર્જક શોધો..,مواد کے تخلیق کار کو تلاش کریں..
CONTENT_CREATORS,,NEW_CONTENT_CREATOR,New Content Creator,नवीन कन्टेन्ट क्रिएटर,नया सामग्री निर्माता,ନୂତନ କଣ୍ଟେଣ୍ଟ   କ୍ରିଏଟର,కొత్త కంటెంట్ సృష్టికర్త,ಹೊಸ ವಿಷಯ ರಚನೆಕಾರ,புதிய உள்ளடக்க உருவாக்குநர்,નવું કન્ટેન્ટ સર્જક,نیا مواد تخلیق کار
CONTENT_CREATORS,,FIRST_SELECT_REQUIRED_FIELDS,First select required fields,सर्वप्रथम आवश्यक फील्ड निवडा,पहले आवश्यक फ़ील्ड चुनें,ପ୍ରଥମେ ଆବଶ୍ୟକ ତଥ୍ୟ ଚୟନ କରନ୍ତୁ,మొదట అవసరమైన ఫీల్డ్‌లను ఎంచుకోండి,ಮೊದಲು ಅಗತ್ಯವಿರುವ ಕ್ಷೇತ್ರಗಳನ್ನು ಆಯ್ಕೆಮಾಡಿ,முதலில் தேவையான புலங்களைத் தேர்ந்தெடுக்கவும்,પહેલા જરૂરી ફીલ્ડ્સ પસંદ કરો,پہلے مطلوبہ فیلڈز منتخب کریں۔
CONTENT_CREATORS,,CONTENT_CREATOR_CREATED_SUCCESSFULLY,Content Creator has been successfully created!,कन्टेन्ट क्रिएटर यशस्वीरित्या तयार झाला आहे!,सामग्री निर्माता सफलतापूर्वक बनाया गया!,କଣ୍ଟେଣ୍ଟ କ୍ରିଏଟର ସଫଳଭାବରେ ତିଆରି ହେଲେ!,కంటెంట్ సృష్టికర్త విజయవంతంగా సృష్టించబడింది!,ವಿಷಯ ರಚನೆಕಾರರನ್ನು ಯಶಸ್ವಿಯಾಗಿ ರಚಿಸಲಾಗಿದೆ!,உள்ளடக்க உருவாக்குநர் வெற்றிகரமாக உருவாக்கப்பட்டார்!,કન્ટેન્ટ ક્રિએટર સફળતાપૂર્વક બનાવવામાં આવ્યું છે!,مواد تخلیق کار کو کامیابی کے ساتھ بنایا گیا ہے!
CONTENT_CREATORS,,USER_CREDENTIALS_WILL_BE_SEND_SOON,"Content Creator is created, credentials will be sent soon","कन्टेन्ट क्रिएटर तयार झाला आहे, क्रेडेन्शियल्स लवकरच पाठवले जातील","सामग्री निर्माता बनाया गया है, क्रेडेंशियल्स जल्द ही भेजे जाएंगे","କଣ୍ଟେଣ୍ଟ କ୍ରିଏଟର ତିଆରି ହୋଇଛି, ତଥ୍ୟ ସିଘ୍ର ଭିତରେ ପଠାଯିବ","కంటెంట్ సృష్టికర్త సృష్టించబడింది, ఆధారాలు త్వరలో పంపబడతాయి","ವಿಷಯ ರಚನೆಕಾರರನ್ನು ರಚಿಸಲಾಗಿದೆ, ರುಜುವಾತುಗಳನ್ನು ಶೀಘ್ರದಲ್ಲೇ ಕಳುಹಿಸಲಾಗುತ್ತದೆ","உள்ளடக்க உருவாக்குநர் உருவாக்கப்பட்டார், உள்நுழைவு விவரங்கள் விரைவில் அனுப்பப்படும்","કન્ટેન્ટ ક્રિએટર બનાવવામાં આવ્યું છે, ઓળખપત્રો ટૂંક સમયમાં મોકલવામાં આવશે",مواد کا تخلیق کار بنایا گیا ہے، اسناد جلد بھیج دی جائیں گی۔
CONTENT_CREATORS,,CONTENT_CREATOR_UPDATED_SUCCESSFULLY,Content Creator has been successfully updated!,कन्टेन्ट क्रिएटर यशस्वीरित्या अपडेट झाला आहे!,सामग्री निर्माता सफलतापूर्वक अपडेट किया गया!,କଣ୍ଟେଣ୍ଟ କ୍ରିଏଟର ସଫଳଭାବରେ ଅପଡେଟ୍ ହେଲେ!,కంటెంట్ సృష్టికర్త విజయవంతంగా నవీకరించబడింది!,ವಿಷಯ ರಚನೆಕಾರರನ್ನು ಯಶಸ್ವಿಯಾಗಿ ನವೀಕರಿಸಲಾಗಿದೆ!,உள்ளடக்க உருவாக்குநர் வெற்றிகரமாகப் புதுப்பிக்கப்பட்டார்!,કન્ટેન્ટ ક્રિએટર સફળતાપૂર્વક અપડેટ કરવામાં આવ્યું છે!,مواد تخلیق کار کو کامیابی کے ساتھ اپ ڈیٹ کر دیا گیا ہے!
CONTENT_CREATORS,,EDIT_CONTENT_CREATOR,Edit Content Creator,कन्टेन्ट क्रिएटर संपादित करा,सामग्री निर्माता संपादित करें,କଣ୍ଟେଣ୍ଟ କ୍ରିଏଟର ସମ୍ପାଦନ କରନ୍ତୁ,కంటెంట్ సృష్టికర్తను సవరించండి,ವಿಷಯ ರಚನೆಕಾರರನ್ನು ಸಂಪಾದಿಸಿ,உள்ளடக்க உருவாக்குநரைத் திருத்தவும்,કન્ટેન્ટ ક્રિએટરને સંપાદિત કરો,مواد تخلیق کار میں ترمیم کریں۔
CONTENT_CREATORS,,NOT_ABLE_UPDATE_CONTENT_CREATOR,Not able to update Content Creator,कन्टेन्ट क्रिएटर अपडेट करता आले नाही,सामग्री निर्माता को अपडेट करने में सक्षम नहीं,କଣ୍ଟେଣ୍ଟ କ୍ରିଏଟର ଅପଡେଟ୍ କରିପାରିଲା ନାହିଁ,కంటెంట్ సృష్టికర్తను నవీకరించలేకపోయారు,ವಿಷಯ ರಚನೆಕಾರರನ್ನು ನವೀಕರಿಸಲು ಸಾಧ್ಯವಾಗುತ್ತಿಲ್ಲ,உள்ளடக்க உருவாக்குநரைப் புதுப்பிக்க முடியவில்லை,કન્ટેન્ટ ક્રિએટરને અપડેટ કરી શકતા નથી,مواد تخلیق کار کو اپ ڈیٹ کرنے کے قابل نہیں ہے۔
CONTENT_CREATORS,,NOT_ABLE_CREATE_CONTENT_CREATOR,Not able to create Content Creator,कन्टेन्ट क्रिएटर तयार करता आले नाही,सामग्री निर्माता बनाने में सक्षम नहीं,କଣ୍ଟେଣ୍ଟ କ୍ରିଏଟର ତିଆରି କରିପାରିଲା ନାହିଁ,కంటెంట్ సృష్టికర్తను సృష్టించలేకపోయారు,ವಿಷಯ ರಚನೆಕಾರರನ್ನು ರಚಿಸಲು ಸಾಧ್ಯವಾಗುತ್ತಿಲ್ಲ,உள்ளடக்க உருவாக்குநரை உருவாக்க முடியவில்லை,કન્ટેન્ટ ક્રિએટર બનાવી શકતા નથી,Content Creator بنانے کے قابل نہیں۔
CONTENT_CREATORS,,UPDATE_CONTENT_CREATOR,Update Content Creator,कन्टेन्ट क्रिएटर अपडेट करा,सामग्री निर्माता अपडेट करें,କଣ୍ଟେଣ୍ଟ କ୍ରିଏଟର ଅପଡେଟ୍ କରନ୍ତୁ,కంటెంట్ సృష్టికర్తను నవీకరించండి,ವಿಷಯ ರಚನೆಕಾರರನ್ನು ನವೀಕರಿಸಿ,உள்ளடக்க உருவாக்குநரைப் புதுப்பிக்கவும்,કન્ટેન્ટ ક્રિએટર અપડેટ કરો,مواد تخلیق کار کو اپ ڈیٹ کریں۔
CONTENT_REVIEWERS,,SEARCHBAR_PLACEHOLDER,Search content reviewer..,कन्टेन्ट रिव्ह्यूअर शोधा..,सामग्री समीक्षक खोजें..,ବିଷୟବସ୍ତୁ ସମୀକ୍ଷକଙ୍କୁ ଖୋଜନ୍ତୁ...,కంటెంట్ సమీక్షకుడిని శోధించండి..,ವಿಷಯ ಪರಿಶೀಲಕರನ್ನು  ಹುಡುಕಿ..,உள்ளடக்க மதிப்பாய்வாளரைத் தேடவும்..,કન્ટેન્ટ સમીક્ષક શોધો..,مواد کا جائزہ لینے والا تلاش کریں..
CONTENT_REVIEWERS,,NEW_CONTENT_REVIEWER,New Content Reviewer,नवीन कन्टेन्ट रिव्ह्यूअर,नया सामग्री समीक्षक,ନୂତନ ବିଷୟ ସମୀକ୍ଷକ ,కొత్త కంటెంట్ సమీక్షకుడు,ಹೊಸ ವಿಷಯ ಪರಿಶೀಲಕರು ,புதிய உள்ளடக்க மதிப்பாய்வாளர்,નવો સામગ્રી સમીક્ષક,نیا مواد کا جائزہ لینے والا
CONTENT_REVIEWERS,,FIRST_SELECT_REQUIRED_FIELDS,First select required fields,सर्वप्रथम आवश्यक फील्ड निवडा,पहले आवश्यक फ़ील्ड चुनें,ପ୍ରଥମେ ଆବଶ୍ୟକ କ୍ଷେତ୍ରଗୁଡିକ ଚୟନ କରନ୍ତୁ,మొదట అవసరమైన ఫీల్డ్‌లను ఎంచుకోండి,ಮೊದಲು ಅಗತ್ಯವಿರುವ ಕ್ಷೇತ್ರಗಳನ್ನು ಆಯ್ಕೆಮಾಡಿ,முதலில் தேவையான புலங்களைத் தேர்ந்தெடுக்கவும்,પહેલા જરૂરી ક્ષેત્રો પસંદ કરો,پہلے مطلوبہ فیلڈز منتخب کریں۔
CONTENT_REVIEWERS,,CONTENT_REVIEWER_CREATED_SUCCESSFULLY,Content Reviewer has been successfully created!,कन्टेन्ट रिव्ह्यूअर यशस्वीरित्या तयार झाला आहे!,सामग्री समीक्षक सफलतापूर्वक बनाया गया!,ବିଷୟବସ୍ତୁ ସମୀକ୍ଷକ ସଫଳତାର ସହିତ ସୃଷ୍ଟି ହୋଇଛନ୍ତି!,కంటెంట్ సమీక్షకుడు విజయవంతంగా సృష్టించబడ్డాడు!,ವಿಷಯ ಪರಿಶೀಲಕರನ್ನು ಯಶಸ್ವಿಯಾಗಿ ರಚಿಸಲಾಗಿದೆ!,உள்ளடக்க மதிப்பாய்வாளர் வெற்றிகரமாக உருவாக்கப்பட்டார்!,"કન્ટેન્ટ રિવ્યુઅર સફળતાપૂર્વક બનાવવામાં આવ્યા છે!
",مواد کا جائزہ لینے والا کامیابی سے بنا دیا گیا ہے!
CONTENT_REVIEWERS,,USER_CREDENTIALS_WILL_BE_SEND_SOON,"Content Reviewer is created, credentials will be sent soon","कन्टेन्ट रिव्ह्यूअर तयार झाला आहे, क्रेडेन्शियल्स लवकरच पाठवले जातील","सामग्री समीक्षक बनाया गया है, क्रेडेंशियल्स जल्द ही भेजे जाएंगे","ବିଷୟବସ୍ତୁ ସମୀକ୍ଷକ ସଫଳତାର ସହିତ ସୃଷ୍ଟି ହୋଇଛନ୍ତି। ଲଗଇନ୍ ବିବରଣୀ ଖୁବ ଶୀଘ୍ର ପଠାଯିବ।""","కంటెంట్ సమీక్షకుడు సృష్టించబడ్డాడు, ఆధారాలు త్వరలో పంపబడతాయి","ವಿಷಯ ಪರಿಶೀಲಕರನ್ನು ರಚಿಸಲಾಗಿದೆ, ರುಜುವಾತುಗಳನ್ನು ಶೀಘ್ರದಲ್ಲೇ ಕಳುಹಿಸಲಾಗುತ್ತದೆ","உள்ளடக்க மதிப்பாய்வாளர் உருவாக்கப்பட்டார், உள்நுழைவு விவரங்கள் விரைவில் அனுப்பப்படும்","કન્ટેન્ટ રિવ્યુઅર (સામગ્રી સમીક્ષક) બનાવવામાં આવ્યા છે, લોગિન વિગતો (ક્રેડેન્શિયલ્સ) ટૂંક સમયમાં મોકલવામાં આવશે",مواد کا جائزہ لینے والے کو کامیابی کے ساتھ اپ ڈیٹ کر دیا گیا ہے!
CONTENT_REVIEWERS,,CONTENT_REVIEWER_UPDATED_SUCCESSFULLY,Content Reviewer has been successfully updated!,कन्टेन्ट रिव्ह्यूअर यशस्वीरित्या अपडेट केला आहे!,सामग्री समीक्षक सफलतापूर्वक अपडेट किया गया!,ବିଷୟବସ୍ତୁ ସମୀକ୍ଷକଙ୍କ ସୂଚନା ସଫଳତାର ସହିତ ଅପଡେଟ  କରାଯାଇଛି!,కంటెంట్ సమీక్షకుడు విజయవంతంగా నవీకరించబడ్డాడు!,ವಿಷಯ ಪರಿಶೀಲಕರನ್ನು ಯಶಸ್ವಿಯಾಗಿ ನವೀಕರಿಸಲಾಗಿದೆ!,உள்ளடக்க மதிப்பாய்வாளர் வெற்றிகரமாகப் புதுப்பிக்கப்பட்டார்!,"કન્ટેન્ટ રિવ્યુઅર સફળતાપૂર્વક અપડેટ કરવામાં આવ્યા છે!
",
CONTENT_REVIEWERS,,EDIT_CONTENT_REVIEWER,Edit Content Reviewer,कन्टेन्ट रिव्ह्यूअर संपादित करा,सामग्री समीक्षक संपादित करें,ବିଷୟବସ୍ତୁ ସମୀକ୍ଷକଙ୍କ ସୂଚନା ସମ୍ପାଦନ କରନ୍ତୁ,కంటెంట్ సమీక్షకుడిని సవరించండి,ಎಡಿಟ್ ವಿಷಯ ಪರಿಶೀಲಕರು ,உள்ளடக்க மதிப்பாய்வாளரைத் திருத்தவும்,સામગ્રી સમીક્ષક સંપાદિત કરો,مواد کا جائزہ لینے والے میں ترمیم کریں۔
CONTENT_REVIEWERS,,NOT_ABLE_UPDATE_CONTENT_REVIEWER,Not able to update Content Reviewer,कन्टेन्ट रिव्ह्यूअर अपडेट करता आले नाही,सामग्री समीक्षक को अपडेट करने में सक्षम नहीं,ବିଷୟବସ୍ତୁ ସମୀକ୍ଷକଙ୍କ ସୂଚନା ଅପଡେଟ କରାଯାଇପାରିଲା ନାହିଁ।,కంటెంట్ సమీక్షకుడిని నవీకరించలేకపోయారు,ವಿಷಯ ಪರಿಶೀಲಕರನ್ನು ನವೀಕರಿಸಲು ಸಾಧ್ಯವಾಗುತ್ತಿಲ್ಲ,உள்ளடக்க மதிப்பாய்வாளரைப் புதுப்பிக்க முடியவில்லை,સામગ્રી સમીક્ષકને અપડેટ કરવામાં અસમર્થ,مواد کا جائزہ لینے والے کو اپ ڈیٹ کرنے کے قابل نہیں ہے۔
CONTENT_REVIEWERS,,NOT_ABLE_CREATE_CONTENT_REVIEWER,Not able to create Content Reviewer,कन्टेन्ट रिव्ह्यूअर तयार करता आले नाही,सामग्री समीक्षक बनाने में सक्षम नहीं,ବିଷୟବସ୍ତୁ ସମୀକ୍ଷକ ସୃଷ୍ଟି କରାଯାଇପାରିଲା ନାହିଁ।,కంటెంట్ సమీక్షకుడిని సృష్టించలేకపోయారు,ವಿಷಯ ಪರಿಶೀಲಕರನ್ನು ರಚಿಸಲು ಸಾಧ್ಯವಾಗುತ್ತಿಲ್ಲ,உள்ளடக்க மதிப்பாய்வாளரை உருவாக்க முடியவில்லை,કન્ટેન્ટ રિવ્યૂઅર બનાવી શકતા નથી,مواد کا جائزہ لینے والا بنانے کے قابل نہیں ہے۔
CONTENT_REVIEWERS,,UPDATE_CONTENT_REVIEWER,Update Content Reviewer,कन्टेन्ट रिव्ह्यूअर अपडेट करा,सामग्री समीक्षक अपडेट करें,ବିଷୟବସ୍ତୁ ସମୀକ୍ଷକକୁ  ଅପଡେଟ  କରନ୍ତୁ,కంటెంట్ సమీక్షకుడిని నవీకరించండి,ವಿಷಯ ಪರಿಶೀಲಕರನ್ನು ನವೀಕರಿಸಿ,உள்ளடக்க மதிப்பாய்வாளரைப் புதுப்பிக்கவும்,કન્ટેન્ટ રિવ્યૂઅર અપડેટ કરો,مواد کا جائزہ لینے والے کو اپ ڈیٹ کریں۔
STATE_LEADS,,SEARCHBAR_PLACEHOLDER,Search State Lead..,राज्य लीड शोधा..,राज्य लीड खोजें..,ରାଜ୍ୟ ନେତୃତ୍ୱକୁ ଖୋଜନ୍ତୁ..,స్టేట్ లీడ్‌ను శోధించండి..,ಸ್ಟೇಟ್ ಲೀಡ್ ಅನ್ನು ಹುಡುಕಿ,மாநிலத் தலைவரைத் தேடவும்..,સ્ટેટ લીડ શોધો..,ریاستی قیادت کو تلاش کریں..
STATE_LEADS,,NEW_STATE_LEAD,New State Lead,नवीन राज्य लीड,नया राज्य लीड,ନୂତନ ରାଜ୍ୟ ନେତୃତ୍ୱ,కొత్త స్టేట్ లీడ్,ಹೊಸ ರಾಜ್ಯ ಲೀಡ್,புதிய மாநிலத் தலைவர்,નવું સ્ટેટ લીડ,نئی ریاستی قیادت
STATE_LEADS,,FIRST_SELECT_REQUIRED_FIELDS,First select required fields,सर्वप्रथम आवश्यक फील्ड निवडा,पहले आवश्यक फ़ील्ड चुनें,ପ୍ରଥମେ ଆବଶ୍ୟକ କ୍ଷେତ୍ରଗୁଡିକ ଚୟନ କରନ୍ତୁ,ముందుగా అవసరమైన ఫీల్డ్‌లను ఎంచుకోండి,ಮೊದಲು ಅಗತ್ಯವಿರುವ ಕ್ಷೇತ್ರಗಳನ್ನು ಆಯ್ಕೆಮಾಡಿ,முதலில் தேவையான புலங்களைத் தேர்ந்தெடுக்கவும்,પહેલા જરૂરી ફીલ્ડ્સ પસંદ કરો,پہلے مطلوبہ فیلڈز منتخب کریں۔
STATE_LEADS,,STATE_LEAD_CREATED_SUCCESSFULLY,State Lead has been successfully created!,राज्य लीड यशस्वीरित्या तयार झाला आहे!,राज्य लीड सफलतापूर्वक बनाया गया!,ରାଜ୍ୟ ନେତୃତ୍ୱ ସଫଳତାର ସହିତ ସୃଷ୍ଟି ହୋଇଛି!,స్టేట్ లీడ్ విజయవంతంగా సృష్టించబడింది!,ರಾಜ್ಯ ಲೀಡ್ ಅನ್ನು ಯಶಸ್ವಿಯಾಗಿ ರಚಿಸಲಾಗಿದೆ!,மாநிலத் தலைவர் வெற்றிகரமாக உருவாக்கப்பட்டார்!,સ્ટેટ લીડ સફળતાપૂર્વક બનાવવામાં આવ્યું છે!,ریاستی قیادت کامیابی کے ساتھ بنائی گئی ہے!
STATE_LEADS,,USER_CREDENTIALS_WILL_BE_SEND_SOON,"State Lead is created, credentials will be sent soon","राज्य लीड तयार झाला आहे, क्रेडेन्शियल्स लवकरच पाठवले जातील","राज्य लीड बनाया गया है, क्रेडेंशियल्स जल्द ही भेजे जाएंगे",ରାଜ୍ୟ ଲିଡ୍ ସଫଳତାର ସହିତ ସୃଷ୍ଟି ହୋଇଛନ୍ତି। ଲଗଇନ୍ ବିବରଣୀ ଖୁବ ଶୀଘ୍ର ପଠାଯିବ,"స్టేట్ లీడ్ సృష్టించబడింది, ఆధారాలు త్వరలో పంపబడతాయి","ರಾಜ್ಯ ಲೀಡ್ ಅನ್ನು ರಚಿಸಲಾಗಿದೆ, ರುಜುವಾತುಗಳನ್ನು ಶೀಘ್ರದಲ್ಲೇ ಕಳುಹಿಸಲಾಗುತ್ತದೆ","மாநிலத் தலைவர் உருவாக்கப்பட்டார், உள்நுழைவு விவரங்கள் விரைவில் அனுப்பப்படும்","સ્ટેટ લીડ બનાવવામાં આવ્યું છે, ઓળખપત્રો ટૂંક સમયમાં મોકલવામાં આવશે",سٹیٹ لیڈ بن گیا ہے، اسناد جلد بھیج دی جائیں گی۔
STATE_LEADS,,STATE_LEAD_UPDATED_SUCCESSFULLY,State Lead has been successfully updated!,राज्य लीड यशस्वीरित्या अपडेट झाला आहे!,राज्य लीड सफलतापूर्वक अपडेट किया गया!,ରାଜ୍ୟ ନେତୃତ୍ୱ ସଫଳତାର ସହିତ ଅପଡେଟ  ହୋଇଛି!,స్టేట్ లీడ్ విజయవంతంగా నవీకరించబడింది!,ರಾಜ್ಯ ಲೀಡ್ ಅನ್ನು ಯಶಸ್ವಿಯಾಗಿ ನವೀಕರಿಸಲಾಗಿದೆ!,மாநிலத் தலைவர் வெற்றிகரமாகப் புதுப்பிக்கப்பட்டார்!,સ્ટેટ લીડ સફળતાપૂર્વક અપડેટ કરવામાં આવ્યું છે!,ریاستی قیادت کو کامیابی کے ساتھ اپ ڈیٹ کر دیا گیا ہے!
STATE_LEADS,,EDIT_STATE_LEAD,Edit State Lead,राज्य लीड संपादित करा,राज्य लीड संपादित करें,ରାଜ୍ୟ ନେତୃତ୍ୱକୁ ସମ୍ପାଦନ କରନ୍ତୁ,స్టేట్ లీడ్‌ను సవరించండి,ಎಡಿಟ್  ಸ್ಟೇಟ್ ಲೀಡ್,மாநிலத் தலைவரைத் திருத்தவும்,સ્ટેટ લીડ સંપાદિત કરો,اسٹیٹ لیڈ میں ترمیم کریں۔
STATE_LEADS,,NOT_ABLE_UPDATE_STATE_LEAD,Not able to update State Lead,राज्य लीड अपडेट करता आले नाही,राज्य लीड को अपडेट करने में सक्षम नहीं,ରାଜ୍ୟ ନେତୃତ୍ୱକୁ ଅପଡେଟ  କରିପାରିଲା ନାହିଁ,స్టేట్ లీడ్‌ను నవీకరించలేకపోయాము,ರಾಜ್ಯ ಲೀಡ್ ಅನ್ನು ನವೀಕರಿಸಲು ಸಾಧ್ಯವಾಗುತ್ತಿಲ್ಲ,மாநிலத் தலைவரைப் புதுப்பிக்க முடியவில்லை,સ્ટેટ લીડ અપડેટ કરી શકાતું નથી,اسٹیٹ لیڈ کو اپ ڈیٹ کرنے کے قابل نہیں ہے۔
STATE_LEADS,,NOT_ABLE_CREATE_STATE_LEAD,Not able to create State Lead,राज्य लीड तयार करता आले नाही,राज्य लीड बनाने में सक्षम नहीं,ରାଜ୍ୟ ନେତୃତ୍ୱ ସୃଷ୍ଟି କରିପାରିଲା ନାହିଁ,స్టేట్ లీడ్‌ను సృష్టించలేకపోయాము,ರಾಜ್ಯ ಲೀಡ್ ಅನ್ನು ರಚಿಸಲು ಸಾಧ್ಯವಾಗುತ್ತಿಲ್ಲ,மாநிலத் தலைவரை உருவாக்க முடியவில்லை,રાજ્ય લીડ બનાવી શકાતું નથી,ریاستی قیادت بنانے کے قابل نہیں ہے۔
STATE_LEADS,,UPDATE_STATE_LEAD,Update State Lead,राज्य लीड अपडेट करा,राज्य लीड अपडेट करें,ରାଜ୍ୟ ନେତୃତ୍ୱକୁ ଅପଡେଟ କରନ୍ତୁ ,స్టేట్ లీడ్‌ను నవీకరించండి,ರಾಜ್ಯ ಲೀಡ್ ಅನ್ನು ನವೀಕರಿಸಿ,மாநிலத் தலைவரைப் புதுப்பிக்கவும்,રાજ્ય લીડ અપડેટ કરો,اسٹیٹ لیڈ کو اپ ڈیٹ کریں۔
MENTORS,,SEARCHBAR_PLACEHOLDER,Search mentors..,मेंटर्स शोधा..,मेंटर खोजें..,ମେଣ୍ଟର ସନ୍ଧାନ କରନ୍ତୁ..,మెంటార్లను శోధించండి..,ಮೆಂಟರ್  ಹುಡುಕಿ..,வழிகாட்டிகளை தேடுங்கள்..,માર્ગદર્શકો શોધો..,مشیر تلاش کریں..
MENTORS,,NEW_MENTOR,New Mentor,नवीन मेंटर,नया मेंटर,ନୂଆ ମେଣ୍ଟର,కొత్త మెంటార్,ಹೊಸ ಮೆಂಟರ್ ,புதிய வழிகாட்டி,નવો માર્ગદર્શક,نیا سرپرست
MENTORS,,FIRST_SELECT_REQUIRED_FIELDS,First select required fields,सर्वप्रथम आवश्यक फील्ड निवडा,पहले आवश्यक फ़ील्ड चुनें,ପ୍ରଥମେ ଆବଶ୍ୟକ ତଥ୍ୟ ଚୟନ କରନ୍ତୁ,మొదట అవసరమైన ఫీల్డ్స్ ఎంచుకోండి,ಮೊದಲು ಅಗತ್ಯವಿರುವ ಕ್ಷೇತ್ರಗಳನ್ನು ಆಯ್ಕೆ ಮಾಡಿ,முதலில் தேவையான புலங்களைத் தேர்ந்தெடுக்கவும்,પ્રથમ જરૂરી ક્ષેત્રો પસંદ કરો,پہلے مطلوبہ فیلڈز منتخب کریں۔
MENTORS,,MENTOR_CREATED_SUCCESSFULLY,Mentor has been successfully created!,मेंटॉर यशस्वीरित्या तयार झाला आहे!,मेंटर सफलतापूर्वक बनाया गया!,ମେଣ୍ଟର ସଫଳତାର ସହିତ ସୃଷ୍ଟି ହୋଇଛି!,మెంటార్ విజయవంతంగా సృష్టించబడింది!,ಮೆಂಟರ್ ಯಶಸ್ವಿಯಾಗಿ ರಚಿಸಲಾಗಿದೆ!,வழிகாட்டி வெற்றிகரமாக உருவாக்கப்பட்டது!,માર્ગદર્શક સફળતાપૂર્વક બનાવવામાં આવ્યો છે!,مینٹر کامیابی کے ساتھ بنایا گیا ہے!
MENTORS,,USER_CREDENTIALS_WILL_BE_SEND_SOON,"Mentor is created, credentials will be sent soon","मेंटॉर तयार झाला आहे, क्रेडेन्शियल्स लवकरच पाठवले जातील","मेंटर बनाया गया है, क्रेडेंशियल्स जल्द ही भेजे जाएंगे","ମେଣ୍ଟର ସୃଷ୍ଟି ହୋଇଛି, ସନଦ ସିଘ୍ର ମେଲ କରାଯିବ","మెంటార్ సృష్టించబడింది, క్రెడెన్షియల్స్ త్వరలో పంపబడతాయి","ಮೆಂಟರ್ ರಚಿಸಲಾಗಿದೆ, ಪ್ರಮಾಣಪತ್ರಗಳು ಸದ್ಯದಲ್ಲೇ ಕಳುಹಿಸಲಾಗುತ್ತವೆ","வழிகாட்டி உருவாக்கப்பட்டார், உள்நுழைவு விவரங்கள் விரைவில் அனுப்பப்படும்","માર્ગદર્શક બનાવવામાં આવ્યું છે, ઓળખપત્રો ટૂંક સમયમાં મોકલવામાં આવશે",سرپرست بنایا گیا ہے، اسناد جلد بھیج دی جائیں گی۔
MENTORS,,MENTOR_UPDATED_SUCCESSFULLY,Mentor has been successfully updated!,मेंटॉर यशस्वीरित्या अपडेट केला आहे!,मेंटर सफलतापूर्वक अपडेट किया गया!,ମେଣ୍ଟର ସଫଳତାର ସହିତ ଅପଡେଟ  ହୋଇଛି!,మెంటార్ విజయవంతంగా నవీకరించబడింది!,ಮೆಂಟರ್ ಯಶಸ್ವಿಯಾಗಿ ನವೀಕರಿಸಲಾಗಿದೆ!,வழிகாட்டி வெற்றிகரமாக புதுப்பிக்கப்பட்டது!,માર્ગદર્શક સફળતાપૂર્વક અપડેટ કરવામાં આવ્યો છે!,مینٹر کو کامیابی کے ساتھ اپ ڈیٹ کر دیا گیا ہے!
MENTORS,,EDIT_MENTOR,Edit Mentor,मेंटॉर संपादित करा,मेंटर संपादित करें,ମେଣ୍ଟର ସମ୍ପାଦନ କରନ୍ତୁ,మెంటార్‌ను ఎడిట్ చేయండి,ಎಡಿಟ್ ಮೆಂಟರ್,வழிகாட்டியை திருத்தவும்,માર્ગદર્શક સંપાદિત કરો,مینٹر میں ترمیم کریں۔
MENTORS,,NOT_ABLE_UPDATE_MENTOR,Not able to update mentor,मेंटॉर अपडेट करता आले नाही,मेंटर को अपडेट करने में सक्षम नहीं,ମେଣ୍ଟରକୁ ଅପଡେଟ  କରିପାରିଲେ ନାହିଁ,మెంటార్‌ను నవీకరించడంలో విఫలమయ్యారు,ಮೆಂಟರ್ ನ್ನು ನವೀಕರಿಸಲು ಸಾಧ್ಯವಿಲ್ಲ,வழிகாட்டியை புதுப்பிக்க முடியவில்லை,માર્ગદર્શક અપડેટ કરી શકતા નથી,سرپرست کو اپ ڈیٹ کرنے کے قابل نہیں ہے۔
MENTORS,,NOT_ABLE_CREATE_MENTOR,Not able to create mentor,मेंटॉर तयार करता आले नाही,मेंटर बनाने में सक्षम नहीं,ମେଣ୍ଟର ସୃଷ୍ଟି କରିପାରିଲେ ନାହିଁ,మెంటార్‌ను సృష్టించడంలో విఫలమయ్యారు,ಮೆಂಟರ್ ನ್ನು ರಚಿಸಲು ಸಾಧ್ಯವಿಲ್ಲ,வழிகாட்டியை உருவாக்க முடியவில்லை,માર્ગદર્શક બનાવી શકતા નથી,سرپرست پیدا کرنے کے قابل نہیں۔
MENTORS,,UPDATE_MENTOR,Update Mentor,मेंटॉर अपडेट करा,मेंटर अपडेट करें,ମେଣ୍ଟର ଅପଡେଟ  କରନ୍ତୁ,మెంటార్‌ను నవీకరించండి,ಮೆಂಟರ್ ನ್ನು ನವೀಕರಿಸಿ,வழிகாட்டியை புதுப்பிக்கவும்,માર્ગદર્શક અપડેટ કરો,سرپرست کو اپ ڈیٹ کریں۔
,,GOOGLE MAP_LINK,Google Map Link,गूगल मॅप लिंक,गूगल मैप लिंक,ଗୁଗୁଲ୍ ମ୍ୟାପ୍ ଲିଙ୍କ୍,గూగుల్ మ్యాప్ లింక్,ಗೂಗಲ್ ನಕ್ಷೆ ಲಿಂಕ್,கூகுள் வரைபட இணைப்பு,ગુગલ મેપ લિંક,گوگل میپ لنک
,,District,District,जिल्हा,जिला,ଜିଲ୍ଲା,జిల్లా,ಜಿಲ್ಲೆ,மாவட்டம்,જિલ્લો,ضلع
,,State,State,राज्य,राज्य,ରାଜ୍ୟ,రాష్ట్రం,ರಾಜ್ಯ,மாநிலம்,રાજ્ય,ریاست
,,Village,Village,गाव,गांव,ଗ୍ରାମ,గ్రామం,ಗ್ರಾಮ,கிராமம்,ગામ,گاؤں
,,GOOGLE_MAP_LINK,Google Map Link,गूगल मॅप लिंक,गूगल मैप लिंक,ଗୁଗୁଲ୍ ମ୍ୟାପ୍ ଲିଙ୍କ୍,గూగుల్ మ్యాప్ లింక్,ಗೂಗಲ್ ನಕ್ಷೆ ಲಿಂಕ್,கூகுள் வரைபட இணைப்பு,ગુગલ મેપ લિંક,گوگل میپ لنک
,,DISTRICTS,Districts,जिल्हा,जिला,ଜିଲ୍ଲା,జిల్లా,ಜಿಲ್ಲೆ,மாவட்டங்கள்,જિલ્લો,ضلع
COMMON,,ARE_YOU_SURE_DELETE_STATE,There are {{district}} active districts in this state you cannot delete it.,"या राज्यात {{district}} सक्रिय जिल्हे आहेत, त्यामुळे त्यांना हटवता येणार नाही.","इस राज्य में {{district}} सक्रिय जिले हैं, इसलिए इसे हटाया नहीं जा सकता।","ଏହି ରାଜ୍ୟରେ {{district}}ଟି ସକ୍ରିୟ ଜିଲ୍ଲା ଥିବାରୁ, ଏହାକୁ ଡିଲିଟ  କରାଯାଇପାରିବ ନାହିଁ।","ఈ రాష్ట్రంలో {{జిల్లా}} యాక్టివ్ జిల్లాలు ఉన్నాయి, మీరు దానిని తొలగించలేరు.","ಈ ರಾಜ್ಯದಲ್ಲಿ {{district}} ಸಕ್ರಿಯ ಜಿಲ್ಲೆಗಳಿವೆ, ಅದನ್ನು ನೀವು ಅಳಿಸಲು ಸಾಧ್ಯವಿಲ್ಲ.",இந்த மாநிலத்தில் {{district}} செயலில் உள்ள மாவட்டங்கள் உள்ளன. இதை நீக்க முடியாது.,આ રાજ્યમાં {{જિલ્લા}} સક્રિય જિલ્લાઓ છે જેને તમે કાઢી શકતા નથી.,اس ریاست میں {{ضلع}} فعال اضلاع ہیں آپ اسے حذف نہیں کر سکتے۔
COMMON,,ADD,Add,जोड़ें,जोडा,ଯୋଡନ୍ତୁ |,జోడించండి,ಸೇರಿಸಿ,சேர்க்கவும்,ઉમેરો,شامل کریں۔
COMMON,,SUBMIT_YOUR_REQUEST_FOR_ISSUES,Submit your request and let us assist you with any issues or concerns.,तुमची विनंती सबमिट करा आणि कोणत्याही समस्या किंवा चिंता असल्यास आम्हाला तुमची मदत करू द्या.,अपना अनुरोध सबमिट करें और हम आपकी किसी भी समस्या या चिंता में आपकी सहायता करेंगे।,ଆପଣଙ୍କ ଅନୁରୋଧ ଦାଖଲ କରନ୍ତୁ ଏବଂ ଯେକୌଣସି ସମସ୍ୟା କିମ୍ବା ଚିନ୍ତାରେ ଆମକୁ ଆପଣଙ୍କୁ ସାହାଯ୍ୟ କରିବାକୁ ଦିଅନ୍ତୁ।,మీ అభ్యర్థనను సమర్పించండి; ఏవైనా సమస్యలు లేదా సందేహాలు ఉంటే మీకు సహాయపడేందుకు మమ్మల్ని అనుమతించండి,"ನಿಮ್ಮ ವಿನಂತಿಯನ್ನು ಸಲ್ಲಿಸಿ. ಯಾವುದೇ ಸಮಸ್ಯೆ ಅಥವಾ ಪ್ರಶ್ನೆಗಳಿದ್ದರೆ, ನಿಮಗೆ ಸಹಾಯ ಮಾಡಲು ನಾವು ಸಿದ್ಧರಾಗಿದ್ದೇವೆ.",உங்கள் கோரிக்கையைச் சமர்ப்பிக்கவும். ஏதேனும் சிக்கல்கள் அல்லது கவலைகளுக்கு நாங்கள் உதவுகிறோம்.,તમારી વિનંતી સબમિટ કરો અને કોઈપણ સમસ્યા અથવા ચિંતાઓમાં અમને તમારી સહાય કરવા દો.,اپنی درخواست جمع کریں، اور ہمیں آپ کے کسی بھی مسئلے یا تشویش میں آپ کی مدد کرنے دیں۔
COMMON,,WE_ARE_HERE_TO_HELP,We’re Here to Help,आम्ही मदतीसाठी येथे आहोत,हम आपकी मदद के लिए यहाँ हैं,ଆମେ ସାହାଯ୍ୟ କରିବାକୁ ଅଛୁ,మేము సహాయం చేయడానికి ఇక్కడ ఉన్నాము.,ನಿಮಗೆ ಸಹಾಯ ಮಾಡಲು ನಾವು ಇಲ್ಲಿದ್ದೇವೆ,உங்களுக்கு உதவ நாங்கள் இருக்கிறோம்,અમે મદદ કરવા માટે અહીં છીએ,ہم مدد کے لیے موجود ہیں
COMMON,,NO_STATE_LEAD_FOUND,No State Lead Found,राज्याचा कोणताही संकेत सापडला नाही.,राज्य स्तर पर कोई सुराग नहीं मिला,କୌଣସି ରାଜ୍ୟ ଲିଡ୍ ମିଳିଲା ନାହିଁ,రాష్ట్ర నాయకుడు ఎవరూ కనుగొనబడలేదు,ಸ್ಟೇಟ್ ಲೀಡ ಲಭ್ಯವಿಲ್ಲ ,மாநிலத் தலைவர் எவரும் கிடைக்கவில்லை,કોઈ રાજ્ય લીડ મળ્યું નથી,کوئی اسٹیٹ لیڈ نہیں ملا۔
COMMON,,FAQS,FAQ's,वारंवार विचारले जाणारे प्रश्न,अक्सर पूछे जाने वाले प्रश्न,ସାଧାରଣ ପ୍ରଶ୍ନ (FAQ),తరచుగా అడిగే ప్రశ్నలు,ಸಾಮಾನ್ಯ ಪ್ರಶ್ನೆಗಳು.,அடிக்கடி கேட்கப்படும் கேள்விகள்,વારંવાર પૂછાતા પ્રશ્નો,اکثر پوچھے جانے والے سوالات
COMMON,,RESET_FILTERS,Reset Filters,फिल्टर रीसेट करा,फ़िल्टर रीसेट करें,ଫିଲ୍ଟର ଗୁଡ଼ିକୁ ରିସେଟ୍ କରନ୍ତୁ,ఫిల్టర్‌లను రీసెట్ చేయండి,ಫಿಲ್ಟರ್‌ಗಳನ್ನು ಮರುಹೊಂದಿಸಿ,வடிகட்டிகளை மீட்டமைக்கவும்,ફિલ્ટર્સ રીસેટ કરો,فلٹرز ری سیٹ کریں
COMMON,,ACTIVATE_USER,Activate User,वापरकर्ता सक्रिय करा,उपयोगकर्ता को सक्रिय करें,ୟୁଜର ମାନଙ୍କୁ  ସକ୍ରିୟ କରନ୍ତୁ,యూజర్‌ను యాక్టివేట్ చేయండి,ಆಕ್ಟಿವ್ ಯೂಸರ್ ,பயனரைச் செயல்படுத்தவும்,વપરાશકર્તાને સક્રિય કરો,صارف کو فعال کریں
COMMON,,ACTIVATE,Activate,सक्रिय करा,सक्रिय करें,ସକ୍ରିୟ କରନ୍ତୁ,యాక్టివేట్ చేయండి,ಆಕ್ಟಿವ್ ,செயல்படுத்தவும்,સક્રિય કરો,فعال کریں
COMMON,,RESIGNED_FROM_COMPANY,Resigned from the company,कंपनीतून राजीनामा दिला.,कंपनी से इस्तीफा दे दिया,କମ୍ପାନୀରୁ ଇସ୍ତଫା ଦେଇଛନ୍ତି,కంపెనీకి రాజీనామా చేశారు,ಕಂಪನಿಗೆ ರಾಜೀನಾಮೆ ನೀಡಿದ್ದಾರೆ,நிறுவனத்திலிருந்து விலகினார்,કંપનીમાંથી રાજીનામું આપ્યું,کمپنی سے استعفیٰ دے دیا ہے
COMMON,,MOVED_TO_DIFFERENT_ROLE,Moved to a different role,वेगळ्या भूमिकेत हलवले,एक अलग भूमिका में स्थानांतरित,ଅନ୍ୟ ଏକ ରୋଲକୁ ସ୍ଥାନାନ୍ତରିତ ହୋଇଛନ୍ତି,వేరే పాత్రకు మారారు,ಬೇರೆ ರೋಲ್ ಗೆ  ಬದಲಾಯಿಸಲಾಗಿದೆ,வேறு பொறுப்புக்கு மாற்றப்பட்டார்,અલગ ભૂમિકામાં ખસેડાયા,کسی دوسرے عہدے پر منتقل ہو گیا ہے
COMMON,,NO_MOBILIZER_FOUND,No Mentor Found,कोणताही मार्गदर्शक सापडला नाही.,कोई मार्गदर्शक नहीं मिला,କୌଣସି ପରାମର୍ଶଦାତା ମିଳିଲେ ନାହିଁ,గురువు ఎవరూ కనుగొనబడలేదు,ಯಾವುದೇ ಮಾರ್ಗದರ್ಶಕರು ಕಂಡುಬಂದಿಲ್ಲ.,வழிகாட்டி எவரும் கிடைக்கவில்லை,કોઈ માર્ગદર્શક મળ્યો નથી,کوئی سرپرست نہیں ملا
COMMON,,MAP,Map,नकाशा,मानचित्र,ମ୍ୟାପ୍,మ్యాప్,ಮ್ಯಾಪ್ ,வரைபடம்,નકશો,نقشہ
COMMON,,NEXT,Next,पुढे,अगला,ପରବର୍ତ୍ତୀ,తరువాతి,ನಂತರ ,அடுத்து,આગળ,اگلا
LOGIN_PAGE,,YOU_DONT_HAVE_APPROPRIATE_PRIVILEGES_TO_ACCESS,You don't have appropriate privileges to access this app,आपल्याकडे या अॅपमध्ये प्रवेश करण्यासाठी योग्य अधिकार नाहीत.,आपको इस ऐप का उपयोग करने की अनुमति नहीं है,ଏହି ଆପକୁ ଆକ୍ସେସ୍ କରିବା ପାଇଁ ଆପଣଙ୍କ ପାଖରେ ଉପଯୁକ୍ତ ଅଧିକାର ନାହିଁ।,ఈ యాప్‌ను యాక్సెస్ చేయడానికి మీకు తగిన అనుమతులు లేవు.,ಈ ಅಪ್ಲಿಕೇಶನ್ ಪ್ರವೇಶಿಸಲು ನಿಮಗೆ ಸೂಕ್ತ ಸವಲತ್ತುಗಳಿಲ್ಲ.,இந்த செயலியை அணுக உங்களுக்கு உரிய அனுமதி இல்லை,આ એપ્લિકેશનને ઍક્સેસ કરવા માટે તમારી પાસે યોગ્ય વિશેષાધિકારો નથી,آپ کے پاس اس ایپ تک رسائی کے لیے مناسب مراعات نہیں ہیں۔
SIDEBAR,,TAXONOMY_EDITOR,Taxonomy Editor,वर्गीकरण संपादक,वर्गीकरण संपादक,ବର୍ଗୀକରଣ ସମ୍ପାଦକ,వర్గీకరణ ఎడిటర్,ವರ್ಗೀಕರಣ ಎಡಿಟರ್ ,வகைப்பாடு தொகுப்பாளர்,વર્ગીકરણ સંપાદક,درجہ بندی کا مرتب
SIDEBAR,,MANAGE_NOTIFICATION,Manage Notification Templates,सूचना टेम्पलेट व्यवस्थापित करा,अधिसूचना टेम्पलेट प्रबंधित करें,ବିଜ୍ଞପ୍ତି ଟେମ୍ପଲେଟ୍ ପରିଚାଳନା କରନ୍ତୁ,నోటిఫికేషన్ టెంప్లేట్‌లను నిర్వహించండి,ಅಧಿಸೂಚನೆ ಟೆಂಪ್ಲೇಟ್‌ಗಳನ್ನು ನಿರ್ವಹಿಸಿ,அறிவிப்பு டெம்ப்ளேட்களை நிர்வகிக்கவும்,સૂચના નમૂનાઓનું સંચાલન કરો,نوٹیفکیشن ٹیمپلیٹس کا نظم و نسق کریں
SIDEBAR,,YOUTH,Youth,तरुणाई,युवा,ଯୁବପିଢ଼ି,యువత,ಯೂತ್ ,இளைஞர்,યુવાની,نوجوان
SIDEBAR,,FAQS,FAQ's,वारंवार विचारले जाणारे प्रश्न,अक्सर पूछे जाने वाले प्रश्न,ସାଧାରଣ ପ୍ରଶ୍ନ (FAQ),తరచుగా అడిగే ప్రశ్నలు,ಸಾಮಾನ್ಯ ಪ್ರಶ್ನೆಗಳು.,அடிக்கடி கேட்கப்படும் கேள்விகள்,વારંવાર પૂછાતા પ્રશ્નો,اکثر پوچھے جانے والے سوالات
SIDEBAR,,STATE_LEAD,State Lead,राज्य प्रमुख,राज्य नेतृत्व,ରାଜ୍ୟ ନେତୃତ୍ୱ,రాష్ట్ర నాయకుడు,ಸ್ಟೇಟ್ ಲೀಡ ,மாநிலத் தலைவர்,રાજ્ય નેતા,ریاستی سربراہ
SIDEBAR,,MASTER,Master,मास्टर,मालिक,ମାଷ୍ଟର,మాస్టర్,ಮಾಸ್ಟರ್ ,மாஸ்டர்,માસ્ટર,ماسٹر
SIDEBAR,,STATES,States,राज्ये,राज्य अमेरिका,ଯୁକ୍ତରାଷ୍ଟ୍ର,రాష్ట్రాలు,ಸ್ಟೇಟ್ ,மாநிலங்கள்,રાજ્યો,ریاستیں
SIDEBAR,,DISTRICTS,Districts,जिल्हे,जिलों,ଜିଲ୍ଲାଗୁଡ଼ିକ,జిల్లాలు,ಜಿಲ್ಲೆ ,மாவட்டங்கள்,જિલ્લાઓ,اضلاع
SIDEBAR,,BLOCKS,Blocks,ब्लॉक्स,ब्लाकों,ବ୍ଲକ୍‌ଗୁଡ଼ିକ,బ్లాక్స్,ಬ್ಲಾಕ್ ,வட்டங்கள்,બ્લોક્સ,بلاکس
SIDEBAR,,VILLAGES,Villages,गावे,गांवों,ଗ୍ରାମ,గ్రామాలు,ಗ್ರಾಮಗಳು ,கிராமங்கள்,ગામડાઓ,گاؤں
SIDEBAR,,PROGRAMS,Programs,कार्यक्रम,कार्यक्रमों,ପ୍ରୋଗ୍ରାମ୍,కార్యక్రమాలు,ಪ್ರೋಗ್ರಾಮ್ ,திட்டங்கள்,કાર્યક્રમો,پروگرامز
SIDEBAR,,SKILLING_CENTERS,Skilling Centers,कौशल्य केंद्रे,कौशल विकास केंद्र,ଦକ୍ଷତା କେନ୍ଦ୍ର,నైపుణ్య కేంద్రాలు,ಕೌಶಲ್ಯ ಕೇಂದ್ರ ,திறன் பயிற்சி மையங்கள்,કૌશલ્ય કેન્દ્રો,ہنر سکھانے کے مراکز
SIDEBAR,,CURRICULUM_PLANNER,Curriculum Planner,अभ्यासक्रम नियोजक,पाठ्यक्रम योजनाकार,ପାଠ୍ୟକ୍ରମ ଯୋଜନାକାରୀ,పాఠ్య ప్రణాళిక ప్రణాళికదారు,ಪಠ್ಯಕ್ರಮ ಯೋಜಕ,பாடத்திட்டத் திட்டமிடல்,અભ્યાસક્રમ આયોજક,نصاب کا منصوبہ ساز
SIDEBAR,,BATCH,Batch,बॅच,बैच,ବ୍ୟାଚ୍,బ్యాచ్,ಬ್ಯಾಚ್ ,பேட்ச்,બેચ,گروپ
SIDEBAR,,MOBILIZER,Mentor,मार्गदर्शक,उपदेशक,ପରାମର୍ଶଦାତା,గురువు,ಮೆಂಟರ್ ,வழிகாட்டி,માર્ગદર્શક,سرپرست
FACILITATORS,,ASSIGN_BATCHES_FINISH,"You can complete this later at your own pace. However, the batches will only be assigned once you click on ‘Finish & Assign’","तुम्ही हे तुमच्या स्वतःच्या गतीने नंतर पूर्ण करू शकता. तथापि, 'फिनिश अँड असाइन' वर क्लिक केल्यानंतरच बॅचेस नियुक्त केले जातील.","आप इसे बाद में अपनी सुविधानुसार पूरा कर सकते हैं। हालांकि, बैच तभी असाइन किए जाएंगे जब आप 'समाप्त करें और असाइन करें' पर क्लिक करेंगे।","ଆପଣ ଏହାକୁ ପରେ ନିଜ ଗତିରେ ସମାପ୍ତ କରିପାରିବେ। ତଥାପି, 'ସମାପ୍ତ ଏବଂ ନ୍ୟସ୍ତ କରନ୍ତୁ' ଉପରେ କ୍ଲିକ୍ କରିବା ପରେ ବ୍ୟାଚ୍ ଗୁଡ଼ିକ କେବଳ ନ୍ୟସ୍ତ କରାଯିବ।","మీరు దీన్ని తర్వాత మీ స్వంత వేగంతో పూర్తి చేయవచ్చు. అయితే, మీరు ‘Finish & Assign’ పై క్లిక్ చేసిన తర్వాతే బ్యాచ్‌లు కేటాయించబడతాయి.","ನೀವು ಇದನ್ನು ನಂತರ ನಿಮ್ಮ ಸ್ವಂತ ವೇಗದಲ್ಲಿ ಪೂರ್ಣಗೊಳಿಸಬಹುದು. ಆದಾಗ್ಯೂ, ನೀವು 'ಮುಕ್ತಾಯ ಮತ್ತು ನಿಯೋಜಿಸು' ಮೇಲೆ ಕ್ಲಿಕ್ ಮಾಡಿದ ನಂತರ ಮಾತ್ರ ಬ್ಯಾಚ್‌ಗಳನ್ನು ನಿಯೋಜಿಸಲಾಗುತ್ತದೆ.","இதை நீங்கள் பின்னர் உங்கள் வசதிக்கேற்ப முடிக்கலாம். இருப்பினும், ‘முடித்து ஒதுக்கவும்’ என்பதைக் கிளிக் செய்த பிறகே பேட்ச்கள் ஒதுக்கப்படும்.","તમે આ પ્રક્રિયા તમારી અનુકૂળતા મુજબ પછીથી પણ પૂર્ણ કરી શકો છો. જો કે, જ્યાં સુધી તમે ‘Finish & Assign’  પર ક્લિક નહીં કરો, ત્યાં સુધી બેચ અસાઇન કરવામાં આવશે નહીં.
","آپ اسے بعد میں اپنی سہولت اور رفتار کے مطابق مکمل کر سکتے ہیں۔تاہم، بیچز صرف اس وقت تفویض کیے جائیں گے جب آپ ""Finish & Assign"" پر کلک کریں گے۔"
FACILITATORS,,ASSIGN_BATCHES_FROM_VILLAGES,Assign Batches from Center,केंद्रातून बॅचेस नियुक्त करा,केंद्र से बैच असाइन करें,କେନ୍ଦ୍ରରୁ ବ୍ୟାଚଗୁଡ଼ିକୁ ନ୍ୟସ୍ତ କରନ୍ତୁ,కేంద్రం నుండి బ్యాచ్‌లను కేటాయించండి,ಕೇಂದ್ರದಿಂದ ಬ್ಯಾಚ್‌ಗಳನ್ನು ನಿಯೋಜಿಸಿ,மையங்களிலிருந்து பேட்ச்களை ஒதுக்கவும்,કેન્દ્રમાંથી બેચ સોંપો,سینٹر سے بیچز مقرر کریں
FACILITATORS,,BACK_TO_FORM,Back to form,फॉर्मवर परत या,फॉर्म में वापसी,ଫର୍ମକୁ ଫେରନ୍ତୁ,తిరిగి ఫారమ్‌కి,ಫಾರ್ಮ್‌ಗೆ ಹಿಂತಿರುಗಿ,படிவத்திற்குத் திரும்பவும்,ફોર્મ પર પાછા,واپس فارم پر
FACILITATORS,,SEARCH_BATCHES,Search Batches..,बॅचेस शोधा..,बैच खोजें...,ବ୍ୟାଚଗୁଡ଼ିକ ଖୋଜନ୍ତୁ..,శోధన బ్యాచ్‌లు.., ಬ್ಯಾಚ್‌ಗಳು ಹುಡುಕಿ ..,பேட்ச்களைத் தேடவும்..,બેચ શોધો..,بیچز تلاش کریں
LEARNERS,,ACTIVATE_USER_SUCCESS,User has been successfully activated,वापरकर्ता यशस्वीरित्या सक्रिय झाला आहे.,उपयोगकर्ता सफलतापूर्वक सक्रिय हो गया है।,ୟୁଜରମାନଙ୍କୁ  ସଫଳତାର ସହ ସକ୍ରିୟ କରାଯାଇଛି।,యూజర్ విజయవంతంగా యాక్టివేట్ చేయబడ్డాడు.,ಯೂಸರ್ ನ್ನು ಯಶಸ್ವಿಯಾಗಿ ಸಕ್ರಿಯಗೊಳಿಸಲಾಗಿದೆ.,பயனர் வெற்றிகரமாகச் செயல்படுத்தப்பட்டார்,વપરાશકર્તા સફળતાપૂર્વક સક્રિય થયો છે.,صارف کامیابی سے ایکٹیویٹ ہو گیا ہے۔
MENTOR_LEADERS,,RE_ASSIGN_MENTOR_LEAD,Re-assign Center Head,केंद्रप्रमुखाची पुन्हा नियुक्ती करा,केंद्र प्रमुख को पुनः नियुक्त करें,କେନ୍ଦ୍ର ମୁଖ୍ୟଙ୍କୁ ପୁନଃନିଯୁକ୍ତ କରନ୍ତୁ,సెంటర్ హెడ్‌ని తిరిగి కేటాయించండి,ಕೇಂದ್ರ ಮುಖ್ಯಸ್ಥರನ್ನು ಮರು ನಿಯೋಜಿಸಿ,மையத் தலைவரை மறுஒதுக்கீடு செய்யவும்,કેન્દ્ર વડાને ફરીથી સોંપો,سینٹر ہیڈ کی دوبارہ تقرری کریں
COURSE_PLANNER,,UPLOAD_FAILED,Upload Failed,अपलोड अयशस्वी,अपलोड विफल,ଅପଲୋଡ୍ ଡିଲିଟ  ହେଲା,అప్‌లోడ్ విఫలమైంది,ಅಪ್‌ಲೋಡ್ ವಿಫಲವಾಗಿದೆ,பதிவேற்றம் தோல்வியடைந்தது,અપલોડ નિષ્ફળ થયું,اپ لوڈ ناکام ہو گیا
COURSE_PLANNER,,IMPORT_NEW_PLANNER,Import New Planner,नवीन प्लॅनर आयात करा,नया प्लानर आयात करें,ନୂତନ ପ୍ଲାନର୍ ଇମ୍ପୋର୍ଟ କରନ୍ତୁ,కొత్త ప్లానర్‌ను దిగుమతి చేయి,ಹೊಸ ಪ್ಲಾನರ್ ಅನ್ನು  ಮಾಡಿ,புதிய திட்டமிடலை இறக்குமதி செய்யவும்,નવો પ્લાનર આયાત કરો,نیا منصوبہ ساز امپورٹ کریں
COURSE_PLANNER,,ADD_NEW_TOPIC,Add New Topic,नवीन विषय जोडा,नया विषय जोड़ें,ନୂତନ ବିଷୟ ଯୋଡନ୍ତୁ,కొత్త అంశాన్ని జోడించండి,ಹೊಸ ವಿಷಯ ಸೇರಿಸಿ,புதிய தலைப்பைச் சேர்க்கவும்,નવો વિષય ઉમેરો,نیا عنوان شامل کریں
COURSE_PLANNER,,DELETE_PLANNER,Delete Planner,प्लॅनर हटवा,प्लानर हटाएं,ପ୍ଲାନର୍ ଡିଲିଟ୍ କରନ୍ତୁ,ప్లానర్‌ను తొలగించు,ಪ್ಲಾನರ್ ಅಳಿಸಿ ,திட்டமிடலை நீக்கவும்,પ્લાનર કાઢી નાખો,پلانر حذف کریں
COURSE_PLANNER,,CSV_TEMPLATE,CSV Template,CSV टेम्पलेट,सीएसवी टेम्पलेट,CSV ଟେମ୍ପଲେଟ୍,CSV టెంప్లేట్,CSV ಟೆಂಪ್ಲೇಟ್ ,CSV மாதிரி,CSV ટેમ્પલેટ,CSV ٹیمپلیٹ
COURSE_PLANNER,,NEW_TOPIC,New Topic,नवीन विषय,नया विषय,ନୂତନ ବିଷୟ,కొత్త అంశం,ನ್ಯೂ ಟಾಪಿಕ್ ,புதிய தலைப்பு,નવો વિષય,نیا موضوع
COURSE_PLANNER,,DOWNLOAD_CSV,Download Uploaded CSV,अपलोड केलेले CSV डाउनलोड करा,अपलोड की गई CSV फ़ाइल डाउनलोड करें,ଅପଲୋଡ୍ କରାଯାଇଥିବା CSV ଡାଉନଲୋଡ୍ କରନ୍ତୁ,అప్‌లోడ్ చేసిన CSVని డౌన్‌లోడ్ చేయండి,ಅಪ್‌ಲೋಡ್ ಮಾಡಿದ CSV ಡೌನ್‌ಲೋಡ್ ಮಾಡಿ,பதிவேற்றப்பட்ட CSV-ஐ பதிவிறக்கவும்,અપલોડ કરેલ CSV ડાઉનલોડ કરો,اپ لوڈ کی گئی CSV ڈاؤن لوڈ کریں
COURSE_PLANNER,,DURING_COURSE,Learn,शिका,सीखना,ଶିଖନ୍ତୁ,తెలుసుకోండి,ಕಲಿಯಿರಿ ,கற்றல்,શીખો,سیکھنا
CENTERS,,BATCHES_FOR_CENTER,Batches for {{centerName}},{{centerName}} साठी बॅचेस,{{centerName}} केंद्र के बैच,{{centerName}} ପାଇଁ ବ୍ୟାଚ୍‌ଗୁଡ଼ିକ,{{centerName}} కోసం బ్యాచ్‌లు,{{centerName}}- ಬ್ಯಾಚ್ ಗಳಿಗಾಗಿ ,{{centerName}} க்கான பேட்ச்கள்,{{centerName}} માટે બેચ,{{centerName}} کے لیے بیچز
BATCH,,YOU_CANT_DELETE_BATCH_HAS_ACTIVE_LEARNERS,You can't delete the batch because it has {{activeMembers}} Active Learners,तुम्ही बॅच हटवू शकत नाही कारण त्यात {{activeMembers}} सक्रिय विद्यार्थी आहेत.,आप बैच को डिलीट नहीं कर सकते क्योंकि इसमें {{activeMembers}} सक्रिय शिक्षार्थी हैं।,ଆପଣ ବ୍ୟାଚକୁ ଡିଲିଟ୍ କରିପାରିବେ ନାହିଁ କାରଣ ଏଥିରେ {{activeMembers}} ସକ୍ରିୟ ଶିକ୍ଷାର୍ଥୀ ଅଛନ୍ତି।,"ఈ బ్యాచ్‌లో {{activeMembers}} మంది క్రియాశీల అభ్యాసకులు (Active Learners) ఉన్నందున, మీరు దీనిని తొలగించలేరు.",ನೀವು ಬ್ಯಾಚ್ ಅನ್ನು ಅಳಿಸಲು ಸಾಧ್ಯವಿಲ್ಲ ಏಕೆಂದರೆ ಅದು {{activeMembers}} ಸಕ್ರಿಯ ಕಲಿಯುವವರನ್ನು ಹೊಂದಿದೆ.,இந்த பேட்சில் {{activeMembers}} செயலில் உள்ள மாணவர்கள் இருப்பதால் இதை நீக்க முடியாது,તમે બેચ ડિલીટ કરી શકતા નથી કારણ કે તેમાં {{activeMembers}} સક્રિય શીખનારાઓ છે.,آپ اس بیچ کو حذف نہیں کر سکتے کیونکہ اس میں {{activeMembers}} فعال سیکھنے والے موجود ہیں۔
BATCH,,NO_BATCH_FOUND,No Batch Found,बॅच सापडला नाही,कोई बैच नहीं मिला,କୌଣସି ବ୍ୟାଚ୍ ମିଳିଲା ନାହିଁ,బ్యాచ్ కనుగొనబడలేదు,ಯಾವುದೇ ಬ್ಯಾಚ್ ಕಂಡುಬಂದಿಲ್ಲ.,பேட்ச் எதுவும் கிடைக்கவில்லை,કોઈ બેચ મળ્યો નથી,کوئی بیچ نہیں ملا
BATCH,,TYPE_OF_BATCH,Type of Batch,बॅचचा प्रकार,बैच का प्रकार,ବ୍ୟାଚର ପ୍ରକାର,బ్యాచ్ రకం,ಬ್ಯಾಚ್ ಪ್ರಕಾರ,பேட்ச் வகை,બેચનો પ્રકાર,بیچ کی قسم
BATCH,,BATCH_CREATE_FAILED,Something went wrong while creating batch,बॅच तयार करताना काहीतरी चूक झाली.,बैच बनाते समय कुछ गड़बड़ हो गई,ବ୍ୟାଚ୍ ତିଆରି କରିବା ସମୟରେ କିଛି ଭୁଲ ହୋଇଗଲା।,బ్యాచ్‌ను సృష్టిస్తున్నప్పుడు ఏదో తప్పు జరిగింది.,ಬ್ಯಾಚ್ ರಚಿಸುವಾಗ ಏನೋ ತಪ್ಪಾಗಿದೆ.,பேட்சை உருவாக்கும்போது ஏதோ தவறு ஏற்பட்டது,બેચ બનાવતી વખતે કંઈક ખોટું થયું.,یہ بیچ حذف نہیں کیا جا سکتا کیونکہ اس میں {{activeMembers}} فعال طلبہ شامل ہیں۔
FORM,,CONTACT,Contact,संपर्क करा,संपर्क,ଯୋଗାଯୋଗ,సంప్రదించండి,ಸಂಪರ್ಕಿಸಿ,தொடர்பு,સંપર્ક કરો,رابطہ
FORM,,USERNAME,Username,वापरकर्तानाव,उपयोगकर्ता नाम,ୟୁଜରଙ୍କ ନାମ ,యూజర్ పేరు,ಯೂಸರ್  ಹೆಸರು,பயனர் பெயர்,વપરાશકર્તા નામ,صارف نام
FORM,,DESCRIPTION,Description,वर्णन,विवरण,ବର୍ଣ୍ଣନା,వివరణ,ವಿವರಣೆ,விளக்கம்,વર્ણન,تفصیل
FORM,,PROGRAM_NAME,Program Name,कार्यक्रमाचे नाव,,ପ୍ରୋଗ୍ରାମର ନାମ,ప్రోగ్రామ్ పేరు,ಕಾರ್ಯಕ್ರಮದ ಹೆಸರು,திட்டத்தின் பெயர்,પ્રોગ્રામનું નામ,پروگرام کا نام
FORM,,PROGRAM_DESCRIPTION,Program Description,कार्यक्रमाचे वर्णन,,ପ୍ରୋଗ୍ରାମ ବର୍ଣ୍ଣନା,ప్రోగ్రామ్ వివరణ,ಕಾರ್ಯಕ್ರಮದ ವಿವರಣೆ,திட்ட விளக்கம்,પ્રોગ્રામ વર્ણન,پروگرام کی تفصیل
FORM,,PROGRAM_TYPE,Program Type,कार्यक्रम प्रकार,,ପ୍ରୋଗ୍ରାମ ପ୍ରକାର,ప్రోగ్రామ్ రకం,ಕಾರ್ಯಕ್ರಮದ ಪ್ರಕಾರ,திட்ட வகை,પ્રોગ્રામનો પ્રકાર,پروگرام کی قسم
FORM,,PROGRAM_HEAD_NAME,Program Head Name,कार्यक्रम प्रमुखाचे नाव,,ପ୍ରୋଗ୍ରାମ ମୁଖ୍ୟ ନାମ,ప్రోగ్రామ్ హెడ్ పేరు,ಕಾರ್ಯಕ್ರಮದ ಮುಖ್ಯಸ್ಥರ ಹೆಸರು,திட்டத் தலைவரின் பெயர்,પ્રોગ્રામ હેડનું નામ,پروگرام کے سربراہ کا نام
FORM,,PROGRAM_IMAGE,Program Image,कार्यक्रमाची प्रतिमा,,ପ୍ରୋଗ୍ରାମ ପ୍ରତିଛବି,ప్రోగ్రామ్ ఇమేజ్,ಕಾರ್ಯಕ್ರಮದ ಚಿತ್ರ,திட்டப் படம்,પ્રોગ્રામ ઈમેજ,پروگرام کی تصویر
FORM,,BATCH,Batch,बॅच,बैच,ବ୍ୟାଚ୍,బ్యాచ్,ಬ್ಯಾಚ್ ,பேட்ச்,બેચ,گروپ
FORM,,PREFERRED_LANGUAGE,Preferred Language,पसंतीची भाषा,पसंदीदा भाषा,ପସନ୍ଦର ଭାଷା,ప్రాధాన్య భాష,ಆದ್ಯತೆಯ ಭಾಷೆ,விருப்ப மொழி,પસંદગીની ભાષા,پسندیدہ زبان
FORM,,FIRST_NAME,First Name,पहिले नाव,पहला नाम,ପ୍ରଥମ ନାମ,పేరు,ಹೆಸರು,முதல் பெயர்,પ્રથમ નામ,پہلا نام
FORM,,MIDDLE_NAME_OR_FATHER_NAME,Middle Name or Father Name,मधले नाव किंवा वडिलांचे नाव,मध्य नाम या पिता का नाम,ମଧ୍ୟ ନାମ କିମ୍ବା ପିତାଙ୍କ ନାମ,మధ్య పేరు లేదా తండ్రి పేరు,ಮಧ್ಯದ ಹೆಸರು ಅಥವಾ ತಂದೆಯ ಹೆಸರು,இடைப்பெயர்  அல்லது தந்தையின் பெயர்,મધ્ય નામ અથવા પિતાનું નામ,درمیانی نام یا والد کا نام
FORM,,LAST_NAME,Last Name,आडनाव,उपनाम,ଶେଷ ନାମ,ఇంటిపేరు,ಕೊನೆಯ ಹೆಸರು,கடைசி பெயர்,છેલ્લું નામ,آخری نام
FORM,,MOTHER_NAME,Mother Name,आईचे नाव,माँ का नाम,ମାତାଙ୍କ ନାମ,తల్లి పేరు,ತಾಯಿಯ ಹೆಸರು,தாயின் பெயர்,માતાનું નામ,ماں کا نام
FORM,,DATE_OF_BIRTH,Date of Birth,जन्मतारीख,जन्म तिथि,ଜନ୍ମ ତାରିଖ,పుట్టిన తేదీ,ಹುಟ್ಟಿದ ದಿನಾಂಕ,பிறந்த தேதி,જન્મ તારીખ,تاریخ پیدائش
FORM,,TEST_BELONG_TO,test belongs to below center,चाचणी खालील केंद्राशी संबंधित आहे.,परीक्षण केंद्र के नीचे से संबंधित है,ଏହି ପରୀକ୍ଷା ନିମ୍ନଲିଖିତ କେନ୍ଦ୍ରର ଅନ୍ତର୍ଗତ।,పరీక్ష కింది కేంద్రానికి చెందినది,ಪರೀಕ್ಷೆಯು ಕೆಳಗಿನ ಕೇಂದ್ರಕ್ಕೆ ಸೇರಿದೆ.,சோதனை கீழ்க்காணும் மையத்தைச் சேர்ந்தது,કસોટી નીચેના કેન્દ્રની છે.,یہ ٹیسٹ نیچے دیے گئے مرکز سے وابستہ ہے۔
FORM,,BELONG_TO,belongs to below center,खालील केंद्राशी संबंधित आहे,केंद्र के नीचे से संबंधित है,ନିମ୍ନର କେନ୍ଦ୍ର ସହିତ ସଂପୃକ୍ତ ଅଟେ,దిగువ కేంద్రానికి చెందినది,ಕೆಳಗಿನ ಕೇಂದ್ರಕ್ಕೆ ಸೇರಿದೆ,கீழ்க்காணும் மையத்தைச் சேர்ந்தது,નીચેના કેન્દ્રનો છે,نیچے دیے گئے مرکز سے وابستہ ہے
FORM,,WAS_BELONG_TO,was archived in the below location,खालील ठिकाणी संग्रहित केले होते,इसे नीचे दिए गए स्थान पर संग्रहीत किया गया था।,ନିମ୍ନଲିଖିତ ସ୍ଥାନରେ ସଂରକ୍ଷିତ କରାଯାଇଥିଲା,కింది స్థానంలో ఆర్కైవ్ చేయబడింది,ಕೆಳಗಿನ ಸ್ಥಳದಲ್ಲಿ ಆರ್ಕೈವ್ ಮಾಡಲಾಗಿದೆ.,கீழ்க்காணும் இடத்தில் காப்பகப்படுத்தப்பட்டது,નીચેના સ્થાન પર આર્કાઇવ કરવામાં આવ્યું હતું,نیچے دی گئی جگہ پر محفوظ کیا گیا تھا۔
FORM,,CONFIRM_TO_ACTIVATE,Are you sure you want to activate this user again?,तुम्हाला खात्री आहे की तुम्ही या वापरकर्त्याला पुन्हा सक्रिय करू इच्छिता?,क्या आप वाकई इस उपयोगकर्ता को दोबारा सक्रिय करना चाहते हैं?,ଆପଣ ନିଶ୍ଚିତ କି ଏହି ବ୍ୟବହାରକାରୀକୁ ପୁନଃ ସକ୍ରିୟ କରିବାକୁ ଚାହୁଁଛନ୍ତି?,మీరు ఈ వినియోగదారుని మళ్లీ యాక్టివేట్ చేయాలనుకుంటున్నారని ఖచ్చితంగా అనుకుంటున్నారా?,ನೀವು ಈ ಯೂಸರ್ ನ್ನು ಮತ್ತೆ ಸಕ್ರಿಯಗೊಳಿಸಲು ಖಚಿತವಾಗಿ ಬಯಸುವಿರಾ?,இந்தப் பயனரை மீண்டும் செயல்படுத்த விரும்புகிறீர்களா?,શું તમે ખરેખર આ વપરાશકર્તાને ફરીથી સક્રિય કરવા માંગો છો?,کیا آپ اس صارف کو دوبارہ ایکٹیویٹ کرنا چاہتے ہیں؟
FORM,,WORKING_LOCATION,Working Location,कामाचे ठिकाण,कार्यस्थल,କାର୍ଯ୍ୟସ୍ଥଳୀ ଲୋକେସନ୍,పని చేసే ప్రదేశం,ಕೆಲಸದ ಸ್ಥಳ,பணிபுரியும் இடம்,કાર્યસ્થળ,مقامِ ملازمت
FORM,,CATCHMENT_AREA,Catchment Area,पाणलोट क्षेत्र,जलग्रह - क्षेत्र,କ୍ଷେତ୍ରଭୁକ୍ତ ଅଞ୍ଚଳ,పరీవాహక ప్రాంతం,ಕ್ಯಾಚಮೆಂಟ್ ಏರಿಯಾ ,செயல்பாட்டு பகுதி,કેચમેન્ટ એરિયા,دائرۂ عمل
FORM,,TYPE_OF_BATCH,Type of Batch,बॅचचा प्रकार,बैच का प्रकार,ବ୍ୟାଚର ପ୍ରକାର,బ్యాచ్ రకం,ಬ್ಯಾಚ್ ಟೈಪ್ ,பேட்ச் வகை,બેચનો પ્રકાર,بیچ کی قسم
FORM_ERROR_MESSAGES,,SPACE_AND_SPECIAL_CHARACTERS_NOT_ALLOWED,Space and special characters are not allowed,जागा आणि विशेष वर्णांना परवानगी नाही.,स्पेस और विशेष वर्णों की अनुमति नहीं है।,ଖାଲି ସ୍ଥାନ ଏବଂ ବିଶେଷ ଚରିତ୍ରଗୁଡ଼ିକ ଅନୁମତି ନାହିଁ।,ఖాళీలు మరియు ప్రత్యేక అక్షరాలు అనుమతించబడవు.,ಅಂತರ ಮತ್ತು ವಿಶೇಷ ಅಕ್ಷರಗಳನ್ನು ಅನುಮತಿಸಲಾಗುವುದಿಲ್ಲ.,இடைவெளிகளும் சிறப்பு எழுத்துகளும் அனுமதிக்கப்படாது,જગ્યા અને ખાસ અક્ષરોની મંજૂરી નથી,خالی جگہ اور خصوصی علامات استعمال کرنے کی اجازت نہیں ہے۔
FORM_ERROR_MESSAGES,,DATE_MUST_BE_ON_OR_BEFORE,Date must be on or before {{date}},तारीख {{date}} रोजी किंवा त्यापूर्वीची असणे आवश्यक आहे.,तिथि {{date}} को या उससे पहले होनी चाहिए।,ତାରିଖ {{date}} ରେ କିମ୍ବା ତାହା ପୂର୍ବରୁ ହେବା ଉଚିତ।,తేదీ తప్పనిసరిగా {{date}} తేదీన లేదా అంతకు ముందు ఉండాలి.,ದಿನಾಂಕವು {{date}} ರಂದು ಅಥವಾ ಅದಕ್ಕಿಂತ ಮೊದಲು ಇರಬೇಕು.,தேதி {{date}} அல்லது அதற்கு முந்தையதாக இருக்க வேண்டும்,તારીખ {{date}} ના રોજ અથવા તે પહેલાંની હોવી જોઈએ.,تاریخ {{date}} سے بعد کی نہیں ہونی چاہیے۔
FORM_ERROR_MESSAGES,,DATE_MUST_BE_ON_OR_AFTER,Date must be on or after {{date}},तारीख {{date}} रोजी किंवा त्यानंतरची असणे आवश्यक आहे.,तिथि {{date}} को या उसके बाद की होनी चाहिए।,ତାରିଖ {{date}} କିମ୍ବା ତାହା ପରେ ହେବା ଆବଶ୍ୟକ।,తేదీ తప్పనిసరిగా {{date}} తేదీన లేదా తర్వాత ఉండాలి.,ದಿನಾಂಕವು {{date}} ರಂದು ಅಥವಾ ನಂತರ ಇರಬೇಕು.,தேதி {{date}} அல்லது அதற்கு பிந்தையதாக இருக்க வேண்டும்,તારીખ {{date}} ના રોજ અથવા તે પછીની હોવી જોઈએ.,تاریخ {{date}} سے پہلے کی نہیں ہونی چاہیے۔
TABLE_TITLE,,LOCATION,Location (State / District / Block / Village),स्थान (राज्य / जिल्हा / गट / गाव),स्थान (राज्य / जिला / ब्लॉक / गाँव),ସ୍ଥାନ (ରାଜ୍ୟ / ଜିଲ୍ଲା / ବ୍ଲକ / ଗ୍ରାମ),స్థానం (రాష్ట్రం / జిల్లా / బ్లాక్ / గ్రామం),ಸ್ಥಳ (ರಾಜ್ಯ / ಜಿಲ್ಲೆ / ಬ್ಲಾಕ್ / ಗ್ರಾಮ),இடம் (மாநிலம் / மாவட்டம் / வட்டம் / கிராமம்),સ્થાન (રાજ્ય / જિલ્લો / બ્લોક / ગામ),مقام (صوبہ / ضلع / بلاک / گاؤں)
TABLE_TITLE,,WORKING_VILLAGE,Working Village,कार्यरत गाव,कार्यशील गाँव,କାର୍ଯ୍ୟରତ ଗ୍ରାମ,వర్కింగ్ విలేజ్,ಕೆಲಸ ಮಾಡುವ ಗ್ರಾಮ,பணிபுரியும் கிராமம்,કાર્યકારી ગામ,مقامِ ملازمت کا گاؤں
PROGRAM_MANAGEMENT,,PROGRAMS,Programs,कार्यक्रम,कार्यक्रमों,ପ୍ରୋଗ୍ରାମ୍,ప్రోగ్రామ్‌లు,ಕಾರ್ಯಕ್ರಮಗಳು,திட்டங்கள்,કાર્યક્રમો,پروگرامز
PROGRAM_MANAGEMENT,,CREATE_PROGRAM,Create Program,कार्यक्रम तयार करा,प्रोग्राम बनाएं,ପ୍ରୋଗ୍ରାମ୍ ତିଆରି କରନ୍ତୁ,ప్రోగ్రామ్‌ను సృష్టించండి,ಕಾರ್ಯಕ್ರಮ ರಚಿಸಿ,திட்டத்தை உருவாக்கவும்,પ્રોગ્રામ બનાવો,پروگرام بنائیں
PROGRAM_MANAGEMENT,,EDIT_PROGRAM,Edit Program,कार्यक्रम संपादित करा,प्रोग्राम में बदलाव करें,ପ୍ରୋଗ୍ରାମ୍ ସମ୍ପାଦନ କରନ୍ତୁ,ప్రోగ్రామ్‌ను సవరించండి,ಎಡಿಟ್ ಪ್ರೋಗ್ರಾಮ್ ,திட்டத்தைத் திருத்தவும்,કાર્યક્રમ સંપાદિત કરો,پروگرام میں ترمیم کریں۔
PROGRAM_MANAGEMENT,,DELETE_PROGRAM,Delete,डिलीट करा,हटाएं,ପ୍ରୋଗ୍ରାମ୍ ଡିଲିଟ୍ କରନ୍ତୁ,ప్రోగ్రామ్‌ను తొలగించండి, ಅಳಿಸಿ,நீக்கவும்,પ્રોગ્રામ કાઢી નાખો,پروگرام کو حذف کریں۔
PROGRAM_MANAGEMENT,,SEARCH_PROGRAM,Search Program...,कार्यक्रम शोधा ,प्रोग्राम खोजें...,ପ୍ରୋଗ୍ରାମ ସନ୍ଧାନ କର ବା ଖୋଜ,ప్రోగ్రామ్‌ను శోధించండి...,ಕಾರ್ಯಕ್ರಮವನ್ನು ಹುಡುಕಿ...,திட்டத்தைத் தேடவும்...,શોધ કાર્યક્રમ...,تلاش پروگرام...
PROGRAM_MANAGEMENT,,NO_PROGRAMS_FOUND,No Program Found,कोणताही कार्यक्रम आढळला नाही,कोई प्रोग्राम नहीं मिला,କୌଣସି ପ୍ରୋଗ୍ରାମ ମିଳିଲା ନାହିଁ,ఏ ప్రోగ్రామ్ కనుగొనబడలేదు,ಯಾವುದೇ ಕಾರ್ಯಕ್ರಮ ಕಂಡುಬಂದಿಲ್ಲ.,திட்டம் எதுவும் கிடைக்கவில்லை,કોઈ કાર્યક્રમ મળ્યો નથી,کوئی پروگرام نہیں ملا
PROGRAM_MANAGEMENT,,EDIT,Edit,संपादित करा,संपादन करना,ସମ୍ପାଦନ କରନ୍ତୁ,సవరించు,ಎಡಿಟ್ ,திருத்தவும்,ફેરફાર કરો,ترمیم کریں۔
CERTIFICATES,,RENDER_CERTIFICATE_FAILED,Failed to Render Certificate,प्रमाणपत्र रेंडर करण्यात अयशस्वी,सर्टिफिकेट दिखाने में समस्या हुई,ସର୍ଟିଫିକେଟ୍ ତିଆରି କରିବାରେ ବିଫଳ,సర్టిఫికెట్‌ను అందించడంలో విఫలమైంది,ಮರುವಿತರಣೆ ಮಾಡಲು ವಿಫಲವಾಗಿದೆ,சான்றிதழைக் காண்பிக்க முடியவில்லை,પ્રમાણપત્ર રેન્ડર કરવામાં નિષ્ફળ,سرٹیفکیٹ پیش کرنے میں ناکام
CERTIFICATES,,ISSUED_CERTIFICATE_FAILED,Failed to Issued Certificate,प्रमाणपत्र जारी करण्यात अयशस्वी,सर्टिफिकेट जारी नहीं हो सका,ସର୍ଟିଫିକେଟ୍ ପ୍ରଦାନ କରିବାରେ ବିଫଳ,జారీ చేసిన సర్టిఫికెట్‌ను అందించడంలో విఫలమైంది,ಪ್ರಮಾಣಪತ್ರ ನೀಡಲಾಗುತ್ತಿಲ್ಲ,சான்றிதழை வழங்க முடியவில்லை,જારી કરેલ પ્રમાણપત્રમાં નિષ્ફળ,سرٹیفکیٹ جاری کرنے میں ناکام
MENTOR,,BACK,Back,मागे,पीछे,ପଛକୁ,వెనుకకు,ಬ್ಲಾಕ್ ,பின்செல்,પાછળ,پیچھے
MENTOR,,SAVE_SELECTION,Save Selection,निवड जतन करा,चयन सहेजें,ଚୟନକୁ ସେଭ୍ କରନ୍ତୁ,ఎంపికను సేవ్ చేయి,ಆಯ್ಕೆಯನ್ನು ಉಳಿಸಿ,தேர்வைச் சேமிக்கவும்,પસંદગી સાચવો,انتخاب کو محفوظ کریں۔
MENTOR,,SELECTED_VILLAGE_COUNT,Selected village count : {{totalVillageCount}},निवडलेल्या गावांची संख्या : {{totalVillageCount}},चयनित गांवों की संख्या: {{totalVillageCount}},ଚୟନ ହୋଇଥିବା  ଗ୍ରାମ ସଂଖ୍ୟା : {{totalVillageCount}},ఎంచుకున్న గ్రామ గణన: {{totalVillageCount}},ಆಯ್ಕೆ ಮಾಡಲಾದ ಗ್ರಾಮಗಳ  ಸಂಖ್ಯೆ: {{totalVillageCount}},தேர்ந்தெடுக்கப்பட்ட கிராமங்களின் எண்ணிக்கை : {{totalVillageCount}},પસંદ કરેલા ગામોની સંખ્યા : {{totalVillageCount}},منتخب شدہ گاؤں کی تعداد: {{totalVillageCount}}
,,TYPE_OF_BATCH,Type of Batch,बॅचचा प्रकार,बैच का प्रकार,ବ୍ୟାଚର ପ୍ରକାର,బ్యాచ్ రకం,ಬ್ಯಾಚ್ ಟೈಪ್ ,பேட்ச் வகை,બેચનો પ્રકાર,بیچ کی قسم
,,CATCHMENT_AREA,Catchment Area,पाणलोट क्षेत्र,जलग्रह - क्षेत्र,କ୍ଷେତ୍ରଭୁକ୍ତ ଅଞ୍ଚଳ,పరీవాహక ప్రాంతం,ಕ್ಯಾಚಮೆಂಟ್ ಏರಿಯಾ ,செயல்பாட்டு பகுதி,કેચમેન્ટ એરિયા,دائرۂ عمل
MENTORS,,RE_ASSIGN_MENTOR,Re-assign Mentor,मेंटर पुन्हा नियुक्त करा,मेंटर को पुनः नियुक्त करें,ମେଣ୍ଟରଙ୍କୁ ପୁନଃନିଯୁକ୍ତ କରନ୍ତୁ,మెంటర్‌ను తిరిగి కేటాయించండి,ಮಾರ್ಗದರ್ಶಕರನ್ನು ಮರು ನಿಯೋಜಿಸಿ,வழிகாட்டியை மீண்டும் நியமிக்கவும்,મેંટરને ફરીથી સોંપો,مینٹور کو دوبارہ تفویض کریں
,,DISTRICT,District,जिल्हा,ज़िला,ଜିଲ୍ଲା,జిల్లా,ಜಿಲ್ಲೆ ,மாவட்டம்,જિલ્લો,ضلع
,,CENTER:,Center:,केंद्र:,केंद्र:,କେନ୍ଦ୍ର:,కేంద్రం:,ಸೆಂಟರ್ ,மையம்:,કેન્દ્ર:,سنٹر:
,,SKILLING_CENTER_IMAGE,Sklling Center Image,स्कलिंग सेंटरची प्रतिमा,कौशल केंद्र की छवि,ସ୍କିଲିଂ ସେଣ୍ଟର ଛବି,నైపుణ్య శిక్షణ కేంద్రం చిత్రం,ಕೌಶಲ್ಯ  ಸೆಂಟರ್ ಚಿತ್ರ,திறன் பயிற்சி மையப் படம்,સ્કલિંગ સેન્ટરની ઇમેજ ,اسکِلنگ سینٹر کی تصویر
,,INDUSTRY,Industry,उद्योग,उद्योग,ଶିଳ୍ପ,పరిశ్రమ,ಕೈಗಾರಿಕೆ,தொழில் துறை,ઉદ્યોગ,صنعت
,,ADDRESS,Address,पत्ता,पता,ଠିକଣା,చిరునామా,ವಿಳಾಸ ,முகவரி,સરનામું,پتہ
,,DOB,Date of Birth,जन्मतारीख,जन्म तिथि,ଜନ୍ମ ତାରିଖ,పుట్టిన తేదీ,ಹುಟ್ಟಿದ ದಿನಾಂಕ,பிறந்த தேதி,જન્મ તારીખ,تاریخ پیدائش
,,SUBJECT,Subject,विषय,विषय,ବିଷୟ,విషయం,ವಿಷಯ ,பாடம்,વિષય,مضمون
,,UNMARRIED,Unmarried,अविवाहित,अविवाहित,ଅବିବାହିତ,అవివాహితుడు,ಅವಿವಾಹಿತರು ,திருமணம் ஆகாதவர்,અપરિણીત,غیر شادی شدہ
,,MARRIED,Married,विवाहित,विवाहित,ବିବାହିତ,వివాహితులు,ವಿವಾಹಿತರು,திருமணமானவர்,પરિણીત,شادی شدہ
,,DIVORCED,Divorced,घटस्फोटित,तलाकशुदा,ବିବାହ ବିଚ୍ଛେଦ ହୋଇଛି,విడాకులు తీసుకున్నారు,ವಿಚ್ಛೇದನ ಪಡೆದರು,விவாகரத்து பெற்றவர்,છૂટાછેડા લીધેલા,طلاق ہو گئی۔
,,SELF_PLACED,Self Placed,स्वतः ठेवलेले,स्वयं स्थापित,ନିଜେ ସ୍ଥାନିତ,స్వీయ స్థానము,ಸ್ವಯಂ ಉದ್ಯೋಗಿ ,சுயமாக வேலைவாய்ப்பு பெற்றவர்,સ્વયં સ્થાન,سیلف پلیسڈ
,,DESIGNATION,Designation,पदनाम,पद का नाम,ପଦବୀ,హోదా,ಹುದ್ದೆ ,பதவி,હોદ્દો,عہدہ
YOUTH,,UPDATE_YOUTH,Update Youth,तरुणांना अपडेट करा,युवाओं को अपडेट करें,ଯୁବପିଢ଼ିଙ୍କୁ ଅପଡେଟ୍ କରନ୍ତୁ,యువతను నవీకరించండి,ಯೂತ್ ನ್ನು  ನವೀಕರಿಸಿ,இளைஞர் விவரங்களைப் புதுப்பிக்கவும்,યુવા અપડેટ કરો,نوجوان کی معلومات کو اپ ڈیٹ کریں
YOUTH,,NEW_YOUTH,New Youth,नवीन तरुण,नए युवा,ନୂତନ ଯୁବ,న్యూ యూత్,ಹೊಸ ಯೂತ್ ,புதிய இளைஞர்,ન્યૂ યુથ,نوجوان شامل کریں
YOUTH,,USER_CREDENTIALS_WILL_BE_SEND_SOON,User credentials will be sent soon,वापरकर्ता क्रेडेन्शियल्स लवकरच पाठवले जातील.,उपयोगकर्ता क्रेडेंशियल जल्द ही भेजे जाएंगे,ୟୁଜରଙ୍କ  ଲଗଇନ୍ ବିବରଣୀ ଖୁବ ଶୀଘ୍ର ପଠାଯିବ।,యూజర్ ఆధారాలు త్వరలో పంపబడతాయి.,ಯೂಸರ್  ರುಜುವಾತುಗಳನ್ನು ಶೀಘ್ರದಲ್ಲೇ ಕಳುಹಿಸಲಾಗುತ್ತದೆ.,பயனர் உள்நுழைவு விவரங்கள் விரைவில் அனுப்பப்படும்,વપરાશકર્તા ઓળખપત્રો ટૂંક સમયમાં મોકલવામાં આવશે.,سرپرست بنایا گیا ہے، اسناد جلد بھیج دی جائیں گی۔
YOUTH,,NOT_ABLE_CREATE_YOUTH,Not able to create youth,तरुणाई निर्माण करू शकत नाही.,युवा पीढ़ी का सृजन करने में असमर्थ,ଯୁବପିଢ଼ି ସୃଷ୍ଟି କରିପାରି ନାହିଁ।,యువతను సృష్టించలేకపోయారు.,ಯೂತ್ ನ್ನು ಸೃಷ್ಟಿಸಲು ಸಾಧ್ಯವಿಲ್ಲ.,இளைஞரை உருவாக்க முடியவில்லை,યુવાની પેદા કરવામાં સક્ષમ નથી,نوجوان شامل نہیں کیا جا سکتا
YOUTH,,YOUTH_CREATED_SUCCESSFULLY,Youth has been successfully created!,तरुणाई यशस्वीरित्या निर्माण झाली आहे!,युवा पीढ़ी का निर्माण सफलतापूर्वक हो चुका है!,ଯୁବଶକ୍ତି ସଫଳତାର ସହିତ ସୃଷ୍ଟି ହୋଇଛି!,యువత విజయవంతంగా సృష్టించబడింది!,ಯೂತ್ ನ್ನು ಯಶಸ್ವಿಯಾಗಿ ರಚಿಸಲಾಗಿದೆ!,இளைஞர் வெற்றிகரமாக உருவாக்கப்பட்டார்!,યુવાની સફળતાપૂર્વક બનાવવામાં આવી છે!,نوجوان کامیابی کے ساتھ شامل کر دیا گیا ہے!
YOUTH,,NOT_ABLE_UPDATE_YOUTH,Not able to update youth,तरुणांना अपडेट करू शकत नाही.,युवाओं को अपडेट करने में असमर्थ,ଯୁବକମାନଙ୍କୁ ଅପଡେଟ୍ କରିପାରିଲା ନାହିଁ,యువతను నవీకరించలేకపోతున్నారు,ಯೂತ್ ನ್ನು ನವೀಕರಿಸಲು ಸಾಧ್ಯವಾಗುತ್ತಿಲ್ಲ,இளைஞரைப் புதுப்பிக்க முடியவில்லை,યુવાનોને અપડેટ કરવામાં અસમર્થ,نوجوان کی معلومات اپ ڈیٹ نہیں کی جا سکیں
YOUTH,,YOUTH_UPDATED_SUCCESSFULLY,Youth has been successfully updated!,तरुणांना यशस्वीरित्या अपडेट केले गेले आहे!,युवाओं का संस्करण सफलतापूर्वक अपडेट हो गया है!,ଯୁବପିଢ଼ିକୁ ସଫଳତାର ସହ ଅପଡେଟ୍ କରାଯାଇଛି!,యువత విజయవంతంగా నవీకరించబడింది!,ಯೂತ್ ನ್ನು ಯಶಸ್ವಿಯಾಗಿ ನವೀಕರಿಸಲಾಗಿದೆ!,இளைஞர் வெற்றிகரமாகப் புதுப்பிக்கப்பட்டார்!,યુવા સફળતાપૂર્વક અપડેટ કરવામાં આવ્યું છે!,نوجوان کی معلومات کامیابی کے ساتھ اپ ڈیٹ کر دی گئی ہیں
YOUTH,,SELF_PLACED,Self Placed,स्वतः ठेवलेले,स्वयं स्थापित,ନିଜେ ସ୍ଥାନିତ,స్వీయ స్థానము,ಸ್ವಯಂ ಉದ್ಯೋಗಿ ,சுயமாக வேலைவாய்ப்பு பெற்றவர்,સ્વયં સ્થાન,سیلف پلیسڈ
YOUTH,,REGULAR,Regular,नियमित,नियमित,ନିୟମିତ,రెగ్యులర్,ರೆಗ್ಯುಲರ್ ,நேரடி,નિયમિત,باقاعدہ
YOUTH,,ENROLLED_IN_EDUCATIONAL_INSTITUTE,Enrolled in educational institute,शैक्षणिक संस्थेत प्रवेश घेतला.,शैक्षणिक संस्थान में नामांकित,ଶିକ୍ଷାନୁଷ୍ଠାନରେ ନାମ ଲେଖାଇଛି,విద్యా సంస్థలో చేరాడు,ಶಿಕ್ಷಣ ಸಂಸ್ಥೆಯಲ್ಲಿ ದಾಖಲಾಗಿದ್ದಾರೆ,கல்வி நிறுவனத்தில் சேர்ந்துள்ளார்,શૈક્ષણિક સંસ્થામાં પ્રવેશ મેળવ્યો,تعلیمی ادارے میں داخلہ لیا۔
YOUTH,,OWN_FARMING,Own farming,स्वतःची शेती,स्वयं की खेती,ନିଜସ୍ୱ ଚାଷ,సొంత వ్యవసాయం,ಸ್ವಂತ ಕೃಷಿ,சொந்த விவசாயம்,પોતાની ખેતી,اپنی کاشتکاری
YOUTH,,AGRICULTURAL_FARM_LABORER,Agricultural farm laborer,शेती करणारा शेतमजूर,कृषि मजदूर,କୃଷି କୃଷି ଶ୍ରମିକ,వ్యవసాయ కార్మికుడు,ಕೃಷಿ ಕಾರ್ಮಿಕ,விவசாய கூலித் தொழிலாளர்,કૃષિ ખેતમજૂર,زرعی کھیت مزدور
YOUTH,,NON_AGRICULTURAL_LABORER,Non-agricultural laborer,शेती नसलेला कामगार,गैर-कृषि मजदूर,ଅଣ-କୃଷି ଶ୍ରମିକ,వ్యవసాయేతర కార్మికుడు,ಕೃಷಿಯೇತರ ಕಾರ್ಮಿಕ,விவசாயம் அல்லாத கூலித் தொழிலாளர்,બિન-કૃષિ મજૂર,غیر زرعی مزدور
YOUTH,,SALARIED_WORK,Salaried work,पगारी काम,वेतनभोगी कार्य,ଦରମାପ୍ରାପ୍ତ କାମ,జీతంతో కూడిన పని,ಸಂಬಳದ ಕೆಲಸ,சம்பளப் பணி,પગારદાર કામ,تنخواہ دار کام
YOUTH,,SELF_EMPLOYMENT,Self-employment,स्वयंरोजगार,स्व रोजगार,ସ୍ୱନିଯୁକ୍ତି,స్వయం ఉపాధి,ಸ್ವಯಂ ಉದ್ಯೋಗಿ ,சுயதொழில்,સ્વરોજગાર,خود روزگار
YOUTH,,UNEMPLOYED_OR_DOMESTIC_WORK,Unemployed or Domestic Work,बेरोजगार किंवा घरगुती काम,बेरोजगार या घरेलू कामगार,ବେକାର କିମ୍ବା ଘରୋଇ କାମ,నిరుద్యోగులు లేదా ఇంటి పని,ನಿರುದ್ಯೋಗಿ ಅಥವಾ ಮನೆಕೆಲಸ,வேலையில்லாதவர் அல்லது வீட்டு வேலை,બેરોજગાર અથવા ઘરકામ,بے روزگار یا گھریلو کام
YOUTH,,MARK_AS_VOLUNTEER,Mark as Volunteer,स्वयंसेवक म्हणून चिन्हांकित करा,स्वयंसेवक के रूप में चिह्नित करें,ସ୍ଵେଚ୍ଛାସେବକ ଭାବରେ ଚିହ୍ନଟ କରନ୍ତୁ,వాలంటీర్‌గా గుర్తించండి,ಸ್ವಯಂಸೇವಕರಾಗಿ ಗುರುತಿಸಿ,தன்னார்வலராகக் குறிக்கவும்,સ્વયંસેવક તરીકે ચિહ્નિત કરો,رضاکار کے طور پر نشان زد کریں
YOUTH,,DO_YOU_WANT_TO_MARK_AS_VOLUNTEER,Do you want to mark as a volunteer,तुम्हाला स्वयंसेवक म्हणून चिन्हांकित करायचे आहे का?,क्या आप स्वयंसेवक के रूप में अपना नाम दर्ज कराना चाहते हैं?,ଆପଣ କ’ଣ ଜଣେ ସ୍ୱେଚ୍ଛାସେବକ ଭାବରେ ଚିହ୍ନିତ କରିବାକୁ ଚାହୁଁଛନ୍ତି?,మీరు స్వచ్ఛంద సేవకుడిగా గుర్తించాలనుకుంటున్నారా?,ನೀವು ಸ್ವಯಂಸೇವಕರಾಗಿ ಗುರುತಿಸಲು ಬಯಸುವಿರಾ?,தன்னார்வலராகக் குறிக்க விரும்புகிறீர்களா?,શું તમે સ્વયંસેવક તરીકે ચિહ્નિત કરવા માંગો છો?,کیا آپ واقعی صارف کو رضاکار کے طور پر نشان زد کرنا چاہتے ہیں؟
YOUTH,,MARK_AS_VOLUNTEER_SUCCESSFULLY,Marked as volunteer successfully,स्वयंसेवक म्हणून यशस्वीरित्या चिन्हांकित केले,स्वयंसेवक के रूप में सफलतापूर्वक चिह्नित किया गया,ସଫଳତାର ସହ ସ୍ୱେଚ୍ଛାସେବକ ଭାବରେ ଚିହ୍ନଟ କରାଯାଇଛି,విజయవంతంగా స్వచ్ఛంద సేవకుడిగా గుర్తించబడింది,ಸ್ವಯಂಸೇವಕರಾಗಿ ಯಶಸ್ವಿಯಾಗಿ ಗುರುತಿಸಲಾಗಿದೆ,வெற்றிகரமாக தன்னார்வலராகக் குறிக்கப்பட்டார்,સ્વયંસેવક તરીકે સફળતાપૂર્વક ચિહ્નિત થયા,صارف کو کامیابی کے ساتھ رضاکار کے طور پر نشان زد کر دیا گیا۔
YOUTH,,MARK_AS_VOLUNTEER_FAILED,Failed to mark as volunteer,स्वयंसेवक म्हणून चिन्हांकित करण्यात अयशस्वी,स्वयंसेवक के रूप में चिह्नित करने में विफल,ସ୍ଵେଚ୍ଛାସେବକ ଭାବରେ ଚିହ୍ନଟ କରିବାରେ ବିଫଳ ହୋଇଛି,స్వచ్ఛంద సేవకుడిగా గుర్తించడం విఫలమైంది.,ಸ್ವಯಂಸೇವಕ ಎಂದು ಗುರುತಿಸಲು ವಿಫಲವಾಗಿದೆ,தன்னார்வலராகக் குறிக்க முடியவில்லை,સ્વયંસેવક તરીકે ચિહ્નિત કરવામાં નિષ્ફળ ગયા,رضاکار کے طور پر نشان لگانے میں ناکامی
YOUTH,,PLEASE_GO_BACK_MSG,Please go back after selection to proceed further,निवडीनंतर पुढे जाण्यासाठी कृपया मागे जा.,चयन करने के बाद आगे बढ़ने के लिए कृपया वापस जाएं।,ଆଗକୁ ବଢ଼ିବା ପାଇଁ ଦୟାକରି ଚୟନ ପରେ ପଛକୁ ଫେରନ୍ତୁ।,దయచేసి ఎంపిక తర్వాత ముందుకు సాగడానికి తిరిగి వెళ్ళండి.,ಆಯ್ಕೆಯ ನಂತರ ಮುಂದುವರಿಯಲು ದಯವಿಟ್ಟು ಹಿಂತಿರುಗಿ.,"மேலும் தொடர, தேர்வு செய்த பிறகு பின்செல்லவும்",આગળ વધવા માટે કૃપા કરીને પસંદગી પછી પાછા જાઓ.,مزید کارروائی کے لیے انتخاب کے بعد واپس جائیں۔
YOUTH,,UNMARK_AS_VOLUNTEER,Unmark as Volunteer,स्वयंसेवक म्हणून चिन्हांकित करा रद्द करा,स्वयंसेवक के रूप में चिह्नित न करें,ସ୍ଵେଚ୍ଛାସେବକ ଭାବରେ ମାର୍କ ହଟାନ୍ତୁ ,స్వచ్ఛంద సేవకుడిగా గుర్తు తీసివేయి,ಸ್ವಯಂಸೇವಕ ಎಂದು ಗುರುತು ತೆಗೆದುಹಾಕಿ,தன்னார்வலர் குறியை நீக்கவும்,સ્વયંસેવક તરીકે ચિહ્નિત ન કરો,رضاکار کے طور پر نشان ہٹائیں
YOUTH,,DO_YOU_WANT_TO_UNMARK_AS_VOLUNTEER,Do you want to unmark as a volunteer,तुम्हाला स्वयंसेवक म्हणून चिन्हांकित करायचे नाही का?,क्या आप स्वयंसेवक के रूप में अपना नाम हटाना चाहते हैं?,ଆପଣ ସେବକ ଭାବେ ମାର୍କକୁ  ହଟାଇବାକୁ ଚାହୁଁଛନ୍ତି କି,మీరు వాలంటీర్‌గా మార్క్‌ను తీసివేయాలనుకుంటున్నారా?,ನೀವು ಸ್ವಯಂಸೇವಕರಾಗಿ ಗುರುತು ತೆಗೆದುಹಾಕಲು ಬಯಸುವಿರಾ?,தன்னார்வலர் குறியை நீக்க விரும்புகிறீர்களா?,શું તમે સ્વયંસેવક તરીકે ચિહ્નિત કરવાનું રદ કરવા માંગો છો?,کیا آپ واقعی صارف کا رضاکار کا نشان ہٹانا چاہتے ہیں؟
YOUTH,,UNMARK_AS_VOLUNTEER_SUCCESSFULLY,Unmarked as volunteer successfully,स्वयंसेवक म्हणून यशस्वीरित्या चिन्हांकित केले नाही.,स्वयंसेवक के रूप में सफलतापूर्वक अचिह्नित,ସ୍ଵେଚ୍ଛାସେବକ ଭାବରେ ଚିହ୍ନଟ ସଫଳତାର ସହିତ ହଟାଯାଇଛି।,స్వచ్ఛంద సేవకుడిగా విజయవంతంగా గుర్తు తీసివేయబడింది,ಸ್ವಯಂಸೇವಕ ಎಂಬ ಗುರುತನ್ನು ಯಶಸ್ವಿಯಾಗಿ ರದ್ದುಗೊಳಿಸಲಾಗಿದೆ.,தன்னார்வலர் குறி வெற்றிகரமாக நீக்கப்பட்டது,સ્વયંસેવક તરીકે સફળતાપૂર્વક ચિહ્નિત કર્યા નથી,رضاکار کے طور پر نشان کامیابی کے ساتھ ہٹا دیا گیا۔
YOUTH,,UNMARK_AS_VOLUNTEER_FAILED,Failed to unmark as volunteer,स्वयंसेवक म्हणून चिन्हांकित करणे अयशस्वी झाले,स्वयंसेवक के रूप में चिह्नित हटाने में विफल,ସ୍ୱେଚ୍ଛାସେବକ ଭାବରେ ଅଚିହ୍ନଟ କରିବାରେ ଡିଲିଟ  ହୋଇଛି,స్వచ్ఛంద సేవకుడిగా గుర్తును తీసివేయడంలో విఫలమైంది.,ಸ್ವಯಂಸೇವಕ ಎಂದು ಗುರುತು ರದ್ದುಮಾಡಲು ವಿಫಲವಾಗಿದೆ.,தன்னார்வலர் குறியை நீக்க முடியவில்லை,સ્વયંસેવક તરીકે ચિહ્નિત કરવાનું રદ કરવામાં નિષ્ફળ થયાં,رضاکار کے طور پر نشان ہٹانے میں ناکامی
MOBILIZER,,ACTIVATE_USER_SUCCESS,User has been successfully activated,वापरकर्ता यशस्वीरित्या सक्रिय झाला आहे.,उपयोगकर्ता सफलतापूर्वक सक्रिय हो गया है।,ୟୁଜରଙ୍କୁ  ସଫଳତାର ସହ ସକ୍ରିୟ କରାଯାଇଛି।,యూజర్ విజయవంతంగా యాక్టివేట్ చేయబడ్డాడు.,ಯೂಸರ್ ನ್ನು ಯಶಸ್ವಿಯಾಗಿ ಸಕ್ರಿಯಗೊಳಿಸಲಾಗಿದೆ.,பயனர் வெற்றிகரமாகச் செயல்படுத்தப்பட்டார்,વપરાશકર્તા સફળતાપૂર્વક સક્રિય થયો છે.,صارف کامیابی سے ایکٹیویٹ ہو گیا ہے۔
MOBILIZER,,MOBILIZER_UPDATED_SUCCESSFULLY,Mentor has been successfully updated!,मेंटर यशस्वीरित्या अपडेट केले गेले आहे!,मेंटर सफलतापूर्वक अपडेट हो गया है!,ମେଣ୍ଟରଙ୍କୁ ସଫଳତାର ସହ ଅପଡେଟ୍ କରାଯାଇଛି!,మెంటర్ విజయవంతంగా నవీకరించబడింది!,ಮೆಂಟರ್ ಅನ್ನು ಯಶಸ್ವಿಯಾಗಿ ನವೀಕರಿಸಲಾಗಿದೆ!,வழிகாட்டி வெற்றிகரமாகப் புதுப்பிக்கப்பட்டது!,માર્ગદર્શક સફળતાપૂર્વક અપડેટ કરવામાં આવ્યું છે!,مینٹر کو کامیابی کے ساتھ اپ ڈیٹ کر دیا گیا ہے!
MOBILIZER,,NOT_ABLE_UPDATE_MOBILIZER,Not able to update Mentor,मेंटर अपडेट करू शकत नाही.,मेंटर को अपडेट करने में असमर्थ,ମେଣ୍ଟରକୁ ଅପଡେଟ୍ କରିପାରିଲି ନାହିଁ,మెంటర్‌ను అప్‌డేట్ చేయడం సాధ్యం కాలేదు,ಮೆಂಟರ್ ಅನ್ನು ಅಪ್‌ಡೇಟ್ ಮಾಡಲು ಸಾಧ್ಯವಾಗುತ್ತಿಲ್ಲ,வழிகாட்டியைப் புதுப்பிக்க முடியவில்லை.,મેન્ટરને અપડેટ કરી શકતા નથી,سرپرست کو اپ ڈیٹ کرنے کے قابل نہیں ہے۔
MOBILIZER,,MOBILIZER_CREATED_SUCCESSFULLY,Mentor has been successfully created!,मेंटर यशस्वीरित्या तयार झाला आहे!,मेंटर सफलतापूर्वक बनाया गया है!,ମେଣ୍ଟର ସଫଳତାର ସହ ସୃଷ୍ଟି ହୋଇଛି!,మెంటర్ విజయవంతంగా సృష్టించబడింది!,ಮೆಂಟರ್ ಅನ್ನು ಯಶಸ್ವಿಯಾಗಿ ರಚಿಸಲಾಗಿದೆ!,வழிகாட்டி வெற்றிகரமாக உருவாக்கப்பட்டது!,માર્ગદર્શક સફળતાપૂર્વક બનાવવામાં આવ્યો છે!,مینٹر کامیابی کے ساتھ بنایا گیا ہے!
MOBILIZER,,NOT_ABLE_CREATE_MOBILIZER,Not able to create Mentor,मेंटर तयार करू शकत नाही.,मेंटर बनाने में असमर्थ,ମେଣ୍ଟର ତିଆରି କରିପାରିଲେ ନାହିଁ,మెంటర్‌ను సృష్టించలేకపోయాను,ಮೆಂಟರ್ ಅನ್ನು ರಚಿಸಲು ಸಾಧ್ಯವಾಗುತ್ತಿಲ್ಲ,வழிகாட்டியை உருவாக்க முடியவில்லை.,માર્ગદર્શક બનાવી શક્યા નથી,سرپرست پیدا کرنے کے قابل نہیں۔
MOBILIZER,,USER_CREDENTIALS_WILL_BE_SEND_SOON,"Mentor is created, credentials will be sent soon","मेंटर तयार झाला आहे, लवकरच क्रेडेन्शियल्स पाठवले जातील.","मेंटर बना दिया गया है, क्रेडेंशियल जल्द ही भेज दिए जाएंगे।","ମେଣ୍ଟର ତିଆରି ହୋଇଛି, ଶୀଘ୍ର ପ୍ରମାଣପତ୍ର ପଠାଯିବ।","మెంటర్ సృష్టించబడింది, ఆధారాలు త్వరలో పంపబడతాయి.","ಮೆಂಟರ್ ಅನ್ನು ರಚಿಸಲಾಗಿದೆ, ರುಜುವಾತುಗಳನ್ನು ಶೀಘ್ರದಲ್ಲೇ ಕಳುಹಿಸಲಾಗುತ್ತದೆ.","வழிகாட்டி உருவாக்கப்பட்டுவிட்டார், விரைவில் சான்றுகள் அனுப்பப்படும்.","માર્ગદર્શક બનાવવામાં આવ્યો છે, ઓળખપત્રો ટૂંક સમયમાં મોકલવામાં આવશે.",سرپرست بنایا گیا ہے، اسناد جلد بھیج دی جائیں گی۔
MOBILIZER,,MAP_USER_AS_LEAD,Map User as Lead,लीड म्हणून नकाशा वापरकर्ता,उपयोगकर्ता को मुख्य उपयोगकर्ता के रूप में मैप करें,ଲିଡ୍ ଭାବରେ ମ୍ୟାପ୍ ବ୍ୟବହାରକାରୀ,మ్యాప్ యూజర్‌ను లీడ్‌గా,ಯೂಸರ್ ನ್ನು ಲೀಡ್ ಆಗಿ ಮ್ಯಾಪ್ ಮಾಡಿ,பயனரை தலைவராக இணைக்கவும்,લીડ તરીકે નકશા વપરાશકર્તા,صارف کو لیڈ کے طور پر منسلک کریں
MOBILIZER,,MAP_USER_AS_MOBILIZER,Map User as Mentor,मार्गदर्शक म्हणून नकाशा वापरकर्ता,उपयोगकर्ता को मार्गदर्शक के रूप में मैप करें,ୟୁଜରଙ୍କୁ  ମେଣ୍ଟର ଭାବେ ନିୟୋଜିତ କରନ୍ତୁ,మెంటర్‌గా మ్యాప్ యూజర్,ಯೂಸರ್ ನ್ನು ಮೆಂಟರ್ ಆಗಿ ಮ್ಯಾಪ್ ಮಾಡಿ.,பயனரை வழிகாட்டியாக இணைக்கவும்,માર્ગદર્શક તરીકે નકશા વપરાશકર્તા,صارف کو مینٹور کے طور پر منسلک کریں
MOBILIZER,,PLEASE_SEARCH_AND_SELECT_USER,Please search and select a user,कृपया वापरकर्ता शोधा आणि निवडा.,कृपया उपयोगकर्ता खोजें और चुनें,ଦୟାକରି ୟୁଜରଙ୍କୁ  ଖୋଜି ଚୟନ କରନ୍ତୁ,దయచేసి శోధించి వినియోగదారుని ఎంచుకోండి.,ದಯವಿಟ್ಟು ಹುಡುಕಿ ಮತ್ತು ಯೂಸರ್ ನ್ನು  ಆಯ್ಕೆ ಮಾಡಿ.,தயவுசெய்து ஒரு பயனரைத் தேடி தேர்ந்தெடுக்கவும்,કૃપા કરીને વપરાશકર્તા શોધો અને પસંદ કરો.,براہِ کرم صارف تلاش کریں اور منتخب کریں۔
MOBILIZER,,UNKNOWN_STATE,Unknown State,अज्ञात स्थिती,अज्ञात राज्य,ଅଜଣା ରାଜ୍ୟ,తెలియని రాష్ట్రం,ಅಪರಿಚಿತ ರಾಜ್ಯ,தெரியாத மாநிலம்,અજાણ્યું રાજ્ય,غیر معروف ریاست
MOBILIZER,,UNKNOWN_DISTRICT,Unknown District,अज्ञात जिल्हा,अज्ञात जिला,ଅଜଣା ଜିଲ୍ଲା,తెలియని జిల్లా,ಅಪರಿಚಿತ ಜಿಲ್ಲೆ ,தெரியாத மாவட்டம்,અજાણ્યો જિલ્લો,غیر معروف ضلع
MOBILIZER,,UNKNOWN_BLOCK,Unknown Block,अज्ञात ब्लॉक,अज्ञात ब्लॉक,ଅଜଣା ବ୍ଲକ,తెలియని బ్లాక్,ಅಪರಿಚಿತ ಬ್ಲಾಕ್ ,தெரியாத வட்டம்,અજાણ્યો બ્લોક,غیر معروف بلاک
MOBILIZER,,WORKING_LOCATION_REQUIRED,Working location is required. Please select villages for all blocks.,कामाचे ठिकाण आवश्यक आहे. कृपया सर्व ब्लॉकसाठी गावे निवडा.,कार्यस्थल का उल्लेख आवश्यक है। कृपया सभी ब्लॉकों के लिए गांवों का चयन करें।,କାର୍ଯ୍ୟସ୍ଥଳ ଆବଶ୍ୟକ। ଦୟାକରି ସମସ୍ତ ବ୍ଲକ୍ ପାଇଁ ଗାଁଗୁଡ଼ିକ ଚୟନ କରନ୍ତୁ।,పని చేసే ప్రదేశం అవసరం. దయచేసి అన్ని బ్లాక్‌లకు గ్రామాలను ఎంచుకోండి.,ಕೆಲಸದ ಸ್ಥಳದ ಅಗತ್ಯವಿದೆ. ದಯವಿಟ್ಟು ಎಲ್ಲಾ ಬ್ಲಾಕ್‌ಗಳಿಗೂ ಗ್ರಾಮಗಳನ್ನು ಆಯ್ಕೆಮಾಡಿ.,பணிபுரியும் இடம் கட்டாயம். அனைத்து வட்டங்களுக்கும் கிராமங்களைத் தேர்ந்தெடுக்கவும்.,કાર્યસ્થળ જરૂરી છે. કૃપા કરીને બધા બ્લોક માટે ગામડાઓ પસંદ કરો.,کام کرنے کا مقام ضروری ہے۔ براہِ کرم تمام بلاکس کے لیے گاؤں منتخب کریں۔
MOBILIZER,,WORKING_LOCATION_REQUIRED_MISSING_VILLAGES,Working location is required. Please select villages for all blocks. Missing villages in: {{blocks}} and {{count}} more block(s).,कामाचे ठिकाण आवश्यक आहे. कृपया सर्व ब्लॉकसाठी गावे निवडा. {{blocks}} आणि {{count}} अधिक ब्लॉकमध्ये गावे गहाळ आहेत.,कार्यस्थल आवश्यक है। कृपया सभी ब्लॉकों के लिए गांवों का चयन करें। {{blocks}} और {{count}} और ब्लॉकों में गांव अनुपस्थित हैं।,କାର୍ଯ୍ୟସ୍ଥଳ ଆବଶ୍ୟକ। ସମସ୍ତ ବ୍ଲକ୍ ପାଇଁ ଗାଁ ଚୟନ କରନ୍ତୁ। {{blocks}} ଏବଂ ଆଉ {{count}}ଟି ବ୍ଲକ୍‌ରେ ଗାଁ ନାହିଁ।,"పని చేసే ప్రాంతం వివరాలు అవసరం. దయచేసి అన్ని బ్లాక్‌లకు గ్రామాలను ఎంచుకోండి. 
ఈ బ్లాక్‌లలో గ్రామాలు నమోదు కాలేదు: {{blocks}} మరియు మరో {{count}} బ్లాక్(లు)",ಕೆಲಸದ ಸ್ಥಳದ ಅಗತ್ಯವಿದೆ. ದಯವಿಟ್ಟು ಎಲ್ಲಾ ಬ್ಲಾಕ್‌ಗಳಿಗೂ ಗ್ರಾಮಗಳನ್ನು ಆಯ್ಕೆಮಾಡಿ. {{ಬ್ಲಾಕ್‌ಗಳು}} ಮತ್ತು {{count}} ಹೆಚ್ಚಿನ ಬ್ಲಾಕ್‌(ಗಳು) ನಲ್ಲಿ ಕಾಣೆಯಾದ ಗ್ರಾಮಗಳು.,பணிபுரியும் இடம் கட்டாயம். அனைத்து வட்டங்களுக்கும் கிராமங்களைத் தேர்ந்தெடுக்கவும். {{blocks}} மற்றும் மேலும் {{count}} வட்டங்களில் கிராமங்கள் தேர்ந்தெடுக்கப்படவில்லை.,કાર્યસ્થળ જરૂરી છે. કૃપા કરીને બધા બ્લોક માટે ગામો પસંદ કરો. {{blocks}} અને {{count}} વધુ બ્લોક(ઓ) માં ગામો ખૂટે છે.,کام کرنے کا مقام ضروری ہے۔ براہِ کرم تمام بلاکس کے لیے گاؤں منتخب کریں۔ درج ذیل بلاکس میں گاؤں غائب ہیں: {{blocks}} اور {{count}} مزید بلاک(ز)۔
MOBILIZER,,WORKING_LOCATION_REQUIRED_MISSING_VILLAGES_SINGLE,Working location is required. Please select villages for all blocks. Missing villages in: {{blocks}}.,कामाचे ठिकाण आवश्यक आहे. कृपया सर्व ब्लॉकसाठी गावे निवडा. {{ब्लॉक्स}} मध्ये गावे गहाळ आहेत.,कार्यस्थल आवश्यक है। कृपया सभी ब्लॉकों के लिए गांवों का चयन करें। निम्नलिखित ब्लॉकों में गांव अनुपलब्ध हैं: {{ब्लॉक}}।,କାର୍ଯ୍ୟସ୍ଥଳ ଆବଶ୍ୟକ। ଦୟାକରି ସମସ୍ତ ବ୍ଲକ୍ ପାଇଁ ଗାଁ ଚୟନ କରନ୍ତୁ। ନିମ୍ନଲିଖିତ ବ୍ଲକ୍‌ଗୁଡ଼ିକରେ ଗାଁ ଅନୁପସ୍ଥିତ: {{blocks}}।,పని చేసే ప్రాంతం అవసరం. దయచేసి అన్ని బ్లాక్‌లకు గ్రామాలను ఎంచుకోండి. వీటిలో గ్రామాలు లేవు: {{blocks}}.,ಕೆಲಸದ ಸ್ಥಳದ ಅಗತ್ಯವಿದೆ. ದಯವಿಟ್ಟು ಎಲ್ಲಾ ಬ್ಲಾಕ್‌ಗಳಿಗೂ ಗ್ರಾಮಗಳನ್ನು ಆಯ್ಕೆಮಾಡಿ. {{ಬ್ಲಾಕ್‌ಗಳು}} ನಲ್ಲಿ ಕಾಣೆಯಾದ ಗ್ರಾಮಗಳು.,பணிபுரியும் இடம் கட்டாயம். {{blocks}} வட்டங்களில் கிராமங்கள் தேர்ந்தெடுக்கப்படவில்லை.,કાર્યસ્થળ જરૂરી છે. કૃપા કરીને બધા બ્લોક માટે ગામો પસંદ કરો. {{blocks}} માં ગામો ખૂટે છે.,کام کرنے کا مقام ضروری ہے۔ براہِ کرم تمام بلاکس کے لیے گاؤں منتخب کریں۔ درج ذیل بلاکس میں گاؤں غائب ہیں:
MOBILIZER,,WORKING_LOCATION_REQUIRED_AT_LEAST_ONE,Working location is required. Please select at least one village in all blocks.,कामाचे ठिकाण आवश्यक आहे. कृपया सर्व ब्लॉकमध्ये किमान एक गाव निवडा.,कार्यस्थल का उल्लेख आवश्यक है। कृपया सभी ब्लॉकों में से कम से कम एक गाँव का चयन करें।,କାର୍ଯ୍ୟସ୍ଥଳ ଆବଶ୍ୟକ। ଦୟାକରି ସମସ୍ତ ବ୍ଲକ୍‌ରେ କମ୍ ସେ କମ୍ ଗୋଟିଏ ଗାଁ ଚୟନ କରନ୍ତୁ।,పని చేసే ప్రదేశం అవసరం. దయచేసి అన్ని బ్లాక్‌లలో కనీసం ఒక గ్రామాన్ని ఎంచుకోండి.,ಕೆಲಸದ ಸ್ಥಳದ ಅಗತ್ಯವಿದೆ. ದಯವಿಟ್ಟು ಎಲ್ಲಾ ಬ್ಲಾಕ್‌ಗಳಲ್ಲಿ ಕನಿಷ್ಠ ಒಂದು ಗ್ರಾಮವನ್ನು  ಆಯ್ಕೆಮಾಡಿ.,பணிபுரியும் இடம் கட்டாயம். அனைத்து வட்டங்களிலும் குறைந்தது ஒரு கிராமத்தையாவது தேர்ந்தெடுக்கவும்.,કાર્યસ્થળ જરૂરી છે. કૃપા કરીને બધા બ્લોકમાંથી ઓછામાં ઓછું એક ગામ પસંદ કરો.,کام کی جگہ لازمی ہے۔ براہِ کرم تمام بلاکس میں کم از کم ایک گاؤں منتخب کریں۔
MOBILIZER,,MOBILIZER_NAME,Mentor Name,मार्गदर्शकाचे नाव,मेंटर का नाम,ପରାମର୍ଶଦାତାଙ୍କ ନାମ,గురువు పేరు,ಮೆಂಟರ್ ಹೆಸರು ,வழிகாட்டி பெயர்,માર્ગદર્શકનું નામ,مینٹر کا نام
COMMON,,REDIRECTING,Redirecting...,पुन्हा निर्देशित केले जात आहे...,आगे ले जाया जा रहा है...,ପୁନଃନିର୍ଦ୍ଦେଶିତ ହେଉଛି...,మళ్లింపు జరుగుతోంది...,ಮರುನಿರ್ದೇಶಿಸಲಾಗುತ್ತಿದೆ...,திருப்பி விடப்படுகிறது...,રીડાયરેક્ટ કરી રહ્યું છે...,ری ڈائریکٹنگ ...
COMMON,,SELECT_LANGUAGE,Select Language,भाषा निवडा,भाषा चुनें,ଭାଷା ଚୟନ କରନ୍ତୁ,భాషను ఎంచుకోండి,ಭಾಷೆಯನ್ನು ಆಯ್ಕೆಮಾಡಿ,மொழியைத் தேர்ந்தெடுக்கவும்,ભાષા પસંદ કરો,زبان منتخب کریں۔
COMMON,,GOOGLE_DOC_VIEWER,Google Doc Viewer,गूगल दस्तऐवज दर्शक,गूगल डॉक व्यूअर,ଗୁଗୁଲ୍ ଡକ୍ ଭ୍ୟୁଅର୍,గూగుల్ డాక్ వ్యూయర్,ಗೂಗಲ್ ಡಾಕ್ ವೀಕ್ಷಕ,கூகுள் ஆவணக் காட்சிப்படுத்தி,ગૂગલ ડૉક વ્યૂઅર,گوگل دستاویز ناظر
COMMON,,SELECTED,selected,,,ଚୟନ କରନ୍ତୁ ,ఎంపిక చేయబడిన,,தேர்ந்தெடுக்கப்பட்டது,,منتخب
COMMON,,SELECT_CENTER,Select Center,,,କେନ୍ଦ୍ର ଚୟନ କରନ୍ତୁ,కేంద్రాన్ని ఎంచుకోండి,,மையத்தைத் தேர்ந்தெடுக்கவும்,,سنٹر کو منتخب کریں۔
COMMON,,SELECT_BATCHES_FOR,Select Batches for {{name}},{{name}} साठी बॅचेस निवडा,{{name}} के लिए बैच चुनें,{{name}} ପାଇଁ ବ୍ୟାଚଗୁଡ଼ିକୁ ଚୟନ କରନ୍ତୁ।,{{name}} కోసం బ్యాచ్‌లను ఎంచుకోండి,{{name}} ಗಾಗಿ ಬ್ಯಾಚ್‌ಗಳನ್ನು ಆಯ್ಕೆಮಾಡಿ,{{name}} க்கான பேட்ச்களைத் தேர்ந்தெடுக்கவும்,{{name}} માટે બેચ પસંદ કરો.,{{name}} کے لیے بیچز منتخب کریں
COMMON,,SELECT_ALL,Select All,,,ସମସ୍ତଙ୍କୁ ଚୟନ କରାଗଲା ,అన్నీ ఎంచుకోండి,,அனைத்தையும் தேர்ந்தெடுக்கவும்,,سبھی کو منتخب کریں۔
COMMON,,GO_BACK_WITHOUT_SAVING,Are you sure you want to go back without saving?,जतन न करता तुम्हाला मागे जायचे आहे याची खात्री आहे का?,क्या आप बिना सेव किए वापस जाना चाहते हैं?,ସେଭ୍ କରିବା ବିନା ପଛକୁ ଯିବାକୁ ଆପଣ ନିଶ୍ଚିତ କି?,మీరు సేవ్ చేయకుండా నిజంగా వెనక్కి వెళ్లాలనుకుంటున్నారా?,ಸೇವ್ ಮಾಡದೆಯೇ ಹಿಂತಿರುಗಲು ನೀವು ಖಚಿತವಾಗಿ ಬಯಸುವಿರಾ?,சேமிக்காமல் திரும்பிச் செல்ல விரும்புகிறீர்களா?,શું તમે ખરેખર સેવ કર્યા વિના પરત થવા માંગો છો?,کیا آپ واقعی محفوظ کیے بغیر واپس جانا چاہتے ہیں؟
COMMON,,NO_CANCEL,"No, cancel","नाही, रद्द करा","नहीं, रद्द करें","ନା, ବାତିଲ୍ କରନ୍ତୁ","వద్దు, రద్దు చేయండి","ಇಲ್ಲ, ರದ್ದುಗೊಳಿಸಿ","இல்லை, ரத்து செய்க","ના, રદ કરો",نہیں، منسوخ کریں۔
COMMON,,YES_GO_BACK,"Yes, go back","हो, मागे जा","हाँ, वापस जाएं","ହଁ, ଫେରି ଯାଆନ୍ତୁ","అవును, వెనక్కి వెళ్ళండి","ಹೌದು, ಹಿಂತಿರುಗಿ","ஆம், திரும்பிச் செல்லவும்","હ, પરત જાઓ",ہاں واپس جاؤ
COMMON,,DO_ID_NOT_FOUND,Do ID not found,Do ID सापडली नाही,DO आईडी नहीं मिली,ପରିଚୟ ମିଳିଲା ନାହିଁ,ID కనుగొనబడలేదు,Do ID ಸಿಗಲಿಲ್ಲವೇ?,அடையாள எண் கிடைக்கவில்லை,Do ID મળેલ નથી,ڈو آئی ڈی نہیں ملی
COMMON,,USER_BATCHES,{{name}} belongs to below batches,{{name}} खालील बॅचेसशी संबंधित आहे,{{name}} नीचे दिए गए बैचों से जुड़ा है,{{name}} ନିମ୍ନଲିଖିତ ବ୍ୟାଚଗୁଡ଼ିକର ଅଟେ।,{{name}} కింది బ్యాచ్‌లకు చెందినది,{{name}} ಈ ಕೆಳಗಿನ ಬ್ಯಾಚ್‌ಗಳಿಗೆ ಸೇರಿದೆ,{{name}} கீழ்க்காணும் பேட்ச்களைச் சேர்ந்தவர்,{{name}} નીચેના બેચનો છે.,{{name}} کا تعلق نیچے والے بیچوں سے ہے۔
COMMON,,DELETE_FROM_BATCH_WARNING,Do you want to delete user from above center's batches?,तुम्हाला वर नमूद केलेल्या केंद्रांच्या बॅचमधून वापरकर्त्याला हटवायचे आहे का?,क्या आप यूज़र को ऊपर दिए गए सेंटर के बैचों से हटाना चाहते हैं?,ଆପଣ ଉପରୋକ୍ତ କେନ୍ଦ୍ରର ବ୍ୟାଚଗୁଡ଼ିକରୁ ଉପଯୋଗକର୍ତ୍ତାଙ୍କୁ ବିଲୋପ କରିବାକୁ ଚାହୁଁଛନ୍ତି କି?,మీరు పై సెంటర్ బ్యాచ్‌ల నుండి యూజర్‌ను తొలగించాలనుకుంటున్నారా?,ಮೇಲಿನ  ಸೆಂಟರ್ ಗಳ ಬ್ಯಾಚ್‌ಗಳಿಂದ ಬಳಕೆದಾರರನ್ನು ಡಿಲೀಟ್ ಮಾಡಲು ನೀವು ಬಯಸುವಿರಾ?,பயனரை மேலே உள்ள மையத்தின் பேட்ச்களிலிருந்து நீக்க விரும்புகிறீர்களா?,શું તમે ઉપરોક્ત કેન્દ્રના બેચમાંથી વપરાશકર્તાને ડિલીટ કરવા  માંગો છો?,کیا آپ اوپر والے مرکز کے بیچوں سے یوزر کو حذف کرنا چاہتے ہیں؟
COMMON,,SAVE,Save,,,ସେଭ ,భద్రపరచండి,,சேமிக்கவும்,,محفوظ کریں۔
COMMON,,SAVING,Saving...,जतन केले जात आहे,सेव किया जा रहा है...,ସଞ୍ଚୟ କରୁଛି...,సేవ్ అవుతోంది...,ಉಳಿಸಲಾಗುತ್ತಿದೆ...,சேமிக்கப்படுகிறது...,સેવ થઈ રહ્યું છે....,محفوظ ہو رہا ہے...
COMMON,,MAP_NEW,Map New,नवीन नकाशित करा,नया जोड़ें / नया मैप करें,ନୂତନ ମ୍ୟାପ୍,మ్యాప్ కొత్త,ಹೊಸದನ್ನು ಜೋಡಿಸಿ,புதிய இணைப்பு,નવું મેપ કરો,نیا میپ کریں
LOGIN_PAGE,,SET_PASSWORD,Set Password,पासवर्ड सेट करा,पासवर्ड सेट करें,ପାସୱାର୍ଡ ସେଟ୍ କରନ୍ତୁ,పాస్‌వర్డ్‌ను సెట్ చేయండి,ಪಾಸ್‌ವರ್ಡ್ ಹೊಂದಿಸಿ,கடவுச்சொல்லை அமைக்கவும்,પાસવર્ડ સેટ કરો,پاس ورڈ سیٹ کریں۔
COURSE_PLANNER,,OPTION_1,Option 1,पर्याय 1,विकल्प 1,ବିକଳ୍ପ 1,ఎంపిక 1,ಆಯ್ಕೆ 1,விருப்பம் 1,વિકલ્પ-1,اختیار1
COURSE_PLANNER,,OPTION_2,Option 2,पर्याय 2,विकल्प 2,ବିକଳ୍ପ 2,ఎంపిక 2,ಆಯ್ಕೆ 2,விருப்பம் 2,વિકલ્પ-2,اختیار2
COURSE_PLANNER,,OPTION_3,Option 3,पर्याय 3,विकल्प 3,ବିକଳ୍ପ 3,ఎంపిక 3,ಆಯ್ಕೆ 3,விருப்பம் 3,વિકલ્પ-3,اختیار3
FORM,,BELONG_TO_MULTIPLE_CENTERS,belongs to below centers,खालील केंद्रांशी संबंधित आहे,नीचे दिए गए सेंटर से जुड़ा है,ନିମ୍ନଲିଖିତ କେନ୍ଦ୍ରଗୁଡ଼ିକର ଅନ୍ତର୍ଭୁକ୍ତ,దిగువ కేంద్రాలకు చెందినది,ಕೆಳಗಿನ  ಸೆಂಟರ್ ಗಳಿಗೆ ಸೇರಿದೆ,கீழ்க்காணும் மையங்களைச் சேர்ந்தது,નીચેના કેન્દ્રોથી સંબંધિત,ذیل کے سنٹرزسے تعلق رکھتا ہے۔
FORM,,DO_YOU_WANT_TO_DELETE_MULTIPLE_CENTERS,Do you want to delete user from all centers?,तुम्हाला वापरकर्त्याला सर्व केंद्रांमधून हटवायचे आहे का?,क्या आप यूज़र को सभी सेंटर से हटाना चाहते हैं?,ଆପଣ କ’ଣ ସମସ୍ତ କେନ୍ଦ୍ରରୁ ଉପଭୋକ୍ତାଙ୍କୁ ଡିଲିଟ୍ କରିବାକୁ ଚାହୁଁଛନ୍ତି?,మీరు అన్ని కేంద్రాల నుండి వినియోగదారుని తొలగించాలనుకుంటున్నారా?,ನೀವು ಎಲ್ಲಾ ಬಳಕೆದಾರರನ್ನು ಸೆಂಟರ್ ಗಳಿಂದ ಡಿಲೀಟ್ ಮಾಡಲು  ಬಯಸುವಿರಾ?,பயனரை அனைத்து மையங்களிலிருந்தும் நீக்க விரும்புகிறீர்களா?,શું તમે બધા કેન્દ્રોમાંથી વપરાશકર્તાને ડિલીટ કરવા  માંગો છો?,کیا آپ تمام سنٹرزسے یوزر کو حذف کرنا چاہتے ہیں؟
FORM,,DO_YOU_WANT_TO_DELETE_FROM_LOCATION,Do you want to delete user from this location?,तुम्हाला या स्थानावरून वापरकर्ता हटवायचा आहे का?,क्या आप यूज़र को इस स्थान से हटाना चाहते हैं?,ଆପଣ ଏହି ସ୍ଥାନରୁ ୟୁଜରଙ୍କୁ  ଡିଲିଟ୍ କରିବାକୁ ଚାହୁଁଛନ୍ତି କି?,మీరు ఈ ప్రదేశం నుండి వినియోగదారుని తొలగించాలనుకుంటున్నారా?,ಈ ಸ್ಥಳದಿಂದ ಬಳಕೆದಾರರನ್ನು ಅಳಿಸಲು ನೀವು ಬಯಸುವಿರಾ?,பயனரை இந்த இடத்திலிருந்து நீக்க விரும்புகிறீர்களா?,શું તમે બધા લોકેશનમાથી વપરાશકર્તાને ડિલીટ કરવા  માંગો છો?,کیا آپ اس مقام سے یوزر کو حذف کرنا چاہتے ہیں؟
NOTIFICATION,,ERROR_DELETING_TEMPLATE,Error deleting template,टेम्पलेट हटवतांना त्रुटी आली.,टेम्पलेट हटाने में त्रुटि हुई,ଟେମ୍ପଲେଟ୍ ଡିଲିଟ୍ କରିବାରେ ତ୍ରୁଟି,టెంప్లేట్‌ను తొలగించడంలో లోపం,ಟೆಂಪ್ಲೇಟ್ ಅಳಿಸುವಲ್ಲಿ ದೋಷ,டெம்ப்ளேட்டை நீக்கும்போது பிழை ஏற்பட்டது,નમૂનો ડિલીટ કરવામાં  એરર,ٹیمپلیٹ کو حذف کرنے میں خرابی۔
NOTIFICATION,,ERROR_LOADING_DATA,Error loading data.,डेटा लोड करतांना त्रुटी आली.,डेटा लोड करने में त्रुटि हुई,ଡାଟା ଲୋଡ୍ କରିବା ସମୟରେ ତ୍ରୁଟି।,డేటాను లోడ్ చేయడంలో లోపం.,ಡೇಟಾವನ್ನು ಲೋಡ್ ಮಾಡುವಲ್ಲಿ ದೋಷ.,தரவை ஏற்றுவதில் பிழை ஏற்பட்டது.,ડેટા લોડ કરવામાં એરર,ڈیٹا لوڈ کرنے میں خرابی۔
MOBILIZER,,EDIT_MOBILIZER,Edit Mobilizer,मोबिलायझर एडिट करा,मोबिलाइज़र में बदलाव करें,ମୋବିଲାଇଜର୍‌କୁ ଏଡିଟ୍ କରନ୍ତୁ,ఎడిట్ మొబిలైజర్,ಮೊಬಲೈಜರ್ ಎಡಿಟ್ ಮಾಡಿ,மொபிலைசரைத் திருத்தவும்,મોબિલાઇઝર એડિટ કરો,موبلائزر میں ترمیم کریں۔
,,WELCOME_TO_YOUR_DASHBOARD,Welcome to your dashboard,तुमच्या डॅशबोर्डवर आपले स्वागत आहे,आपके डैशबोर्ड में आपका स्वागत है,ଆପଣଙ୍କର ଡ୍ୟାସବୋର୍ଡକୁ ସ୍ୱାଗତ,మీ డాష్‌బోర్డ్‌కు స్వాగతం,ನಿಮ್ಮ ಡ್ಯಾಶ್‌ಬೋರ್ಡ್‌ಗೆ ಸುಸ್ವಾಗತ.,உங்கள் டாஷ்போர்டுக்கு வரவேற்கிறோம்,તમારા ડેશબોર્ડ પર આપનું સ્વાગત છે.,آپ کے ڈیش بورڈ میں خوش آمدید
,,Select_Language_For_Learning,Select the language in which you want to learn,तुम्हाला ज्या भाषेत शिकायचे आहे ती भाषा निवडा.,"आप जिस भाषा में सीखना चाहते हैं, उसे चुनें","ଆପଣ ଯେଉଁ ଭାଷାରେ ଶିଖିବାକୁ ଚାହୁଁଛନ୍ତି, ସେହି ଭାଷାକୁ ଚୟନ କରନ୍ତୁ।",మీరు ఏ భాషలో నేర్చుకోవాలనుకుంటున్నారో ఆ భాషను ఎంచుకోండి,ನೀವು ಕಲಿಯಲು ಬಯಸುವ ಭಾಷೆಯನ್ನು ಆಯ್ಕೆಮಾಡಿ.,நீங்கள் கற்க விரும்பும் மொழியைத் தேர்ந்தெடுக்கவும்,તમે જે ભાષામાં શીખવા માંગો છો તે ભાષા પસંદ કરો.,آپ جس زبان میں سیکھنا چاہتے ہیں، وہ زبان منتخب کریں۔
,,Learning_Language_Info,"Content, courses, and assessments will be shown in your selected language. You can change this language anytime from the Profile section","सामग्री, अभ्यासक्रम आणि मूल्यांकन तुम्ही निवडलेल्या भाषेत दाखवले जातील. तुम्ही ही भाषा कधीही प्रोफाइल विभागातून बदलू शकता.","आपकी चुनी गई भाषा में कंटेंट, कोर्स और टेस्ट दिखाए जाएंगे। आप इस भाषा को कभी भी प्रोफ़ाइल सेक्शन से बदल सकते हैं","ବିଷୟବସ୍ତୁ, କୋର୍ସ ଏବଂ ମୂଲ୍ୟାୟନଗୁଡ଼ିକ ଆପଣ ଚୟନ କରିଥିବା ଭାଷାରେ ଦେଖାଯିବ। ଆପଣ ଏହି ଭାଷାକୁ ଯେକୌଣସି ସମୟରେ ପ୍ରୋଫାଇଲ ବିଭାଗରୁ ପରିବର୍ତ୍ତନ କରିପାରିବେ","కంటెంట్, కోర్సులు మరియు మూల్యాంకనాలు మీరు ఎంచుకున్న భాషలో కనిపిస్తాయి. మీరు 'ప్రొఫైల్' విభాగం నుండి ఈ భాషను ఎప్పుడైనా మార్చుకోవచ్చు.","ನೀವು ಆಯ್ಕೆ ಮಾಡಿದ ಭಾಷೆಯಲ್ಲಿ ವಿಷಯಗಳು, ಕೋರ್ಸ್‌ಗಳು ಮತ್ತು ಮೌಲ್ಯಮಾಪನಗಳು  ತೋರಿಸಲಾಗುತ್ತದೆ.ಈ ಭಾಷೆಯನ್ನು ನೀವು ಯಾವುದೇ ಸಮಯದಲ್ಲಿ ಪ್ರೊಫೈಲ್  ವಿಭಾಗದಿಂದ ಬದಲಾಯಿಸಬಹುದು.","உள்ளடக்கம், பாடநெறிகள் மற்றும் மதிப்பீடுகள் நீங்கள் தேர்ந்தெடுத்த மொழியில் காட்டப்படும். இந்த மொழியை எப்போது வேண்டுமானாலும் சுயவிவரப் பகுதியில் மாற்றலாம்.","સામગ્રી, કોર્સ અને મૂલ્યાંકન તમારી પસંદ કરેલી ભાષામાં બતાવવામાં આવશે. તમે આ ભાષાને કોઈપણ સમયે પ્રોફાઇલ વિભાગમાંથી બદલી શકો છો.","مواد، کورسز، اور اسیسمنٹس آپ کی منتخب کردہ زبان میں دکھائے جائیں گے۔ آپ اس زبان کو کسی بھی وقت پروفائل سیکشن سے تبدیل کر سکتے ہیں۔"