Module,Submodule,Key,English,Marathi,Hindi,Odiya,Telugu,Kannada,Tamil,Gujarati,Urdu
COMMON,,LANGUAGE,Language,भाषा,भाषा,ଭାଷା,భాష,ಭಾಷೆ,மொழி,ભાષા,زبان
COMMON,,LOADING,Loading,लोड होत आहे,लोडिंग,ଲୋଡ୍ ହେଉଛି (Loading),లోడ్ అవుతోంది / నింపుతోంది,ಲೋಡ್ ಆಗುತ್ತಿದೆ,ஏற்றுகிறது,લોડ કરી રહ્યા છીએ,لوڈ نگ۔
COMMON,,MARK,Mark,मार्क,मार्क,ଚିହ୍ନ (ମାର୍କ),మార్క్ / గుర్తు,ಗುರುತು,குறிக்க,ચિન્હ /નિશાની,نشان
COMMON,,MARK_MY_ATTENDANCE,Mark My Attendance,माझी उपस्थिती चिन्हांकित करा,मेरी उपस्थिति चिह्नित करें,ମୋର ଉପସ୍ଥିତି ଚିହ୍ନିତ କରନ୍ତୁ,నా హాజరును గుర్తించండి,ನನ್ನ ಹಾಜರಾತಿಯನ್ನು ಗುರುತಿಸಿ,எனது வருகையைக் குறிக்கவும்,મારી હાજરીને માર્ક કરો,میری حاضری کو نشان زد کریں۔
COMMON,,MARK_CENTER_ATTENDANCE,Mark Center Attendance,केंद्र उपस्थिती चिन्हांकित करा,केंद्र पर उपस्थिति दर्ज करें,କେନ୍ଦ୍ର ର ଉପସ୍ଥିତି ଚିହ୍ନିତ କର,సెంటర్ హాజరును గుర్తించండి,ಕೇಂದ್ರದ ಹಾಜರಾತಿಯನ್ನು ಗುರುತಿಸಿ,சென்டர் வருகையை குறிக்கவும்.,માર્ક કેન્દ્ર હાજરી,سنٹر کی حاضری کا اندراج کریں۔
COMMON,,MARK_ATTENDANCE,Mark Attendance,उपस्थिती चिन्हांकित करा,उपस्थिति चिह्नित करें,ଉପସ୍ଥିତି ଚିହ୍ନିତ କର,హాజరును గుర్తించండి,ಹಾಜರಾತಿಯನ್ನು ಗುರುತಿಸಿ,வருகையை குறி,માર્ક હાજરી,حاضری کو نشان زد کریں
COMMON,,UPDATE_ATTENDANCE,Update Attendance,उपस्थिती अद्यतनित करा,उपस्थिति अपडेट करें,ଉପସ୍ଥିତି ଅପଡେଟ କର,హాజరును అప్‌డేట్ చేయండి,ಹಾಜರಾತಿಯನ್ನು ನವೀಕರಿಸಿ,வருகையை புதுப்பி,હાજરી અપડેટ કરો,حاضری کو اپ ڈیٹ کریں۔
COMMON,,SAVE,Save,जतन करा,सहेजें,ସେଭ କର,సేవ్ చేయండి / భద్రపరచండి,ಉಳಿಸಿ,சேமி,સાચવો,محفوظ کریں
COMMON,,SEARCH,Search..,शोधा..,खोजें..,ସର୍ଚ  କରନ୍ତୁ..,వెతకండి / శోధించండి,ಹುಡುಕಿ,தேடு..,શોધો..,تلاش کریں..
COMMON,,UPDATE,Update,अपडेट करा,अद्यतन करें,ଅପଡେଟ,అప్‌డేట్ చేయండి,ನವೀಕರಿಸಿ,புதுப்பிக்க,અપડેટ કરો,اپ ڈیٹ
COMMON,,MODIFY,Modify,सुधारित करा,संशोधित करें,ସଂଶୋଧିତ କର,మార్చండి / సవరించండి,ಮಾರ್ಪಡಿಸಿ,திருத்து,ફેરફાર કરો,ترمیم کریں
COMMON,,CLEAR_ALL,Clear All,सर्व काढा,सब हटाएं,ସବୁ ସଫା କର,అన్నింటినీ క్లియర్ చేయండి,ಎಲ್ಲವನ್ನೂ ತೆರವುಗೊಳಿಸಿ,அனைத்தையும் நீக்கு,બધા સાફ કરો,سب مٹا دیں
COMMON,,SEARCH_STUDENT,Search Learner,विद्यार्थी शोधा,छात्र खोजें,ଶିକ୍ଷାର୍ଥୀ  ଖୋଜ,అభ్యాసకుడిని వెతకండి,ಕಲಿಯುವವರನ್ನು ಹುಡುಕಿ,மாணவரைத் தேடு,લર્નર શોધો,طالب علم تلاش کریں۔
COMMON,,SORT_BY,Sort by,क्रमवारी लावा,इसके अनुसार क्रमबद्ध करें,ଶ୍ରେଣୀଭୂକ୍ତ କର,దీని ప్రకారం క్రమబద్ధీకరించండి,ವಿಂಗಡಿಸಿ,வரிசைப்படுத்து,દ્વારા સૉર્ટ કરો,ترتیب دیں
COMMON,,APPLY,Apply,लागू करा,आवेदन करना,ଆପ୍ଲାଇ  କର ,దరఖాస్తు చేయండి / వర్తింపజేయండి,ಅನ್ವಯಿಸು,விண்ணப்பி,અરજી કરો,لاگو کریں
COMMON,,A_TO_Z,A to Z,A TO Z,A TO Z,Aଏ ରୁ Z,A నుండి Z వరకు,A ಇಂದ Z,A முதல் Z வரை,A TO Z,A سے Z تک
COMMON,,Z_TO_A,Z to A,Z TO A,Z TO A,Z ରୁ A,Z నుండి A వరకు,Z ಇಂದ A,Z முதல் A வரை,Z TO A,A سے Z تک
COMMON,,HIGH_TO_LOW,High to Low,उच्च ते कमी,उच्चे से नीचा,ଉଚ୍ଚ ରୁ ନିମ୍ନ,ఎక్కువ నుండి తక్కువ వరకు,ಹೆಚ್ಚಿನಿಂದ ಕಡಿಮೆ,அதிகம் முதல் குறைவு வரை,ઉચ્ચ થી નીચું,زیاده سے کم
COMMON,,LOW_TO_HIGH,Low to High,कमी ते उच्च,नीचा से उच्चे,ନିମ୍ନ ରୁ ଉଚ୍ଚ,తక్కువ నుండి ఎక్కువ వరకు,ಕಡಿಮೆಯಿಂದ ಹೆಚ್ಚು,குறைவு முதல் அதிகம் வரை,નીચા થી ઉચ્ચ,کم سے زیادہ
COMMON,,NAMES,Names,नावे,नाम,ନାମ,పేర్లు,ಹೆಸರುಗಳು,பெயர்கள்,નામો,نام
COMMON,,CLASS_MISSED,Classes Missed,चुकलेले वर्ग,छूटी हुई कक्षाएं,କ୍ଲାସେସ୍ ମିସ କରିଛି,కోల్పోయిన తరగతులు,ತಪ್ಪಿಸಿದ ತರಗತಿಗಳು,தவறிய வகுப்புகள்,વર્ગો ચૂકી ગયા,چھوٹی ہوئی کلاسیں۔
COMMON,,ATTENDANCE,Attendance,उपस्थिति,उपस्थिति,ଉପସ୍ଥିତି,హాజరు,ಹಾಜರಾತಿ,வருகை,હાજરી,حاضری (%)
COMMON,,ATTENDANCE_REPORT,Attendance Report,उपस्थिती अहवाल,उपस्थिति विवरण,ଉପସ୍ଥିତି  ରିପୋର୍ଟ ,హాజరు నివేదిక,ಹಾಜರಾತಿ ವರದಿ,வருகை ரிப்போர்ட்,હાજરી અહેવાલ,حاضری کی ریپورٹ 
COMMON,,ASSESSMENT_REPORT,Assessment Report,मूल्यांकन अहवाल,मूल्यांकन रिपोर्ट,ମୂଲ୍ୟାଙ୍କନ ରିପୋର୍ଟ,మూల్యాంకన నివేదిక,ಮೌಲ್ಯಮಾಪನ ವರದಿ,மதிப்பீட்டு ரிப்போர்ட்,મૂલ્યાંકન રીપોર્ટ,تشخیصی ریپورٹ 
COMMON,,BASIC_DETAILS,Basic Details,मूलभूत तपशील,मूलभूत विवरण,ସାଧାରଣ ତଥ୍ୟ,ప్రాథమిక వివరాలు,ಮೂಲ ವಿವರಗಳು,அடிப்படை விவரங்கள்,મૂળભૂત વિગતો,بنیادی تفصیلات
COMMON,,DOB,Date of Birth,जन्मतारीख,जन्म की तारीख,ଜନ୍ମ ତାରିଖ,పుట్టిన తేదీ,ಜನ್ಮ ದಿನಾಂಕ,பிறந்த தேதி,જન્મ તારીખ,تاریخ پیدائش
COMMON,,LOGOUT,Log out,बाहेर पडा,लॉग आउट,ଲଗ ଆଉଟ,నిష్క్రమణ,ಲಾಗ್ ಔಟ್ ಮಾಡಿ,வெளியேறு,લોગ આઉટ કરો,لاگ آؤٹ
COMMON,,OVERALL_ATTENDANCE,Overall Attendance,एकूण उपस्थिती,कुल उपस्थिति,ସର୍ବମୋଟ ଉପସ୍ଥିତି,అభ్యాసకుల హాజరు,ಒಟ್ಟಾರೆ ಹಾಜರಾತಿ,ஒட்டுமொத்த வருகைப்பதிவு,ઓવરઓલ હાજરી,کل حاضری
COMMON,,NO_DATA_FOUND,No Data Found,कोणताही माहिती आढळली नाही,कोई डेटा नहीं मिला,କୌଣସି ତଥ୍ୟ ମିଳିଲା ନାହି,డేటా కనుగొనబడలేదు,ಯಾವುದೇ ಡೇಟಾ ಕಂಡುಬಂದಿಲ್ಲ,தகவல் எதுவும் கிடைக்கவில்லை,કોઈ ડેટા મળ્યો નથી,کوئی ڈیٹا موجود نہیں ہے
COMMON,,LOCATION,Location,स्थान,स्थान,ସ୍ଥାନ,స్థానం,ಸ್ಥಳ,இருப்பிடம்,સ્થાન,جگہ
COMMON,,LATEST_EDUCATION,Latest Education,नवीनतम शिक्षण,नवीनतम शिक्षा,ନବୀନତମ ଶିକ୍ଷା,తాజా విద్య,ಇತ್ತೀಚಿನ ಶಿಕ್ಷಣ,கடைசியாக படித்தது,લેટેસ્ટ શિક્ષણ,جدید تعلیم
COMMON,,MARITAL_STATUS,Marital Status,वैवाहिक स्थिती,वैवाहिक स्थिती,ବୈବାହିକ ସ୍ଥିତି,వైవాహిక స్థితి,ವೈವಾಹಿಕ ಸ್ಥಿತಿ,திருமண நிலை,વૈવાહિક સ્થિતિ,ازدواجی حیثیت
COMMON,,DROPOUT_YEAR,Dropout Year,ड्रॉपआउट वर्ष,ड्रॉपआउट वर्ष,ଶିକ୍ଷା ଛାଡିଥିବା ବର୍ଷ,బడి మానేసిన సంవత్సరం,ಡ್ರಾಪ್ಔಟ್ ವರ್ಷ,கல்வி இடைநிறுத்திய ஆண்டு,ડ્રોપઆઉટ વર્ષ,ڈراپ آؤٹ سال
COMMON,,EMPLOYMENT_STATUS,Employment Status,रोज़गार स्थिति,रोज़गार स्थिति,ରୋଜଗାର ସ୍ଥିତି,ఉద్యోగ స్థితి,ಉದ್ಯೋಗ ಸ್ಥಿತಿ,வேலை பற்றிய தகவல்,રોજગાર સ્થિતિ,ملازمت کی حیثیت
COMMON,,ENROLLMENT_DATE,Enrollment Date,नावनोंदणी तारीख,नामांकन की तिथि,ନାମାଙ୍କନ ତାରିଖ,నమోదు తేదీ,ದಾಖಲಾತಿ ದಿನಾಂಕ,சேர்க்கை தேதி,નોંધણી તારીખ,اندراج کی تاریخ
COMMON,,AS_OF_LAST_SIX_MONTH,As of last six month,गेल्या सहा महिन्यांपासून,पिछले छह महीने से,ପୂର୍ବ ଛ ମାସ ଅନୁସାରେ,గత ఆరు నెలల నాటికి,ಕಳೆದ ಆರು ತಿಂಗಳಿಂದ,கடந்த 6 மாதங்கள் வரை,છેલ્લા છ મહિનાથી, پچھلے مہینے تک
COMMON,,AS_OF_TODAY,As of today,आजपर्यंत,आज तक,ଆଜି ଅନୁସାରେ,ఈ రోజు నాటికి,ಇಂದಿನಿಂದ,இன்று வரை,આજથી,آج تک
COMMON,,AS_OF_LAST_WEEK,As of last week,गेल्या आठवड्याप्रमाणे,पिछले सप्ताह तक,ଗତ ସପ୍ତାହରୁ,గత వారం నాటికి,ಕಳೆದ ವಾರದಂತೆ,கடந்த வாரம் வரை,ગયા અઠવાડિયાની જેમ,گزشتہ ہفتے تک
COMMON,,LAST_SEVEN_DAYS,Last 7 Days,शेवटचे ७ दिवस,पिछले 7 दिन,ପୂର୍ବ ସାତ ଦିନ,గత 7 రోజులు,ಕಳೆದ 7 ದಿನಗಳು,கடந்த 7 நாட்கள்,છેલ્લા 7 દિવસ,آخری 7 دن
COMMON,,LAST_MONTH,Last Month,गेल्या महिन्यात,पिछला महीना,ପୂର୍ବ ମାସ,గత నెల,ಕಳೆದ ತಿಂಗಳು,கடந்த மாதம்,ગયા મહીને,پچھلے مہینے
COMMON,,LAST_SIX_MONTHS,Last Six Months,शेवटचे सहा महिने,पिछले छह महीने,ଗତ ଛ ମାସ,గత ఆరు నెలలు,ಕಳೆದ ಆರು ತಿಂಗಳುಗಳು,கடைசி 6 மாதங்கள்,છેલ્લા છ મહિના,گزشتہ 6 ماہ
COMMON,,CUSTOM_RANGE,Custom Range,सानुकूल श्रेणी,कस्टम सीमा,କଷ୍ଟମ ସୀମା,అనుకూల పరిధి,ಕಸ್ಟಮ್ ಶ್ರೇಣಿ,விருப்ப வரம்பு,કસ્ટમ શ્રેણી,اپنی مرضی کے حدود
COMMON,,NONE,None,काहीही नाही,कोई नहीं,କିଛି ନାହି,ఏదీ లేదు,ಯಾವುದೂ ಇಲ್ಲ,எதுவுமில்லை,કોઈ નહિ,کوئی نہیں
COMMON,,LEARNERS,Learners,शिकणारे,शिक्षार्थियों,ଶିକ୍ଷାର୍ଥୀ,అభ్యాసకులు,ಕಲಿಯುವವರು,மாணவர்கள்,શીખનારાઓ,لرنرس  تیار کریں۔
COMMON,,LEARNER_NAME,Learner Name,शिकणाऱ्याचे नाव,शिक्षार्थी का नाम,ଶିକ୍ଷାର୍ଥୀ ନାମ,అభ్యాసకుడి పేరు,ಕಲಿಯುವವರ ಹೆಸರು,மாணவர் பெயர்,શીખનારનું નામ,طلباء کا نام
COMMON,,DATE_RANGE,Date Range,तारीख श्रेणी,तिथि सीमा,ସମୟ ସୀମା,తేదీ పరిధి,ದಿನಾಂಕ ಶ್ರೇಣಿ,தேதி வரம்பு,તારીખ શ્રેણી,تاریخ کی حد
COMMON,,SELECT_AN_OPTION,Select an option,एक पर्याय निवडा,कोई विकल्प चुनें,ଏକ ବିକଳ୍ପ ବାଛ,ఒక ఎంపికను ఎంచుకోండి,ಒಂದು ಆಯ್ಕೆಯನ್ನು ಆರಿಸಿ,ஒரு விருப்பத்தைத் தேர்ந்தெடு,એક વિકલ્પ પસંદ કરો,ایک اختیار منتخب کریں
COMMON,,AND,and,आणि,और,ଏବଂ,మరియు,ಮತ್ತು,மற்றும்,અને,اور
COMMON,,MORE,more,अधिक,अधिक,ଅଧିକ,ఇంకా,ಹೆಚ್ಚು,மேலும்,વધુ,مزید
COMMON,,CLOSE,Close,बंद,बंद करना,ବନ୍ଦ କରନ୍ତୁ,మూసివేయి,ಮುಚ್ಚಿ,மூடு,બંધ,بند
COMMON,,CANCEL,Cancel,रद्द करा,रद्द करना,ରଦ୍ଦ କରନ୍ତୁ,రద్దు చేయి,ರದ್ದುಮಾಡಿ,ரத்துசெய்,રદ કરો,منسوخ کریں۔
COMMON,,OK,OK,ठीक आहे,ठीक है,ଠିକ ଅଛି,సరే,ಓಕೆ,சரி,ઓકે,ٹھیک ہے
COMMON,,FROM_TO_DATE,From - To dates,पासून - पर्यंत तारीख,से - दिनांक तक,ତାରିଖ: ରୁ - ପର୍ଯ୍ୟନ୍ତ,నుండి - వరకు తేదీలు,ಇಂದ - ದಿನಾಂಕದವರೆಗೆ,முதல் - வரை,થી - તારીખો સુધી,شروع سے - تاریخوں تک
COMMON,,REMOVE,Remove,काढून टाका,हटाएं,ହଟାନ୍ତୁ,తొలగించు,ತೆಗೆದುಹಾಕಿ,நீக்கு,દુર કરો,ہٹا دیں۔
COMMON,,SEND_REQUEST,Send Request,विनंती पाठवा,अनुरोध भेजें,ଅନୁରୋଧ ପଠାନ୍ତୁ,అభ్యర్థన పంపు,ವಿನಂತಿಯನ್ನು ಕಳುಹಿಸಿ,கோரிக்கையை அனுப்பு,વિનંતી મોકલો,درخواست بھیجیں۔
COMMON,,MARK_DROP_OUT,Mark as Drop Out,ड्रॉप आउट म्हणून चिन्हांकित करा,ड्रॉप आउट के रूप में चिह्नित करें,ଡ୍ରପଆଉଟ  ଚିହ୍ନିତ କରନ୍ତୁ,డ్రాప్ ఔట్‌గా గుర్తించు,ಡ್ರಾಪ್ ಔಟ್ ಎಂದು ಗುರುತಿಸಿ,டிராப்-அவுட் எனக் குறிக்கவும்,ડ્રોપ આઉટ તરીકે માર્ક કરો,ڈراپ آؤٹ کے بطور نشان زد کریں۔
COMMON,,MARK_ALL_AS,Mark All As,सर्व चिन्हांकित करा,सभी को चिह्नित करें,ସମସ୍ତଙ୍କୁ ମାର୍କ  କରନ୍ତୁ ,అన్నిటినీ ఇలా గుర్తించు,ಎಲ್ಲವನ್ನೂ ಹೀಗೆ ಗುರುತಿಸಿ,அனைத்தையும் இவ்வாறு குறிக்கவும்,બધાને આ રીતે માર્ક કરો,سبھی کو بطور نشان زد کریں۔
COMMON,,UNMARK_DROP_OUT,Unmark as Drop Out,ड्रॉप आउट म्हणून काढून टाका,ड्रॉप आउट के रूप में हटाएं,ଡ୍ରପ୍-ଆଉଟ୍ ଚିହ୍ନଟ ବାତିଲ୍ କରନ୍ତୁ,డ్రాప్ ఔట్ గుర్తింపు తొలగించు,ಡ್ರಾಪ್ ಔಟ್ ಎಂದು ಗುರುತು ತೆಗೆಯಿರಿ,டிராப்-அவுட் ஐ நீக்கு,ડ્રોપ આઉટ તરીકે અનમાર્ક કરો,ڈراپ آؤٹ کے بطور نشان ہٹا دیں۔
COMMON,,SOMETHING_WENT_WRONG,Something went wrong,काहीतरी चूक झाली,कुछ गलत हो गया,କିଛି ଭୁଲ ହେଲା,ఏదో లోపం జరిగింది,ಏನೋ ತಪ್ಪಾಗಿದೆ,ஏதோ தவறாகிவிட்டது.,કંઈક ખોટું થયું,کچھ تو غلط ہے۔
COMMON,,NO_GO_BACK,"No, go back","नाही, परत जा","नहीं, वापस जाएँ","ନାହିଁ, ପଛକୁ ଯାଆନ୍ତୁ","వద్దు, వెనుకకు వెళ్ళు","ಇಲ್ಲ, ಹಿಂತಿರುಗಿ","இல்லை, பின் செல்.","ના, પાછા જાઓ",نہیں واپس جاؤ
COMMON,,YES,Yes,होय,हाँ,ହଁ,అవును,ಹೌದು,ஆம்,હા,جی ہاں
COMMON,,REVIEW_ATTENDANCE,Review Attendance,उपस्थिती पुनरावलोकन,उपस्थिति की समीक्षा करें,ଆଟ୍ଟେଡେନ୍ସ  ରିଭିୟୁ କରନ୍ତୁ ,హాజరును సమీక్షించండి,ಹಾಜರಾತಿಯನ್ನು ಪರಿಶೀಲಿಸಿ,வருகையை சரிபார்,હાજરીની સમીક્ષા કરો,حاضری کا جائزہ لیں۔
COMMON,,ADD_NEW,Add New,नवीन जोडा,नया जोड़ें,ନୂତନ ଯୋଗ କରନ୍ତୁ,కొత్తది జత చేయి,ಹೊಸದನ್ನು ಸೇರಿಸಿ,புதியதைச் சேர்,નવું ઉમેરો,نیا شامل کریں۔
COMMON,,ADD_MOBILIZER,Add Mentor,मार्गदर्शक जोडा,मेंटर जोड़ें,ମେଣ୍ଟର  ଯୋଗ କରନ୍ତୁ,మెంటర్‌ను జోడించండి,ಮೆಂಟರ್‌ನ ಸೇರಿಸಿ,வழிகாட்டியைச் சேர்க்கவும்,માર્ગદર્શક ઉમેરો,مینٹر شامل کریں۔
COMMON,,MAP,Map,नकाशा,मानचित्र,ମ୍ୟାପ୍,పటం,ನಕ್ಷೆ,வரைபடம்,નકશો,نقشہ
COMMON,,ADD,ADD,जोडा,जोड़ें,ଯୋଗ କରନ୍ତୁ,జత చేయి,ಸೇರಿಸಿ,சேர்,ઉમેરો,شامل کریں۔
COMMON,,ADD_CENTER,Add Centers to your view,तुमच्या दृश्यात केंद्रे जोडा,अपने दृश्य में केंद्र जोड़ें,ଆପଣଙ୍କ ଦୃଶ୍ୟରେ କେନ୍ଦ୍ରଗୁଡ଼ିକୁ ଯୋଡନ୍ତୁ,మీ వీక్షణకు కేంద్రాలను జత చేయి,ನಿಮ್ಮ ವೀಕ್ಷಣೆಗೆ ಕೇಂದ್ರಗಳನ್ನು ಸೇರಿಸಿ,உங்கள் பார்வையில் மையங்களைச் சேர்க்கவும்.,તમારા દૃશ્યમાં કેન્દ્રો ઉમેરો,اپنے نقطہ نظر میں سنٹرزشامل کریں۔
COMMON,,REMOVE_FROM_CENTER,Remove From Center,केंद्रातून काढून टाका,केंद्र से हटाएं,କେନ୍ଦ୍ରରୁ ରିମୁଭ ହୁଅନ୍ତୁ ,కేంద్రం నుండి తొలగించు,ಕೇಂದ್ರದಿಂದ ತೆಗೆದುಹಾಕಿ,மையத்திலிருந்து அகற்று,કેન્દ્રમાંથી દૂર કરો,مرکز سے ہٹا دیں۔
COMMON,,DROP_OUT,Drop Out,गैरहजर,छोड़ दें,ଡ୍ରପ ଆଉଟ,డ్రాప్ ఔట్ (మధ్యలో ఆపేసిన),ಡ್ರಾಪ್ ಔಟ್,டிராப்-அவுட்,ડ્રોપ આઉટ,ڈراپ آؤٹ
COMMON,,REASON_FOR_DROPOUT,Reason for Dropout,बाहेर पडण्याचे कारण,ड्रॉपआउट का कारण,ଡ୍ରପ ଆଉଟର କାରଣ,డ్రాప్ ఔట్‌కు కారణం,ಡ್ರಾಪ್‌ಔಟ್‌ಗೆ ಕಾರಣ,டிராப்-அவுட்டிற்கான காரணம்,ડ્રોપ આઉટ થવાનું કારણ,ڈراپ آؤٹ کی وجہ
COMMON,,REASON_FOR_DELETION,Reason for Deletion,हटवण्याचे कारण,हटाने का कारण,ହଟାଇବାର କାରଣ,తొలగింపుకు కారణం,ಅಳಿಸುವಿಕೆಗೆ ಕಾರಣ,நீக்குவதற்கான காரணம்,કાઢી નાખવાનું કારણ,حذف کرنے کی وجہ
COMMON,,SURE_LOGOUT,Are you sure you want to Logout?,आपण खात्रीने लॉगआउट करायचे आहे का?,क्या आप वाकई लोगआउट करना चाहते हैं?,ଆପଣ ନିଶ୍ଚିତ କି ଲଗଅଉଟ୍ କରିବାକୁ ଚାହାଁନ୍ତି ?,లాగౌట్ చేయాలా?,ನೀವು ಲಾಗ್‌ಔಟ್ ಮಾಡಲು ಖಚಿತವಾಗಿ ಬಯಸುವಿರಾ?,நீங்கள் நிச்சயமாக வெளியேற விரும்புகிறீர்களா?,શું તમે ખરેખર લોગઆઉટ કરવા માંગો છો?,کیا آپ واقعی لاگ آؤٹ کرنا چاہتے ہیں؟
COMMON,,SURE_UPDATE,Are you sure you want to update this attendance?,आपण खात्रीने ही हजेरी अद्ययावत करायची आहे का?,क्या आप इस उपस्थिति को अपडेट करना चाहते हैं?,ଆପଣ ନିଶ୍ଚିତ କି ଏହି ଉପସ୍ଥିତିକୁ ଅପଡେଟ  କରିବାକୁ ଚାହାଁନ୍ତି ?,ఈ హాజరును అప్‌డేట్ చేయాలనుకుంటున్నారా అని మీకు ఖచ్చితంగా తెలుసా?,ಈ ಹಾಜರಾತಿಯನ್ನು ನವೀಕರಿಸಲು ನೀವು ಖಚಿತವಾಗಿ ಬಯಸುವಿರಾ?,இந்த வருகைப் பதிவை நிச்சயமாகப் புதுப்பிக்க விரும்புகிறீர்களா?,શું તમે ખરેખર આ હાજરી અપડેટ કરવા માંગો છો?,کیا آپ واقعی اس حاضری کو اپ ڈیٹ کرنا چاہتے ہیں؟
COMMON,,SURE_MARK,Are you sure you want to mark this attendance?,तुम्हाला खात्री आहे का की तुम्ही ही उपस्थिती चिन्हांकित करू इच्छिता?,क्या आप सुनिश्चित हैं कि आप इस उपस्थिति को चिह्नित करना चाहते हैं?,ଆପଣ ନିଶ୍ଚିତ କି ଆପଣ ଏହି ଉପସ୍ଥାନକୁ ଚିହ୍ନିତ କରିବାକୁ ଚାହୁଁଛନ୍ତି,ఈ హాజరును గుర్తించాలనుకుంటున్నారా అని మీకు ఖచ్చితంగా తెలుసా?,ಈ ಹಾಜರಾತಿಯನ್ನು ಗುರುತಿಸಲು ನೀವು ಖಚಿತವಾಗಿ ಬಯಸುವಿರಾ?,இந்த வருகையை நீங்கள் நிச்சயமாகக் குறிக்க விரும்புகிறீர்களா?,શું તમે ખરેખર આ હાજરીને ચિહ્નિત કરવા માંગો છો?,کیا آپ واقعی اس حاضری کو نشان زد کرنا چاہتے ہیں؟
COMMON,,SURE_REMOVE,Are you sure you want to remove this learner?,आपण खात्रीने या शिकणाऱ्याला काढून टाकायचे आहे का?,क्या आप वाकई इस शिक्षार्थी को हटाना चाहते हैं?,ଆପଣ ନିଶ୍ଚିତ କି ଏହି ଶିକ୍ଷାର୍ଥୀକୁ ରିମୁଭ  କରିବାକୁ ଚାହାଁନ୍ତି ?,ఈ అభ్యాసకుడిని తొలగించాలనుకుంటున్నారా అని మీకు ఖచ్చితంగా తెలుసా?,ಈ ಕಲಿಯುವವರನ್ನು ತೆಗೆದುಹಾಕಲು ನೀವು ಖಚಿತವಾಗಿ ಬಯಸುವಿರಾ?,இந்தப் மாணவரை நீக்க விரும்புகிறீர்களா?,શું તમે ખરેખર આ લર્નર ને દૂર કરવા માંગો છો?,کیا آپ واقعی اس طالب علم کو ہٹانا چاہتے ہیں؟
COMMON,,SURE_REASSIGN_CENTER,Are you sure you want to re-assign center of this user?,आपण खात्रीने या वापरकर्त्यास केंद्र पुन्हा नियुक्त करायचे आहे का?,क्या आप वाकई इस उपयोगकर्ता का केंद्र फिर से असाइन करना चाहते हैं?,ଆପଣ ନିଶ୍ଚିତ କି ଏହି ୟୁଜରଙ୍କର ସେଣ୍ଟର୍ ପୁନଃନିର୍ଦ୍ଧାରଣ କରିବାକୁ ଚାହାଁଛନ୍ତି?,మీరు ఈ వినియోగదారు కేంద్రాన్ని మళ్లీ కేటాయించాలనుకుంటున్నారా?,ಈ ಯೂಸರ್  ಕೇಂದ್ರವನ್ನು ಮರು ನಿಯೋಜಿಸಲು ನೀವು ಖಚಿತವಾಗಿ ಬಯಸುವಿರಾ?,இந்த பயனரின் மையத்தை மீண்டும் ஒதுக்க விரும்புகிறீர்களா?,શું તમે ખરેખર આ વપરાશકર્તાનું કેન્દ્ર ફરીથી સોંપવા માંગો છો?,کیا آپ واقعی اس صارف کے مرکز کو دوبارہ تفویض کرنا چاہتے ہیں؟
COMMON,,SURE_CLOSE,Are you sure you want to close without saving?,आपण खात्रीने बंद करायचे आहे का?,क्या आप वाकई बंद करना चाहते हैं?,ଆପଣ ନିଶ୍ଚିତ କି ବନ୍ଦ କରିବାକୁ ଚାହାଁନ୍ତି ?,సేవ్ చేయకుండా మూసివేయాలనుకుంటున్నారా అని మీకు ఖచ్చితంగా తెలుసా?,ನೀವು ಖಚಿತವಾಗಿ ಮುಚ್ಚಲು ಬಯಸುವಿರಾ?,நீங்கள் நிச்சயமாக மூட விரும்புகிறீர்களா?,શું તમે ખરેખર બંધ કરવા માંગો છો?,کیا آپ واقعی بغیر محفوظ کیے بند کرنا چاہتے ہیں
COMMON,,LEARNER_LIST,Learners List,शिकणाऱ्यांची यादी,अभियांत्रिकी सूची,ଶିକ୍ଷାର୍ଥୀଙ୍କର ସୂଚୀ,అభ్యాసకుల జాబితా,ಕಲಿಯುವವರ ಪಟ್ಟಿ,மாணவர்கள் பட்டியல்,લર્નર નું લીસ્ટ,طلباء کی فہرست
COMMON,,FACILITATOR_LIST,Facilitators List,मार्गदर्शकांची यादी,प्रशिक्षकों की सूची,ଫେସିଲିଟରଙ୍କର ସୂଚୀ,ఫెసిలిటేటర్ల జాబితా,ಫೆಸಿಲಿಟೇಟರ್ ಪಟ್ಟಿ,பெசிலிடேட்டர் பட்டியல்,ફેસીલીટેટર નું લીસ્ટ,فیسلیٹیٹر کی فہرست
COMMON,,FILTERS,Filters,फिल्टर,फिल्टर्स,ଫିଲ୍ଟରସ ,వడపోతలు (ఫిల్టర్స్),ಫಿಲ್ಟರ್,பில்டர்கள்,ફિલ્ટર્સ,فلٹرز
COMMON,,MANAGE_USERS,Manage Users,वापरकर्त्यांचे व्यवस्थापन करा,उपयोगकर्ताओं का प्रबंधन,ୟୁଜରଗୁଡିକୁ  ମାନେଜ୍ କରନ୍ତୁ,వినియోగదారులను నిర్వహించు,ಯೂಸರ್ ನ್ನು ನಿರ್ವಹಿಸಿ,யூசர் மேலாண்மை,વપરાશકર્તાઓ મેનેજ કરો,صارفین کا نظم کریں۔
COMMON,,FACILITATORS,Facilitators,मार्गदर्शक,फैसिलिटेटर,ଫେସିଲେଟଟର,ఫెసిలిటేటర్లు,ಫೆಸಿಲಿಟೇಟರ್,பெசிலிடேட்டர்,ફેસીલીટેટર્સ,فیسلیٹیٹر  تیار کریں۔
COMMON,,CENTERS_ASSIGNED,Centers Assigned in {{block}},मध्ये नियुक्त केंद्रे,{{block}} में केंद्र आवंटित किए गए,{{block}} ରେ ଆସାଇନ୍ କରାଯାଇଥିବା କେନ୍ଦ୍ର,{బ్లాక్} లో కేటాయించిన కేంద్రాలు,{{block}} ನಲ್ಲಿ ನಿಯೋಜಿಸಲಾದ ಸೆಂಟರ್ ಗಳು,{{block}} இல் ஒதுக்கப்பட்ட மையங்கள்,{{block}} માં સેન્ટર્સ સોંપેલ, بلاک میں تفویض کردہ مراکز
COMMON,,REASSIGN_CENTERS,Re-assign Center,केंद्र पुन्हा नियुक्त करा,केंद्रों को पुनः आवंटित करें,କେନ୍ଦ୍ର ପୁନଃ-ସଂସ୍ଥାପନ କରନ୍ତୁ,కేంద్రాన్ని తిరిగి కేటాయించు,ಕೇಂದ್ರವನ್ನು ಮರು ನಿಯೋಜಿಸಿ,மையத்தை மறுவிதமாக ஒதுக்கு,સેન્ટર ફરીથી સોંપો,مرکز کو دوبارہ تفویض کریں۔
COMMON,,ADD_OR_REASSIGN_CENTERS,Add or Re-assign Centers,केंद्रे जोडा किंवा पुन्हा नियुक्त करा,केंद्र जोड़ें या पुनः असाइन करें,କେନ୍ଦ୍ର ଗୁଡିକ ଯୋଡନ୍ତୁ କିମ୍ବା ପ୍ଲାନ ନ୍ୟସ୍ତ କରନ୍ତୁ,కేంద్రాలను జత చేయి లేదా తిరిగి కేటాయించు,ಕೇಂದ್ರಗಳನ್ನು ಸೇರಿಸಿ ಅಥವಾ ಮರು ನಿಯೋಜಿಸಿ,மையங்களைச் சேர்க்கவும் அல்லது மீண்டும் ஒதுக்கவும்,સેન્ટર ઉમેરો અથવા ફરીથી સોંપો,مراکز شامل کریں یا دوبارہ تفویض کریں۔
COMMON,,REASSIGN_BLOCKS_REQUEST,Request to Re-assign Blocks,ब्लॉक पुन्हा नियुक्त करण्याची विनंती,ब्लॉक को पुनः आवंटित करने का अनुरोध,ବ୍ଲକ୍ ପୁନଃ-ସଂସ୍ଥାପନ ପାଇଁ ଅନୁରୋଧ,బ్లాక్‌లను తిరిగి కేటాయించడానికి అభ్యర్థన,ಬ್ಲಾಕ್ ಅನ್ನು ಮರು ನಿಯೋಜಿಸಲು ವಿನಂತಿಸಿ,வட்டங்களை மறுஒதுக்கீடு செய்யக் கோரிக்கை,બ્લોક ફરીથી સોંપવાની વિનંતી,بلاکس کو دوبارہ تفویض کرنے کی درخواست
COMMON,,ASSIGN,Assign,नियुक्त करा,निरुपण करें,ନିୟୋଜନ କରନ୍ତୁ,కేటాయించు,ನಿಯೋಜಿಸಿ,ஒதுக்கு,સોંપો,تفویض کریں۔
COMMON,,SEARCH_FACILITATORS,Search Facilitators..,मार्गदर्शकांचा शोध घ्या..,खोज सुविधा प्रदाता..,ଫେସିଲିଟରମାନେ ଖୋଜନ୍ତୁ,ఫెసిలిటేటర్లను శోధించు,ಫೆಸಿಲಿಟೇಟರ್ ಅನ್ನು ಹುಡುಕಿ..,பெசிலிடேட்டர்களை தேடு,ફેસિલીટેટર્સ શોધો,فیسلیٹیٹر تلاش کریں..
COMMON,,ADD_LEARNER,Add Learners,शिकणारे जोडा,शिक्षार्थियों को जोड़ें,ଶିକ୍ଷାର୍ଥୀଙ୍କୁ ଯୋଗ କରନ୍ତୁ,అభ్యాసకులను జత చేయి,ಕಲಿಯುವವರನ್ನು ಸೇರಿಸಿ,மாணவர்களைச் சேர்,લર્નર્સ ઉમેરો,طلباء کو شامل کریں۔
COMMON,,DESELECT_ALL,Deselect All,सर्व अननिवड करा,सभी को अचयनित करें,ସମସ୍ତଙ୍କୁ ବିରୋଧ କରନ୍ତୁ,అన్ని ఎంపికలను తీసివేయి,ಎಲ್ಲವನ್ನೂ ಆಯ್ಕೆ ರದ್ದುಮಾಡಿ,அனைத்து தேர்வையும் நீக்கு,બધાને નાપસંદ કરો,سبھی کو غیر منتخب کریں۔
COMMON,,SELECT_ALL,Select All,सर्व निवडा,सभी को चुनें,ସମସ୍ତଙ୍କୁ ଚୟନ କରନ୍ତୁ,అన్నిటినీ ఎంచుకోండి,ಎಲ್ಲವನ್ನೂ ಆಯ್ಕೆಮಾಡಿ,அனைத்தையும் தேர்ந்தெடு,બધું સિલેક્ટ કરો,سبھی کو منتخب کریں۔
COMMON,,LEARNER_MARKED_DROPOUT,Learner marked as dropout,शिकणारा शाळा सोडलेला म्हणून चिन्हांकित,शिक्षार्थी को ड्रॉप आउट के रूप में चिह्नित किया गया,ଶିକ୍ଷାର୍ଥୀକୁ ଡ୍ରପ୍ ଆଉଟ୍ ଭାବେ ଚିହ୍ନିତ କରାଯାଇଛି,అభ్యాసకుడు డ్రాప్ ఔట్‌గా గుర్తించబడ్డాడు,ಕಲಿಯುವವರನ್ನು ಡ್ರಾಪ್ಔಟ್ ಎಂದು ಗುರುತಿಸಲಾಗಿದೆ,மாணவர் டிராப்-அவுட் ஆக குறிக்கப்பட்டார்,લર્નર ડ્રોપઆઉટ તરીકે ચિહ્નિત થયેલ છે,طلباء کو ڈراپ آؤٹ کے بطور نشان زد کیا گیا۔
COMMON,,LEARNER_UNMARKED_DROPOUT,Learner un-marked as dropout,शिकणारा शाळा सोडलेला म्हणून चिन्हांकित केलेला नाही,शिक्षार्थी को ड्रॉपआउट के रूप में अनचिह्नित किया गया,ଶିକ୍ଷାର୍ଥୀକୁ ଡ୍ରପ୍ ଆଉଟ୍ ଭାବେ ଅଚିହ୍ନିତ କରାଯାଇଛି,అభ్యాసకుడి డ్రాప్ ఔట్ గుర్తింపు తొలగించబడింది,ಕಲಿಯುವವರನ್ನು ಡ್ರಾಪ್ಔಟ್ ಎಂದು ಗುರುತಿಸಲಾಗಿಲ್ಲ,மாணவர் டிராப்-அவுட் நீக்கப்பட்டது,લર્નરને ડ્રોપઆઉટ તરીકે અન-માર્ક કરેલ,طلباء کو ڈراپ آؤٹ کے بطور نشان زد نہیں کیا گیا۔
COMMON,,LEARNER_REMOVED,Learner has been removed,शिकणाऱ्याला काढून टाकले आहे,शिक्षार्थी को हटा दिया गया है,ଶିକ୍ଷାର୍ଥୀ କୁ ହଟାଇ ଦିଆଯାଇଛି,అభ్యాసకుడు తొలగించబడ్డాడు,ಕಲಿಯುವವರನ್ನು ತೆಗೆದುಹಾಕಲಾಗಿದೆ.,மாணவர் அகற்றப்பட்டார்.,શીખનારને દૂર કરવામાં આવ્યો છે,طلباء کو ہٹا دیا گیا ہے۔
COMMON,,DROPPED_OUT,Dropped Out,शाळा सोडली,छूट गए,ଡ୍ରପଆଉଟ ହୋଇଛନ୍ତି,డ్రాప్ ఔట్ అయినారు,ಡ್ರಾಪ್ ಔಟ್,டிராப்-அவுட் ஆனவர்,ડ્રોપ આઉટ,ڈراپ آؤٹ
COMMON,,DELETE_USER,Delete User Permanently,वापरकर्त्याला कायमचे हटवा,उपयोगकर्ता को स्थायी रूप से हटाएं,ୟୁଜରଙ୍କୁ  ସ୍ଥାୟୀଭାବେ ଡିଲିଟ  କରନ୍ତୁ,వినియోగదారుడిని శాశ్వతంగా తొలగించు,ಯೂಸರ್ ನ್ನು ಶಾಶ್ವತವಾಗಿ ಅಳಿಸಿ,பயனரை நிரந்தரமாக நீக்கு,વપરાશકર્તાને કાયમ માટે કાઢી નાખો,صارف کو مستقل طور پر حذف کریں۔
COMMON,,DELETE_USER_FROM_CENTER,Delete user from Center,केंद्रातून वापरकर्ता हटवा,केंद्र से उपयोगकर्ता को हटाएं,କେନ୍ଦ୍ରରୁ ୟୁଜରଙ୍କୁ ଡିଲିଟ କରନ୍ତୁ,సెంటర్ నుండి వినియోగదారుని తొలగించు,ಯೂಸರ್ ನ್ನು ಕೇಂದ್ರದಿಂದ ಅಳಿಸಿ,மையத்திலிருந்து பயனரை நீக்கு.,સેન્ટર માંથી વપરાશકર્તાને કાઢી નાખો,مرکز سے صارف کو حذف کریں۔
COMMON,,DELETE_USER_WITH_REASON,Delete User,वापरकर्ता हटवा,उपयोगकर्ता हटाएँ,ୟୁଜରଙ୍କୁ ଡିଲିଟ କରନ୍ତୁ,వినియోగదారుని తొలగించు,ಯೂಸರ್ ನ್ನು ಅಳಿಸಿ,பயனரை நீக்கு,વપરાશકર્તા કાઢી નાખો,صارف کو حذف کریں۔
COMMON,,USER_DELETED_PERMANENTLY,User successfully deleted!,वापरकर्ता यशस्वीरित्या हटवला गेला आहे!,उपयोगकर्ता सफलतापूर्वक हटाया गया!,ୟୁଜରଙ୍କୁ  ସଫଳତାର ସହିତ ଡିଲିଟ  କରାଗଲା ,వినియోగదారుని విజయవంతంగా తొలగించారు,ಯೂಸರ್ ನ್ನು ಯಶಸ್ವಿಯಾಗಿ ಅಳಿಸಲಾಗಿದೆ!,பயனர் வெற்றிகரமாக நீக்கப்பட்டார்!,વપરાશકર્તા સફળતાપૂર્વક કાઢી નાખ્યો!,صارف کو حذف کردیا گیا ہے!
COMMON,,CANNOT_REASSIGN_TODAY_ATTENDANCE_MARKED,Cannot re-assign learner as attendance has already been marked for today,आजची उपस्थिती आधीच नोंदवलेली असल्यामुळे शिकणाऱ्याला पुनःनियुक्त करता येणार नाही,"आज की उपस्थिति पहले ही चिह्नित की जा चुकी है, इसलिए शिक्षार्थी को पुनः आवंटित नहीं किया जा सकता",ଆଜି ପାଇଁ ଉପସ୍ଥାନ ଚିହ୍ନିତ ହୋଇଥିବାରୁ ଶିକ୍ଷାର୍ଥୀଙ୍କୁ ପୁନଃ ନ୍ୟସ୍ତ କରିପାରିବ ନାହିଁ,"అభ్యాసకుడిని తిరిగి కేటాయించలేరు, ఎందుకంటే నేటి హాజరు ఇప్పటికే గుర్తించబడింది",ಇಂದಿನ ಹಾಜರಾತಿಯನ್ನು ಈಗಾಗಲೇ ಗುರುತಿಸಲಾಗಿರುವುದರಿಂದ ಕಲಿಯುವವರನ್ನು ಮರು ನಿಯೋಜಿಸಲು ಸಾಧ್ಯವಿಲ್ಲ.,"இன்றைக்கான வருகை ஏற்கனவே குறிக்கப்பட்டுள்ளதால், மாணவரை மீண்டும் ஒதுக்க முடியாது.",લર્નર ને ફરીથી સોંપી શકાતું નથી કારણ કે હાજરી પહેલાથી જ આજ માટે ચિહ્નિત કરવામાં આવી છે,سیکھنے والے کو دوبارہ تفویض نہیں کیا جا سکتا کیونکہ آج کے لیے حاضری پہلے ہی نشان زد ہو چکی ہے۔
COMMON,,CANNOT_DELETE_TODAY_ATTENDANCE_MARKED,Cannot delete learner as attendance has already been marked for today,विद्यार्थ्याची उपस्थिती हटवू शकत नाही कारण आजची उपस्थिती आधीच चिन्हांकित केली गेली आहे,"आज के लिए उपस्थिति पहले ही दर्ज हो चुकी है, इसलिए छात्र को हटाया नहीं जा सकता","ଆଜି ପାଇଁ ଉପସ୍ଥାନ ରେକର୍ଡ ହୋଇସାରିଛି, ତେଣୁ ବିଦ୍ୟାର୍ଥୀଙ୍କୁ  ଅପସାରଣ କରାଯାଇପାରିବ ନାହିଁ","అభ్యాసకుడిని తొలగించలేరు, ఎందుకంటే నేటి హాజరు ఇప్పటికే గుర్తించబడింది",ಇಂದಿನ ಹಾಜರಾತಿಯನ್ನು ಈಗಾಗಲೇ ಗುರುತಿಸಲಾಗಿರುವುದರಿಂದ ಕಲಿಯುವವರನ್ನು ಅಳಿಸಲು ಸಾಧ್ಯವಿಲ್ಲ.,இன்றைக்கு வருகைப்பதிவு ஏற்கனவே குறிக்கப்பட்டுள்ளதால் மாணவரை நீக்க முடியாது,લર્નર ને કાઢી શકતા નથી કારણ કે હાજરી પહેલાથી જ આજ માટે ચિહ્નિત કરવામાં આવી છે,سیکھنے والے کو حذف نہیں کیا جا سکتا کیونکہ آج کے لیے حاضری پہلے ہی نشان زد ہو چکی ہے۔
COMMON,,CANNOT_DROPOUT_TODAY_ATTENDANCE_MARKED,Cannot mark learner as dropout as attendance has already been marked for today,विद्यार्थ्याला ड्रॉपआउट म्हणून चिन्हांकित करू शकत नाही कारण आजची उपस्थिती आधीच चिन्हांकित केली गेली आहे,"आज के लिए उपस्थिति पहले ही दर्ज हो चुकी है, इसलिए छात्र को ड्रॉपआउट के रूप में चिह्नित नहीं किया जा सकता","ଆଜିର ଉପସ୍ଥାନ ରେକର୍ଡ ହୋଇସାରିଛି, ତେଣୁ ବିଦ୍ୟାର୍ଥୀଙ୍କୁ  ଡ୍ରପଆଉଟ୍ ଭାବରେ ଚିହ୍ନିତ କରାଯାଇପାରିବ ନାହିଁ","అభ్యాసకుడిని డ్రాపౌట్‌గా గుర్తించలేరు, ఎందుకంటే నేటి హాజరు ఇప్పటికే గుర్తించబడింది",ಇಂದಿನ ಹಾಜರಾತಿಯನ್ನು ಈಗಾಗಲೇ ಗುರುತಿಸಲಾಗಿರುವುದರಿಂದ ಕಲಿಯುವವರನ್ನು ಡ್ರಾಪ್ಔಟ್ ಎಂದು ಗುರುತಿಸಲು ಸಾಧ್ಯವಿಲ್ಲ.,இன்றைக்கு வருகைப்பதிவு ஏற்கனவே குறிக்கப்பட்டுள்ளதால் மாணவரை டிராப்-அவுட் செய்ய முடியாது.,લર્નર ને કાઢી શકતા નથી કારણ કે હાજરી પહેલાથી જ આજ માટે ચિહ્નિત કરવામાં આવી છે,سیکھنے والے کو ڈراپ آؤٹ کے طور پر نشان زد نہیں کیا جا سکتا کیونکہ حاضری آج کے لیے پہلے ہی نشان زد کر دی گئی ہے۔
COMMON,,OBSERVATIONS_FORMS,Observations and Forms,निरीक्षणे आणि फॉर्म,अवलोकन और फॉर्म,ଅବଜେରଭେସନ ଏବଂ ଫର୍ମସ୍ ,పరిశీలనలు మరియు ఫారమ్‌లు,ವೀಕ್ಷಣೆಗಳು ಮತ್ತು ರೂಪಗಳು,கவனிப்புகள் மற்றும் படிவங்கள்,અવલોકનો અને સ્વરૂપો,مشاہدات اور فارم
COMMON,,OTHER_REASON,Other Reason,इतर कारण,अन्य कारण,ଅନ୍ୟ କାରଣ,ఇతర కారణం,ಇತರ ಕಾರಣ,மற்ற காரணம்,અન્ય કારણ,دوسری وجہ
COMMON,,OTHER_REASON_PLACEHOLDER,Enter Other Reason,इतर कारण प्रविष्ट करा,अन्य कारण दर्ज करें,ଅନ୍ୟ କାରଣ ଦାଖଲ କରନ୍ତୁ,ఇతర కారణాన్ని నమోదు చేయండి,ಇತರ ಕಾರಣವನ್ನು ನಮೂದಿಸಿ,மற்ற காரணத்தை உள்ளிடவும்,અન્ય કારણ દાખલ કરો,دوسری وجہ درج کریں۔
COMMON,,BACK,Back,मागे,वापस,ପଛକୁ,వెనుకకు,ಹಿಂದೆ,பின் செல்லவும்,પાછળ,پیچھے
COMMON,,SEND_CREDENTIALS,Send Credentials,प्रमाणपत्रे पाठवा,क्रेडेंशियल्स भेजें,ଲଗଇନ୍ ବିବରଣୀ ପଠାନ୍ତୁ,ఆధారాలను పంపండి,ರುಜುವಾತುಗಳನ್ನು ಕಳುಹಿಸಿ,லாகின் விவரங்களை அனுப்பவும்,ઓળખપત્રો મોકલો,اسناد بھیجیں۔
COMMON,,CREDENTIALS_EMAILED,The login credentials will be emailed to the Facilitator at,वापरकर्त्याला लॉगिन प्रमाणपत्रे ई-मेल केली जातील येथे,लॉगिन क्रेडेंशियल्स उपयोगकर्ता को ईमेल द्वारा भेजे जाएंगे,ଲଗଇନ୍ ବିବରଣୀ ନିମ୍ନଲିଖିତ ଇମେଲ୍ ଠିକଣାରେ ଫେସିଲେଟରଙ୍କୁ ପଠାଯିବ।,లాగిన్ ఆధారాలు ఫెసిలిటేటర్‌కు ఇమెయిల్ చేయబడతాయి,ಲಾಗಿನ್ ರುಜುವಾತುಗಳನ್ನು ಬಳಕೆದಾರರಿಗೆ ಈ ವಿಳಾಸಕ್ಕೆ ಇಮೇಲ್ ಮಾಡಲಾಗುತ್ತದೆ,லாகின் விவரங்கள் பயிற்சியாளர் மின்னஞ்சலுக்கு அனுப்பப்படும்,લોગિન ઓળખપત્રો વપરાશકર્તાને પર ઈમેલ કરવામાં આવશે,لاگ ان کی اسناد صارف کو ای میل کے ذریعے بھیجی جائیں گی
COMMON,,CREDENTIALS_EMAILED_OF_LEARNER,The login credentials have been send to your email,लॉगिन क्रेडेन्शियल्स तुमच्या ईमेलवर पाठवण्यात आले आहेत,लॉगिन क्रेडेंशियल्स आपके ईमेल पर भेज दिए गए हैं,ଆପଣଙ୍କ ଇମେଲକୁ ଲଗଇନ୍ ପରିଚୟ ପତ୍ର ପଠାଯାଇଛି,లాగిన్ ఆధారాలు మీ ఇమెయిల్‌కు పంపబడ్డాయి,ಲಾಗಿನ್ ರುಜುವಾತುಗಳನ್ನು ನಿಮ್ಮ ಇಮೇಲ್‌ಗೆ ಕಳುಹಿಸಲಾಗಿದೆ.,லாகின் விவரங்கள் உங்கள் மின்னஞ்சலுக்கு அனுப்பப்பட்டுள்ளன,લૉગિન ઓળખપત્રો તમારા ઇમેઇલ પર મોકલવામાં આવ્યા છે,لاگ ان کی اسناد آپ کے ای میل پر بھیج دی گئی ہیں۔
COMMON,,NEW,New {{role}},नवीन {{role}},नया {{role}},ନୂତନ {{role}},కొత్త {{role}},ಹೊಸ {{role}},புதிய {{role}},નવું {{role}},نئی {ذمہ داری}
COMMON,,USER_CREDENTIAL_SEND_SUCCESSFULLY,User credentials sent successfully!,वापरकर्ता प्रमाणपत्रे यशस्वीरित्या पाठवली गेली आहेत!,उपयोगकर्ता क्रेडेंशियल्स सफलतापूर्वक भेजे गए!,ୟୁଜରଙ୍କ  ଲଗଇନ୍ ବିବରଣୀ ସଫଳତାର ସହିତ ପଠାଯାଇଛି!,వినియోగదారు ఆధారాలు విజయవంతంగా పంపబడ్డాయి!,ಯೂಸರ್  ರುಜುವಾತುಗಳನ್ನು ಯಶಸ್ವಿಯಾಗಿ ಕಳುಹಿಸಲಾಗಿದೆ!,பயனர் உள்நுழைவு விவரங்கள் வெற்றிகரமாக அனுப்பப்பட்டன,વપરાશકર્તા ઓળખપત્રો સફળતાપૂર્વક મોકલ્યા!,صارف کی اسناد کامیابی کے ساتھ بھیج دی گئیں!
COMMON,,USER_CREDENTIAL_SEND_FAILED,User credentials failed to send!,वापरकर्ता क्रेडेन्शियल्स पाठवण्यात अयशस्वी!,उपयोगकर्ता क्रेडेंशियल्स भेजने में विफल!,ୟୁଜରଙ୍କ  ଲଗଇନ୍ ବିବରଣୀ ପଠାଇବାରେ ବିଫଳ ହୋଇଛି!,వినియోగదారు ఆధారాలు పంపడంలో విఫలమైంది!,ಯೂಸರ್ ರುಜುವಾತುಗಳನ್ನು ಕಳುಹಿಸಲು ವಿಫಲವಾಗಿದೆ!,பயனர் சான்றுகளை அனுப்புவது தோல்வியுற்றது!,વપરાશકર્તા ઓળખપત્રો મોકલવામાં નિષ્ફળ થયા!,صارف کی اسناد بھیجنے میں ناکام!
COMMON,,CENTER_SESSIONS,Center Sessions,केंद्र सत्रे,केंद्र सत्र,କେନ୍ଦ୍ର ସେସନସ୍ ,సెంటర్ సెషన్స్,ಕೇಂದ್ರ ಸೆಶನ್ ಗಳು ,மைய அமர்வுகள்,સેન્ટર સત્ર,سینٹر سیشنز
COMMON,,SCHEDULE_NEW,Schedule New,नवीन अनुसूची करा,शेड्यूल नया,ନୂତନ ସେଡୁଲ  ତିଆରି କରନ୍ତୁ,కొత్తది షెడ్యూల్ చేయండి,ಹೊಸದನ್ನು ನಿಗದಿಪಡಿಸಿ,புதிய அட்டவணை,નવું શેડ્યૂલ કરો,نیا شیڈول بنائیں۔
COMMON,,UPCOMING_EXTRA_SESSION,Upcoming Extra Sessions (Next {{days}} days),येणारी अतिरिक्त सत्रे,आगामी अतिरिक्त सत्र,ଆସନ୍ତାକାଲି ଅତିରିକ୍ତ ସେସନ୍,రాబోయే అదనపు సెషన్స్ (తరువాత {{days}} రోజులు),ಮುಂಬರುವ ಹೆಚ್ಚುವರಿ ಸೆಶನ್ ಗಳು ,வரவிருக்கும் கூடுதல் அமர்வுகள்,આગામી વધારાના સત્રો,آنے والے اضافی سیشنز
COMMON,,NO_SESSIONS_SCHEDULED,No sessions scheduled,कोणतीही सत्रे निर्धारित नाहीत,कोई सत्र निर्धारित नहीं है,କୌଣସି ସେସନ୍ ନିର୍ଦ୍ଧାରିତ ନାହିଁ,సెషన్స్ షెడ్యూల్ చేయబడలేదు,ಯಾವುದೇ ಸೆಷನ್ ಗಳನ್ನು ನಿಗದಿಪಡಿಸಲಾಗಿಲ್ಲ.,எந்த அமர்வுகளும் திட்டமிடப்படவில்லை.,કોઈ સત્રો શેડ્યૂલ કરેલ નથી,کوئی سیشن شیڈول نہیں ہے۔
COMMON,,TO_BE_TAUGHT,What is going to be taught:,काय शिकवले जाणार आहे:,क्या सिखाया जाएगा:,କଣ ପାଠାଯିବ:,ఏమి బోధించబోతున్నారు:,ಏನು ಕಲಿಸಲಾಗುವುದು:,என்ன கற்பிக்கப்பட உள்ளது:,શું શીખવવામાં આવશે:,کیا سکھایا جائے گا:
COMMON,,SELECT_TOPIC,"Select Topic, Sub-topic","विषय, उपविषय निवडा","विषय, उप-विषय चुनें","ବିଷୟ, ଉପବିଷୟ ଚୟନ କରନ୍ତୁ","టాపిక్, సబ్-టాపిక్‌ను ఎంచుకోండి","ವಿಷಯ, ಉಪ-ವಿಷಯವನ್ನು ಆಯ್ಕೆಮಾಡಿ","தலைப்பு, துணைத் தலைப்பை தேர்ந்தெடு","વિષય, ઉપ-વિષય પસંદ કરો",موضوع، ذیلی عنوان منتخب کریں۔
COMMON,,PAGE_NOT_FOUND,Page not found,पृष्ठ सापडले नाही,पृष्ठ नहीं मिला,ପୃଷ୍ଠା ଖୋଜିପାରିବ ନହିଁ,పేజీ కనుగొనబడలేదు,ಪುಟ ಕಂಡುಬಂದಿಲ್ಲ.,பக்கம் கிடைக்கவில்லை.,પેઝ મળ્યું નથી,صفحہ نظر نہیں آرہا
COMMON,,ACCESS_DENIED,Access Denied,प्रवेश नाकारला,पहुँच अस्वीकृत,ପ୍ରବେଶ ନିଷେଧ,ప్రాప్యత నిరాకరించబడింది,ಪ್ರವೇಶ ನಿರಾಕರಿಸಲಾಗಿದೆ,அணுகல் மறுக்கப்பட்டது,ઍક્સેસ નકારી,رسائی سے انکار کر دیا گیا۔
COMMON,,YOU_DONT_HAVE_PERMISSION_TO_ACCESS_THIS_PAGE,You don't have access to this page,आपल्याला या पृष्ठाचा प्रवेश नाही,आपको इस पृष्ठ तक पहुँच नहीं है,"ଏହି ପୃଷ୍ଠାକୁ ପ୍ରବେଶ କରିବା ପାଇଁ ଆପଣଙ୍କର ଅନୁମତି ନାହିଁ।""",ఈ పేజీకి మీకు ప్రాప్యత లేదు,ಈ ಪುಟಕ್ಕೆ ನಿಮಗೆ ಪ್ರವೇಶವಿಲ್ಲ.,இந்தப் பக்கத்தை அணுக உங்களுக்கு அனுமதி இல்லை,તમારી પાસે આ પેઝ ની ઍક્સેસ નથી,آپ کو اس صفحہ تک رسائی حاصل نہیں ہے۔
COMMON,,NEW_LEARNER,New Learner,नवीन शिकणारा,नया Learner,ନୂତନ ଶିକ୍ଷାର୍ଥୀ,కొత్త అభ్యాసకుడు,ಹೊಸದಾಗಿ ಕಲಿಯುವವರು,புதிய மாணவர்,નવું લર્નર,نیا طالب علم
COMMON,,EDIT_LEARNER,Edit Learner,विद्यार्थी संपादित करा,छात्र संपादित करें,ଶିକ୍ଷାର୍ଥୀ ସଂପାଦନ କରନ୍ତୁ,అభ్యాసకుడిని సవరించండి,ಎಡಿಟ್ ಲರ್ನರ್ ,மாணவரின் தகவல்களை திருத்தவும்,લર્નરને સંપાદિત કરો,سیکھنے والے میں ترمیم کریں۔
COMMON,,NEW_FACILITATOR,New Facilitator,नवीन मार्गदर्शक,नया Facilitator,ନୂତନ ଫେସିଲିଟର,కొత్త ఫెసిలిటేటర్,ಹೊಸ ಫೆಸಿಲಿಟೇಟರ್,புதிய பெசிலிடேட்டர்,નવું ફેસિલીટેટર,نیا فیسلیٹیٹر
COMMON,,EDIT_FACILITATOR,Edit Facilitator,समन्वयक संपादित करा,सुविधा प्रदाता संपादित करें,ଫ୍ୟାସିଲିଟେଟର୍‌କୁ ଏଡିଟ  କରନ୍ତୁ,ఫెసిలిటేటర్‌ను సవరించండి, ಎಡಿಟ್ ಫೆಸಿಲಿಟೇಟರ್ ,பெசிலிடேட்டர் தகவல்களை திருத்தவும்,ફેસિલિટેટર સંપાદિત કરો,فیسلیٹیٹر میں ترمیم کریں۔
COMMON,,SUBMIT,Submit,सादर करा,सubmit करें,ସବମିଟ କରନ୍ତୁ,సమర్పించండి,ಸಲ್ಲಿಸಿ,சமர்ப்பி,સબમિટ કરો,جمع کروائیں۔
COMMON,,LEARNER_CREATED_SUCCESSFULLY,Learner has been successfully created!,शिकणारा यशस्वीरित्या तयार झाला आहे!,Learner सफलतापूर्वक बनाया गया!,ଶିକ୍ଷାର୍ଥୀ ସଫଳତାର ସହିତ ସୃଷ୍ଟି କରାଯାଇଛି!,లెర్నర్ విజయవంతంగా సృష్టించబడింది!,ವಿದ್ಯಾರ್ಥಿ ಅನ್ನು ಯಶಸ್ವಿಯಾಗಿ ರಚಿಸಲಾಗಿದೆ!,மாணவர் வெற்றிகரமாக உருவாக்கப்பட்டார்!,લર્નર  સફળતાપૂર્વક બનાવવામાં આવ્યું છે,لرنر  کامیابی کے ساتھ تیار ہو گیا ہے
COMMON,,FACILITATOR_ADDED_SUCCESSFULLY,Facilitator added successfully!,फॅसिलिटेटर यशस्वीरित्या जोडले!,सुविधा प्रदाता सफलतापूर्वक जोड़ा गया!,ଫ୍ୟାସିଲିଟେଟର୍ ସଫଳତାର ସହିତ ଯୋଡାଗଲେ,ఫెసిలిటేటర్ ప్రొఫైల్ విజయవంతంగా నవీకరించబడింది!,ಫೆಸಿಲಿಟೇಟರ್ ಅನ್ನು ಯಶಸ್ವಿಯಾಗಿ ಸೇರಿಸಲಾಗಿದೆ!,பெசிலிடேட்டர் வெற்றிகரமாகச் சேர்க்கப்பட்டார்!,ફેસિલિટેટર સફળતાપૂર્વક ઉમેરાયા!,فیسلیٹیٹر کو کامیابی کے ساتھ شامل کیا گیا!
COMMON,,LEARNER_UPDATED_SUCCESSFULLY,Learner profile updated successfully!,लर्नर प्रोफाइल यशस्वीरित्या अपडेट केले!,छात्र प्रोफ़ाइल सफलतापूर्वक अपडेट किया गया!,ଶିକ୍ଷାର୍ଥୀ  ପ୍ରୋଫାଇଲ୍ ସଫଳତାର ସହିତ ଅପଡେଟ୍ ହେଲା,అభ్యాసకుడి ప్రొఫైల్ విజయవంతంగా నవీకరించబడింది!,ಕಲಿಯುವವರ ಪ್ರೊಫೈಲ್ ಅನ್ನು ಯಶಸ್ವಿಯಾಗಿ ನವೀಕರಿಸಲಾಗಿದೆ!,மாணவர் விவரம் வெற்றிகரமாக புதுப்பிக்கப்பட்டது!,લર્નર પ્રોફાઇલ સફળતાપૂર્વક અપડેટ થઈ!,لرنر پروفائل کامیابی کے ساتھ اپ ڈیٹ ہو گیا!
COMMON,,FACILITATOR_UPDATED_SUCCESSFULLY,Facilitator profile updated successfully!,फॅसिलिटेटर प्रोफाइल यशस्वीरित्या अपडेट केले!,सुविधा प्रदाता प्रोफ़ाइल सफलतापूर्वक अपडेट किया गया!,ଫ୍ୟାସିଲିଟେଟର୍ ପ୍ରୋଫାଇଲ୍ ସଫଳତାର ସହିତ ଅପଡେଟ୍ ହେଲା,ఫెసిలిటేటర్ ప్రొఫైల్ విజయవంతంగా నవీకరించబడింది!,ಫೆಸಿಲಿಟೇಟರ್ ಪ್ರೊಫೈಲ್ ಅನ್ನು ಯಶಸ್ವಿಯಾಗಿ ನವೀಕರಿಸಲಾಗಿದೆ!,பெசிலிடேட்டர் சுயவிவரம் வெற்றிகரமாக புதுப்பிக்கப்பட்டது!,ફેસિલિટેટર પ્રોફાઇલ સફળતાપૂર્વક અપડેટ થઈ!,فیسلیٹیٹر پروفائل کامیابی کے ساتھ اپ ڈیٹ ہو گیا!
COMMON,,PLEASE_SELECT_THE_CENTER,Please select the center.,कृपया केंद्र निवडा.,कृपया केंद्र का चयन करें।,ଦୟାକରି କେନ୍ଦ୍ର ଚୟନ କରନ୍ତୁ,దయచేసి సెంటర్‌ను ఎంచుకోండి,ದಯವಿಟ್ಟು ಕೇಂದ್ರವನ್ನು ಆಯ್ಕೆಮಾಡಿ,தயவுசெய்து மையத்தைத் தேர்ந்தெடுக்கவும்,કૃપા કરીને કેન્દ્ર પસંદ કરો,براہ کرم مرکز کا انتخاب کریں۔
COMMON,,CREATE,Create,तयार करा,बनाएं,ସୃଷ୍ଟି କରନ୍ତୁ,సృష్టించండి,ರಚಿಸಿ,உருவாக்கவும்,બનાવો,بنائیں
COMMON,,OKAY,Okay,ठीक आहे,ठीक है,ଠିକ ଅଛି,సరే,ಸರಿ,சரி,ઓકે,ٹھیک ہے۔
COMMON,,HELD_EVERY_WEEK_ON,Held every week on {{days}},दर आठवड्याला {{days}} रोजी आयोजित,हर हफ्ते {{days}} पर आयोजित होता है,ପ୍ରତି ସପ୍ତାହରେ {{ଦିନ}} ରେ ଅନୁଷ୍ଠିତ ହୁଏ,ప్రతి వారం {{days}} న నిర్వహించబడుతుంది,ಪ್ರತಿ ವಾರ {{ದಿನಗಳು}} ರಂದು ನಡೆಯಲಿದೆ,ஒவ்வொரு வாரமும் {{நாட்கள்}} அன்று நடைபெறும்.,દર અઠવાડિયે {{દિવસો}} ના રોજ યોજાય છે,ہر ہفتے {{days}} کو منعقد ہوتا ہے
COMMON,,SESSION_SCHEDULED_SUCCESSFULLY,Session has been scheduled successfully!,सत्र यशस्वीपणे शेड्यूल केले गेले आहे!,सत्र सफलतापूर्वक निर्धारित कर दिया गया है!,ସେସନ୍ ସଫଳତାର ସହିତ ନିର୍ଦ୍ଧାରିତ  ହୋଇଛି!,సెషన్ విజయవంతంగా షెడ్యూల్ చేయబడింది!,ಸೆಶನ್ ವನ್ನು ಯಶಸ್ವಿಯಾಗಿ ನಿಗದಿಪಡಿಸಲಾಗಿದೆ!,அமர்வு வெற்றிகரமாக திட்டமிடப்பட்டது!,સત્ર સફળતાપૂર્વક સુનિશ્ચિત કરવામાં આવ્યું છે!,سیشن کامیابی سے طے ہو گیا ہے!
COMMON,,CENTER,Center,केंद्र,केंद्र,ସେଣ୍ଟର,సెంటర్,ಸೆಂಟರ್,மையம்,સેન્ટર,مرکز
COMMON,,AND_COUNT_MORE,and {{count}} more,आणि {{count}} अधिक,और {{count}} अधिक,ଏବଂ {{ଗଣନା}} ଅଧିକ,మరియు {{count}} మరిన్ని,ಮತ್ತು ಇನ್ನೂ {{count}},மற்றும் {{count}} மேலும்,અને {{count}} વધુ,اور {{count}} مزید
COMMON,,RETURN_TO_LOGIN,Return to Login,लॉगिनवर परत जा,लॉगिन पर वापस जाएं,ଲଗଇନ୍ କୁ ଫେରନ୍ତୁ,లాగిన్‌కి తిరిగి వెళ్లండి,ಲಾಗಿನ್‌ಗೆ ಹಿಂತಿರುಗಿ,உள்நுழைவிற்கு திரும்பவும்,લોગિન પર પાછા ફરો,لاگ ان پر واپس جائیں۔
COMMON,,NO_CENTER_FOUND,No Center found,कोणतेही केंद्र सापडले नाही,कोई केंद्र नहीं मिला,କିଛି ସେଣ୍ଟର ମିଳିଲା  ନାହିଁ,సెంటర్ కనుగొనబడలేదు,ಯಾವುದೇ ಕೇಂದ್ರ ಕಂಡುಬಂದಿಲ್ಲ。,எந்த மையமும் கிடைக்கவில்லை,કોઈ સેન્ટર મળ્યું નથી,کوئی مرکز نہیں ملا
COMMON,,FILTER_BY,Filter By,फिल्टर करा,फ़िल्टर करें,ଫିଲ୍ଟର ଦ୍ବାରା,దీని ద్వారా ఫిల్టర్ చేయండి,ಫಿಲ್ಟರ್ ಮಾಡಿ,பில்டர் செய்,દ્વારા ફિલ્ટર કરો,کی طرف سے فلٹر
COMMON,,ALL,All,सर्व,सभी,ସମସ୍ତ,అన్నీ,ಎಲ್ಲವೂ,அனைத்தும்,બધા,تمام
COMMON,,ACTIVE,Active,सक्रिय / चालू,सक्रिय,ସକ୍ରିୟ,యాక్టివ్,ಸಕ್ರಿಯ,ஆக்டிவ்,સક્રિય,فعال
COMMON,,NA,N.A.,लागू नाही,लागू नहीं (N.A.),ଲାଗୁ ହୋଇନାହିଁ ( N.A.),వర్తించదు (N.A),N.A.,எதுவுமில்லை,N.A.,N.A
COMMON,,SORT_BY_NAMES,Sort by Names,नावानुसार क्रमवारी लावा,नामों के अनुसार क्रमबद्ध करें,ନାମ ଅନୁଯାୟୀ ସର୍ଟ କରନ୍ତୁ,పేర్ల ద్వారా క్రమబద్ధీకరించండి,ಹೆಸರುಗಳ ಪ್ರಕಾರ ವಿಂಗಡಿಸಿ,பெயர்களின்படி வரிசைப்படுத்து,નામો દ્વારા સૉર્ટ કરો,ناموں کے حساب سے ترتیب دیں۔
COMMON,,INCORRECT_DATA_ENTRY,Incorrect Data Entry,चुकीची डेटा नोंद,गलत डेटा प्रविष्टि,ଭୁଲ ତଥ୍ୟ ପ୍ରବେଶ,తప్పు డేటా ఎంట్రీ,ತಪ್ಪಾದ ಡೇಟಾ ನಮೂದು,தவறான தகவல் பதிவு,ખોટી ડેટા એન્ટ્રી,غلط ڈیٹا انٹری
COMMON,,DUPLICATED_USER,Duplicated User,डुप्लिकेट वापरकर्ता,डुप्लिकेट उपयोगकर्ता,ନକଲି ୟୁଜର ,నకిలీ వినియోగదారు,ನಕಲಿ ಯೂಸರ್ ,போலியான பயனர்,ડુપ્લિકેટ યુઝર,ڈپلیکیٹ یوزر
COMMON,,RESIGNATION,Resignation,राजीनामा,इस्तीफ़ा,ପଦତ୍ୟାଗ,రాజీనామా,ರಾಜೀನಾಮೆ,பணிவிலகல்,રાજીનામું,استعفی
COMMON,,FACILITATOR_COUNT,Facilitators Total count: {{count}},सुविधा देणारे एकूण संख्या: {{count}},फैसिलिटेटर  कुल संख्या: {{count}},ଫେସିଲେଟଟରଙ୍କ  ମୋଟ ସଂଖ୍ୟା: {{count}},ఫెసిలిటేటర్ల మొత్తం సంఖ్య: {{count}},ಫೆಸಿಲಿಟೆಟರ್  ಒಟ್ಟು ಸಂಖ್ಯೆ: {{count}},பெசிலிடேட்டர் மொத்த எண்ணிக்கை: {{count}},સુવિધાકર્તાઓ કુલ સંખ્યા: {{count}},فیسلیٹیٹر کی کل تعداد: {{count}}
COMMON,,LEARNER_COUNT,Learners Total count: {{count}},शिक्षकांची एकूण संख्या: {{count}},शिक्षार्थी कुल संख्या: {{count}},ଶିକ୍ଷାର୍ଥୀଙ୍କ ମୋଟ ସଂଖ୍ୟା: {{count}},లెర్నర్ల మొత్తం సంఖ్య: {{count}},ಕಲಿಕಾದಾರರ ಒಟ್ಟು ಸಂಖ್ಯೆ: {{count}},மொத்த மாணவர்  எண்ணிக்கை: {{count}},શીખનારાઓ કુલ સંખ્યા: {{count}},سیکھنے والوں کی کل تعداد: {{count}}
COMMON,,FILTER_BY_ATTENDANCE_PERCENTAGE,Filters By Attendance Percentage,हजेरी टक्केवारीनुसार फिल्टर्स,उपस्थिति प्रतिशत द्वारा फ़िल्टर,ଉପସ୍ଥିତି ପ୍ରତିଶତ ଅନୁସାରେ ଫିଲ୍ଟର,హాజరు శాతం ద్వారా ఫిల్టర్లు,ಹಾಜರಾತಿ ಶೇಕಡಾವಾರು ಪ್ರಕಾರ ಫಿಲ್ಟರ್‌ಗಳು,வருகை சதவீதத்தின் அடிப்படையில் பில்டர்கள்,હાજરી ટકાવારી દ્વારા ફિલ્ટર,حاضری فیصد کے لحاظ سے فلٹرز
COMMON,,MORE_THAN,More than {{range}} %,{{range}} % पेक्षा जास्त,{{range}} % से अधिक,{{range}} % ରୁ ଅଧିକ,{{range}} % కంటే ఎక్కువ,{{range}} ಕ್ಕಿಂತ ಹೆಚ್ಚು %,{{range}} க்கும் அதிகமாக %,{{range}} % થી વધુ,{{range}} % سے زیادہ
COMMON,,BETWEEN,Between {{lowerLimit}} - {{upperLimit}} %,{{lowerLimit}} - {{upperLimit}} % दरम्यान,{{lowerLimit}} - {{upperLimit}} % के बीच,{{lowerLimit}} - {{upperLimit}} % ମଧ୍ୟରେ,{{lowerLimit}} - {{upperLimit}} % మధ్య,{{lowerLimit}} ನಡುವೆ - {{upperLimit}} %,{{lowerLimit}} - {{upperLimit}} க்கு இடையில் %,{{lowerLimit}} - {{upperLimit}} % ની વચ્ચે,{{lowerLimit}} - {{upperLimit}} % کے درمیان
COMMON,,LESS_THAN,Less than {{range}} %,{{range}} % पेक्षा कमी,{{range}} % से कम,{{range}} % ରୁ କମ୍,{{range}} % కంటే తక్కువ,{{range}} ಕ್ಕಿಂತ ಕಡಿಮೆ %,{{range}} க்கும் குறைவாக %,{{range}} % કરતા ઓછો,{{range}} % سے کم
COMMON,,MODIFY_CENTER_ATTENDANCE,Modify Center Attendance,केंद्र उपस्थिती सुधारित करा,केंद्र की उपस्थिति संशोधित करें,କେନ୍ଦ୍ର ଉପସ୍ଥାନ ପରିବର୍ତ୍ତନ କରନ୍ତୁ,సెంటర్ హాజరును సవరించండి,ಕೇಂದ್ರ ಹಾಜರಾತಿಯನ್ನು ಮಾರ್ಪಡಿಸಿ,மைய வருகையை மாற்றவும்,કેન્દ્ર હાજરીમાં ફેરફાર કરો,مرکز حاضری میں ترمیم کریں۔
COMMON,,SUPPORT_REQUEST,Support Request,सहाय्य विनंती,समर्थन अनुरोध,ସମର୍ଥନ ଅନୁରୋଧ,మద్దతు అభ్యర్థన,ಬೆಂಬಲ ಕೋರಿಕೆ,உதவி கோரிக்கை,આધાર વિનંતી,سپورٹ کی درخواست
COMMON,,WE_ARE_HERE_TO_HELP,We’re Here to Help,आम्ही मदतीसाठी आहोत,हम आपकी सहायता के लिए यहां हैं,ଆମେ ଆପଣଙ୍କୁ ସାହାଯ୍ୟ କରିବା ପାଇଁ ଏଠାରେ ଅଛୁ,మేము సహాయం చేయడానికి ఇక్కడ ఉన్నాము,ನಾವು ನಿಮ್ಮ ಸಹಾಯಕ್ಕಾಗಿ ಇಲ್ಲಿದ್ದೇವೆ,உங்களுக்கு உதவ நாங்கள் இருக்கிறோம்,અમે તમારી મદદ માટે અહીં છીએ,ہم مدد کے لیے حاضر ہیں۔
COMMON,,SUBMIT_YOUR_REQUEST_FOR_ISSUES,Submit your request and let us assist you with any issues or concerns.,कृपया आपली विनंती सबमिट करा आणि आम्ही आपल्याला कोणत्याही समस्यांमध्ये मदत करू,"अपनी समस्या या चिंता दर्ज करें, हम आपकी सहायता करेंगे।",ଆପଣଙ୍କର ଅନୁରୋଧ ଦାଖଲ କରନ୍ତୁ ଏବଂ କୌଣସି ସମସ୍ୟା କିମ୍ବା ଚିନ୍ତାରେ ଆମକୁ ଆପଣଙ୍କୁ ସାହାଯ୍ୟ କରିବାକୁ ଦିଅନ୍ତୁ।,మీ అభ్యర్థనను సమర్పించండి మరియు ఏవైనా సమస్యలు లేదా ఆందోళనలతో మేము మీకు సహాయం చేస్తాము,ನಿಮ್ಮ ಕೋರಿಕೆಯನ್ನು ಸಲ್ಲಿಸಿ ಮತ್ತು ಯಾವುದೇ ಸಮಸ್ಯೆ ಅಥವಾ ಸಂದೇಹಗಳಿಗೆ  ನಮಗೆ  ಸಹಾಯ ಮಾಡಲು ಅವಕಾಶ ನೀಡಿ。,உங்கள் கோரிக்கையை சமர்ப்பிக்கவும் உங்கள் கேள்விகள் மற்றும் சிக்கல்களுக்கு நாங்கள் உதவுவோம்,તમારી વિનંતી સબમિટ કરો અને અમને કોઈપણ સમસ્યા અથવા ચિંતામાં તમારી સહાય કરવા દો.,اپنی درخواست جمع کروائیں اور ہمیں کسی بھی مسائل یا خدشات میں آپ کی مدد کرنے دیں۔
COMMON,,INSTALL,Install Now,आता इंस्टॉल करा,अब इंस्टॉल करें,ଏବେ ସ୍ଥାପନ କରନ୍ତୁ,ఇప్పుడే ఇన్‌స్టాల్ చేయండి,ಈಗ ಇನ್‌ಸ್ಟಾಲ್ ಮಾಡಿ,இன்ஸ்டால் செய்யுங்கள்,હવે ઇન્સ્ટોલ કરો,اب انسٹال کریں
COMMON,,INSTALL_APP_MESSAGE,"For Easy Access, Install the App Now","सुलभ प्रवेशासाठी, अ‍ॅप आत्ता इंस्टॉल करा","आसानी से एक्सेस करने के लिए, अभी ऐप इंस्टॉल करें","ସହଜ ପ୍ରବେଶ ପାଇଁ, ଏବେ ଆପ୍ ସ୍ଥାପନ କରନ୍ତୁ","సులభంగా యాక్సెస్ కోసం, యాప్‌ను ఇప్పుడే ఇన్‌స్టాల్ చేయండి","ಸುಲಭ ಪ್ರವೇಶಕ್ಕಾಗಿ, ಈಗಲೇ app ಅನ್ನು ಇನ್‌ಸ್ಟಾಲ್ ಮಾಡಿ","எளிதாக பயன்படுத்த, இப்போது அப்ளிகேஷனை இன்ஸ்டால் செய்யுங்கள்.","સરળ ઍક્સેસ માટે, હવે ઍપ ઇન્સ્ટોલ કરો",آسان رسائی کے لیے، ایپ کو ابھی انسٹال کریں۔
COMMON,,INSTALL_APP_DESCRIPTION,Get access to the Pratham Learning Management Portal (LMP) at your fingertips by installing on your device.,प्रथम शिक्षण व्यवस्थापन पोर्टल (LMP) तुमच्या बोटांच्या टोकावर मिळवा,अपने डिवाइस पर प्रतिष्ठान के लर्निंग मैनेजमेंट पोर्टल (LMP) को आसानी से एक्सेस करें।,"ପ୍ରଥମ ଲର୍ଣ୍ଣିଂ ମ୍ୟାନେଜମେଣ୍ଟ ପୋର୍ଟାଲ (LMP) କୁ ଆପଣଙ୍କ ଆଙ୍ଗୁଳି ତଳେ ପାଆନ୍ତୁ, ଆପଣଙ୍କ ଡିଭାଇସରେ ସ୍ଥାପନ କରନ୍ତୁ ।",మీ పరికరంలో ఇన్‌స్టాల్ చేయడం ద్వారా ప్రథమ్ లెర్నింగ్ మేనేజ్‌మెంట్ పోర్టల్ (LMP)కి మీ వేలికొనల వద్ద ప్రాప్యత పొందండి.,ನಿಮ್ಮ ಡಿವೈಸ್‌ನಲ್ಲಿ ಸ್ಥಾಪಿಸುವ ಮೂಲಕ ಪ್ರಥಮ ಲರ್ನಿಂಗ್ ಮ್ಯಾನೇಜ್‌ಮೆಂಟ್ ಪೋರ್ಟಲ್ (LMP) ಅನ್ನು ಸುಲಭವಾಗಿ  ಪಡೆಯಿರಿ।,"உங்கள் சாதனத்தில் இன்ஸ்டால் செய்து, பிரதம் லெர்னிங் மேனேஜ்மென்ட் போர்டல் (LMP) ஐ விரைவில் அணுகுங்கள்.",પ્રથમ લર્નિંગ મેનેજમેન્ટ પોર્ટલ (LMP) ને તમારા ડિવાઇસ પર ઇન્સ્ટોલ કરીને તમારી આંગળીના ટેરવે મેળવો.,اپنے  ڈیوائس  پر  پرتھم لرننگ مینجمنٹ پورٹل (LMP) انسٹال کر کے آسانی سے  رسائی حاصل کریں۔
COMMON,,RELOAD,Update Now,आता अपडेट करा,अभी अपडेट करें,ଏବେ ଅପଡେଟ କରନ୍ତୁ,ఇప్పుడే అప్‌డేట్ చేయండి,ಈಗ ನವೀಕರಿಸಿ,இப்போது அப்டேட் செய்யுங்கள்.,હવે અપડેટ કરો,ابھی اپ ڈیٹ کریں
COMMON,,UPDATE_AVAILABLE,New Update Available!,नवीन अपडेट उपलब्ध!,नया अपडेट उपलब्ध है!,ନୂଆ ଅପଡେଟ ଉପଲବ୍ଧ!,కొత్త అప్‌డేట్ అందుబాటులో ఉంది!,ಹೊಸ ನವೀಕರಣ ಲಭ್ಯವಿದೆ!,புதிய அப்டேட் கிடைக்கிறது!,નવું અપડેટ ઉપલબ્ધ છે!,نیا اپ ڈیٹ دستیاب ہے!
COMMON,,RELOAD_TO_UPDATE,Get the latest features and improvements—update now to enjoy a smoother experience and stay up-to-date!,नवीन वैशिष्ट्ये आणि सुधारणांसाठी—आता अपडेट करा आणि आणखी उत्तम अनुभव घ्या,नवीनतम फ़ीचर्स और सुधार प्राप्त करें—स्मूद अनुभव और अद्यतित रहने के लिए अभी अपडेट करें!,ନବୀନତମ ସୁବିଧା ଏବଂ ଉନ୍ନତିଗୁଡ଼ିକର ଲାଭ ଉଠାଇବା ପାଇଁ ଏବେ ଅପଡେଟ କରନ୍ତୁ ଏବଂ ଏକ ସୁଗମ ଅନୁଭବର ଆନନ୍ଦ ନିଅନ୍ତୁ!,తాజా ఫీచర్లు మరియు మెరుగుదలలను పొందండి—సున్నితమైన అనుభవాన్ని ఆస్వాదించడానికి మరియు ఎప్పటికప్పుడు అప్‌డేట్‌గా ఉండటానికి ఇప్పుడే అప్‌డేట్ చేయండి!,ಇತ್ತೀಚಿನ ವೈಶಿಷ್ಟ್ಯಗಳು ಮತ್ತು ಸುಧಾರಣೆಗಳನ್ನು ಪಡೆಯಿರಿ—ಹೆಚ್ಚು ಸುಗಮ ಅನುಭವಕ್ಕಾಗಿ ಮತ್ತು ಸದಾ ನವೀಕೃತವಾಗಿರಲು ಈಗಲೇ ಅಪ್‌ಡೇಟ್ ಮಾಡಿ!,"சமீபத்திய அம்சங்கள் மற்றும் மேம்பாடுகளைப் பயன்படுத்த, இப்போது அப்டேட் செய்து தடையற்ற அனுபவத்தை அனுபவிக்கவும்!","નવીનતમ સુવિધાઓ અને સુધારાઓ મેળવો—વધુ સારા અનુભવ માટે અને અપ-ટુ-ડેટ રહેવા માટે અત્યારે જ અપડેટ કરો!
",جدید  ترین خصوصیات اور بہتری حاصل کریں — ایک ہموار تجربے سے لطف اندوز ہونے اور اپ ٹو ڈیٹ رہنے کے لیے ابھی اپ ڈیٹ کریں!
COMMON,,NO_ASSIGNED_BOARDS,No assigned Board for selected Center,निवडलेल्या केंद्रासाठी कोणतीही बोर्ड नियुक्त नाही,चयनित केंद्र के लिए कोई बोर्ड असाइन नहीं है,ମନୋନୀତ କେନ୍ଦ୍ର ପାଇଁ କୌଣସି ବୋର୍ଡ ନିୟୁକ୍ତ ହୋଇନାହିଁ,ఎంచుకున్న సెంటర్‌కు బోర్డు ఏదీ కేటాయించబడలేదు,ಆಯ್ಕೆಮಾಡಿದ ಕೇಂದ್ರಕ್ಕೆ ಯಾವುದೇ ಬೋರ್ಡ್‌ಗಳನ್ನು ನಿಯೋಜಿಸಲಾಗಿಲ್ಲ,தேர்ந்தெடுக்கப்பட்ட மையத்திற்கு எந்த போர்டும் ஒதுக்கப்படவில்லை,પસંદ કરેલ કેન્દ્ર માટે કોઈ બોર્ડ નિયુક્ત નથી,منتخب مرکز کے لیے کوئی تفویض کردہ بورڈ نہیں ہے۔
COMMON,,NO_ASSIGNED_COURSES,No assigned Courses for selected Assessment Type,निवडलेल्या मूल्यांकन प्रकारासाठी कोणतेही नियुक्त केलेले अभ्यासक्रम नाहीत.,चयनित मूल्यांकन प्रकार के लिए कोई निर्धारित पाठ्यक्रम नहीं है,ଚୟନିତ ମୂଲ୍ୟାଙ୍କନ ପ୍ରକାର ପାଇଁ କୌଣସି ପାଠ୍ୟକ୍ରମ ନିର୍ଦ୍ଧାରିତ ହୋଇନାହିଁ,ఎంచుకున్న అసెస్‌మెంట్ రకానికి కోర్సులు కేటాయించబడలేదు,ಆಯ್ದ ಮೌಲ್ಯಮಾಪನ ಪ್ರಕಾರಕ್ಕೆ ಯಾವುದೇ ಕೋರ್ಸ್‌ಗಳನ್ನು ನಿಯೋಜಿಸಲಾಗಿಲ್ಲ.,தேர்ந்தெடுத்த மதிப்பீட்டு வகைக்கு பாடங்கள் இல்லை,પસંદ કરેલા મૂલ્યાંકન પ્રકાર માટે કોઈ કોર્સ ફાળવાયેલા નથી,منتخب کردہ تشخیص کی قسم کے لیے کوئی مقررہ نصاب نہیں ہے۔
COMMON,,HIGHT-TO_LOW,High to low,उच्च ते निम्न,ऊँचे से नीचे,ଉଚ୍ଚରୁ ନିମ୍ନ,ఎక్కువ నుండి తక్కువ,ಹೆಚ್ಚು ಕಡಿಮೆ,அதிகம் முதல் குறைவு வரை,વધુ થી ઓછા ,زیادہ سے کم
COMMON,,INPROGRESS,Continue Previous Submission,मागील सबमिशन सुरू ठेवा,पिछला सबमिशन जारी रखें,"ପୂର୍ବରୁ ଦାଖଲ କରାଯାଇଥିବା ତଥ୍ୟକୁ ଜାରି ରଖନ୍ତୁ""",పురోగతిలో ఉంది,ಪ್ರಗತಿಯಲ್ಲಿದೆ,செயல்பாட்டில் உள்ளது,પ્રગતિમાં,پچھلی جمع کروانا جاری رکھیں
COMMON,,COURSES_FOUND,{{count}} Course Found,{{count}} अभ्यासक्रम सापडला,{{count}} कोर्स मिल गया,{{count}} ପାଠ୍ୟକ୍ରମ ମିଳିଲା,కోర్సు కనుగొనబడింది,{{count}} ಕೋರ್ಸ್ ಕಂಡುಬಂದಿದೆ,{{count}} பாடம் கிடைத்தது,{{count}} કોર્સ મળ્યો,{{count}} کورس ملا
COMMON,,COURSES_FOUND_PLURAL,{{count}} Courses Found,{{count}} अभ्यासक्रम सापडले,{{count}} पाठ्यक्रम मिले,{{count}} ପାଠ୍ୟକ୍ରମ ମିଳିଲା,{{count}} కోర్సులు కనుగొనబడ్డాయి,{{count}} ಕೋರ್ಸ್ ಕಂಡುಬಂದಿದೆ,{{count}} பாடங்கள் கிடைத்தன,{{count}} કોર્સ મળ્યો,{{count}} کورسز ملے
COMMON,,ASSESSMENT_TYPE_FOUND,{{count}} Assessment Type Found,{{count}} मूल्यांकन प्रकार आढळला,मूल्यांकन प्रकार मिला,{{count}} ମୂଲ୍ୟାଙ୍କନ ପ୍ରକାର ମିଳିଲା,{{count}} అంచనా రకం కనుగొనబడింది,{{count}} ಮೌಲ್ಯಮಾಪನ ಪ್ರಕಾರ ಕಂಡುಬಂದಿದೆ,மதிப்பீட்டு வகை கண்டறியப்பட்டது,{{count}} મૂલ્યાંકન પ્રકાર મળ્યા ,{{count}} اسسمنٹ  کی قسم ملی
COMMON,,ASSESSMENT_TYPE_FOUND_PLURAL,{{count}} Assessment Types Found,{{count}} मूल्यांकन प्रकार आढळले,{{count}} मूल्यांकन प्रकार पाए गए,{{count}} ମୂଲ୍ୟାଙ୍କନ ପ୍ରକାର ମିଳିଲା,కనుగొనబడిన అంచనా రకాలు,{{count}} ಮೌಲ್ಯಮಾಪನ ಪ್ರಕಾರ ಕಂಡುಬಂದಿದೆ,கண்டறியப்பட்ட மதிப்பீட்டு வகைகளின் எண்ணிக்கை,{{count}} મૂલ્યાંકન પ્રકાર મળ્યા ,{{count}} اسسمنٹس  کی قسم ملی
COMMON,,NEXT,Next,पुढे,अगला,ପରବର୍ତୀ,తదుపరిది,ಮುಂದಿನ,அடுத்து,આગળ નું,اگلا
LOGIN_PAGE,,USERNAME,Username,वापरकर्ता नाव,उपयोगकर्ता नाम,ଉପଯୋଗକର୍ତା ନାମ,యూజర్‌నేమ్,ಯೂಸರ್ ಹೆಸರು,பயனர் பெயர்,વપરાશકર્તા નામ,صارف نام
LOGIN_PAGE,,PASSWORD,Password,पासवर्ड,पासवर्ड,ପାସୱାର୍ଡ,పాస్‌వర్డ్,ಪಾಸ್ ವರ್ಡ್,கடவுச்சொல்,પાસવર્ડ,پاس ورڈ
LOGIN_PAGE,,LOGIN,Login,लॉगिन करा,लॉग इन करें,ପ୍ରବେଶ,Login,ಲಾಗಿನ್,உள்நுழைவு,લોગ ઇન,لاگ ان
LOGIN_PAGE,,USERNAME_PLACEHOLDER,Enter username,वापरकर्ता नाव प्रविष्ट करा,उपयोगकर्ता नाम दर्ज करें,ୟୁଜରଙ୍କ ନାମ  ଏଣ୍ଟର କର,యూజర్‌నేమ్ నమోదు చేయండి,ಯೂಸರ್ ಹೆಸರನ್ನು ನಮೂದಿಸಿ,பயனர் பெயரை உள்ளிடு,વપરાશકર્તા નામ દાખલ કરો,صارف کا نام درج کریں۔
LOGIN_PAGE,,PASSWORD_PLACEHOLDER,Enter password,पासवर्ड प्रविष्ट करा,पासवर्ड दर्ज करें,ପାସୱାର୍ଡ ଏଣ୍ଟର କର,పాస్‌వర్డ్ నమోదు చేయండి,ಪಾಸ್‌ವರ್ಡ್ ನಮೂದಿಸಿ,கடவுச்சொல்லை உள்ளிடு,પાસવર્ડ દાખલ કરો,پاس ورڈ درج کریں۔
LOGIN_PAGE,,USERNAME_PASSWORD_NOT_CORRECT,The username or password you entered is incorrect,आपण प्रविष्ट केलेले वापरकर्ता नाव किंवा पासवर्ड चुकीचा आहे,आपका यूजरनेम या पासवर्ड गलत है,ଆପଣଙ୍କ ୟୁଜରକାରୀଙ୍କ  ନାମ କିମ୍ବା ପାସ୍‌ୱାର୍ଡ ଭୁଲ ଅଛି,మీరు నమోదు చేసిన యూజర్‌నేమ్ లేదా పాస్‌వర్డ్ తప్పు,ನೀವು ನಮೂದಿಸಿದ ಯೂಸರ್  ಹೆಸರು ಅಥವಾ ಪಾಸ್‌ವರ್ಡ್ ತಪ್ಪಾಗಿದೆ.,நீங்கள் உள்ளிட்ட பயனர் பெயர் அல்லது கடவுச்சொல் தவறானது.,તમે દાખલ કરેલ વપરાશકર્તા નામ અથવા પાસવર્ડ ખોટો છે,آپ نے جو صارف نام یا پاس ورڈ درج کیا ہے وہ غلط ہے۔
LOGIN_PAGE,,FORGOT_PASSWORD,Forgot Password?,पासवर्ड विसरलात का?,पासवर्ड भूल गए?,ପାସ୍‌ୱାର୍ଡ ଭୁଲିଛନ୍ତି?,పాస్‌వర్డ్ మర్చిపోయారా?,ಪಾಸ್ವರ್ಡ್ ಮರೆತಿರಾ?,கடவுச்சொல்லை மறந்துவிட்டீர்களா?,પાસવર્ડ ભૂલી ગયા છો?,پاس ورڈ بھول گئے؟
LOGIN_PAGE,,REMEMBER_ME,Remember Me,मला लक्षात ठेवा,मुझे याद रखें,ମୋତେ ମନ ରଖ,నన్ను గుర్తుంచుకో,ನನ್ನನ್ನು ನೆನಪಿನಲ್ಲಿಡಿ,எனக்கு நினைவூட்டு,મને યાદ રાખો,مجھے یاد رکھیں
LOGIN_PAGE,,CONFIRM_PASSWORD,Confirm password,पासवर्डची खात्री करा,पासवर्ड की पुष्टि करें,ପାସୱାର୍ଡ ନିଶ୍ଚିତ କରନ୍ତୁ,పాస్‌వర్డ్‌ను నిర్ధారించండి,ಪಾಸ್‌ವರ್ಡ್ ದೃಢೀಕರಿಸಿ,கடவுச்சொல்லை உறுதிப்படுத்தவும்,પાસવર્ડની પુષ્ટિ કરો,پاس ورڈ کی تصدیق کریں۔
LOGIN_PAGE,,RESET_PASSWORD,Reset Password,पासवर्ड रीसेट करा,पासवर्ड रीसेट करें,ପାସୱାର୍ଡ ପୁନଃ  ସେଟ୍ କରନ୍ତୁ,పాస్‌వర్డ్‌ను రీసెట్ చేయండి,ಪಾಸ್ವರ್ಡ್ ಮರುಹೊಂದಿಸಿ,கடவுச்சொல்லை ரீசெட் செய்ய,પાસવર્ડ રીસેટ કરો,پاس ورڈ ری سیٹ کریں۔
LOGIN_PAGE,,CREATE_NEW,"Create a new, strong password that you don't use for other websites",असा नवीन आणि मजबूत पासवर्ड तयार करा जो तुम्ही इतर वेबसाइट्ससाठी वापरत नाही,"एक नया, मजबूत पासवर्ड बनाएं जिसे आप अन्य वेबसाइटों पर उपयोग न करें","ଏକ ନୂତନ, ଶକ୍ତିଶାଳୀ ପାସୱାର୍ଡ ସୃଷ୍ଟି କରନ୍ତୁ ଯାହାକୁ ଆପଣ ଅନ୍ୟ ୱେବସାଇଟରେ ବ୍ୟବହାର କରନ୍ତି ନାହିଁ","మీరు ఇతర వెబ్‌సైట్‌లకు ఉపయోగించని కొత్త, బలమైన పాస్‌వర్డ్‌ను సృష్టించండి","ನೀವು ಇತರ ವೆಬ್‌ಸೈಟ್‌ಗಳಿಗೆ ಬಳಸದ ಹೊಸ, ಬಲಿಷ್ಠ ಪಾಸ್‌ವರ್ಡ್ ಅನ್ನು ರಚಿಸಿ.","பிற வலைத்தளங்களுக்கு நீங்கள் பயன்படுத்தாத புதிய, வலிமையான கடவுச்சொல்லை உருவாக்கவும்","નવો, મજબૂત પાસવર્ડ બનાવો જેનો તમે અન્ય વેબસાઇટ્સ માટે ઉપયોગ કરતા નથી",نیا بنائیںایک نیا، مضبوط پاس ورڈ بنائیں جسے آپ دوسری ویب سائٹس کے لیے استعمال نہیں کرتے ہیں۔
LOGIN_PAGE,,NOT_MATCH,Passwords do not match,पासवर्ड जुळत नाही,पासवर्ड मेल नहीं खा रहे हैं,ପାସୱାର୍ଡ ମେଳ ଖାଉ ନାହିଁ,పాస్‌వర్డ్‌లు సరిపోలడం లేదు,ಪಾಸ್‌ವರ್ಡ್‌ಗಳು ಹೊಂದಿಕೆಯಾಗುತ್ತಿಲ್ಲ.,கடவுச்சொற்கள் பொருந்தவில்லை,પાસવર્ડ મેળ ખાતા નથી,پاس ورڈز مماثل نہیں ہیں۔
LOGIN_PAGE,,CHARACTERS_LONG,Passwords must be at least 8 characters long,पासवर्ड किमान 8 अक्षराचा असणे आवश्यक आहे,पासवर्ड कम से कम 8 अक्षरों का होना चाहिए,ପାସୱାର୍ଡ ଅତିକମରେ 8 ଅକ୍ଷର ଲମ୍ବା ହେବା ଜରୁରୀ,పాస్‌వర్డ్‌లు కనీసం 8 అక్షరాలు పొడవు ఉండాలి,ಪಾಸ್‌ವರ್ಡ್‌ಗಳು ಕನಿಷ್ಠ 8 ಅಕ್ಷರಗಳಿರಬೇಕು ,கடவுச்சொற்கள் குறைந்தது 8 எழுத்துக்குறிகள் நீளமாக இருக்க வேண்டும்,પાસવર્ડ ઓછામાં ઓછા 8 અક્ષર લાંબા હોવા જોઈએ,پاس ورڈ کم از کم 8 حروف کا ہونا چاہیے۔
LOGIN_PAGE,,OLD_PASSWORD,Old Password,जुना पासवर्ड,पुराना पासवर्ड,ପୁରୁଣା ପାସୱାର୍ଡ,పాత పాస్‌వర్డ్,ಹಳೆಯ ಪಾಸ್‌ವರ್ಡ್,பழைய கடவுச்சொல்,જૂનો પાસવર્ડ,پرانا پاس ورڈ
LOGIN_PAGE,,NEW_PASSWORD,New Password,नवीन पासवर्ड,नया पासवर्ड,ନୂତନ ପାସୱାର୍ଡ,కొత్త పాస్‌వర్డ్,ಹೊಸ ಪಾಸ್‌ವರ್ಡ್,புதிய கடவுச்சொல்,નવો પાસવર્ડ,نیا پاس ورڈ
LOGIN_PAGE,,CONFIRM_NEW_PASSWORD,Confirm New Password,नवीन पासवर्डची खात्री करा,नया पासवर्ड पुष्टि करें,ନୂତନ ପାସୱାର୍ଡ ନିଶ୍ଚିତ କରନ୍ତୁ,కొత్త పాస్‌వర్డ్‌ను నిర్ధారించండి,ಹೊಸ ಪಾಸ್‌ವರ್ಡ್ ಅನ್ನು ದೃಢೀಕರಿಸಿ,புதிய கடவுச்சொல்லை உறுதிப்படுத்தவும்,નવા પાસવર્ડની પુષ્ટિ કરો,نئے پاس ورڈ کی تصدیق کریں۔
LOGIN_PAGE,,TROUBLE_LOGIN,Trouble with logging in?,लॉगिनसाठी समस्या येत आहे का?,लॉगिन में समस्या हो रही है?,ଲଗ୍ ଇନ୍ କରିବାରେ ଅସୁବିଧା ହେଉଛି କି?,లాగిన్ చేయడంలో సమస్య ఉందా?,ಲಾಗಿನ್ ಆಗುವಲ್ಲಿ ತೊಂದರೆ ಇದೆಯೇ?,உள்நுழைவதில் சிக்கலா?,લૉગ ઇન કરવામાં મુશ્કેલી?,لاگ ان کرنے میں پریشانی؟
LOGIN_PAGE,,ENTER_USERNAME_TO_GET_LINK,"Enter your username, we’ll send you a link to get back into your account.","तुमचे वापरकर्ता नाव एंटर करा, तुमच्या खात्यात परत येण्यासाठी आम्ही तुम्हाला एक लिंक पाठवू","अपना उपयोगकर्ता नाम दर्ज करें, हम आपको आपके खाते में वापस जाने के लिए एक लिंक भेजेंगे","ଆପଣଙ୍କର ୟୁଜରଙ୍କ  ନାମ ପ୍ରବେଶ କରନ୍ତୁ, ଆମେ ଆପଣଙ୍କ ଖାତାକୁ ଫେରିବା ପାଇଁ ଆପଣଙ୍କୁ ଏକ ଲିଙ୍କ୍ ପଠାଇବୁ","మీ యూజర్‌నేమ్‌ను నమోదు చేయండి, మీ ఖాతాలోకి తిరిగి రావడానికి మేము మీకు లింక్‌ను పంపుతాము","ನಿಮ್ಮ  ಯೂಸರ್  ಹೆಸರನ್ನು(username) ನಮೂದಿಸಿ, ನಿಮ್ಮ ಖಾತೆಗೆ ಹಿಂತಿರುಗಲು ನಾವು ನಿಮಗೆ ಲಿಂಕ್ ಕಳುಹಿಸುತ್ತೇವೆ.",உங்கள் பயனர்பெயரை உள்ளிடவும். உங்கள் கணக்கை மீண்டும் அணுகுவதற்கான இணைப்பை உங்களுக்கு அனுப்புவோம்.,"તમારું વપરાશકર્તા નામ દાખલ કરો, અમે તમને તમારા એકાઉન્ટમાં પાછા આવવા માટે એક લિંક મોકલીશું",اپنا صارف نام درج کریں، ہم آپ کے اکاؤنٹ میں واپس جانے کے لیے آپ کو ایک لنک بھیجیں گے۔
LOGIN_PAGE,,ENTER_USERNAME,Enter Username,वापरकर्तानाव प्रविष्ट करा,उपयोगकर्ता नाम दर्ज करें,ୟୁଜରକାରୀଙ୍କ  ନାମ ପ୍ରବେଶ କରନ୍ତୁ,యూజర్‌నేమ్ నమోదు చేయండి,ಯೂಸರ್  ಹೆಸರನ್ನು(username) ನಮೂದಿಸಿ,பயனர்பெயரை உள்ளிடவும்,વપરાશકર્તા નામ દાખલ કરો,صارف کا نام درج کریں۔
LOGIN_PAGE,,BACK_TO_LOGIN,Back to Login,लॉगिनवर परत जा,लॉगिन पर वापस जाएं,ଲଗଇନ୍ କୁ ଫେରନ୍ତୁ,లాగిన్‌కు తిరిగి వెళ్లండి,ಲಾಗಿನ್‌ಗೆ ಹಿಂತಿರುಗಿ,உள்நுழைவுக்குத் திரும்பு,લોગિન પર પાછા જાઓ,لاگ ان پر واپس جائیں۔
LOGIN_PAGE,,CREATE_STRONG_PASSWORD,Create a strong password,एक मजबूत पासवर्ड तयार करा,एक मजबूत पासवर्ड बनाएं,ଏକ ଶକ୍ତିଶାଳୀ ପାସୱାର୍ଡ ସୃଷ୍ଟି କରନ୍ତୁ,బలమైన పాస్‌వర్డ్‌ను సృష్టించండి,ಬಲವಾದ ಪಾಸ್‌ವರ್ಡ್ ರಚಿಸಿ,வலிமையான கடவுச்சொல்லை உருவாக்கவும்,મજબૂત પાસવર્ડ બનાવો,ایک مضبوط پاس ورڈ بنائیں
LOGIN_PAGE,,YOUR_PASSWORD_NEED,Your password needs to:,तुमच्या पासवर्डमध्ये हे असणे आवश्यक आहे:,आपका पासवर्ड होना चाहिए:,ଆପଣଙ୍କର ପାସୱାର୍ଡ ହେବା ଉଚିତ:,మీ పాస్‌వర్డ్ ఈ విధంగా ఉండాలి:,ನಿಮ್ಮ ಪಾಸ್‌ವರ್ಡ್‌ಗೆ ಇವುಗಳ ಅಗತ್ಯವಿದೆ:,உங்கள் கடவுச்சொல் இதற்கு தேவை:,તમારા પાસવર્ડની જરૂર છે:,آپ کے پاس ورڈ کی ضرورت ہے:
LOGIN_PAGE,,INCLUDE_BOTH,Include both upper case and lower case,कॅपिटल आणि स्मॉल अक्षरे दोन्ही समाविष्ट करा,बड़े और छोटे अक्षर शामिल करें,ବଡ଼ ଅକ୍ଷର ଏବଂ ଛୋଟ ଅକ୍ଷର ଅନ୍ତର୍ଭୂକ୍ତ କରନ୍ତୁ,అప్పర్ కేస్ మరియు లోయర్ కేస్ రెండూ కలిగి ఉండాలి,ದೊಡ್ಡಕ್ಷರ ಮತ್ತು ಸಣ್ಣಕ್ಷರ ಎರಡನ್ನೂ ಸೇರಿಸಿ,பெரிய எழுத்து மற்றும் சிறிய எழுத்துக்களை சேர்க்கவும்,અપરકેસ અને લોઅરકેસ બંનેનો સમાવેશ કરો,اپر کیس اور لوئر کیس دونوں شامل کریں۔
LOGIN_PAGE,,INCLUDE_NUMBER,Include at least one number,किमान एक नंबर असावा,कम से कम एक संख्या शामिल करें,ଅତିକମରେ ଗୋଟିଏ ସଂଖ୍ୟା ଅନ୍ତର୍ଭୂକ୍ତ କରନ୍ତୁ,కనీసం ఒక సంఖ్యను కలిగి ఉండాలి,ಕನಿಷ್ಠ ಒಂದು ಸಂಖ್ಯೆಯನ್ನು ಸೇರಿಸಿ,குறைந்தது ஒரு எண்ணையாவது சேர்க்கவும்,ઓછામાં ઓછો એક નંબર શામેલ કરો,کم از کم ایک نمبر شامل کریں۔
LOGIN_PAGE,,INCLUDE_SPECIAL,Include at least one special character,किमान एक विशेष वर्ण असावा,कम से कम एक विशेष अक्षर शामिल करें,ଅତିକମରେ ଗୋଟିଏ ବିଶେଷ କାରେକ୍ଟର  ଅନ୍ତର୍ଭୂକ୍ତ କରନ୍ତୁ,కనీసం ఒక ప్రత్యేక అక్షరాన్ని కలిగి ఉండాలి,ಕನಿಷ್ಠ ಒಂದು ವಿಶೇಷ ಅಕ್ಷರವನ್ನು ಸೇರಿಸಿ,குறைந்தது ஒரு சிறப்பு எழுத்தை சேர்க்கவும்,ઓછામાં ઓછું એક વિશિષ્ટ પાત્ર શામેલ કરો,کم از کم ایک خاص کردار شامل کریں۔
LOGIN_PAGE,,MUST_BE_AT,Must be at least 8 characters long,किमान 8 वर्ण असणे आवश्यक आहे,कम से कम 8 अक्षरों का होना चाहिए,ଅତିକମରେ 8 ଅକ୍ଷର ହେବା ଜରୁରୀ |,కనీసం 8 అక్షరాలు పొడవు ఉండాలి,ಕನಿಷ್ಠ 8 ಅಕ್ಷರಗಳಿರಬೇಕು ,குறைந்தது 8 எழுத்துக்குறிகள் நீளமாக இருக்க வேண்டும்,ઓછામાં ઓછા 8 અક્ષર લાંબા હોવા જોઈએ,کم از کم 8 حروف کا ہونا ضروری ہے۔
LOGIN_PAGE,,OTHER_SETTING,Other settings,इतर सेटिंग्ज,अन्य सेटिंग्स,ଅନ୍ୟ ସେଟିଂସମୂହ |,ఇతర సెట్టింగ్‌లు,ಇತರ ಸೆಟ್ಟಿಂಗ್‌ಗಳು,பிற செட்டிங்ஸ்,અન્ય સેટિંગ્સ,دیگر ترتیبات
LOGIN_PAGE,,WELCOME,Welcome!,स्वागत आहे!,स्वागत है!,ସ୍ୱାଗତ,స్వాగతం!,ಸ್ವಾಗತ!,வருக!,સ્વાગત છે!,خوش آمدید!
LOGIN_PAGE,,PLEASE_RESET_YOUR_PASSWORD,Please reset your password to ensure your account is secure,तुमचे खाते सुरक्षित असल्याची खात्री करण्यासाठी कृपया तुमचा पासवर्ड रीसेट करा,कृपया अपने खाते की सुरक्षा सुनिश्चित करने के लिए अपना पासवर्ड रीसेट करें,ଆପଣଙ୍କ ଖାତାର ସୁରକ୍ଷା ନିଶ୍ଚିତ କରିବାକୁ ଦୟାକରି ଆପଣଙ୍କର ପାସୱାର୍ଡ ପୁନ ସେଟ୍ କରନ୍ତୁ |,మీ ఖాతా సురక్షితంగా ఉందని నిర్ధారించుకోవడానికి దయచేసి మీ పాస్‌వర్డ్‌ను రీసెట్ చేయండి,ನಿಮ್ಮ ಖಾತೆ ಸುರಕ್ಷಿತವಾಗಿದೆ ಎಂದು ಖಚಿತಪಡಿಸಿಕೊಳ್ಳಲು ದಯವಿಟ್ಟು ನಿಮ್ಮ ಪಾಸ್‌ವರ್ಡ್ ಅನ್ನು ಮರುಹೊಂದಿಸಿ.,உங்கள் கணக்கு பாதுகாப்பாக இருக்க கடவுச்சொல்லை மாற்றவும்,તમારું એકાઉન્ટ સુરક્ષિત છે તેની ખાતરી કરવા કૃપા કરીને તમારો પાસવર્ડ રીસેટ કરો,یہ یقینی بنانے کے لیے کہ آپ کا اکاؤنٹ محفوظ ہے اپنا پاس ورڈ دوبارہ ترتیب دیں۔
LOGIN_PAGE,,DO_IT_LATER,I’ll do it later,मी नंतर करतो,मैं बाद में करूंगा,ମୁଁ ଏହା ପରେ କରିବି |,నేను తర్వాత చేస్తాను,ನಾನು ಅದನ್ನು ನಂತರ ಮಾಡುತ್ತೇನೆ.,பின்னர் செய்கிறேன்,હું પછીથી કરીશ,میں بعد میں کروں گا۔
LOGIN_PAGE,,SUCCESSFULLY_RESET,Your password has been successfully reset,तुमचा पासवर्ड यशस्वीपणे रीसेट झाला आहे,आपका पासवर्ड सफलतापूर्वक रीसेट कर दिया गया है,ଆପଣଙ୍କର ପାସୱାର୍ଡ ସଫଳତାର ସହିତ ପୁନଃ  ସେଟ୍ ହୋଇଛି |,మీ పాస్‌వర్డ్ విజయవంతంగా రీసెట్ చేయబడింది,ನಿಮ್ಮ ಪಾಸ್‌ವರ್ಡ್ ಅನ್ನು ಯಶಸ್ವಿಯಾಗಿ ಮರುಹೊಂದಿಸಲಾಗಿದೆ.,உங்கள் கடவுச்சொல் வெற்றிகரமாக மாற்றப்பட்டது,તમારો પાસવર્ડ સફળતાપૂર્વક રીસેટ કરવામાં આવ્યો છે,آپ کا پاس ورڈ کامیابی سے دوبارہ ترتیب دیا گیا ہے۔
LOGIN_PAGE,,LINK_EXPIRED,Link has been expired,लिंकची मुदत संपली आहे,लिंक की अवधि समाप्त हो गई,ଲିଙ୍କ୍‌ର ଅଭିଦି  ସମାପ୍ତ ହୋଇଛି।,లింక్ గడువు ముగిసింది,ಲಿಂಕ್ ಅವಧಿ ಮುಗಿದಿದೆ。,இணைப்பு காலாவதியாகிவிட்டது,લિંક સમાપ્ત થઈ ગઈ છે,لنگ کی مدت ختم ہوچکی ہے
LOGIN_PAGE,,WE_SEND_AN_EMAIL,We sent an email to {{maskEmail}} with a link to reset your password,आम्ही {{maskEmail}} वर तुमचा पासवर्ड रीसेट करण्यासाठी लिंकसह ईमेल पाठवला आहे,हमने {{maskEmail}} पर आपके पासवर्ड को रीसेट करने के लिए एक लिंक भेजा है| जिससे आप अपना पासवर्ड रिसेट कर सकते है |,ଆପଣଙ୍କର ପାସୱାର୍ଡକୁ {{maskEmail}} କୁ ପୁନଃ  ସେଟ୍ କରିବାକୁ ଆମେ ଏକ ଲିଙ୍କ୍ ପଠାଇଛୁ | ଯାହା ସହିତ ଆପଣ ଆପଣଙ୍କର ପାସୱାର୍ଡ ପୁନଃ  ସେଟ୍ କରିପାରିବେ |,మీ పాస్‌వర్డ్‌ను రీసెట్ చేయడానికి లింక్‌తో మేము {{maskEmail}} కు ఒక ఇమెయిల్ పంపాము,ನಿಮ್ಮ ಪಾಸ್‌ವರ್ಡ್ ಅನ್ನು ಮರುಹೊಂದಿಸಲು ಲಿಂಕ್ ಹೊಂದಿರುವ ಇಮೇಲ್ ಅನ್ನು ನಾವು {{maskEmail}} ಗೆ ಕಳುಹಿಸಿದ್ದೇವೆ.,உங்கள் கடவுச்சொல்லை மீட்டமைப்பதற்கான இணைப்புடன் {{maskEmail}}க்கு மின்னஞ்சலை அனுப்பினோம்,અમે તમારો પાસવર્ડ રીસેટ કરવા માટેની લિંક સાથે {{maskEmail}} પર એક ઈમેલ મોકલ્યો છે,ہم نے آپ کا پاس ورڈ دوبارہ ترتیب دینے کے لیے ایک لنک کے ساتھ {{ماسک ای میل}} پر ایک ای میل بھیجا ہے۔
LOGIN_PAGE,,CURRENT_PASSWORD_NOT,Current Password Not Matched,सध्याचा पासवर्ड जुळलेला नाही,वर्तमान पासवर्ड मेल नहीं खाता,ବର୍ତ୍ତମାନର  ପାସୱାର୍ଡ ମେଳ ଖାଉନାହିଁ,ప్రస్తుత పాస్‌వర్డ్ సరిపోలలేదు,ಪ್ರಸ್ತುತ ಪಾಸ್‌ವರ್ಡ್ ಹೊಂದಿಕೆಯಾಗುತ್ತಿಲ್ಲ,தற்போதைய கடவுச்சொல் பொருந்தவில்லை.,વર્તમાન પાસવર્ડ મેળ ખાતો નથી,موجودہ پاس ورڈ مماثل نہیں ہے۔
LOGIN_PAGE,,NO_USERNAME,Username not found,वापरकर्ता नाव सापडले नाही,उपयोगकर्ता नाम नहीं मिला,ୟୁଜରଙ୍କ  ନାମ ମିଳିଲା ନାହିଁ,యూజర్‌నేమ్ కనుగొనబడలేదు,ಯೂಸರ್ ಹೆಸರು ಕಂಡುಬಂದಿಲ್ಲ.,பயனர் பெயர் கிடைக்கவில்லை,વપરાશકર્તા નામ મળ્યું નથી,صارف نام نہیں ملا
LOGIN_PAGE,,PASSWORD_SAME_AS_OLD,Password same as old,पासवर्ड पूर्वीच्या पासवर्डसारखाच आहे,पासवर्ड पुराना पासवर्ड जैसा ही है,ପୁରୁଣା ପରି ପାସୱାର୍ଡ,పాస్‌వర్డ్ పాత దానిలాగే ఉంది,ಪಾಸ್‌ವರ್ಡ್ ಹಳೆದಂತೆಯೇ ಇದೆ,கடவுச்சொல் பழையது போலவே உள்ளது,પાસવર્ડ જુના જેવો જ,پاس ورڈ وہی پرانا ہے۔
DASHBOARD,,DASHBOARD,Dashboard,डॅशबोर्ड,डैशबोर्ड,ଦାଶବୋର୍ଡ,డాష్‌బోర్డ్,ಡ್ಯಾಶ್‌ಬೋರ್ಡ್,டாஷ்போர்டு,ડેશબોર્ડ,ڈیش بورڈ
DASHBOARD,,WORKSPACE,Workspace,कार्यक्षेत्र,कार्यस्थान,କାର୍ଯ୍ୟକ୍ଷେତ୍ର,వర్క్‌స్పేస్,ಕಾರ್ಯಸ್ಥಳ,பணியிடம்,વર્કસ્પેસ,کام کی جگہ
DASHBOARD,,DAY_WISE_ATTENDANCE,Day-Wise Attendance,दिवस-आधारित हजेरी,दिन-विशेष उपस्थिति,ଦିନ-ଅନୁସାରେ ଉପସ୍ଥିତି,రోజువారీ హాజరు,ದಿನನಿತ್ಯದ ಹಾಜರಾತಿ,நாள் வாரியான வருகை,દિવસ મુજબની હાજરી,دن کے حساب سے حاضری
DASHBOARD,,HISTORY,History,इतिहास,इतिहास,ଇତିହାସ,చరిత్ర,ಇತಿಹಾಸ,பழைய குறிப்புகள்,ઈતિહાસ,تاریخ
DASHBOARD,,MY_CLASSES,My Classes,माझे वर्ग,मेरी कक्षाएँ,ମୋର ଶ୍ରେଣୀ ଗୁଡିକ,నా తరగతులు,ನನ್ನ ತರಗತಿಗಳು,எனது வகுப்புகள்,મારા વર્ગો,میری کلاسز
DASHBOARD,,ADD_NEW_CLASS,Add New Class,नवीन वर्ग जोडा,नई कक्षा जोड़ें,ନୂତନ ଶ୍ରେଣୀ ଯୋଗ କର,కొత్త తరగతిని జోడించండి,ಹೊಸ ತರಗತಿಯನ್ನು ಸೇರಿಸಿ,புதிய வகுப்பைச் சேர்,નવા વર્ગો ઉમેરો,نئی کلاس شامل کریں۔
DASHBOARD,,NEW_REMOTE_CLASS,New Remote Class,नवीन दूरस्थ वर्ग,नई दूरस्थ कक्षा,ନୂତନ ରିମୋଟ କ୍ଳାସ,కొత్త రిమోట్ తరగతి,ಹೊಸ ರಿಮೋಟ್ ಕ್ಲಾಸ್,புதிய ரிமோட் வகுப்பு,નવો રિમોટ ક્લાસ,نئی ریموٹ کلاس
DASHBOARD,,NEW_PHYSICAL_CLASS,New Physical Class,नवीन शारीरिक वर्ग,नई शारीरिक कक्षा,ନୂତନ ଫିଜିକାଲ କ୍ଳାସ,కొత్త భౌతిక తరగతి,ಹೊಸ ದೈಹಿಕ ತರಗತಿ,புதிய நேரடி வகுப்பு,નવો ફીસીકલ વર્ગ,نئی فزیکل کلاس
DASHBOARD,,CLASS,Class,वर्ग,कक्षा,ଶ୍ରେଣୀ,తరగతి,ತರಗತಿ,வகுப்பு,ક્લાસ,کلاس (آخری پاس شدہ گریڈ)
DASHBOARD,,NOT_MARKED,Not Marked,चिन्हांकित नाही,नहीं चिह्नित,ଚିହ୍ନିତ କରାଯାଇ ନାହି,మార్క్ చేయబడలేదు,ಗುರುತಿಸಲಾಗಿಲ್ಲ,குறிக்கப்படவில்லை,ચિહ્નિત નથી,نشان زد نہیں
DASHBOARD,,FUTURE_DATE_CANT_MARK,Future date can't be marked,भविष्यातील तारीख चिन्हांकित केली जाऊ शकत नाही,भविष्य की तारीख कोई चिह्नित नहीं की जा सकती,ଭବିଷ୍ୟତ ତାରିଖକୁ ଚିହ୍ନିତ କରାଯାଇପାରିବ ନାହିଁ।,భవిష్యత్తు తేదీని మార్క్ చేయలేము,ಭವಿಷ್ಯದ ದಿನಾಂಕವನ್ನು ಗುರುತಿಸಲಾಗುವುದಿಲ್ಲ.,எதிர்கால தேதியைக் குறிக்க முடியாது.,ફ્યુચર ડેટ ચિહ્નિત કરી શકાતી નથી,مستقبل کی تاریخ کو نشان زد نہیں کیا جا سکتا
DASHBOARD,,PERCENT_ATTENDANCE,{{percent_students}}% Attendance,{{percent_students}}% उपस्थिती,{{percent_students}}% उपस्थिति,{{percent_students}}% ଉପସ୍ଥିତି,{{percent_students}}% హాజరు,{{percent_students}}% ಹಾಜರಾತಿ,{{percent_students}}% வருகை,{{percent_students}}% હાજરી,{{فیصد۔ طلباء}}%فیصد۔ حاضری
DASHBOARD,,PRESENT_STUDENTS,({{present_students}}/{{total_students}} present),({{present_students}}/{{total_students}} उपस्थित),({{present_students}}/{{total_students}} मौजूद हैं),({{present_students}}/{{total_students}} ଉପସ୍ଥିତ),{{present_students}}/{{total_students}} మంది హాజరు,({{present_students}}/{{total_students}} ಹಾಜರಿರುವವರು),({{present_students}}/{{total_students}} மாணவர்கள் வருகை),({{present_students}}/{{total_students}} હાજર),حاضر طلباء{کل طلباء{
DASHBOARD,,OVERVIEW,Overview,विहंगावलोकन,अवलोकन,ସମୀକ୍ଷା/ଅବଲୋକନ,స్థూలదృష్టి,ಅವಲೋಕನ,கண்ணோட்டம்,ઓવરવ્યૂ,جائزہ
DASHBOARD,,MORE_DETAILS,More Details,अधिक तपशील,अधिक विवरण,ଅଧିକ ତଥ୍ୟ,మరిన్ని వివరాలు,ಹೆಚ್ಚಿನ ವಿವರಗಳಿಗಾಗಿ,கூடுதல் தகவல்கள்,વધુ વિગતો,مزید تفصیلات
DASHBOARD,,MENU,Menu,मेनू,मेनू,ମେନ୍ୟୁ,మెనూ,ಮೆನು,மெனு,મેનુ,مینو
DASHBOARD,,EXTRA_CLASS,Extra class,अतिरिक्त वर्ग,अतिरिक्त क्लास,ଅତିରିକ୍ତ ଶ୍ରେଣୀ,అదనపు తరగతి,ಹೆಚ್ಚುವರಿ ತರಗತಿ,கூடுதல் வகுப்பு,વધારાનો વર્ગ,اضافی کلاس
DASHBOARD,,CENTER_ATTENDANCE,Center Attendance,केंद्र हजेरी,केंद्रीय उपस्थिति,ସେଣ୍ଟର/କେନ୍ଦ୍ର ଉପସ୍ଥିତି,సెంటర్ హాజరు,ಸೆಂಟರ್ ಹಾಜರಾತಿ,மைய வருகை,સેન્ટર હાજરી,مرکز حاضری
DASHBOARD,,MY_TIMETABLE,My Timetable,माझी वेळापत्रक,मेरा समय सारणी,ମୋର ସମୟ ସାରଣୀ,నా టైమ్‌టేబుల్,ನನ್ನ ವೇಳಾಪಟ್ಟಿ,எனது கால அட்டவணை,મારું સમયપત્રક,میرا نظام الاوقات
DASHBOARD,,MY_TEACHING_CENTERS,My Teaching Centers,माझी शिक्षण केंद्रे,मेरे शिक्षण केंद्र,ମୋର ଶିକ୍ଷଣୀୟ କେନ୍ଦ୍ର/ସେଣ୍ଟର,నా టీచింగ్ సెంటర్‌లు,ನನ್ನ ಬೋಧನಾ ಕೇಂದ್ರಗಳು,எனது கற்பித்தல் மையங்கள்,મારા ટીચિંગ વર્ગ,میرے تدریسی مراکز
DASHBOARD,,TEACHING_CENTERS,Teaching Centers,शिक्षण केंद्रे,शिक्षण केंद्र,ଶିକ୍ଷା କେନ୍ଦ୍ର,టీచింగ్ సెంటర్‌లు,ಬೋಧನಾ ಕೇಂದ್ರಗಳು,கற்பித்தல் மையங்கள்,ટીચિંગ સેન્ટર્સ,تدریسی مراکز
DASHBOARD,,UPCOMING_EXTRA_SESSION,Upcoming Extra Sessions,येणारी अतिरिक्त सत्रे,आगामी अतिरिक्त सत्र,ଆସନ୍ତାକାଲି ଅତିରିକ୍ତ ସେସନ୍,రాబోయే అదనపు సెషన్స్ (తరువాత {{days}} రోజులు),ಮುಂಬರುವ ಹೆಚ್ಚುವರಿ ಸೆಷನ್ ಗಳು ,வரவிருக்கும் கூடுதல் அமர்வுகள்,આગામી વધારાના સત્રો,آنے والے اضافی سیشنز
DASHBOARD,,BACK_TO_TOP,Back to Top,शीर्षस्थानी परत,वापस शीर्ष पर,ଉପରକୁ ଫେରନ୍ତୁ,పైకి తిరిగి వెళ్లండి,ಮೇಲಕ್ಕೆ ಹಿಂತಿರುಗಿ,மேலே திரும்பு,બેક ટુ ટોપ,واپس اوپر
DASHBOARD,,LAST_SEVEN_DAYS_RANGE,Last 7 Days {{date_range}},मागील 7 दिवस {{date_range}},पिछले 7 दिन {{date_range}},ଗତ 7 ଦିନ {{date_range}},గత 7 రోజులు {{date_range}},ಕಳೆದ 7 ದಿನಗಳು {{date_range}},கடந்த 7 நாட்கள் {{date_range}},છેલ્લા 7 દિવસ {{date_range}},آخری 7 دن {تاریخ کی حدود}}
DASHBOARD,,AS_OF_TODAY_DATE,"As of Today, {{day_date}}","आजच्या तारखेपर्यंत, {{day_date}}","आज तक, {{day_date}}",ଆଜି ଅନୁସାରେ {{day_date}},"నేటి వరకు, {{day_date}}","ಇಂದಿನಿಂದ, {{ದಿನ_ದಿನಾಂಕ}}",இன்றைய நிலவரப்படி{{day_date}},"આજથી, {{day_date}}",آج سے، {{دن ۔ تاریخ}}
DASHBOARD,,LEARNER,Learners,शिकणारे,शिक्षार्थियों,ଶିକ୍ଷାର୍ଥୀ,లెర్నర్‌లు,ಕಲಿಯುವವರು,மாணவர்கள்,લ્ર્નર્સ,طلباء
DASHBOARD,,ATTENDANCE_COMPARISON,Attendance Comparison,हजेरी तुलना,उपस्थिति तुलना,ଉପସ୍ଥିତି ତୁଳନା,హాజరు పోలిక,ಹಾಜರಾತಿ ಹೋಲಿಕೆ,வருகை ஒப்பீடு,હાજરીની સરખામણી,حاضری کا موازنہ
DASHBOARD,,CENTER_TYPE,Center Type,केंद्र प्रकार,केंद्र प्रकार,କେନ୍ଦ୍ର ପ୍ରକାର,సెంటర్ రకం,ಸೆಂಟರ್ ಟೈಪ್,மைய வகை,સેન્ટર પ્રકાર,مرکز کی قسم
DASHBOARD,,REMOTE_AVERAGE_ATTENDANCE,Remote Average Attendance,दूरस्थ सरासरी उपस्थिती,दूरस्थ ( दूरसंचार)  औसत उपस्थिति,ରିମୋଟ ହାରାହାରି ଉପସ୍ଥାନ |,రిమోట్ సగటు హాజరు,ರಿಮೋಟ್ ಸರಾಸರಿ ಹಾಜರಾತಿ,ரிமோட் சராசரி வருகை,રીમોટ સરેરાશ હાજરી,رموٹ اوسط حاضری
DASHBOARD,,REGULAR_AVERAGE_ATTENDANCE,Regular Average Attendance,नियमित सरासरी उपस्थिती,नियमित औसत उपस्थिति,ନିୟମିତ ହାରାହାରି ଉପସ୍ଥାନ |,రెగ్యులర్ సగటు హాజరు,ರೆಗ್ಯುಲರ್  ಸರಾಸರಿ ಹಾಜರಾತಿ,ரெகுலர் சராசரி வருகை,નિયમિત સરેરાશ હાજરી,باقاعدہ اوسط حاضری
DASHBOARD,,BLOCK,Block,ब्लॉक,ब्लॉक,ବ୍ଲକ,బ్లాక్,ಬ್ಲಾಕ್,வட்டம்,બ્લોક,بلاک
DASHBOARD,,ATTENDANCE,Attendance (%),उपस्थिती (%),उपस्थिति (%),ଉପସ୍ଥିତି,హాజరు,ಹಾಜರಾತಿ,வருகை,હાજરી,حاضری (%)
DASHBOARD,,VILLAGES_AND_YOUTH,Villages and Youth,गावे आणि युवक,गांव और युवा,ଗାଁଗୁଡିକ  ଓ ଯୁବକ,గ్రామాలు మరియు యువత,ಗ್ರಾಮಗಳು ಮತ್ತು ಯೂತ್ ,கிராமங்கள் மற்றும் இளைஞர்கள்,ગામો અને યુવાનો,دیہات اور نوجوان
DASHBOARD,,USERS_&_VILLAGES,"Mentors, Villages and Youths",वापरकर्ते आणि गावे,यूज़र्स और गांव,"ପରାମର୍ଶଦାତା, ଗ୍ରାମ ଓ ଯୁବବର୍ଗ",వినియోగదారులు & గ్రామాలు,ಯೂಸರ್  ಮತ್ತು ಗ್ರಾಮಗಳು,பயனர்கள் மற்றும் கிராமங்கள்,વપરાશકર્તાઓ અને ગામો,سرپرست، گاؤں اور نوجوان
DASHBOARD,,VILLAGES,Villages,गावे,गांव,ଗାଁ,గ్రామాలు,ಗ್ರಾಮಗಳು,கிராமங்கள்,ગામો,گاؤں
DASHBOARD,,YOUTH_VOLUNTEERS,Youth/Volunteers,युवक / स्वयंसेवक,युवा/स्वयंसेवक,ଯୁବକ/ସ୍ୱେଚ୍ଛାସେବୀ,యువత/వాలంటీర్లు,ಯುವಕರು/ಸ್ವಯಂಸೇವಕರು,இளைஞர்கள்/தன்னார்வலர்கள்,યુવા/સ્વયંસેવકો,نوجوان/رضاکار
DASHBOARD,,SEARCH_VILLAGES,Search Village,गाव शोधा,गांव खोजें,ଗାଁ ଖୋଜନ୍ତୁ,గ్రామాలను వెతకండి,ಗ್ರಾಮಗಳನ್ನು ಹುಡುಕಿ,கிராமங்களைத் தேடு,ગામો શોધો,گاؤں تلاش کریں۔
DASHBOARD,,SEARCH_YOUTH,Search youth,युवक शोधा,युवा खोजें,ଯୁବକମାନଙ୍କୁ ଖୋଜନ୍ତୁ,యువతను వెతకండి,ಯೂತ್ ಗಾಗಿ ಸರ್ಚ್ ,இளைஞரை தேடு,યુવાનો શોધો,نوجوانوں کو تلاش کریں
DASHBOARD,,SEARCH_MENTOR,Search mentor,मेंटॉर शोधा,मेंटोर खोजें,ପରାମର୍ଶଦାତା ଖୋଜନ୍ତୁ,గురువు కోసం వెతకండి,ಮೆಂಟರ್ ಗಾಗಿ ಸರ್ಚ್,வழிகாட்டியை தேடு,માર્ગદર્શક શોધો,سرپرست تلاش کریں۔
ATTENDANCE,,TOTAL_STUDENTS,Total: {{count}},शिकणाऱ्यांची एकूण संख्या: {{count}},कुल छात्रों की संख्या: {{count}},ମୋଟ ଶିକ୍ଷାର୍ଥୀ ସଂଖ୍ୟା: {{count}},మొత్తం: {{count}},ಒಟ್ಟು ಕಲಿಯುವವರ ಸಂಖ್ಯೆ: {{count}},மொத்த மாணவர்களின் எண்ணிக்கை: {{count}},શીખનારાઓની કુલ સંખ્યા: {{count}},کل طلباء
ATTENDANCE,,ACTIVE_STUDENTS,Active: {{count}},सक्रिय शिकणारे: {{,सक्रिय शिक्षार्थी: {{count}},ସକ୍ରିୟ ଶିକ୍ଷାର୍ଥୀ: {{count}},యాక్టివ్: {{count}},ಆಕ್ಟಿವ್ ಆಗಿ ಕಲಿಯುವವರು: {{count}},செயல்படும் மாணவர்கள்: {{எண்ணிக்கை}},સક્રિય શીખનારા: {{count}},فعال طلباء
ATTENDANCE,,DROPOUT_STUDENTS,Dropout: {{count}},ड्रॉपआउट शिकणारे: {{count}},छोड़े हुए छात्र: {{count}},ଡ୍ରପଆଉଟ ହୋଇଥିବା ବିଦ୍ୟାର୍ଥୀ : {{count}},డ్రాపౌట్: {{count}},ಶಾಲೆ ಬಿಡುವ ವಿದ್ಯಾರ್ಥಿಗಳು: {{count}},டிராப்-அவுட்: {{count}},ડ્રોપઆઉટ લર્નર્સ: {{count}},ڈراپ آؤٹ طلباء
ATTENDANCE,,PRESENT_STUDENTS,Present: {{count}},उपस्थित शिकणारे: {{count}},उपस्थित छात्र: {{count}},({{present_students}}/{{total_students}} ଉପସ୍ଥିତ),{{present_students}}/{{total_students}} మంది హాజరు,({{present_students}}/{{total_students}} ಹಾಜರಿರುವವರು),({{present_students}}/{{total_students}} மாணவர்கள் வருகை),({{present_students}}/{{total_students}} હાજર),حاضر طلباء
ATTENDANCE,,ABSENT_STUDENTS,Absent: {{count}},अनुपस्थित शिकणारे: {{count}},अनुपस्थित छात्र: {{count}},ଅନୁପସ୍ଥିତ ଛାତ୍ର: {{count}},గైర్హాజరు: '{{count}}',ಹಾಜರಿರದ ವಿದ್ಯಾರ್ಥಿಗಳು: {{count}},வராத மாணவர்கள்: {{count}},ગેરહાજર લર્નર {{count}},غیر حاضر طلباء
ATTENDANCE,,PRESENT,Present,उपस्थित,उपस्थित,ଉପସ୍ଥିତ,హాజరు,ಹಾಜರು ,வருகை புரிந்துள்ளார்.,હાજર,حاضر
ATTENDANCE,,ABSENT,Absent,अनुपस्थित,अनुपस्थित,ଅନୁପସ୍ଥିତ,గైరుహాజరు,ಗೈರುಹಾಜರಿ,வருகை புரியவில்லை.,ગેરહાજર,غیر حاضر
ATTENDANCE,,HALF_DAY,Half Day,अर्धा दिवस,आधा दिन,ଅଧାଦିନ,సగం రోజు,ಅರ್ಧ ದಿನ,அரை நாள்,અડધો દિવસ,آدھا دن
ATTENDANCE,,ON_LEAVE,On Leave,रजा,छुट्टी पर,ଛୁଟିରେ,సెలవులో ఉన్నారు,ರಜೆಯಲ್ಲಿದೆ,விடுப்பு,રજા પર,چھٹی پر
ATTENDANCE,,MARK_ALL,Mark All,सर्व चिन्हांकित करा,सभी को चिन्हित करें,ସମସ୍ତଙ୍କୁ ଚିହ୍ନିତ କର,అన్నింటినీ మార్క్ చేయండి,ಎಲ್ಲವನ್ನೂ ಗುರುತಿಸಿ,அனைத்தையும் குறி,બધા માર્ક,سبھی کو نشان زد کریں۔
ATTENDANCE,,CLEAR,Clear,स्वच्छ करा,साफ़ करें,ସଫା/କ୍ଲିଅର କର,క్లియర్ చేయండి,ತೆರವುಗೊಳಿಸಿ,அகற்று,સાફ કરો,صاف
ATTENDANCE,,ATTENDANCE_MARKED_SUCCESSFULLY,Attendance marked successfully,उपस्थिती यशस्वीरित्या चिन्हांकित केली,उपस्थिति सफलतापूर्वक चिह्नित की गई है,ଉପସ୍ଥିତି ସଫଳତା ପୂର୍ବକ ଚିହ୍ନିତ କରାଗଲା,హాజరు విజయవంతంగా మార్క్ చేయబడింది,ಹಾಜರಾತಿಯನ್ನು ಯಶಸ್ವಿಯಾಗಿ ಗುರುತಿಸಲಾಗಿದೆ,வருகை வெற்றிகரமாகக் குறிக்கப்பட்டது,હાજરી સફળતાપૂર્વક ચિહ્નિત કરવામાં આવી,حاضری کو کامیابی سے نشان زد کیا گیا۔
ATTENDANCE,,ATTENDANCE_MODIFIED_SUCCESSFULLY,Attendance modified successfully,उपस्थिती यशस्वीरित्या संपादित केली,उपस्थिति सफलतापूर्वक संशोधित की गई,ଉପସ୍ଥିତି  ସଫଳତାର ସହିତ ସଂଶୋଧନ କରାଗଲା।,హాజరు విజయవంతంగా సవరించబడింది,ಹಾಜರಾತಿಯನ್ನು ಯಶಸ್ವಿಯಾಗಿ ಮಾರ್ಪಡಿಸಲಾಗಿದೆ,வருகை வெற்றிகரமாகப் புதுப்பிக்கப்பட்டது,હાજરી સફળતાપૂર્વક સુધારાઈ,حاضری میں کامیابی کے ساتھ ترمیم کی گئی۔
ATTENDANCE,,ATTENDANCE_MARKED_UNSUCCESSFULLY,Attendance not marked,उपस्थिती चिन्हांकित केलेली नाही,उपस्थिति चिह्नित नहीं की गई,ଉପସ୍ଥିତି ଚିହ୍ନିତ ହୋଇନଥିବା,హాజరు మార్క్ చేయబడలేదు,ಹಾಜರಾತಿಯನ್ನು ಗುರುತಿಸಲಾಗಿಲ್ಲ,வருகை குறிக்கப்படவில்லை,હાજરી ચિહ્નિત નથી,حاضری کو نشان زد نہیں کیا گیا۔
ATTENDANCE,,MY_ATTENDANCE_HISTORY,My Attendance History,माझी उपस्थिती इतिहास,मेरी पूर्व उपस्थिति,ମୋ ଉପସ୍ଥିତି ଇତିହାସ,నా హాజరు చరిత్ర,ನನ್ನ ಹಾಜರಾತಿ ಇತಿಹಾಸ,எனது முந்தைய வருகைப் பதிவு,મારી હાજરી ની હિસ્ટરી,میری حاضری کی تاریخ
ATTENDANCE,,UPDATE_ATTENDANCE_ALERT,Are you sure you want to update this attendance?,तुम्हाला ही उपस्थिती अपडेट करायची आहे का?,क्या आप वाकई इस उपस्थिति को अद्यतन करना चाहते हैं?,ଆପଣ ନିଶ୍ଚିତ କି ଆପଣ ଏହି ଉପସ୍ଥିତିକୁ ଅପଡେଟ  କରିବାକୁ ଚାହୁଁଛନ୍ତି?,మీరు ఈ హాజరును అప్‌డేట్ చేయాలనుకుంటున్నారా అని ఖచ్చితంగా తెలుసా?,ನೀವು ಈ ಹಾಜರಾತಿಯನ್ನು ನವೀಕರಿಸಲು ಖಚಿತವಾಗಿ ಬಯಸುವಿರಾ?,இந்த வருகைப் பதிவை நிச்சயமாகப் புதுப்பிக்க விரும்புகிறீர்களா?,શું તમે ખરેખર આ હાજરી અપડેટ કરવા માંગો છો?,کیا آپ واقعی اس حاضری کو اپ ڈیٹ کرنا چاہتے ہیں؟
ATTENDANCE,,CLEAR_ATTENDANCE_ALERT,Are you sure you want to clear this attendance?,तुम्हाला ही उपस्थिती साफ करायची आहे का?,क्या आप वाकई यह उपस्थिति मिटाना चाहते हैं?,ଆପଣ ନିଶ୍ଚିତ କି ଆପଣ ଏହି ଉପସ୍ଥିତିକୁ clear କରିବାକୁ ଚାହୁଁଛନ୍ତି?,మీరు ఈ హాజరును క్లియర్ చేయాలనుకుంటున్నారా అని ఖచ్చితంగా తెలుసా?,ಈ ಹಾಜರಾತಿಯನ್ನು ತೆರವುಗೊಳಿಸಲು ನೀವು ಖಚಿತವಾಗಿ ಬಯಸುವಿರಾ?,இந்த வருகைப் பதிவை நிச்சயமாக அகற்ற விரும்புகிறீர்களா?,શું તમે ખરેખર આ હાજરી સાફ કરવા માંગો છો?,کیا آپ واقعی اس حاضری کو صاف کرنا چاہتے ہیں؟
ATTENDANCE,,YES,Yes,होय,हां,ହଁ,అవును,ಹೌದು,ஆம்,હા,جی ہاں
ATTENDANCE,,NO_GO_BACK,No Go Back,"नाही, मागे जा",नहीं वापस जाएं,"ନାହିଁ, ପଛକୁ ଯାଆନ୍ତୁ","వద్దు, వెనుకకు వెళ్ళు","ಇಲ್ಲ, ಹಿಂತಿರುಗಿ","இல்லை, பின் செல்.","ના, પાછા જાઓ",نہیں واپس جاؤ
ATTENDANCE,,DAY_WISE_ATTENDANCE,Day-Wise Attendance,दिवसानुसार उपस्थिती,दिनविशेष उपस्थिति,ଦିନ-ଅନୁସାରେ ଉପସ୍ଥିତି,రోజువారీ హాజరు,ದಿನನಿತ್ಯದ ಹಾಜರಾತಿ,நாள் வாரியான வருகை,દિવસ મુજબની હાજરી,دن کے حساب سے حاضری
ATTENDANCE,,ATTENDANCE_OVERVIEW,Attendance Overview,उपस्थितीचा आढावा,उपस्थिति अवलोकन,ଉପସ୍ଥିତି ସମୀକ୍ଷା /ଅବଲୋକନ କର,హాజరు స్థూల వీక్షణ,ಹಾಜರಾತಿ ಅವಲೋಕನ,வருகைப் பதிவு கண்ணோட்டம்,હાજરી નો ઓવરવ્યૂ,حاضری کا جائزہ
ATTENDANCE,,CENTER_ATTENDANCE,Center Attendance,केंद्राची उपस्थिती,केंद्र उपस्थिति,ସେଣ୍ଟର/କେନ୍ଦ୍ର ଉପସ୍ଥିତି,సెంటర్ హాజరు,ಸೆಂಟರ್ ಹಾಜರಾತಿ,மைய வருகை,સેન્ટર હાજરી,مرکز حاضری
ATTENDANCE,,LOW_ATTENDANCE_STUDENTS,Low Attendance Learners,कमी उपस्थिती असलेले शिकणारे,कम उपस्थिति वाले छात्र,କମ ଉପସ୍ଥିତ ଥିବା ଛାତ୍ର,తక్కువ హాజరు ఉన్న అభ్యాసకులు,ಕಡಿಮೆ ಹಾಜರಾತಿ ಕಲಿಯುವವರು,குறைந்த வருகைப் பதிவு மாணவர்கள்,લો અટેન્ડન્સ લર્નર્સ,کم حاضری سیکھنے والے
ATTENDANCE,,NO_CENTERS_ASSIGNED,No Centers Assigned,कोणतीही केंद्रे नियुक्त केलेली नाहीत,कोई केंद्र असाइन नहीं किया गया,କିଛି କେନ୍ଦ୍ର ନ୍ୟସ୍ତ ହୋଇନାହିଁ |,కేంద్రాలు ఏవీ కేటాయించబడలేదు,ಯಾವುದೇ ಕೇಂದ್ರಗಳನ್ನು ನಿಯೋಜಿಸಲಾಗಿಲ್ಲ,மையங்கள் எதுவும் ஒதுக்கப்படவில்லை,કોઈ સેન્ટર્સ સોંપેલ નથી,کوئی مراکز تفویض نہیں کیے گئے۔
ATTENDANCE,,NO_ATTENDANCE,0 %,0%,0 %,0%,Percentage,0 %,0 %,0 %,
ATTENDANCE,,UNKNOWN,Unknown,अज्ञात,अज्ञात,ଅଜ୍ଞାତ,Teliyani,ಅನೌನ  (Unknown),தெரியாது,અજ્ઞાત,نامعلوم
ATTENDANCE,,CENTER_NAME,Center Name,केंद्राचे नाव,केंद्र का नाम,କେନ୍ଦ୍ର ନାମ,కేంద్రం పేరు,ಕೇಂದ್ರದ ಹೆಸರು,மையப் பெயர்,સેન્ટર નું નામ,مرکز کا نام
ATTENDANCE,,ALL_CENTERS,All Centers,सर्व केंद्रे,सभी केंद्र,ସମସ୍ତ କେନ୍ଦ୍ର,అన్ని కేంద్రాలు,ಎಲ್ಲಾ ಕೇಂದ್ರಗಳು,அனைத்து மையங்கள்,બધા સેન્ટર્સ,تمام مراکز
ATTENDANCE,,NO_LEARNER_WITH_LOW_ATTENDANCE,None,कमी उपस्थिती असलेला कोणताही शिकणारा नाही,कम उपस्थिति वाले कोई शिक्षार्थी नहीं,କମ ଉପସ୍ଥିତି ଥିବା କୌଣସି ଶିକ୍ଷାର୍ଥୀ ନାହାନ୍ତି,ఏదీ లేదు,ಕಡಿಮೆ ಹಾಜರಾತಿ ಹೊಂದಿರುವ ಕಲಿಯುವವರಿಲ್ಲ,குறைந்த வருகையுடன் இருப்பவர் இல்லை,ઓછી હાજરી ધરાવનાર કોઈ લર્નર નથી ,کوئی نہیں
ATTENDANCE,,ATTENDANCE_MARKED_OUT_OF_DAYS,Attendance marked: {{count}} out of last 7 days,उपस्थिती चिन्हांकित केली: {{count}} मागील 7 दिवसांत,उपस्थिति चिह्नित: पिछले 7 दिनों में से {{count}} दिन,ଚିହ୍ନିତ ଉପସ୍ଥିତି: {{count}} ବିଗତ ସାତ ଦିନରୁ,హాజరు గుర్తించబడింది: గత 7 రోజుల్లో {{count}},ಹಾಜರಾತಿ: ಕಳೆದ 7 ದಿನಗಳಲ್ಲಿ {{count}} ಎಂದು ಗುರುತಿಸಲಾಗಿದೆ,வருகை குறிக்கப்பட்டது:கடந்த 7 நாட்களில் {{count}},હાજરી ચિહ્નિત: છેલ્લા 7 દિવસમાં {{count}},حاضری کو نشان زد کیا گیا: پچھلے 7 دنوں میں سے {{گنیں}}
PROFILE,,EDIT_PROFILE,Edit Profile,प्रोफाइल संपादित करा,प्रोफ़ाइल संपादित करें,ପ୍ରୋଫାଇଲ ଏଡିଟ/ସମ୍ପାଦନ କର,ప్రొఫైల్‌ను సవరించండి,ಎಡಿಟ್ ಪ್ರೊಫೈಲ್ ,சுயவிவரத்தைத் திருத்து,પ્રોફાઇલ એડિટ કરો,پروفائل میں ترمیم کریں۔
PROFILE,,CONTACT_INFORMATION,Contact information,संपर्क माहिती,संपर्क जानकारी,ଯୋଗାଯୋଗ  ତଥ୍ୟ,సంప్రదింపు సమాచారం,ಸಂಪರ್ಕ ಮಾಹಿತಿ,தொடர்பு தகவல்,સંપર્ક માહિતી,رابطہ کی معلومات
PROFILE,,OTHER_INFORMATION,Other Information,इतर माहिती,अन्य जानकारी,ଅନ୍ୟ ତଥ୍ୟ,ఇతర సమాచారం,ಇತರ ಮಾಹಿತಿ,பிற தகவல்,અન્ય માહિતી,دیگر معلومات
PROFILE,,PHONE,Phone,फोन,फ़ोन,ଫୋନ,ఫోన్,ದೂರವಾಣಿ,தொலைபேசி,ફોન,فون
PROFILE,,EMAIL_ID,Email ID,ईमेल आयडी,ईमेल आईडी,ଇମେଲ ଆଇ.ଡି.,ఇమెయిల్ ID,ಇಮೇಲ್ ಐಡಿ,மின்னஞ்சல் ஐடி,ઈમેઈલ આઈડી,ای میل آئی ڈی
PROFILE,,BIO,Bio,जीवित माहिती,बायो,ଜୀବନୀ,బయో,ಬಯೋ,பையோ,બાયો,بایو
PROFILE,,INTERVIEW_TEST_SCORES,Test Scores,टेस्ट स्कोअर,परीक्षा अंक,ପରୀକ୍ଷା ସ୍କୋର୍,పరీక్షా స్కోర్‌లు,ಪರೀಕ್ಷಾ ಅಂಕಗಳು,தேர்வு மதிப்பெண்கள்,ટેસ્ટ સ્કોર્સ,ٹیسٹ سکور
PROFILE,,UPDATE_PICTURE,Update Picture,चित्र अद्ययावत करा,चित्र अपडेट करें,ଛବି ଆପଡେଟ୍ କରନ୍ତୁ,చిత్రాన్ని అప్‌డేట్ చేయండి,ಚಿತ್ರವನ್ನು ನವೀಕರಿಸಿ,படத்தைப் புதுப்பி,અપડેટ પિક્ચર,تصویر کو اپ ڈیٹ کریں۔
PROFILE,,FULL_NAME,Full Name,पूर्ण नाव,पूरा नाम,ପୂର୍ଣ ନାମ,పూర్తి పేరు,ಪೂರ್ಣ ಹೆಸರು,முழு பெயர்,પૂરું નામ,پورا نام
PROFILE,,LOCATION,Location,स्थान,स्थान,ସ୍ଥାନ,స్థానం,ಸ್ಥಳ,இருப்பிடம்,સ્થાન,جگہ
PROFILE,,HELD_ON,Held on:,**आयोजित: **,धारित:,ହେଲ୍ଡ ହେଉଛି:,నాడు జరిగింది,ನಡೆಸಲಾಗಿದೆ:,நடைபெற்ற தேதி:,પર યોજાયેલ:,پر منعقد:
PROFILE,,MY_PROFILE,My Profile,माझा प्रोफाइल,मेरी प्रोफ़ाइल,ମୋ ପ୍ରୋଫାଇଲ,నా ప్రొఫైల్,ನನ್ನ ಪ್ರೊಫೈಲ್,எனது சுயவிவரம்,મારું પ્રોફાઈલ,میرا پروفائل
PROFILE,,VIEW_MORE,View More,अधिक पाहा,अधिक देखें,ଅଧିକ ଦେଖନ୍ତୁ,మరింత చూడండి,ಇನ್ನಷ್ಟು ವೀಕ್ಷಿಸಿ,மேலும் காண்க,વધુ જુઓ,مزید دیکھیں
PROFILE,,VIEW_LESS,View Less,कमी पाहा,कम देखें,କମ୍ ଦେଖନ୍ତୁ,తక్కువ చూడండి,ಕಡಿಮೆ ವೀಕ್ಷಿಸಿ,குறைவாகப் காண்க,ઓછું જુઓ,کم دیکھیں
PROFILE,,DATA_RANGE,Data Range,डेटा श्रेणी,डेटा रेंज़,ଡାଟା ରେଞ୍ଜ,డేటా పరిధి,ಡೇಟಾ ಶ್ರೇಣಿ,தரவு வரம்பு,ડેટા રેન્જ,ڈیٹا رینج
PROFILE,,LEARNER_DETAILS,Learner Details,शिकणाऱ्यांची तपशील,विद्यार्थी विवरण,ଶିକ୍ଷାର୍ଥୀ ବିବରଣୀ,అభ్యాసకుని వివరాలు,ಕಲಿಕಾರ್ತಿಗಳ  ವಿವರಗಳು,மாணவர் விவரங்கள்,લર્નર ની વિગત,سیکھنے والے کی تفصیلات
PROFILE,,VIEW_DAY_WISE,View Day-Wise,दिवसानुसार पहा,दिन-वार देखें,ଦିନ-ଅନୁସାରେ ବିବରଣୀ ଦେଖନ୍ତୁ,రోజువారీ వీక్షణ,ದಿನವಾರು ವೀಕ್ಷಿಸಿ,நாள் வாரியாக காண்க,દિવસ મુજબ જુઓ,دن کے لحاظ سے دیکھیں
PROFILE,,SUBMITTED_ON,Submitted On,**सादर केले: **,प्रस्तुत किया गया,ଦାଖଲ  କରାଯାଇଛି,నాడు సమర్పించబడింది,ಸಲ್ಲಿಸಲಾಗಿದೆ,அன்று சமர்ப்பிக்கப்பட்டது,પર સબમિટ કર્યું,پر جمع کرایا
PROFILE,,MARK_OBTAINED,Mark Obtained,प्राप्त मार्क,प्राप्त अंक,ପ୍ରାପ୍ତ ଅଙ୍କ,పొందిన మార్కులు,ಪಡೆದ ಅಂಕ,மதிப்பெண் பெறப்பட்டது,માર્ક મેળવ્યા,مارک حاصل کیا
PROFILE,,TOTAL_QUESTIONS,Total Questions,एकूण प्रश्न,कुल प्रश्न,ମୋଟ ପ୍ରଶ୍ନ,మొత్తం ప్రశ్నలు,ಒಟ್ಟು ಪ್ರಶ್ನೆಗಳು,மொத்த கேள்விகள்,કુલ પ્રશ્નો,کل سوالات
PROFILE,,VIEW_FULL_PROFILE,View Full Profile,पूर्ण प्रोफाइल पहा,पूरा प्रोफाइल देखें,ସପୂର୍ଣ ପ୍ରୋଫାଇଲ ଦେଖନ୍ତୁ,పూర్తి ప్రొఫైల్‌ను చూడండి,ಪೂರ್ಣ ಪ್ರೊಫೈಲ್ ವೀಕ್ಷಿಸಿ,முழு சுயவிவரத்தைக் காண்க,પૂરું પ્રોફાઈલ જુઓ,مکمل پروفائل دیکھیں
PROFILE,,SUBJECT,Subject,विषय,विषय,ବିଷୟ,విషయం (సబ్జెక్ట్),ವಿಷಯ,பாடம்,વિષય,موضوع
PROFILE,,POST_TEST,Post Test,पोस्ट टेस्ट,पोस्ट टेस्ट,ପୋଷ୍ଟ  ଟେଷ୍ଟ,ప్రీ టెస్ట్,ಪೋಸ್ಟ್ ಪರೀಕ್ಷೆ,பின் தேர்வு,પોસ્ટ ટેસ્ટ,پوسٹ ٹیسٹ
PROFILE,,PRE_TEST,Pre Test,प्रि टेस्ट,प्री टेस्ट,ପ୍ରି ଟେଷ୍ଟ,పోస్ట్ టెస్ట్,ಪೂರ್ವ ಪರೀಕ್ಷೆ,முன் தேர்வு,પ્રિ ટેસ્ટ,پری ٹیسٹ
PROFILE,,ENGLISH,English,इंग्रजी,अंग्रेजी,ଇଂରାଜୀ,ఇంగ్లీష్,ಇಂಗ್ಲಿಷ್,ஆங்கிலம்,ઈંગ્લીશ,Urdu
PROFILE,,MATH,Math,गणित,गणित,ଗଣିତ,మ్యాథ్,ಗಣಿತ,கணக்கு,ગણિત,ریاضی
PROFILE,,HINDI,Hindi,हिंदी,हिंदी,ହିନ୍ଦୀ,హిందీ,ಹಿಂದಿ,இந்தி,હિન્દી,ہندی
PROFILE,,TEST,Test,टेस्ट,परीक्षण,ପରୀକ୍ଷା,టెస్ట్,ಪರೀಕ್ಷೆ,தேர்வு,ટેસ્ટ,ٹیسٹ
PROFILE,,ENTER_NAME,Please Enter Full Name,कृपया पूर्ण नाव प्रविष्ट करा,कृपया पूरा नाम दर्ज करें,ପୂର୍ଣ ନାମ ଲେଖନ୍ତୁ,దయచేసి పూర్తి పేరును నమోదు చేయండి,ದಯವಿಟ್ಟು ಪೂರ್ಣ ಹೆಸರನ್ನು ನಮೂದಿಸಿ,தயவுசெய்து முழுப் பெயரை உள்ளிடவும்,કૃપા કરીને પૂરું નામ એન્ટર કરો,براہ کرم پورا نام درج کریں۔
PROFILE,,AT_REQUIRED_LETTER,At least one letter or underscore is required,किमान एक अक्षर किंवा अंडरस्कोर आवश्यक आहे,कम से कम एक अक्षर या अंडरस्कोर आवश्यक है,ଅତି କମ ରେ ଗୋଟିଏ ଅକ୍ଷର କିମ୍ବା ଅଣ୍ଡରସ୍କୋର ଆବଶ୍ୟକ,కనీసం ఒక అక్షరం లేదా అండర్‌స్కోర్ అవసరం,ಕನಿಷ್ಠ ಒಂದು ಅಕ್ಷರ ಅಥವಾ ಅಂಡರ್‌ಸ್ಕೋರ್ ಅಗತ್ಯವಿದೆ,குறைந்தது ஒரு எழுத்து அல்லது அடிக்கோடு தேவை,ઓછામાં ઓછો એક અક્ષર અથવા અન્ડરસ્કોર જરૂરી છે,کم از کم ایک خط یا انڈر سکور درکار ہے۔
PROFILE,,ENTER_NUMBER,Please enter a number,कृपया एक नंबर प्रविष्ट करा,कृपया एक नंबर दर्ज करें,ଦୟାକରି ଏକ ନମ୍ବର ଲେଖନ୍ତୁ/ଏଣ୍ଟର କରନ୍ତୁ,దయచేసి ఒక సంఖ్యను నమోదు చేయండి,ದಯವಿಟ್ಟು ಸಂಖ್ಯೆಯನ್ನು ನಮೂದಿಸಿ,தயவுசெய்து ஒரு எண்ணை உள்ளிடவும்,કૃપા કરીને નંબર દાખલ કરો,براہ کرم ایک نمبر درج کریں۔
PROFILE,,ENTER_CHARACTER,Please enter at least one character,किमान एक अक्षर प्रविष्ट करा,कृपया कम से कम एक अक्षर दर्ज करें,ଦୟାକରି କୌଣସି ଏକ ଅକ୍ଷର ଲେଖନ୍ତୁ/ଏଣ୍ଟର କରନ୍ତୁ,దయచేసి కనీసం ఒక అక్షరాన్ని నమోదు చేయండి,ದಯವಿಟ್ಟು ಕನಿಷ್ಠ ಒಂದು ಅಕ್ಷರವನ್ನು ನಮೂದಿಸಿ,குறைந்தது ஒரு எழுத்தை உள்ளிடவும்,કૃપા કરીને ઓછામાં ઓછું એક અક્ષર દાખલ કરો,براہ کرم کم از کم ایک حرف درج کریں۔
PROFILE,,CONTACT_NUMBER,Contact Number,संपर्क क्रमांक,संपर्क नंबर,ଯୋଗାଯୋଗ  ନମ୍ବର,సంప్రదింపు సంఖ్య,ಸಂಪರ್ಕ ಸಂಖ್ಯೆ,தொடர்பு எண்,કોન્ટેક્ટ નંબર,رابطہ نمبر
PROFILE,,ENROLLMENT_NUMBER,Enrollment Number,नावनोंदणी क्रमांक,पंजीकरण संख्या,ପଞ୍ଜୀକରଣ ସଂଖ୍ୟା |,వినియోగదారు పేరు,ನೋಂದಣಿ ಸಂಖ್ಯೆ,சேர்க்கை எண்,એનરોલમેન્ટ નંબર,اندراج نمبر
PROFILE,,SELECT_OPTION,Select Option,पर्याय निवडा,विकल्प चुनें,ପସନ୍ଦ ବାଛନ୍ତୁ,ఎంపికను ఎంచుకోండి,ಆಯ್ಕೆಯನ್ನು ಆರಿಸಿ,விருப்பத்தைத் தேர்ந்தெடுக்கவும்,ઓપ્શન સિલેક્ટ કરો,اختیار منتخب کریں۔
PROFILE,,PROFILE_UPDATE_SUCCESSFULLY,Profile updated successfully,प्रोफाईल यशस्वीरित्या अपडेट केले,प्रोफ़ाइल सफलतापूर्वक अपडेट हो गई,ପ୍ରୋଫାଇଲ୍ ସଫଳତାର ସହ ଅପଡେଟ୍ ହୋଇଛି,ప్రొఫైల్ విజయవంతంగా నవీకరించబడింది,ಪ್ರೊಫೈಲ್ ಯಶಸ್ವಿಯಾಗಿ ಅಪ್‌ಡೇಟ್ ಮಾಡಲಾಗಿದೆ,சுயவிவரம் வெற்றிகரமாகப் புதுப்பிக்கப்பட்டது,પ્રોફાઇલ સફળતાપૂર્વક અપડેટ થઈ,پروفائل کامیابی کے ساتھ اپ ڈیٹ ہو گیا۔
PROFILE,,UNABLE_TO_PROFILE_UPDATE_,Unable to update profile,प्रोफाईल अपडेट करू शकलो नाही,प्रोफ़ाइल अपडेट नहीं हो सकी,ପ୍ରୋଫାଇଲ୍ ଅପଡେଟ୍ କରିବାରେ ଅସମର୍ଥ,ప్రొఫైల్‌ను అప్‌డేట్ చేయలేకపోతున్నాను,ಪ್ರೊಫೈಲ್ ಅಪ್‌ಡೇಟ್ ಮಾಡಲು ಆಗುತ್ತಿಲ್ಲ,சுயவிவரத்தைப் புதுப்பிக்க முடியவில்லை,પ્રોફાઇલ અપડેટ કરવામાં અસમર્થ,پروفائل اپ ڈیٹ کرنے سے قاصر
FIELDS,,DESIGNATION,Designation,पदवी,पद,ପଦବୀ,హోదా,ಹುದ್ದೆ ,பதவி,હોદો,عہدہ
FIELDS,,NUMBER_OF_CLUSTERS_I_TEACH,Number of Clusters I Teach,मी शिकवत असलेल्या क्लस्टर्सची संख्या,जिन क्लस्टरों को मैं पढ़ाता हूं उनकी संख्या,ମୁଁ ପଢାଉଥିବା କ୍ଲଷ୍ଟର ସଂଖ୍ୟା,నేను బోధించే క్లస్టర్‌ల సంఖ్య,ನಾನು ಕಲಿಸುವ ಕ್ಲಸ್ಟರ್‌ಗಳ ಸಂಖ್ಯೆ,நான் கற்பிக்கும் கிளஸ்டர்களின் எண்ணிக்கை,મારા દ્વારા શિખવેલ ક્લસ્ટરોની સંખ્યા,کلسٹرز کی تعداد جو میں پڑھاتا ہوں۔
FIELDS,,YEAR_OF_JOINING_SCP,Year of joining SCP,SCP मध्ये सामील होण्याचा वर्ष,एससीपी में शामिल होने का वर्ष,SCP ରେ ଯୋଗଦାନ ବର୍ଷ,SCPలో చేరిన సంవత్సరం,SCP ಗೆ ಸೇರಿದ ವರ್ಷ,SCP-யில் சேர்ந்த ஆண்டு,SCP માં જોડાવાનું વર્ષ,SCP میں شمولیت کا سال
FIELDS,,MAIN_SUBJECT,My Main Subjects,माझे मुख्य विषय,मेरे मुख्य विषय,ମୋ ମୁଖ୍ୟ ବିଷୟ,నా ప్రధాన విషయాలు,ನನ್ನ ಮುಖ್ಯ ವಿಷಯಗಳು,எனது முதன்மைப் பாடங்கள்,મારો મુખ્ય વિષય,میرے اہم مضامین
FIELDS,,SUBJECTS_I_TEACH,Subjects I Teach,मी शिकवतो ते विषय,मैं जिन विषयों को पढ़ाता हूं,ମୁଁ ଶିକ୍ଷା ଦେଉଥିବା ବିଷୟଗୁଡ଼ିକ |,నేను బోధించే విషయాలు,ನಾನು ಕಲಿಸುವ ವಿಷಯಗಳು,நான் கற்பிக்கும் பாடங்கள்,મારા દ્વારા શીખવવામાં આવેલ વિષયો,مضمون جو میں پڑھاتا ہوں۔
FIELDS,,GENDER,Gender,लिंग,लिंग,ଲିଙ୍ଗ,లింగం,ಲಿಂಗ,பாலினம்,જાતિ,جنس
FIELDS,,UNIT_NAME,Unit Name,युनिटचे नाव,यूनिट का नाम,ୟୁନିଟ ନାମ,యూనిట్ పేరు,ಯುನಿಟ್  ಹೆಸರು,யூனிட் பெயர்,યુનિટ નું નામ,یونٹ کا نام
FIELDS,,UNIT_CODE,Unit Code,युनिट कोड,यूनिट कोड,ୟୁନିଟ କୋଡ,యూనిట్ కోడ్,ಯುನಿಟ್ ಕೋಡ್,யூனிட் குறியீடு,યુનિટ કોડ,یونٹ کوڈ
FIELDS,,ENROLLMENT_NUMBER,Enrollment Number,नोंदणी क्रमांक,नामांकन क्रमांक,ପଞ୍ଜୀକରଣ ସଂଖ୍ୟା |,వినియోగదారు పేరు,ನೋಂದಣಿ ಸಂಖ್ಯೆ,சேர்க்கை எண்,એનરોલમેન્ટ નંબર,اندراج نمبر
FIELDS,,BLOCK_NAME,Block Name,ब्लॉकचे नाव,ब्लॉक नाम,ବ୍ଲକ୍ ନାମ,బ్లాక్ పేరు,ಬ್ಲಾಕ್ ಹೆಸರು,வட்டத்தின் பெயர்,બ્લોક નું નામ,بلاک کا نام
FIELDS,,STUDENT_TYPE,Type of Learner,शिकणाऱ्याचा प्रकार,छात्र प्रकार,ଶିକ୍ଷାର୍ଥୀ ପ୍ରକାର,అభ్యాసకుని రకం,ಪ್ರಕಾರ ಕಲಿಯುವವರು,மாணவரின் வகை,લર્નર ના પ્રકાર,سیکھنے والے کی قسم
FIELDS,,STATE_NAME,State Name,राज्याचे नाव,राज्य का नाम,ରାଜ୍ୟ ନାମ,రాష్ట్రం పేరు,ರಾಜ್ಯದ ಹೆಸರು,மாநிலம்,રાજ્ય નું નામ,ریاست کا نام
FIELDS,,SUPPORT_NEEDED,Support needed,आवश्यक समर्थन,आवश्यक सहायता,ସହାୟତା ଆବଶ୍ୟକ,మద్దతు అవసరం,ಬೆಂಬಲದ ಅಗತ್ಯವಿದೆ,ஆதரவு தேவை,જરૂરી સપોર્ટ,سپورٹ کی ضرورت ہے۔
FIELDS,,CLASS,Class (Last passed grade),वर्ग (गेल्या वर्षी पास केलेला),कक्षा,ଶ୍ରେଣୀ,తరగతి,ತರಗತಿ,வகுப்பு,ક્લાસ,کلاس (آخری پاس شدہ گریڈ)
FIELDS,,FATHER_NAME,Father’s Name,वडिलांचे नाव,पिता का नाम,ପିତାଙ୍କ ନାମ,తండ్రి పేరు,ತಂದೆಯ ಹೆಸರು,தந்தையின் பெயர்,પિતા નું નામ,والد کا نام
FIELDS,,MARITAL_STATUS,Marital Status,वैवाहिक स्थिती,वैवाहिक स्थिति,ବୈବାହିକ ସ୍ଥିତି,వైవాహిక స్థితి,ವೈವಾಹಿಕ ಸ್ಥಿತಿ,திருமண நிலை,વૈવાહિક સ્થિતિ,ازدواجی حیثیت
FIELDS,,OWN_PHONE_CHECK,Does the Learner Own the Phone?,शिकणाऱ्याजवळ फोन आहे का?,क्या शिक्षार्थी के पास अपना फोन है?,ଶିକ୍ଷାର୍ଥୀଙ୍କ ଫୋନ ଆଛି କି?,అభ్యాసకునికి ఫోన్ ఉందా?,ಕಲಿಯುವವರು ಫೋನ್ ಹೊಂದಿದ್ದಾರೆಯೇ?,மாணவர் தொலைபேசியை சொந்தமாக வைத்திருக்கிறாரா?,શું લર્નર પાસે ફોન છે?,کیا سیکھنے والا فون کا مالک ہے؟
FIELDS,,PHONE_TYPE_AVAILABLE,Type of Phone Available,उपलब्ध फोनचा प्रकार,उपलब्ध फोन का प्रकार,ଉପଲବ୍ଧ ଫୋନ୍ ପ୍ରକାର,అందుబాటులో ఉన్న ఫోన్ రకం,ಲಭ್ಯವಿರುವ ಫೋನ್ ಪ್ರಕಾರ,தொலைபேசி வகை,અવેલેબલ ફોન નો પ્રકાર,دستیاب فون کی قسم
FIELDS,,DISTRICT_NAME,District Name,जिल्ह्याचे नाव,जिला नाम,ଜିଲ୍ଲା ନାମ,జిల్లా పేరు,ಜಿಲ್ಲೆಯ ಹೆಸರು,மாவட்டத்தின் பெயர்,જીલ્લા નું નામ,ضلع کا نام
FIELDS,,AGE,Age,वय,आयु,ବୟସ,వయస్సు,ವಯಸ್ಸು,வயது,ઉમર,عمر
FIELDS,,PRIMARY_WORK,Learner's Primary Work,शिकणाऱ्याचे प्राथमिक कार्य,शिक्षार्थी का प्राथमिक कार्य,ଶିକ୍ଷାର୍ଥୀଙ୍କ ପ୍ରାଥମିକ କାମ,అభ్యాసకుని ప్రాథమిక పని,ಕಲಿಯುವವರ ಪ್ರಾಥಮಿಕ ಕೆಲಸ,மாணவரின் முதன்மைப் பணி,લર્નર નું પ્રાથમિક કામ,سیکھنے والوں کا بنیادی کام
FIELDS,,MOBILISATION_METHOD,How Was the Learner Mobilized?,शिकणाऱ्याला कसा मोबिलाइझ केला?,शिक्षार्थी को कैसे जोड़ा गया?,ଶିକ୍ଷାର୍ଥୀଙ୍କୁ କିପରି ମୋବିଲାଇଜ୍  କରାଯାଇଥିଲା?,అభ్యాసకుడు ఎలా సమీకరించబడ్డాడు?,ಕಲಿಯುವವರನ್ನು ಹೇಗೆ ಸಜ್ಜುಗೊಳಿಸಲಾಯಿತು?,மாணவர் எவ்வாறு அணிதிரட்டப்பட்டார்?,લર્નર ને કેવી રીતે મોબીલાઈઝ કરવામાં આવ્યા?,سیکھنے والے کو کیسے متحرک کیا گیا؟
FIELDS,,MONTH_MOBILISATION,Month of Mobilisation,मोबिलायझेशनचा महिना,जोड़ने का महीना,ମୋବିଲାଇଜ ମାସ,సమీకరించబడిన నెల,ಸಜ್ಜುಗೊಳಿಸಿದ ತಿಂಗಳು,அணிதிரட்டல் மாதம்,મોબીલાઈઝેશન નો મહિનો,متحرک ہونے کا مہینہ
FIELDS,,DROP_OUT_REASON,Reason for Drop Out From School,शाळेपासून ड्रॉपआउट होण्याचे कारण,स्कूल छोड़ने का कारण,ବିଦ୍ୟାଳୟ ଛଡିବା କାରଣ,పాఠశాల నుండి మానేయడానికి గల కారణం,ಶಾಲೆಯಿಂದ ಹೊರಗುಳಿಯಲು ಕಾರಣ,பள்ளியில் இருந்து டிராப்-அவுட் ஆனதற்கான காரணம்,સ્કૂલ માંથી ડ્રોપઆઉટ થવાનું કારણ,سکول چھوڑنے کی وجہ
DROPOUT_REASONS,,UNABLE_TO_COPE_WITH_STUDIES,Unable to cope with studies,अभ्यासासोबत जुळवून घेण्यात अयशस्वी,पढ़ाई में असमर्थता,ପାଠପଢ଼ା ସହିତ ଖାପ ଖୁଆଇ ପାରୁନାହିଁ,చదువుల ఒత్తిడిని తట్టుకోలేకపోవడం,ಅಧ್ಯಯನವನ್ನು ನಿಭಾಯಿಸಲು ಸಾಧ್ಯವಾಗುತ್ತಿಲ್ಲ,படிப்பை சமாளிக்க முடியவில்லை.,અભ્યાસનો સામનો કરવામાં અસમર્થ,پڑھائی کا مقابلہ کرنے سے قاصر
DROPOUT_REASONS,,FAMILY_RESPONSIBILITIES,Family responsibilities,कौटुंबिक जबाबदाऱ्या,पारिवारिक जिम्मेदारियाँ,ପାରିବାରିକ ଦାୟିତ୍ୱ,కుటుంబ బాధ్యతలు,ಕುಟುಂಬದ ಜವಾಬ್ದಾರಿಗಳು,குடும்பப் பொறுப்புகள்,પારિવારિક જવાબદારી,خاندانی ذمہ داریاں
DROPOUT_REASONS,,NEED_TO_GO_TO_WORK_OWN_WORK,Need to go to work / own work,काम किंवा स्वतःचे काम करण्याची आवश्यकता,काम पर जाने की आवश्यकता / खुद का काम,କାମକୁ ଯିବା / ସ୍ୱୟଂ କାମ,పనికి వెళ్లాల్సిన అవసరం / సొంత పని,ಕೆಲಸಕ್ಕೆ / ಸ್ವಂತ ಕೆಲಸಕ್ಕೆ ಹೋಗಬೇಕಾಗಿದೆ,வேலைக்கு செல்ல வேண்டும்.,કામ પર / પોતાના કામ પર જવાની જરૂર છે,کام پر جانے کی ضرورت ہے / اپنے کام پر
DROPOUT_REASONS,,MARRIAGE,Marriage,लग्न,शादी,ବିବାହ,వివాహం,ಮದುವೆ,திருமணம்,લગ્ન,شادی
DROPOUT_REASONS,,ILLNESS,Illness,आजारीपण,बीमारी,ଅସୁସ୍ଥ,అనారోగ్యం,ಅನಾರೋಗ್ಯ,உடல்நலக்குறைவு,બિમારી,بیماری
DROPOUT_REASONS,,MIGRATION,Migration,स्थलांतर,प्रवास,ପ୍ରବାସୀ,వలస,ವಲಸೆ,இடம்பெயர்வு,સ્થળાંતર,ہجرت
DROPOUT_REASONS,,PREGNANCY,Pregnancy,गर्भधारणे,गर्भावस्था,ଗର୍ଭବତୀ,గర్భం,ಗರ್ಭಧಾರಣೆ,கர்ப்பம்,ગર્ભાવસ્થા,حمل
DROPOUT_REASONS,,DOCUMENT_ISSUE,Document issue,कागदपत्रांचा प्रश्न,दस्तावेज़ मुद्दा,ଡକ୍ୟୁମେଣ୍ଟ ସମସ୍ୟା,పత్రాల సమస్య,ದಾಖಲೆ ಸಮಸ್ಯೆ,ஆவணப் பிரச்சினை,દસ્તાવેજની સમસ્યા,دستاویز کا مسئلہ
DROPOUT_REASONS,,DISTANCE_ISSUE,Distance issue,अंतराचे प्रश्न,दूरी की समस्या,ଦୂରତା ସମସ୍ୟା,దూరం సమస్య,ದೂರ ಸಮಸ್ಯೆ,தூரப் பிரச்சினை,અંતર ની સમસ્યા,دوری کا مسئلہ
DROPOUT_REASONS,,SCHOOL_ADMISSION,School admission,शाळेची admission,स्कूल में प्रवेश,ସ୍କୁଲରେ ଭର୍ତ୍ତୀ,పాఠశాల ప్రవేశం,ಶಾಲಾ ಪ್ರವೇಶ,பள்ளி சேர்க்கை,સ્કૂલ એડમીશન,اسکول میں داخلہ
GUIDE_TOUR,,STEP_1,Welcome! Let’s take a quick tour to understand the key features that will help you with your daily tasks.,स्वागत आहे! चला तुम्हाला डॅशबोर्डशी परिचित करूया,स्वागत है! आइए आपको डैशबोर्ड से परिचित कराते हैं,"ସ୍ୱାଗତ ! ଆସନ୍ତୁ  ଏକ ତ୍ୱରିତ ଭ୍ରମଣ କରିବା, ଯାହା ଆପଣଙ୍କ ଦୈନିକ କାମରେ ସହଯୋଗ କରିବା ପାଇଁ ପ୍ରମୁଖ ବିଶେଷତାଗୁଡ଼ିକୁ ବୁଝିବାରେ ସାହାଯ୍ୟ କରିବ।",స్వాగతం! మీ రోజువారీ పనులకు సహాయపడే ముఖ్య లక్షణాలను అర్థం చేసుకోవడానికి త్వరగా చూద్దాం.,ಸ್ವಾಗತ! ಡ್ಯಾಶ್‌ಬೋರ್ಡ್‌ನೊಂದಿಗೆ ನಿಮಗೆ ಪರಿಚಯ ಮಾಡಿಕೊಳ್ಳೋಣ,வருக! டாஷ்போர்டு பற்றி உங்களுக்கு அறிமுகப்படுத்துவோம்.,"સ્વાગત છે! ચાલો એપની મુખ્ય સુવિધાઓ (ફીચર્સ) ને ઝડપથી સમજીએ, જે તમને તમારા રોજના કાર્યોમાં મદદ કરશે.
",خوش آمدید! آئیے ان اہم خصوصیات کو سمجھنے کے لیے ایک فوری دورہ کریں جو آپ کے روزمرہ کے کاموں میں آپ کی مدد کریں گی۔
GUIDE_TOUR,,STEP_2,"This section provides a quick overview of attendance trends to help you spot key insights for each center. You can mark attendance, check daily attendance percentages, and modify previous attendance for the last 7 days.",दिवसानुसार शिकणाऱ्यांची उपस्थिती पाहण्यासाठी कॅलेंडर वापरा,शिक्षार्थियों की दिन-वार उपस्थिति देखने के लिए कैलेंडर का उपयोग करें,"ଏହି ବିଭାଗଟି ପ୍ରତିଟି ସେଣ୍ଟର ପାଇଁ ଉପସ୍ଥିତି  ଟ୍ରେଣ୍ଡ  ଗୁଡ଼ିକୁ ବୁଝିବାରେ ସହାୟକ ହେବା ପାଇଁ ଏକ ତ୍ୱରିତ ଅଭିମୁଖ୍ୟ ଦେଇଥାଏ। ଆପଣ ଏଠାରୁ ଉପସ୍ଥିତି  ମାର୍କ କରିପାରିବେ,  ପ୍ରତିଦିନ ଉପସ୍ଥିତି,  ପ୍ରତିଶତ ଯାଞ୍ଚ କରିପାରିବେ, ଏବଂ ଶେଷ 7 ଦିନର ଉପସ୍ଥିତିକୁ ସମ୍ପାଦନ କରିପାରିବେ।","ఈ విభాగం ప్రతి కేంద్రానికి ముఖ్యమైన అంతర్దృష్టులను గుర్తించడంలో మీకు సహాయపడటానికి హాజరు ధోరణుల యొక్క త్వరిత అవలోకనాన్ని అందిస్తుంది. మీరు హాజరును గుర్తించవచ్చు, రోజువారీ హాజరు శాతాలను తనిఖీ చేయవచ్చు మరియు గత 7 రోజులకు సంబంధించిన మునుపటి హాజరును సవరించవచ్చు.",ಕಲಿಯುವವರ ದಿನವಾರು ಹಾಜರಾತಿಯನ್ನು ವೀಕ್ಷಿಸಲು ಕ್ಯಾಲೆಂಡರ್ ಬಳಸಿ,"இந்த பகுதி ஒவ்வொரு மையத்தின் வருகை விவரங்களை விரைவாகப் பார்வையிட உதவுகிறது. வருகையைப் பதிவு செய்யவும், தினசரி வருகை சதவீதத்தைச் சரிபார்க்கவும், கடந்த 7 நாட்களின் வருகைப் பதிவுகளைத் திருத்தவும் முடியும்.","આ વિભાગ હાજરીના પ્રવાહ (ટ્રેન્ડ્સ) ની ઝડપી ઝલક આપે છે, જે તમને દરેક કેન્દ્ર માટેના મુખ્ય તારણો સમજવામાં મદદ કરશે. તમે હાજરી પૂરી શકો છો, દૈનિક હાજરીની ટકાવારી ચકાસી શકો છો, અને છેલ્લા ૭ (સાત) દિવસની અગાઉની હાજરીમાં ફેરફાર કરી શકો છો.
",یہ سیکشن حاضری کے رجحانات کا فوری جائزہ فراہم کرتا ہے تاکہ آپ کو ہر مرکز کے لیے اہم بصیرتیں تلاش کرنے میں مدد ملے۔ آپ حاضری کو نشان زد کر سکتے ہیں، روزانہ حاضری کا فیصد چیک کر سکتے ہیں، اور پچھلے 7 دنوں کی حاضری میں ترمیم کر سکتے ہیں۔
GUIDE_TOUR,,STEP_3,Access the full calendar to track learners' attendance for any month and see who was present or absent each day.,प्रत्येक केंद्राची दैनंदिन उपस्थिती टक्यांची तपासणी करा,प्रत्येक केंद्र के लिए दैनिक उपस्थिति प्रतिशत की जाँच करें,"କୌଣସି ମାସର ଶିକ୍ଷାର୍ଥୀ ଉପସ୍ଥିତି  ଟ୍ରାକ୍‌ କରିବା ପାଇଁ ପୂରା କ୍ୟାଲେଣ୍ଡରକୁ ଆକ୍ସେସ୍ କରନ୍ତୁ ଏବଂ ପ୍ରତିଦିନ କିଏ ଉପସ୍ଥିତ ଥିଲେ ଏବଂ କିଏ  ଅନୁପସ୍ଥିତ ଥିଲେ, ତାହା ଦେଖନ୍ତୁ।",ఏదైనా నెలకు అభ్యాసకుల హాజరును ట్రాక్ చేయడానికి మరియు ప్రతి రోజు ఎవరు హాజరయ్యారు లేదా గైర్హాజరయ్యారు అని చూడటానికి పూర్తి క్యాలెండర్‌ను యాక్సెస్ చేయండి.,ಪ್ರತಿ ಕೇಂದ್ರಕ್ಕೆ ದೈನಂದಿನ ಹಾಜರಾತಿ ಶೇಕಡಾವಾರು ಪರಿಶೀಲಿಸಿ,"முழு காலெண்டரை அணுகி, எந்த மாதத்திற்கும் மாணவர்களின் வருகையை கண்காணித்து ஒவ்வொரு நாளும் யார் வந்தார்களோ அல்லது இல்லையோ பார்க்கலாம்.","કોઈપણ મહિના માટે લર્નર્સ ની હાજરી ટ્રૅક કરવા અને દરરોજ કોણ હાજર કે ગેરહાજર હતું તે જોવા માટે સંપૂર્ણ કૅલેન્ડર જુઓ.
",لرنرس کی  کسی بھی مہینے کی حاضری کو ٹریک کرنے کے لیے مکمل کیلنڈر تک رسائی حاصل کریں اور دیکھیں کہ کون ہر روز حاضر یا غیر حاضر تھا۔
GUIDE_TOUR,,STEP_4,"Use this button to view a detailed overview of center attendance and see a list of learners categorized by low, average, and good attendance for any custom date range.",प्रत्येक दिवसाच्या शिकणाऱ्यांची उपस्थिती चिन्हांकित करा,शिक्षार्थियों की प्रत्येक दिन की उपस्थिति को चिह्नित करें,"ଏହି ବଟନ୍‌ ବ୍ୟବହାର କରି ସେଣ୍ଟର ଉପସ୍ଥିତିର ବିସ୍ତୃତ ଅଭିମୁଖ୍ୟ ଦେଖନ୍ତୁ ଏବଂ ନିଜସ୍ବ ଚୟନ  ତାରିଖ ଅନୁସାରେ କମ୍‌, ସାଧାରଣ ଏବଂ ଭଲ ଉପସ୍ଥିତି  ଥିବା ଶିକ୍ଷାର୍ଥୀମାନଙ୍କ ତାଲିକା ଦେଖନ୍ତୁ।","ఈ బటన్‌ను ఉపయోగించి కేంద్రం హాజరు యొక్క వివరణాత్మక అవలోకనాన్ని చూడండి మరియు ఏదైనా అనుకూల తేదీ పరిధికి తక్కువ, సగటు మరియు మంచి హాజరు ద్వారా వర్గీకరించబడిన అభ్యాసకుల జాబితాను చూడండి.",ಪ್ರತಿ ದಿನದ ಕಲಿಯುವವರ ಹಾಜರಾತಿಯನ್ನು ಗುರುತಿಸಿ,"இந்த பொத்தானைப் பயன்படுத்தி, குறிப்பிட்ட தேதி வரம்பிற்கான மையத்தின் வருகை விவரங்களை விரிவாகப் பார்க்கலாம். மேலும், குறைந்த, சராசரி மற்றும் நல்ல வருகை கொண்ட மாணவர்களின் பட்டியலையும் காணலாம்.","કોઈપણ પસંદ કરેલા સમયગાળા (ડેટ રેન્જ) માટે કેન્દ્રની હાજરીની વિગતવાર માહિતી જોવા અને ઓછી, મધ્યમ તથા સારી હાજરીના આધારે વર્ગીકૃત કરાયેલા લર્નર્સ ની યાદી જોવા માટે આ બટનનો ઉપયોગ કરો.
",مرکز کی حاضری کا تفصیلی جائزہ دیکھنے کے لیے اس بٹن کا استعمال کریں اور کسی بھی حسب ضرورت تاریخ کی حد کے لیے کم، اوسط، اور اچھی حاضری کے لحاظ سے درجہ بندی شدہ لر نرس کی فہرست دیکھیں۔
GUIDE_TOUR,,STEP_5,Update your preferred language anytime from here.,मागील {{numberOfDays}} दिवसांमधील केंद्राची उपस्थिती तपासा,पिछले {{numberOfDays}} दिनों में केंद्र की उपस्थिति की जाँच करें,ଆପଣଙ୍କ ପସନ୍ଦର ଭାଷାକୁ ଯେକୋଣସି ସମୟରେ ଏଠାରୁ ଅପଡେଟ୍ କରନ୍ତୁ।,మీకు ఇష్టమైన భాషను ఇక్కడ నుండి ఎప్పుడైనా నవీకరించండి.,ಕಳೆದ {{numberOfDays}} ದಿನಗಳಲ್ಲಿ ಕೇಂದ್ರದ ಹಾಜರಾತಿಯನ್ನು ಪರಿಶೀಲಿಸಿ,உங்கள் விருப்ப மொழியை எப்போதும் இங்கிருந்து புதுப்பிக்கலாம்.,"તમારી પસંદગીની ભાષા ગમે ત્યારે અહીંથી અપડેટ કરો.
",یہاں سے کسی بھی وقت اپنی پسند کی زبان کو اپ ڈیٹ کریں۔
GUIDE_TOUR,,STEP_6,Access data from the current or past years by selecting a year from this dropdown,मागील {{numberOfDays}} दिवसांमधील कमी उपस्थिती असलेले शिकणारे पाहा,पिछले {{numberOfDays}} दिनों में कम उपस्थिति वाले शिक्षार्थियों को देखें,ଏହି ଡ୍ରପ୍‌ଡାଉନ୍‌ରୁ ଗୋଟିଏ ବର୍ଷ ଚୟନ କରି ବର୍ତ୍ତମାନ ବା ପୂର୍ବବର୍ଷର ତଥ୍ୟ ଆକ୍ସେସ୍ କରନ୍ତୁ।,ఈ డ్రాప్‌డౌన్ నుండి ఒక సంవత్సరాన్ని ఎంచుకోవడం ద్వారా ప్రస్తుత లేదా గత సంవత్సరాల నుండి డేటాను యాక్సెస్ చేయండి,ಕಳೆದ {{numberOfDays}} ದಿನಗಳಲ್ಲಿ ಕಡಿಮೆ ಹಾಜರಾತಿ ಹೊಂದಿರುವ ಕಲಿಯುವವರನ್ನು ವೀಕ್ಷಿಸಿ,"இந்த பட்டியலில் இருந்து ஆண்டைத் தேர்ந்தெடுத்து, நடப்பு அல்லது முந்தைய ஆண்டுகளின் தரவுகளைப் பார்க்கலாம்.","આ ડ્રોપડાઉનમાંથી વર્ષ પસંદ કરીને ચાલુ વર્ષ અથવા ભૂતકાળના વર્ષોનો ડેટા (માહિતી) જુઓ.
",اس ڈراپ ڈاؤن سے ایک سال منتخب کرکے موجودہ یا پچھلے سالوں کے ڈیٹا تک رسائی حاصل کریں۔
GUIDE_TOUR,,STEP_7,"Access your teaching centers and manage tasks like adding, editing, or removing learners, marking dropouts, and reassigning centers or blocks. You can also easily schedule online or offline sessions for your subjects.","आपल्या अध्यापन केंद्रांना प्रवेश करा आणि शिकणाऱ्यांना जोडणे, संपादित करणे किंवा काढून टाकणे, ड्रॉपआउट चिन्हांकित करणे आणि केंद्रे किंवा ब्लॉक्स पुन्हा नियुक्त करणे यासारख्या कार्ये व्यवस्थापित करा. आपण आपल्या विषयांसाठी ऑनलाइन किंवा ऑफलाइन सत्रे देखील सहजपणे शेड्यूल करू शकता.","अपने शिक्षण केंद्रों तक पहुंचें और सीखने वालों को जोड़ने, संपादित करने या हटाने, ड्रॉपआउट चिह्नित करने और केंद्रों या ब्लॉक्स को पुनः आवंटित करने जैसे कार्यों का प्रबंधन करें। आप अपने विषयों के लिए ऑनलाइन या ऑफलाइन सत्र भी आसानी से शेड्यूल कर सकते हैं।","ଆପଣଙ୍କର ଶିକ୍ଷାଦାନ କେନ୍ଦ୍ରଗୁଡିକୁ ପ୍ରବେଶ କରନ୍ତୁ ଏବଂ ଶିକ୍ଷାର୍ଥୀମାନଙ୍କୁ ଯୋଡିବା , ସମ୍ପାଦାନ କରିବା କିମ୍ବା ଅପସାରଣ କରିବା, ଡ୍ରପଅଇଟ୍ ଚିହ୍ନଟ କରିବା ଏବଂ କେନ୍ଦ୍ର କିମ୍ବା ବ୍ଲକଗୁଡିକୁ ପୁଣି ନ୍ୟସ୍ତ କରିବା ଭଳି କାର୍ଯ୍ୟଗୁଡିକୁ ପରିଚାଳନା କରନ୍ତୁ l ଆପଣ ନିଜ ବିଷୟ ପାଇଁ ସହଜରେ ଅନଲାଇନ କିମ୍ବା ଅଫଲାଇନ ଅଧିବେଶନ ମଧ୍ୟ ନିର୍ଦ୍ଧାରଣ କରିପାରିବେ l ","మీ బోధనా కేంద్రాలను యాక్సెస్ చేయండి మరియు అభ్యాసకులను జోడించడం, సవరించడం, తొలగించడం, మానేసిన వారిని గుర్తించడం మరియు కేంద్రాలు లేదా బ్లాక్‌లను తిరిగి కేటాయించడం వంటి పనులను నిర్వహించండి. మీరు మీ సబ్జెక్టుల కోసం ఆన్‌లైన్ లేదా ఆఫ్‌లైన్ సెషన్‌లను కూడా సులభంగా షెడ్యూల్ చేయవచ్చు.","ನಿಮ್ಮ ಬೋಧನಾ ಕೇಂದ್ರಗಳನ್ನು ಪ್ರವೇಶಿಸಿ ಮತ್ತು ಕಲಿಯುವವರನ್ನು ಸೇರಿಸುವುದು, ಎಡಿಟ್  ಅಥವಾ ತೆಗೆದುಹಾಕುವುದು, ಡ್ರಾಪ್ಔಟ್‌ಗಳನ್ನು ಗುರುತಿಸುವುದು ಮತ್ತು ಕೇಂದ್ರಗಳು ಅಥವಾ ಬ್ಲಾಕ್‌ಗಳನ್ನು ಮರು ನಿಯೋಜಿಸುವಂತಹ ಕಾರ್ಯಗಳನ್ನು ನಿರ್ವಹಿಸಿ. ನಿಮ್ಮ ವಿಷಯಗಳಿಗೆ ಆನ್‌ಲೈನ್ ಅಥವಾ ಆಫ್‌ಲೈನ್  ಸೆಷನ್ ಗಳನ್ನು ಸಹ ನೀವು ಸುಲಭವಾಗಿ ನಿಗದಿಪಡಿಸಬಹುದು.","இந்த பகுதியில் உங்கள் கற்பித்தல் மையங்களை அணுகி, மாணவர்களைச் சேர்த்தல், திருத்தல், நீக்கல், டிராப்-அவுட் எனக் குறித்தல், மற்றும் மையங்கள் அல்லது வட்டங்களை மறுஒதுக்கீடு செய்தல் போன்ற பணிகளை நிர்வகிக்கலாம். மேலும், உங்கள் பாடங்களுக்கான ஆன்லைன் அல்லது ஆஃப்லைன் அமர்வுகளை எளிதாகத் திட்டமிடலாம்.","તમારા શિક્ષણ કેન્દ્રોને ઍક્સેસ કરો અને શીખનારાઓને ઉમેરવા, સંપાદિત કરવા અથવા કાઢી નાખવા, ડ્રોપઆઉટ્સને ચિહ્નિત કરવા અને કેન્દ્રો અથવા બ્લોક્સને ફરીથી ફાળવવા જેવા કાર્યોનું સંચાલન કરો. તમે તમારા વિષયો માટે ઑનલાઇન અથવા ઑફલાઇન સત્રો સરળતાથી શેડ્યૂલ કરી શકો છો.",اپنے تدریسی مراکز تک رسائی حاصل کریں اور لرنرس کو شامل کرنے، ترمیم کرنے یا ہٹانے، چھوڑنے والوں کو نشان زد کرنے اور مراکز یا بلاکس کو دوبارہ تفویض کرنے جیسے کاموں کا نظم کریں۔ آپ اپنے مضامین کے لیے آسانی سے آن لائن یا آف لائن سیشنز بھی ترتیب دے سکتے ہیں۔ 
GUIDE_TOUR,,STEP_8,"Fill out surveys for individual learners, facilitators, or centers within their due date","वैयक्तिक शिकणारे, सुविधा प्रदान करणारे किंवा केंद्रे यांच्यासाठी सर्वेक्षण त्यांच्या अंतिम तारखेपूर्वी भरा.","व्यक्तिगत शिक्षार्थियों, फैसिलिटेटर ओं या केंद्रों के लिए उनके नियत तारीख के भीतर सर्वेक्षण भरें।","ବ୍ୟକ୍ତିଗତ ଶିକ୍ଷାର୍ଥୀ, ଫେସିଲିଟରବୃନ୍ଦ କିମ୍ବା କେନ୍ଦ୍ରଗୁଡିକ ପାଇଁ ଧାର୍ଯ୍ୟ ତାରିଖ ମଧ୍ୟରେ ସର୍ଭେ ପୂରଣ କରନ୍ତୁ ","వ్యక్తిగత అభ్యాసకులు, ఫెసిలిటేటర్లు లేదా కేంద్రాల కోసం వాటి గడువు తేదీలోపు సర్వేలను పూరించండి","ವೈಯಕ್ತಿಕ ಕಲಿಯುವವರು, ಸಹಾಯಕರು ಅಥವಾ ಕೇಂದ್ರಗಳಿಗೆ ಅವರ ನಿಗದಿತ ದಿನಾಂಕದೊಳಗೆ ಸಮೀಕ್ಷೆಗಳನ್ನು ಭರ್ತಿ ಮಾಡಿ.","மாணவர்கள், ஆசிரியர்கள் அல்லது மையங்களின் கணக்கெடுப்புகளை குறிப்பிட்ட தேதிக்குள் நிரப்பவும்.","વ્યક્તિગત શીખનારાઓ, ફેસિલિટેટરો અથવા કેન્દ્રો માટે તેમની નિયત તારીખમાં સર્વેક્ષણો ભરો",انفرادی لرنرس ، فیسلیٹیٹر، یا مراکز کے لیے ان کی مقررہ تاریخ کے اندر سروے پُر کریں۔
GUIDE_TOUR,,STEP_9,"Access the full academic year’s course plan for each subject, along with resources like videos and documents for every topic. Track your teaching progress by updating topic completion status.","प्रत्येक विषयासाठी पूर्ण शैक्षणिक वर्षाचा अभ्यासक्रम योजना, तसेच प्रत्येक विषयासाठी व्हिडिओ आणि दस्तऐवजांसारख्या संसाधनांचा प्रवेश घ्या. विषय पूर्ण होण्याची स्थिती अद्यतनित करून आपली अध्यापन प्रगती ट्रॅक करा.","प्रत्येक विषय के लिए पूर्ण शैक्षिक वर्ष की पाठ्य योजना तक पहुंचें, साथ ही प्रत्येक विषय के लिए वीडियो और दस्तावेज़ जैसे संसाधनों तक। विषय पूर्णता की स्थिति को अपडेट करके अपनी शिक्षण प्रगति को ट्रैक करें।",ପ୍ରତ୍ୟେକ ବିଷୟ ପାଇଁ ଭିଡିଓ ଏବଂ ଡକ୍ୟୁମେଣ୍ଟ ପରି ଉତ୍ସ ସହିତ ପ୍ରତ୍ୟେକ ବିଷୟ ପାଇଁ ପୂର୍ଣ୍ଣ ଶିକ୍ଷାବର୍ଷର ପାଠ୍ୟକ୍ରମ ଯୋଜନାକୁ ପ୍ରବେଶ କରନ୍ତୁ l ବିଷୟ ସମାପ୍ତି ସ୍ଥିତିକୁ ଅଦ୍ୟତନ କରି ଆପଣଙ୍କର ଶିକ୍ଷାଦାନର ଅପଡେଟ  ଟ୍ରାକ୍ କରନ୍ତୁ l,"ప్రతి సబ్జెక్టుకు సంబంధించిన పూర్తి విద్యా సంవత్సరపు కోర్సు ప్రణాళికను, ప్రతి అంశానికి సంబంధించిన వీడియోలు మరియు పత్రాలు వంటి వనరులతో పాటు యాక్సెస్ చేయండి. అంశం పూర్తయిన స్థితిని నవీకరించడం ద్వారా మీ బోధనా పురోగతిని ట్రాక్ చేయండి.","ಪ್ರತಿಯೊಂದು ವಿಷಯಕ್ಕೂ ವೀಡಿಯೊಗಳು ಮತ್ತು ದಾಖಲೆಗಳಂತಹ ಸಂಪನ್ಮೂಲಗಳೊಂದಿಗೆ, ಪ್ರತಿಯೊಂದು ವಿಷಯಕ್ಕೂ ಪೂರ್ಣ ಶೈಕ್ಷಣಿಕ ವರ್ಷದ ಕೋರ್ಸ್ ಯೋಜನೆಯನ್ನು ಪ್ರವೇಶಿಸಿ. ವಿಷಯ ಪೂರ್ಣಗೊಳಿಸುವಿಕೆಯ ಸ್ಥಿತಿಯನ್ನು ನವೀಕರಿಸುವ ಮೂಲಕ ನಿಮ್ಮ ಬೋಧನಾ ಪ್ರಗತಿಯನ್ನು ಟ್ರ್ಯಾಕ್ ಮಾಡಿ.","ஒவ்வொரு பாடத்திற்கும் முழு கல்வியாண்டு பாடத் திட்டத்தையும், ஒவ்வொரு தலைப்புக்கும் வீடியோக்கள் மற்றும் ஆவணங்கள் போன்ற வளங்களையும் அணுகவும். தலைப்பு முடிவு  நிலையைப் புதுப்பிப்பதன் மூலம் உங்கள் கற்பித்தல் முன்னேற்றத்தைக் கண்காணிக்கவும்.",દરેક વિષય માટે વિડિઓઝ અને દસ્તાવેજો જેવા સંસાધનો સાથે દરેક વિષય માટે સંપૂર્ણ શૈક્ષણિક વર્ષના અભ્યાસક્રમ યોજનાને ઍક્સેસ કરો. વિષય પૂર્ણતાની સ્થિતિ અપડેટ કરીને તમારી શિક્ષણ પ્રગતિને ટ્રૅક કરો.,ہر موضوع کے تعلیمی سال کے کورس پلان كے ساتھ  ہی ہر موضوع کے وسائل جیسے ویڈیوز اور دستاویزات تک رسائی حاصل کریں  ۔ موضوع کی تکمیل کی حیثیت کو اپ ڈیٹ کرکے اپنی تدریسی پیشرفت کو ٹریک کریں۔
GUIDE_TOUR,,STEP_10,"View detailed scores and summaries of Pre and Post tests for each learner. Track which students have completed, are in progress or yet to start the test.","प्रत्येक शिकणाऱ्यासाठी पूर्व आणि पश्चात चाचण्यांचे तपशीलवार गुण आणि सारांश पहा. कोणत्या विद्यार्थ्यांनी चाचणी पूर्ण केली आहे, प्रगतीत आहे किंवा अद्याप सुरू करायची आहे हे ट्रॅक करा.","प्रत्येक शिक्षार्थी के प्री और पोस्ट टेस्ट के विस्तृत अंक और सारांश देखें। यह ट्रैक करें कि कौन से विद्यार्थी टेस्ट पूरा कर चुके हैं, प्रगति में हैं या अभी तक शुरू नहीं किया है।","ପ୍ରତ୍ୟେକ ଶିକ୍ଷାର୍ଥୀ ପାଇଁ ପ୍ରି ଏବଂ ପୋଷ୍ଟ ପରୀକ୍ଷଣର ବିସ୍ତୃତ ସ୍କୋର ଏବଂ ସାରାଂଶ ଦେଖନ୍ତୁ l ଟ୍ରାକ କରନ୍ତୁ  ଯେଉଁ ଶିକ୍ଷାର୍ଥୀମାନେ ସମାପ୍ତ କରିଛନ୍ତି , ଅଗ୍ରଗତି କରିଛନ୍ତି କିମ୍ବା ଏ ପର୍ଯ୍ୟନ୍ତ ପରୀକ୍ଷ ଆରମ୍ଭ କରିବାକୁ ଯାଉଛନ୍ତି l ","ప్రతి అభ్యాసకుడికి ప్రీ మరియు పోస్ట్ పరీక్షల యొక్క వివరణాత్మక స్కోర్‌లు మరియు సారాంశాలను వీక్షించండి. ఏ విద్యార్థులు పరీక్షను పూర్తి చేశారు, పురోగతిలో ఉన్నారు లేదా ఇంకా ప్రారంభించలేదు అని ట్రాక్ చేయండి.","ಪ್ರತಿ ಕಲಿಯುವವರ ಪೂರ್ವ ಮತ್ತು ನಂತರದ ಪರೀಕ್ಷೆಗಳ ವಿವರವಾದ ಅಂಕಗಳು ಮತ್ತು ಸಾರಾಂಶಗಳನ್ನು ವೀಕ್ಷಿಸಿ. ಯಾವ ವಿದ್ಯಾರ್ಥಿಗಳು ಪೂರ್ಣಗೊಳಿಸಿದ್ದಾರೆ, ಪ್ರಗತಿಯಲ್ಲಿದ್ದಾರೆ ಅಥವಾ ಇನ್ನೂ ಪರೀಕ್ಷೆಯನ್ನು ಪ್ರಾರಂಭಿಸಬೇಕಾಗಿದೆ ಎಂಬುದನ್ನು ಟ್ರ್ಯಾಕ್ ಮಾಡಿ.","ஒவ்வொரு மாணவருக்கும்  முந்தைய மற்றும் பிந்தைய தேர்வுகளின் விரிவான மதிப்பெண்கள் மற்றும் விவரங்களை காண்க. எந்த மாணவர்கள் முடித்தார்கள், எந்த மாணவர்கள் தொடர்கிறார்கள் அல்லது இன்னும் தேர்வைத் தொடங்கவில்லை என்பதைக் கண்காணிக்கவும்.","દરેક શીખનાર માટે પૂર્વ અને પોસ્ટ પરીક્ષણોના વિગતવાર સ્કોર્સ અને સારાંશ જુઓ. કયા વિદ્યાર્થીઓએ પરીક્ષા પૂર્ણ કરી છે, પ્રગતિમાં છે અથવા હજુ સુધી શરૂ કરવાની બાકી છે તે ટ્રૅક કરો.",ہر لرنر کے  پری اور پوسٹ ٹیسٹ کے تفصیلی اسکور اور خلاصے دیکھیں۔ ٹریک کریں کہ کون سے طلباء نے مکمل کیا ہے، کہ کون سے طلباء كا جاری ہے یا ابھی ٹیسٹ شروع کرنا ہے۔
GUIDE_TOUR,,STEP_11,Track and update each learner’s board exam enrollment status,प्रत्येक शिकणाऱ्याच्या बोर्ड परीक्षा नोंदणी स्थितीचे ट्रॅक आणि अद्यतन करा.,प्रत्येक शिक्षार्थी की बोर्ड परीक्षा नामांकन स्थिति को ट्रैक और अपडेट करें।,ପ୍ରତ୍ୟେକ ଶିକ୍ଷାର୍ଥୀଙ୍କର ବୋର୍ଡ ପରୀକ୍ଷା ନାମଲେଖା ସ୍ଥିତିକୁ ଟ୍ରାକ ଏବଂ ଅପଡେଟ୍ କରନ୍ତୁ,ప్రతి అభ్యాసకుడి బోర్డు పరీక్ష నమోదు స్థితిని ట్రాక్ చేయండి మరియు నవీకరించండి,ಪ್ರತಿಯೊಬ್ಬ ಕಲಿಯುವವರ ಬೋರ್ಡ್ ಪರೀಕ್ಷೆಯ ದಾಖಲಾತಿ ಸ್ಥಿತಿಯನ್ನು ಟ್ರ್ಯಾಕ್ ಮಾಡಿ ಮತ್ತು ನವೀಕರಿಸಿ,ஒவ்வொரு மாணவரின்  பொதுத் தேர்வு சேர்க்கை நிலையைக் கண்காணித்து பதிவேற்றவும்.,દરેક શીખનારની બોર્ડ પરીક્ષા નોંધણી સ્થિતિને ટ્રૅક કરો અને અપડેટ કરો,ہر سیکھنے والے کے بورڈ امتحان میں اندراج کی حیثیت کو ٹریک اور اپ ڈیٹ کریں۔
GUIDE_TOUR,,PREVIOUS,Previous,मागील,पिछला,ପୂର୍ବରୁ,మునుపటిది,ಹಿಂದಿನ,முந்தையது,પાછળ નું,پچھلا
GUIDE_TOUR,,NEXT,Next,पुढे,अगला,ପରବର୍ତୀ,తదుపరిది,ಮುಂದಿನ,அடுத்து,આગળ નું,اگلا
GUIDE_TOUR,,SKIP,Skip,उत्सुकतेने,छोड़ें,ଛାଡନ୍ତୁ,దాటవేయి,ಸ್ಕಿಪ್,தவிர்,છોડો,چھوڑیں۔
GUIDE_TOUR,,FINISH,Finish,पूर्ण करा,समाप्त,ସମାପ୍ତ,పూర్తి చేయండి,ಮುಗಿಸು,முடிக்க,સમાપ્ત કરો,ختم کرنا
GUIDE_TOUR,,LEARN_HOW_TO_USE,Learn how to use,कसे वापरायचे ते शिका," कैसे उपयोग करें, यह सीखें","ବ୍ୟବହାର କିପରି କରିବେ, ଶିଖିବେ ।",ఎలా ఉపయోగించాలో తెలుసుకోండి,ಹೇಗೆ ಬಳಸಬೇಕೆಂದು ತಿಳಿಯಿರಿ,எப்படி பயன்படுத்துவது என்பதை கற்க.,કેવી રીતે ઉપયોગ કરવો તે જાણો,استعمال کرنے کا طریقہ سیکھیں۔
BLOCKS,,TEACHING_BLOCKS,Teaching Blocks,शिक्षण ब्लॉक्स,शिक्षण ब्लॉक्स,ଶିକ୍ଷା ବ୍ଲକସ,బోధనా బ్లాక్‌లు,ಬೋಧನಾ ಬ್ಲಾಕ್‌ಗಳು,கற்பித்தல் வட்டங்கள்,ટીચિંગ બ્લોકસ,ٹیچنگ بلاکس
BLOCKS,,SEARCH,Search..,शोधा..,खोजें..,ସନ୍ଧାନ କରନ୍ତୁ..,వెతకండి / శోధించండి,ಹುಡುಕಿ,தேடு..,શોધો..,تلاش کریں..
BLOCKS,,CREATE_NEW,Create New,नवीन तयार करा,नया निर्माण,"ଏକ ନୂତନ, ଶକ୍ତିଶାଳୀ ପାସୱାର୍ଡ ସୃଷ୍ଟି କରନ୍ତୁ ଯାହାକୁ ଆପଣ ଅନ୍ୟ ୱେବସାଇଟରେ ବ୍ୟବହାର କରନ୍ତି ନାହିଁ","మీరు ఇతర వెబ్‌సైట్‌లకు ఉపయోగించని కొత్త, బలమైన పాస్‌వర్డ్‌ను సృష్టించండి","ನೀವು ಇತರ ವೆಬ್‌ಸೈಟ್‌ಗಳಿಗೆ ಬಳಸದ ಹೊಸ, ಬಲಿಷ್ಠ ಪಾಸ್‌ವರ್ಡ್ ಅನ್ನು ರಚಿಸಿ.",புதியதை உருவாக்கவும்,"નવો, મજબૂત પાસવર્ડ બનાવો જેનો તમે અન્ય વેબસાઇટ્સ માટે ઉપયોગ કરતા નથી",نیا بنائیں
BLOCKS,,NEW_BLOCK,New Block,नवीन ब्लॉक,नया ब्लॉक,ନୂଆ ବ୍ଲକ୍,కొత్త బ్లాక్,ಹೊಸ ಬ್ಲಾಕ್ ಅನ್ನು ರಚಿಸಿ,புதிய வட்டம்,નવો બ્લોક,نیا بلاک
BLOCKS,,BLOCK_NAME,Block Name,ब्लॉकचे नाव,ब्लॉक का नाम,ବ୍ଲକ୍ ନାମ,బ్లాక్ పేరు,ಬ್ಲಾಕ್ ಹೆಸರು,வட்டத்தின் பெயர்,બ્લોક નું નામ,بلاک کا نام
BLOCKS,,CREATE,Create,तयार करा,बनाएँ,ସୃଷ୍ଟି କରନ୍ତୁ,సృష్టించండి,ರಚಿಸಿ,உருவாக்கவும்,બનાવો,بنائیں
BLOCKS,,SEARCH_BLOCKS,Search Blocks,ब्लॉक्स शोधा,ब्लॉक खोजें,ବ୍ଲକ୍‌ ଖୋଜନ୍ତୁ,బ్లాక్‌లను వెతకండి,ಹುಡುಕಾಟ ಬ್ಲಾಕ್‌ಗಳನ್ನು,வட்டங்களைத் தேடு,બ્લોકસ શોધો,بلاکس تلاش کریں۔
BLOCKS,,REASSIGN_BLOCK_REQUESTED,Reassign Block Requested Successfully!,ब्लॉक पुन्हा नियुक्त करण्याची विनंती यशस्वीरित्या केली गेली आहे!,ब्लॉक को फिर से असाइन करने की अनुरोध सफलतापूर्वक भेजी गई!,ବ୍ଲକ୍ ପୁନଃବଣ୍ଟନ ପାଇଁ ଅନୁରୋଧ ସଫଳତାର ସହିତ ପଠାଯାଇଛି!,బ్లాక్‌ను తిరిగి కేటాయించాలని విజయవంతంగా అభ్యర్థించబడింది!,ಬ್ಲಾಕ್ ಅನ್ನು ಮರುಹೊಂದಿಸಲು ಯಶಸ್ವಿಯಾಗಿ ವಿನಂತಿಸಲಾಗಿದೆ!,வட்டத்தை மீண்டும் ஒதுக்க கோரப்பட்டது!,ફરીથી અસાઇન બ્લોકની વિનંતી સફળતાપૂર્વક કરી!,بلاک کو دوبارہ تفویض کرنے کی درخواست کامیابی کے ساتھ کی گئی!
CENTERS,,CENTERS,Centers,केंद्रे,केंद्र,କେନ୍ଦ୍ରଗୁଡିକ,కేంద్రాలు,ಕೇಂದ್ರಗಳು,மையங்கள்,સેન્ટર્સ,مراکز
CENTERS,,REGULAR_CENTERS,Regular Centers,सामान्य केंद्रे,नियमित केंद्र,ସାଧାରଣ କେନ୍ଦ୍ର,రెగ్యులర్ కేంద్రాలు,ರೆಗ್ಯುಲರ್  ಕೇಂದ್ರಗಳು,ரெகுலர் மையங்கள்,નિયમિત સેન્ટર્સ,باقاعدہ مراکز
CENTERS,,REMOTE_CENTERS,Remote Centers,दूरस्थ केंद्रे,दूरस्थ केंद्र,ରିମୋଟ  କେନ୍ଦ୍ରଗୁଡିକ ,రిమోట్ కేంద్రాలు,ರಿಮೋಟ್ ಕೇಂದ್ರಗಳು ,ரிமோட் மையங்கள்,રીમોટ સેન્ટર્સ,دور دراز مراکز
CENTERS,,REMOTE_CENTER,Remote Center,दूरस्थ केंद्र,दूरस्थ केंद्र,ରିମୋଟ  କେନ୍ଦ୍ର,రిమోట్ కేంద్రం,ರಿಮೋಟ್ ಕೇಂದ್ರ,ரிமோட் மையம்,રીમોટ સેન્ટર,ریموٹ سینٹر
CENTERS,,REGULAR,Regular,सामान्य,नियमित,ସାଧାରଣ,రెగ్యులర్,ರೆಗ್ಯುಲರ್,ரெகுலர்,નિયમિત,باقاعدہ
CENTERS,,REMOTE,Remote,दूरस्थ,दूरस्थ,ଦୂରସ୍ଥ,రిమోట్,ರಿಮೋಟ್,ரிமோட்,રીમોટ,ریموٹ
CENTERS,,SEARCH_BLOCKS,Search Blocks,ब्लॉक्स शोधा,ब्लॉक्स खोजें,ବ୍ଲକ୍‌ ଖୋଜନ୍ତୁ,బ్లాక్‌లను వెతకండి,ಹುಡುಕಾಟ ಬ್ಲಾಕ್‌ಗಳನ್ನು,வட்டங்களைத் தேடு,બ્લોકસ શોધો,بلاکس تلاش کریں۔
CENTERS,,SEARCH_CENTERS,Search Centers,केंद्र शोधा,केंद्र खोजें,କେନ୍ଦ୍ର ଖୋଜ |,కేంద్రాలను వెతకండి,ಸರ್ಚ್ ಸೆಂಟರ್,மையங்களைத் தேடு,સેન્ટર્સ શોધો,تلاش کے مراکز
CENTERS,,BLOCK_REQUEST,You are sending a request to the state Team Leader to re-assign the Block to this user,तुम्ही राज्य टीम लीडरकडे ब्लॉक हा वापरकर्त्याला पुन्हा नियुक्त करण्याची विनंती पाठवत आहात,आप राज्य टीम लीडर को इस उपयोगकर्ता को ब्लॉक फिर से असाइन करने के लिए अनुरोध भेज रहे हैं।,ଆପଣ ଏହି ୟୁଜରକୁ  ବ୍ଲକ୍ ପୁନଃ-ସଂସ୍ଥାପନ ପାଇଁ ରାଜ୍ୟ ଟିମ୍ ଲିଡରକୁ ଅନୁରୋଧ ପଠାଉଛନ୍ତି,ఈ వినియోగదారుకు బ్లాక్‌ను తిరిగి కేటాయించడానికి మీరు రాష్ట్ర బృంద నాయకుడికి అభ్యర్థనను పంపుతున్నారు,ಈ ಯೂಸರ್ ಗೆ ಬ್ಲಾಕ್ ಅನ್ನು ಮರುಹೊಂದಿಸಲು ನೀವು ರಾಜ್ಯ ತಂಡದ ನಾಯಕರಿಗೆ ವಿನಂತಿಯನ್ನು ಕಳುಹಿಸುತ್ತಿದ್ದೀರಿ,இந்த பயனருக்கு மீண்டும் வட்டத்தை ஒதுக்குமாறு மாநில குழுத் தலைவருக்கு நீங்கள் ஒரு கோரிக்கையை அனுப்புகிறீர்கள்.,તમે આ વપરાશકર્તાને બ્લોક ફરીથી સોંપવા માટે રાજ્ય ટીમ લીડરને વિનંતી મોકલી રહ્યાં છો,آپ ریاستی ٹیم لیڈر کو اس صارف کو بلاک دوبارہ تفویض کرنے کی درخواست بھیج رہے ہیں۔
CENTERS,,NEW_CENTER,New Center,नवीन केंद्र,नया केंद्र,ନୂଆ କେନ୍ଦ୍ର,కొత్త కేంద్రం,ಹೊಸ ಕೇಂದ್ರ,புதிய மையம்,નવું સેન્ટર,نیا مرکز
CENTERS,,CENTER_TYPE,Center Type,केंद्राचा प्रकार,केंद्र प्रकार,କେନ୍ଦ୍ର ପ୍ରକାର,సెంటర్ రకం,ಸೆಂಟರ್ ಟೈಪ್,மைய வகை,સેન્ટર પ્રકાર,مرکز کی قسم
CENTERS,,UNIT_NAME,Unit Name,युनिटचे नाव,इकाई नाम,ୟୁନିଟ ନାମ,యూనిట్ పేరు,ಯುನಿಟ್  ಹೆಸರು,யூனிட் பெயர்,યુનિટ નું નામ,یونٹ کا نام
CENTERS,,NOTE,Note: This will be the center name,टीप: हे केंद्राचे नाव असेल,नोट: यह केंद्र का नाम होगा,ଟିପ୍ପଣୀ: ଏହା କେନ୍ଦ୍ରର ନାମ ହେବ,గమనిక: ఇది బ్యాచ్ పేరు అవుతుంది,ಗಮನಿಸಿ: ಇದು ಕೇಂದ್ರದ ಹೆಸರಾಗಿರುತ್ತದೆ,குறிப்பு: இது மையப் பெயராக இருக்கும்.,નોંધ: આ સેન્ટર નું નામ હશે,نوٹ: یہ مرکز کا نام ہوگا۔
CENTERS,,CENTER_CREATED,Center created successfully!,केंद्र यशस्वीरित्या तयार झाले आहे!,केंद्र सफलतापूर्वक बनाया गया!,କେନ୍ଦ୍ର ସଫଳତାର ସହିତ ସୃଷ୍ଟି କରାଗଲା!,కేంద్రం విజయవంతంగా సృష్టించబడింది!,ಕೇಂದ್ರವನ್ನು ಯಶಸ್ವಿಯಾಗಿ ರಚಿಸಲಾಗಿದೆ!,மையம் வெற்றிகரமாக உருவாக்கப்பட்டது!,સેન્ટર સફળતાપૂર્વક બનાવવામાં આવ્યું!,مرکز کامیابی کے ساتھ بنایا گیا!
CENTERS,,DUPLICATE_CENTER,Center already exists,केंद्र आधीच अस्तित्वात आहे,केंद्र पहले से ही मौजूद है,ସେଣ୍ଟର ପୂର୍ବରୁ ଅବସ୍ଥିତ ଅଛି,కేంద్రం ఇప్పటికే ఉంది,ಕೇಂದ್ರವು ಈಗಾಗಲೇ ಅಸ್ತಿತ್ವದಲ್ಲಿದೆ.,மையம் ஏற்கனவே உள்ளது.,સેન્ટર પહેલેથી અસ્તિત્વમાં છે,مرکز پہلے سے موجود ہے۔
CENTERS,,RENAME_CENTER,Rename Center,केंद्राचे नाव बदला,केंद्र का नाम बदलें,କେନ୍ଦ୍ରର ନାମ ପରିବର୍ତ୍ତନ କରନ୍ତୁ,కేంద్రం పేరు మార్చండి,ಕೇಂದ್ರವನ್ನು ಮರುಹೆಸರಿಸಲಾಗಿದೆ,மையத்தை மறுபெயரிடு,સેન્ટરનું નામ બદલો,مرکز کا نام تبدیل کریں۔
CENTERS,,REQUEST_TO_DELETE,Request to Delete,केंद्र हटविण्याची विनंती,हटाने का अनुरोध,ଡିଲିଟ କରିବାକୁ  ଅନୁରୋଧ,తొలగించడానికి అభ్యర్థన,ಅಳಿಸಲು ವಿನಂತಿ,நீக்குவதற்கான கோரிக்கை,કાઢી નાખવા વિનંતી,حذف کرنے کی درخواست
CENTERS,,RENAME,Rename,नाव बदला,नाम बदलें,ରିନେଇମ  କରନ୍ତୁ,పేరు మార్చండి,ಮರುಹೆಸರಿಸಲಾಗಿದೆ,மறுபெயரிடு,નામ બદલો,نام تبدیل کریں۔
CENTERS,,CENTER_RENAMED,Center renamed successfully!,केंद्राचे नाव यशस्वीपणे बदलले गेले!,केंद्र का नाम सफलतापूर्वक बदल दिया गया!,କେନ୍ଦ୍ରର ନାମ ସଫଳତାର ସହ ଚାଲିଛି!,కేంద్రం పేరు విజయవంతంగా మార్చబడింది!,ಕೇಂದ್ರವನ್ನು ಯಶಸ್ವಿಯಾಗಿ ಮರುಹೆಸರಿಸಲಾಗಿದೆ!,மையம் வெற்றிகரமாக மறுபெயரிடப்பட்டது!,સેન્ટરનું નામ સફળતાપૂર્વક બદલાયું!,مرکز کا نام کامیابی کے ساتھ بدل دیا گیا!
CENTERS,,SEND_REQUEST,Send Request,विनंती पाठवा,अनुरोध भेजें,ଅନୁରୋଧ ପଠାନ୍ତୁ,అభ్యర్థన పంపు,ವಿನಂತಿಯನ್ನು ಕಳುಹಿಸಿ,கோரிக்கையை அனுப்பு,વિનંતી મોકલો,درخواست بھیجیں۔
CENTERS,,REQUEST_TO_DELETE_HAS_BEEN_SENT,Request to Delete has been sent,केंद्र हटविण्याची विनंती पाठवली गेली आहे,हटाने का अनुरोध भेजा गया है,ଡିଲିଟ କରିବାକୁ  ଅନୁରୋଧ ପଠାଯାଇଛି,తొలగించడానికి అభ్యర్థన పంపబడింది,ಅಳಿಸಲು ವಿನಂತಿಯನ್ನು ಕಳುಹಿಸಲಾಗಿದೆ,நீக்குவதற்கான கோரிக்கை அனுப்பப்பட்டது.,કાઢી નાખવાની વિનંતી મોકલવામાં આવી છે,حذف کرنے کی درخواست بھیج دی گئی ہے۔
CENTERS,,YOU_ARE_SENDING_REQUEST_TO_THE_STATE_ADMIN,You are sending a request to the State Admin to delete this center,तुम्ही राज्य प्रशासनास केंद्र हटविण्यासाठी विनंती पाठवत आहात,आप राज्य प्रशासन को इस केंद्र को हटाने का अनुरोध भेज रहे हैं,ଆପଣ ଏହି କେନ୍ଦ୍ରଟିକୁ ଡିଲିଟ  କରିବା ପାଇଁ ରାଜ୍ୟ ପ୍ରଶାସନକୁ ଅନୁରୋଧ ପଠାଉଛନ୍ତି,ఈ కేంద్రాన్ని తొలగించడానికి మీరు రాష్ట్ర అడ్మిన్‌కు అభ్యర్థనను పంపుతున్నారు,ಈ ಕೇಂದ್ರವನ್ನು ಅಳಿಸಲು ನೀವು ರಾಜ್ಯ ನಿರ್ವಾಹಕರಿಗೆ ವಿನಂತಿಯನ್ನು ಕಳುಹಿಸುತ್ತಿದ್ದೀರಿ,இந்த மையத்தை நீக்க மாநில நிர்வாகிக்கு ஒரு கோரிக்கையை அனுப்புகிறீர்கள்.,તમે આ સેન્ટરના કાઢી નાખવા માટે રાજ્ય પ્રશાસકને વિનંતી મોકલી રહ્યાં છો,آپ ریاستی منتظم کو اس مرکز کو حذف کرنے کی درخواست بھیج رہے ہیں۔
CENTERS,,THE_USER_BELONGS_TO_THE_FOLLOWING_COHORT,The user belongs to the following center:,वापरकर्ता खालील कोहोर्टमध्ये संबंधित आहे:,उपयोगकर्ता निम्नलिखित समूह का सदस्य है:,ୟୁଜର ନିମ୍ନଲିଖିତ ସମୁହର ସଦସ୍ୟ:,వినియోగదారు ఈ క్రింది కేంద్రానికి చెందినవారు.,ಯೂಸರ್  ಈ ಕೆಳಗಿನ ಕೇಂದ್ರಕ್ಕೆ ಸೇರಿದವರು:,பயனர் பின்வரும் குழுவைச் சேர்ந்தவர்:,વપરાશકર્તા નીચેના સમૂહનો છે:,صارف کا تعلق درج ذیل مرکز سے ہے:
CENTERS,,PLEASE_REMOVE_THE_USER_FROM_COHORT,Please remove the user from these centers before proceeding with deletion.,केंद्र हटविण्यापूर्वी कृपया वापरकर्त्याला या कोहोर्टमधून काढा.,कृपया हटाने से पहले उपयोगकर्ता को इन समूहों से हटा दें।,ଦୟାକରି ଡିଲିଟ କରିବା  ପୂର୍ବରୁ ୟୁଜରକୁ ଏହି ସମୁହଗୁଡିକରୁ କାଢ଼ି ଦିଅନ୍ତୁ।,తొలగింపుతో కొనసాగడానికి ముందు దయచేసి ఈ కేంద్రాల నుండి వినియోగదారుని తొలగించండి.,"ಅಳಿಸುವಿಕೆಯನ್ನು ಮುಂದುವರಿಸುವ ಮೊದಲು, ದಯವಿಟ್ಟು ಈ ಕೇಂದ್ರಗಳಿಂದ ಯೂಸರ್ ನ್ನು ತೆಗೆದುಹಾಕಿ.","நீக்குதலைத் தொடர்வதற்கு முன், இந்தப் பயனர் குழுக்களிலிருந்து அவரை நீக்கவும்.",કાઢી નાખવાની પ્રક્રિયામાં આગળ વધતા પહેલા કૃપા કરીને આ સમૂહમાંથી વપરાશકર્તાને દૂર કરો,حذف کرنے کے ساتھ آگے بڑھنے سے پہلے براہ کرم صارف کو ان مراکز سے ہٹا دیں۔
CENTERS,,ERROR_EMPTY,Center name cannot be empty,केंद्राचे नाव रिक्त असू शकत नाही,केंद्र का नाम खाली नहीं हो सकता,କେନ୍ଦ୍ର ନାମ ଖାଲି ହୋଇପାରିବ ନାହିଁ |,కేంద్రం పేరు ఖాళీగా ఉండకూడదు,ಕೇಂದ್ರದ ಹೆಸರು ಖಾಲಿಯಾಗಿರಬಾರದು.,மையத்தின் பெயர் காலியாக இருக்க முடியாது,સેન્ટર નું નામ ખાલી હોઈ શકતું નથી,سنٹرکا نام خالی نہیں ہو سکتا
CENTERS,,ERROR_NUMBER,Center name cannot be number,केंद्राचे नाव क्रमांक असू शकत नाही,केंद्र का नाम संख्या नहीं हो सकता,କେନ୍ଦ୍ର ନାମ ଏକ ସଂଖ୍ୟା ହୋଇପାରିବ ନାହିଁ |,కేంద్రం పేరు సంఖ్య కాకూడదు,ಕೇಂದ್ರದ ಹೆಸರು ಸಂಖ್ಯೆಯಾಗಿರಬಾರದು.,மையத்தின் பெயர் எண்ணாக இருக்க முடியாது,સેન્ટર નું નામ નંબર હોઈ શકતું નથી,سنٹرکا نام نمبر نہیں ہو سکتا
CENTER_SESSION,,THIS_SESSION,This session,या सत्रासाठी,यह सत्र,ଏହି ସେସନ୍,ఈ సెషన్,ಈ ಸೆಶನ್ ,இந்த அமர்வு,આ સત્ર,یہ سیشن
CENTER_SESSION,,FOLLOWING_SESSIONS,This and following sessions,या आणि पुढील सत्रांसाठी,यह और आने वाले सत्र,ଏହି ଏବଂ ପରବର୍ତୀ ସେସନ୍,ఇది మరియు తదుపరి సెషన్‌లు (This is already visible in the image),ಇದು ಮತ್ತು ಮುಂದಿನ ಸೆಶನ್ ಗಳು ,இதுவும் பின்வரும் அமர்வுகளும்,આ અને નીચેના સત્રો,یہ اور اس کے بعد کے سیشن
CENTER_SESSION,,MODE_OF_SESSION,Mode of Session,सत्राची पद्धत,सत्र का मोड,ସେସନ୍ ମୋଡ୍,సెషన్ యొక్క విధానం,ಸೆಷನ್ ನ ವಿಧಾನ,அமர்வு முறை,સત્રનો મોડ,سیشن کا موڈ
CENTER_SESSION,,OFFLINE,offline,ऑफलाइन,ऑफलाइन,ଅଫ୍ଲାଇନ୍,ఆఫ్‌లైన్,ಆಫ್‌ಲೈನ್,ஆஃப்லைன்,ઓફલાઈન,آف لائن
CENTER_SESSION,,ONLINE,online,ऑनलाइन,ऑनलाइन,ଅନଲାଇନ୍,ఆన్‌లైన్,ಆನ್‌ಲೈನ್,ஆன்லைன்,ઓનલાઈન,آن لائن
CENTER_SESSION,,SUBJECT,Subject,विषय,विषय,ବିଷୟ,విషయం (సబ్జెక్ట్),ವಿಷಯ,பாடம்,વિષય,موضوع
CENTER_SESSION,,MEETING_LINK,Meeting Link,मिटिंग लिंक,बैठक लिंक,ମିଟିଙ୍ଗ  ଲିଙ୍କ,మీటింగ్ లింక్,ಮೀಟಿಂಗ್ ಲಿಂಕ್,மீட்டிங் இணைப்பு,મીટીંગ લિંક,میٹنگ لنک
CENTER_SESSION,,MEETING_PASSCODE,Meeting Passcode (if applicable),मिटिंग पासकोड (जर लागू असेल तर),बैठक पासकोड (यदि लागू हो),ମିଟିଙ୍ଗ  ପାସକୋଡ୍ (ଯଦି ପ୍ରୟୋଜନ),మీటింగ్ పాస్‌కోడ్ (వర్తిస్తే),ಮೀಟಿಂಗ್ ಪಾಸ್‌ಕೋಡ್ (ಅನ್ವಯಿಸಿದರೆ),மீட்டிங் கடவுக்குறியீடு (பொருந்தினால்),મીટિંગ પાસકોડ (જો લાગુ હોય તો),میٹنگ پاس کوڈ (اگر قابل اطلاق ہو)
CENTER_SESSION,,START_TIME,Start Time,सुरूवात वेळ,प्रारंभ समय,ଆରମ୍ଭ ସମୟ,ప్రారంభ సమయం,ಪ್ರಾರಂಭದ ಸಮಯ,தொடக்க நேரம்,પ્રારંભ સમય,آغاز کا وقت
CENTER_SESSION,,END_TIME,End Time,समाप्ती वेळ,समाप्ति समय,ସମାପ୍ତ ସମୟ,ముగింపు సమయం,ಅಂತಿಮ ಸಮಯ,முடிவு நேரம்,સમાપ્તિ સમય,اختتامی وقت
CENTER_SESSION,,START_DATE,Start Date,सुरूवात तारीख,प्रारंभ तिथि,ଆରମ୍ଭ ତାରିଖ,ప్రారంభ తేదీ,ಆರಂಭದ ದಿನಾಂಕ,தொடக்க தேதி,પ્રારંભ સમય,آغاز کی تاریخ
CENTER_SESSION,,END_DATE,End Date,समाप्ती तारीख,समाप्ति तिथि,ସମାପ୍ତ ତାରିଖ,ముగింపు తేదీ,ಅಂತಿಮ ದಿನಾಂಕ,முடிவு தேதி,સમાપ્તિ સમય,اختتامی تاریخ
CENTER_SESSION,,REMOVE_THIS_SESSION,Remove this session,हे सत्र काढा,इस सत्र को हटाएं,ଏହି ସେସନ୍ ରିମୁଭ  କରନ୍ତୁ,ఈ సెషన్‌ను తొలగించండి,ಈ ಸೆಶನ್ ನ್ನು ತೆಗೆದುಹಾಕಿ,இந்த அமர்வை நீக்கு,આ સત્ર દૂર કરો,اس سیشن کو ہٹا دیں۔
CENTER_SESSION,,REMOVE_TOPIC_SUBTOPIC,Remove the topic and subtopic,विषय आणि उपविषय काढा,विषय और उपविषय हटाएँ,ବିଷୟ ଏବଂ ଉପବିଷୟକୁ ହଟାନ୍ତୁ,అంశం మరియు ఉప-అంశాన్ని తొలగించండి,ವಿಷಯ ಮತ್ತು ಉಪವಿಷಯವನ್ನು ತೆಗೆದುಹಾಕಿ,தலைப்பு மற்றும் துணைத் தலைப்பை அகற்றவும்,વિષય અને સબટોપિક દૂર કરો,موضوع اور ذیلی عنوان کو ہٹا دیں۔
CENTER_SESSION,,PLANNED_SESSION,Planned Session,योजना केलेले सत्र,नियोजित सत्र,ଯୋଜନାବଦ୍ଧ  ସେସନ୍,ప్రణాళికాబద్ధమైన సెషన్,ಯೋಜಿತ ಸೆಷನ್ ,திட்டமிட்ட அமர்வு,આયોજિત સત્ર,منصوبہ بند سیشن
CENTER_SESSION,,FIXES_SUBJECTS,For fixed subjects in the timetable,तयार केलेल्या विषयांसाठी,समय सारिणी में निश्चित विषयों के लिए,ସମୟସୂଚୀରେ ନିର୍ଦ୍ଧାରିତ ବିଷୟ ପାଇଁ,టైమ్‌టేబుల్‌లోని నిర్ణీత విషయాల కోసం,ವೇಳಾಪಟ್ಟಿಯಲ್ಲಿ ಸ್ಥಿರ ವಿಷಯಗಳಿಗಾಗಿ,கால அட்டவணையில் நிலையான பாடங்களுக்கு,સમયપત્રકમાં નિયત વિષયો માટે,ٹائم ٹیبل میں مقررہ مضامین کے لیے
CENTER_SESSION,,EXTRA_SESSION,Extra Sessions,अतिरिक्त सत्र,अतिरिक्त सत्र,ଅତିରିକ୍ତ ସେସନ୍,అదనపు సెషన్‌లు,ಹೆಚ್ಚುವರಿ ಸೆಷನ್ ,கூடுதல் அமர்வு,વધારાનું સત્ર,اضافی سیشنز
CENTER_SESSION,,DOUBT_CLEARING,"For doubt clearing, webinars, etc","संदेह क्लियरिंग, वेबिनार इत्यादीसाठी","शंका समाधान, वेबिनार आदि के लिए","ସନ୍ଦେହ ନିରାକରଣ, ୱେବିନାର୍, ଇତ୍ୟାଦି ପାଇଁ","సందేహ నివృత్తి, వెబినార్‌ల కోసం, మొదలైనవి","ಸಂಶಯ ನಿವಾರಣೆ, ವೆಬಿನಾರ್‌ಗಳು, ಇತ್ಯಾದಿಗಳಿಗಾಗಿ","சந்தேக தெளிவு, வெபினார்கள் போன்றவற்றுக்கு","શંકા દૂર કરવા, વેબિનાર વગેરે માટે",شبہات کو دور کرنے، ویبینرز وغیرہ کے لیے
CENTER_SESSION,,TOPIC,Topic,विषय,विषय,ବିଷୟ,అంశం,ವಿಷಯ,தலைப்பு,ટોપિક,موضوع
CENTER_SESSION,,SUBTOPIC,Sub Topic,उपविषय,उप विषय,ଉପବିଷୟ,ఉప-అంశం,ಉಪ ವಿಷಯ,துணை தலைப்பு,સબ ટોપિક,ذیلی موضوع
CENTER_SESSION,,FACILITATORS,Facilitators Prepare,सुविधाकर्त्यांचे पूर्वअटी,सुविधादाताओं की पूर्व आवश्यकताएँ,ଫେସିଲେଟଟର,ఫెసిలిటేటర్లు,ಫೆಸಿಲಿಟೇಟರ್,பெசிலிடேட்டர்,ફેસીલીટેટર્સ,فیسلیٹیٹر  تیار کریں۔
CENTER_SESSION,,LEARNERS,Learners Prepare,विद्यार्थ्यांची पूर्व-आवश्यकता,छात्रों की पूर्व - आवश्यकताएँ,ଶିକ୍ଷାର୍ଥୀ,అభ్యాసకులు,ಕಲಿಯುವವರು,மாணவர்கள்,શીખનારાઓ,لرنرس  تیار کریں۔
CENTER_SESSION,,TITLE,Title,शीर्षक,शीर्षक,ଶୀର୍ଷକ,శీర్షిక,ಶೀರ್ಷಿಕೆ,தலைப்பு,શીર્ષક,عنوان
CENTER_SESSION,,DELETE_SESSION,Delete Session,सत्र हटवा,सत्र हटाएँ,ସେସନ୍ ହଟାନ୍ତୁ,సెషన్‌ను తొలగించండి,ವೇಳಾಪಟ್ಟಿ,அமர்வை நீக்கு,સત્ર કાઢી નાખો,سیشن کو حذف کریں۔
CENTER_SESSION,,SCHEDULE,Schedule,तयारी,अनुसूची,ସୂଚୀ,షెడ్యూల్,ಸೆಷನ್ ನ್ನು ಅಳಿಸಿ,அட்டவணை,સમયપત્રક,شیڈول
CENTER_SESSION,,PLANNED_SESSIONS,Planned Sessions,योजना केलेली सत्रे,नियोजित सत्र,ଯୋଜନାବଦ୍ଧ  ସେସନଗୁଡିକ,ప్రణాళికాబద్ధమైన సెషన్‌లు,ಯೋಜಿತ ಸೆಶನ್,திட்டமிட்ட அமர்வுகள்,આયોજિત સત્રો,منصوبہ بند سیشنز
CENTER_SESSION,,ADD_SESSION,Add Session,सत्र जोडा,सत्र जोड़ें,ସେସନ୍ ଯୋଡନ୍ତୁ,సెషన్‌ను జోడించండి,ಸೆಷನ್ ಸೇರಿಸಿ,அமர்வைச் சேர்,સત્ર ઉમેરો,سیشن شامل کریں۔
CENTER_SESSION,,SESSION_DETAILS,Session Details,सत्राचे तपशील,सत्र विवरण,ସେସନ୍ ବିବରଣୀ,సెషన్ వివరాలు,ಸೆಶನ್ ನ ವಿವರಗಳು,அமர்வு விவரங்கள்,સત્રની વિગતો,سیشن کی تفصیلات
CENTER_SESSION,,SESSION_TITLE,Session Title,सत्राचे शीर्षक,सत्र का शीर्षक,ସେସନ୍ ଶୀର୍ଷକ,సెషన్ శీర్షిక,ಸೆಷನ್ ಶೀರ್ಷಿಕೆ,அமர்வு தலைப்பு,સત્રનું શીર્ષક,سیشن کا عنوان
CENTER_SESSION,,SESSION_TITLE_OPTIONAL,Session Title (optional),सत्राचे शीर्षक (पर्यायी),सत्र का शीर्षक (वैकल्पिक),ଅଧିବେଶନ ଶୀର୍ଷକ (ବିକଳ୍ପ),సెషన్ శీర్షిక (ఐచ్ఛికం),ಸೆಷನ್ ಶೀರ್ಷಿಕೆ (ಐಚ್ಛಿಕ),அமர்வு தலைப்பு (விரும்பினால்),સત્રનું શીર્ષક (વૈકલ્પિક),سیشن کا عنوان (اختیاری)
CENTER_SESSION,,TYPE_OF_SESSION,Type of Session,सत्राचा प्रकार,सत्र का प्रकार,ସେସନ୍ ପ୍ରକାର,సెషన్ రకం,ಸೆಷನ್ ನ ಪ್ರಕಾರ,அமர்வின் வகை,સત્રનો પ્રકાર,سیشن کی قسم
CENTER_SESSION,,REPEATING,Repeating,पुन्हा सुरू होत आहे,पुनरावृत्ति,ପୁନରାବୃତ୍ତ,పునరావృతం,ಪುನರಾವರ್ತಿಸಲಾಗುತ್ತಿದೆ,மீண்டும் மீண்டும்,પુનરાવર્તન,دہرانا
CENTER_SESSION,,JUST_ONCE,Just Once,फक्त एकदाच,केवल एक बार,ଏକାଧିକ ସମୟ,ఒక్కసారి మాత్రమే,ಕೇವಲ ಒಮ್ಮೆ,ஒரே ஒரு முறை,બસ એકવાર,صرف ایک بار
CENTER_SESSION,,SUBJECT_OPTIONAL,Subject (Optional),विषय (पर्यायी),विषय (वैकल्पिक),ବିଷୟ  (ବିକଳ୍ପ),విషయం (ఐచ్ఛికం),ವಿಷಯ (ಐಚ್ಛಿಕ),பாடம் (விரும்பினால்),વિષય (વૈકલ્પિક),موضوع (اختیاری)
CENTER_SESSION,,RECURRING_ONLINE,Recurring online,पुन्हा-पुन्हा ऑनलाइन,बार-बार ऑनलाइन,ଅନଲାଇନ୍ ରେ ବାରମ୍ବାର,ఆఫ్‌లైన్‌లో పునరావృతం,ಆನ್‌ಲೈನ್‌ನಲ್ಲಿ ಮರುಕಳಿಸುವುದು,தொடர் ஆன்லைன்,રિકરિંગ ઓનલાઇન,بار بار آن لائن
CENTER_SESSION,,RECURRING_OFFLINE,Recurring offline,पुन्हा-पुन्हा ऑफलाइन,बार-बार ऑफलाइन,ଅଫଲାଇନରେ ବାରମ୍ବାର,ఆన్‌లైన్‌లో పునరావృతం,ಪುನರಾವರ್ತಿತ ಆಫ್‌ಲೈನ್‌,தொடர் ஆஃப்லைன்,રિકરિંગ ઓફલાઇન,اعادی آف لائن
CENTER_SESSION,,EXTRA_ONLINE,Extra online,अतिरिक्त ऑनलाइन,अतिरिक्त ऑनलाइन,ଅତିରିକ୍ତ ଅନଲାଇନ୍ |,అదనపు ఆఫ్‌లైన్,ಹೆಚ್ಚುವರಿ ಆನ್‌ಲೈನ್‌,கூடுதல் ஆன்லைன்,એક્સ્ટ્રા ઓનલાઈન,اضافی آن لائن
CENTER_SESSION,,EXTRA_OFFLINE,Extra offline,अतिरिक्त ऑफलाइन,अतिरिक्त ऑफलाइन,ଅତିରିକ୍ତ ଅଫଲାଇନ୍ |,అదనపు ఆన్‌లైన్,ಹೆಚ್ಚುವರಿ ಆಫ್‌ಲೈನ್,கூடுதல் ஆஃப்லைன்,એક્સ્ટ્રા ઓફલાઈન,اضافی آف لائن
CENTER_SESSION,,ENTER_VALID_MEETING_LINK,Please enter a valid Zoom or Google Meet link.,कृपया वैध झूम किंवा गुगल मीट लिंक प्रविष्ट करा.,कृपया एक वैध Zoom या Google Meet लिंक दर्ज करें।,ଦୟାକରି ଏକ ସଠିକ୍ ଜୁମ୍ କିମ୍ବା ଗୁଗୁଲ୍ ମିଟ୍ ଲିଙ୍କ୍ ପ୍ରବେଶ କରନ୍ତୁ |,దయచేసి చెల్లుబాటు అయ్యే జూమ్ లేదా గూగుల్ మీట్ లింక్‌ను నమోదు చేయండి.,ದಯವಿಟ್ಟು ವ್ಯಾಲಿಡ್ Zoom ಅಥವಾ Google Meet ಲಿಂಕ್ ಅನ್ನು ನಮೂದಿಸಿ.,சரியான ஜூம் அல்லது கூகுள் மீட் இணைப்பை உள்ளிடவும்.,કૃપા કરીને માન્ય ઝૂમ અથવા Google મીટ લિંક દાખલ કરો.,براہ کرم ایک درست زوم یا گوگل میٹ لنک درج کریں۔
CENTER_SESSION,,ZOOM,Zoom,झूम,जूम,ଜୁମ୍,జూమ్,ಜೂಮ್,ஜூம்,ઝૂમ,زوم
CENTER_SESSION,,GOOGLEMEET,GoogleMeet,गुगलमीट,गूगल मीट,ଗୁଗୁଲ୍ ମିଟ୍,గూగుల్ మీట్,ಗೂಗಲ್ ಮೀಟ್,கூகுள் மீட்,ગુગલમીટ,گوگل میٹ
CENTER_SESSION,,SET_UP,Set-Up,सेट-अप,सेट-अप,ସେଟ୍ ଅପ୍,సెట్-అప్,ಸೆಟಪ್,அமைவு,સેટ - અપ,سیٹ اپ
CENTER_SESSION,,EDIT_THIS_SESSION,Edit this session,हे सत्र संपादित करा,इस सत्र को संपादित करें,ଏହି ଅଧିବେଶନକୁ ସଂପାଦନ କରନ୍ତୁ |,ఈ సెషన్‌ను సవరించండి,ಈ ಸೆಷನ್ ಅನ್ನು ಎಡಿಟ್ ಮಾಡಿ ,இந்த அமர்வைத் திருத்தவும்,આ સત્રમાં ફેરફાર કરો,اس سیشن میں ترمیم کریں۔
CENTER_SESSION,,EDIT_FOLLOWING_SESSIONS,Edit this and following sessions,हे आणि पुढील सत्रे संपादित करा,इस और अगले सत्रों को संपादित करें,ଏହି ଏବଂ ପରବର୍ତ୍ତୀ ଅଧିବେଶନଗୁଡିକ ସଂପାଦନ କରନ୍ତୁ |,ఈ మరియు తదుపరి సెషన్‌లను సవరించండి,ಇದನ್ನು ಮತ್ತು ಮುಂದಿನ ಸೆಷನ್‌ಗಳನ್ನು ಎಡಿಟ್ ಮಾಡಿ ,இந்த மற்றும் பின்வரும் அமர்வுகளைத் திருத்தவும்,આ અને નીચેના સત્રોમાં ફેરફાર કરો,اس اور اس کے بعد کے سیشنز میں ترمیم کریں۔
CENTER_SESSION,,DELETE_SESSION_MSG,Are you sure you want to delete this session?,तुम्हाला खात्री आहे की तुम्ही हे सत्र हटवू इच्छिता?,क्या आप वाकई इस सत्र को हटाना चाहते हैं?,ଆପଣ ନିଶ୍ଚିତ କି ଆପଣ ଏହି ଅଧିବେଶନ ଡିଲିଟ୍ କରିବାକୁ ଚାହୁଁଛନ୍ତି?,మీరు ఈ సెషన్‌ను తొలగించాలనుకుంటున్నారని మీకు ఖచ్చితంగా ఉందా?,ಈ ಸೆಷನ್ ಅನ್ನು ಅಳಿಸಲು ನೀವು ಖಚಿತವಾಗಿ ಬಯಸುವಿರಾ?,இந்த அமர்வை நீக்க விரும்புகிறீர்களா?,શું તમે ખરેખર આ સત્રને કાઢી નાખવા માંગો છો?,کیا آپ واقعی اس سیشن کو حذف کرنا چاہتے ہیں؟
CENTER_SESSION,,DELETE_ALL_SESSION_MSG,Are you sure you want to delete all sessions in this series?,तुमची खात्री आहे की तुम्ही या मालिकेतील सर्व सत्रे हटवू इच्छिता?,क्या आप वाकई इस शृंखला के सभी सत्रों को हटाना चाहते हैं?,ଆପଣ ନିଶ୍ଚିତ କି ଆପଣ ଏହି ସିରିଜର ସମସ୍ତ ଅଧିବେଶନ ଡିଲିଟ୍ କରିବାକୁ ଚାହୁଁଛନ୍ତି କି?,ఈ సిరీస్‌లోని అన్ని సెషన్‌లను తొలగించాలనుకుంటున్నారని మీకు ఖచ్చితంగా ఉందా?,ಈ ಸರಣಿಯಲ್ಲಿರುವ ಎಲ್ಲಾ ಸೆಷನ್‌ಗಳನ್ನು ಅಳಿಸಲು ನೀವು ಖಚಿತವಾಗಿ ಬಯಸುವಿರಾ?,இந்தத் தொடரின் அனைத்து அமர்வுகளையும் நீக்க விரும்புகிறீர்களா?,શું તમે ખરેખર આ શ્રેણીના તમામ સત્રો કાઢી નાખવા માંગો છો?,کیا آپ واقعی اس سیریز کے تمام سیشنز کو حذف کرنا چاہتے ہیں؟
CENTER_SESSION,,DELETE_THIS_SESSION,Delete this session,हे सत्र हटवा,इस सत्र को हटाएं,ଏହି ଅଧିବେଶନ ଡିଲିଟ୍ କରନ୍ତୁ |,ఈ సెషన్‌ను తొలగించండి,ಈ ಸೆಷನ್ ಅಳಿಸಿ,இந்த அமர்வை நீக்கு,આ સત્ર કાઢી નાખો,اس سیشن کو حذف کریں۔
CENTER_SESSION,,DELETE_FOLLOWING_SESSION,Delete this and following sessions,हे आणि पुढील सत्रे हटवा,इस और अगले सत्रों को हटाएं,ଏହି ଏବଂ ପରବର୍ତ୍ତୀ ଅଧିବେଶନଗୁଡିକ ଡିଲିଟ୍ କରନ୍ତୁ |,ఈ మరియు తదుపరి సెషన్‌లను తొలగించండి,ಇದನ್ನು ಮತ್ತು ಮುಂದಿನ ಸೆಷನ್‌ಗಳನ್ನು ಅಳಿಸಿ,இந்த மற்றும் பின்வரும் அமர்வுகளை நீக்கு,આ અને નીચેના સત્રો કાઢી નાખો,اسے اور اس کے بعد کے سیشنز کو حذف کریں۔
CENTER_SESSION,,UPDATE_CHANGES,Are you sure you want to update the changes?,तुम्हाला खरोखरच बदल अपडेट करायला इच्छित आहात का ?,क्या आप वाकई परिवर्तनों को अपडेट करना चाहते हैं?,ଆପଣ ନିଶ୍ଚିତ କି ଆପଣ ପରିବର୍ତ୍ତନଗୁଡିକ ଅପଡେଟ୍ କରିବାକୁ ଚାହୁଁଛନ୍ତି?,మీరు మార్పులను నవీకరించాలనుకుంటున్నారని మీకు ఖచ్చితంగా ఉందా?,ಬದಲಾವಣೆಗಳನ್ನು ನವೀಕರಿಸಲು ನೀವು ಖಚಿತವಾಗಿ ಬಯಸುವಿರಾ?,மாற்றங்களை புதுப்பிக்க நிச்சயமாக விரும்புகிறீர்களா?,શું તમે ખરેખર ફેરફારો અપડેટ કરવા માંગો છો?,کیا آپ واقعی تبدیلیوں کو اپ ڈیٹ کرنا چاہتے ہیں؟
CENTER_SESSION,,SESSION_DELETED_SUCCESSFULLY,Session deleted successfully,सत्र सफलतापूर्वक हटवले गेले.,सत्र सफलतापूर्वक हटाया गया,ଅଧିବେଶନ ସଫଳତାର ସହିତ ଡିଲିଟ୍ ହେଲା |,సెషన్ విజయవంతంగా తొలగించబడింది,ಸೆಷನ್ ಅನ್ನು ಯಶಸ್ವಿಯಾಗಿ ಅಳಿಸಲಾಗಿದೆ.,அமர்வு வெற்றிகரமாக நீக்கப்பட்டது,સત્ર સફળતાપૂર્વક કાઢી નાખ્યું,سیشن کامیابی سے حذف ہو گیا۔
CENTER_SESSION,,SESSION_EDITED_SUCCESSFULLY,Session updated successfully,सत्र सफलतापूर्वक अद्यतनित केले गेले.,सत्र सफलतापूर्वक अपडेट किया गया,ଅଧିବେଶନ ସଫଳତାର ସହିତ ଅପଡେଟ୍ ହେଲା |,సెషన్ విజయవంతంగా నవీకరించబడింది,ಸೆಷನ್ ಅನ್ನು ಯಶಸ್ವಿಯಾಗಿ ನವೀಕರಿಸಲಾಗಿದೆ.,அமர்வு வெற்றிகரமாக புதுப்பிக்கப்பட்டது,સત્ર સફળતાપૂર્વક અપડેટ થયું,سیشن کامیابی کے ساتھ اپ ڈیٹ ہو گیا۔
CENTER_SESSION,,TOPIC_SUBTOPIC_ADDED_SUCCESSFULLY,Topic and Subtopic added successfully!,विषय और उपविषय सफलतापूर्वक जोडले गेले.,विषय और उपविषय सफलतापूर्वक जोड़े गए!,ବିଷୟ ଏବଂ ଉପ-ବିଷୟଗୁଡିକ ସଫଳତାର ସହିତ ଯୋଡି ହେଲା!,అంశం మరియు ఉప-అంశం విజయవంతంగా జోడించబడ్డాయి!,ವಿಷಯ ಮತ್ತು ಉಪವಿಷಯವನ್ನು ಯಶಸ್ವಿಯಾಗಿ ಸೇರಿಸಲಾಗಿದೆ!,தலைப்பு மற்றும் துணைத் தலைப்பு வெற்றிகரமாக சேர்க்கப்பட்டது!,વિષય અને સબટોપિક સફળતાપૂર્વક ઉમેર્યા!,عنوان اور ذیلی عنوان کامیابی کے ساتھ شامل کیا گیا!
CENTER_SESSION,,TOPIC_SUBTOPIC_REMOVED_SUCCESSFULLY,Topic and Subtopic removed successfully!,विषय और उपविषय सफलतापूर्वक हटवले ( नष्ट )  केले गेले.,विषय और उपविषय सफलतापूर्वक हटाए गए!,ବିଷୟ ଏବଂ ଉପ-ବିଷୟ ଗୁଡିକ ସଫଳତାର ସହିତ ଡିଲିଟ୍ ହେଲା!,అంశం మరియు ఉప-అంశం విజయవంతంగా తొలగించబడ్డాయి!,ವಿಷಯ ಮತ್ತು ಉಪವಿಷಯವನ್ನು ಯಶಸ್ವಿಯಾಗಿ ತೆಗೆದುಹಾಕಲಾಗಿದೆ!,தலைப்பு மற்றும் துணைத் தலைப்பு வெற்றிகரமாக அகற்றப்பட்டது!,વિષય અને સબટોપિક સફળતાપૂર્વક દૂર કર્યા!,ٹاپک اور سب ٹاپک کامیابی کے ساتھ ہٹا دیا گیا!
CENTER_SESSION,,COURSE_PLANNER_NOT_AVAILABLE,Course Planner has not yet been uploaded for {{subject}}!,{{subject}} साठी अभ्यासक्रम नियोजक उपलब्ध नाही!,{{subject}} के लिए पाठ्यक्रम नियोजक उपलब्ध नहीं है!,{{subject}} ପାଇଁ ପାଠ୍ୟକ୍ରମ ଯୋଜନାକାରୀ ଉପଲବ୍ଧ ନାହିଁ!,{{subject}} కోసం కోర్సు ప్లానర్ ఇంకా అప్‌లోడ్ చేయబడలేదు!,{{subject}} ಗಾಗಿ ಕೋರ್ಸ್ ಪ್ಲಾನರ್ ಅನ್ನು ಇನ್ನೂ ಅಪ್‌ಲೋಡ್ ಮಾಡಲಾಗಿಲ್ಲ!,{{subject}}க்கான பாடத்திட்டம் இன்னும் பதிவேற்றப்படவில்லை!,કોર્સ પ્લાનર હજુ સુધી {{વિષય}} માટે અપલોડ કરવામાં આવ્યો નથી!,کورس پلانر ابھی تک {{موضوع}} کے لیے اپ لوڈ نہیں ہوا ہے!
CENTER_SESSION,,FACILITATOR_REQUISITES,Facilitator's Requisites,सुविधा प्रदाताच्या आवश्यकता,सुविधा प्रदाता की आवश्यकताएँ,ସୁବିଧାକାରୀଙ୍କ ଆବଶ୍ୟକତା |,ఫెసిలిటేటర్ యొక్క అవసరాలు,ಫೆಸಿಲಿಟೇಟರ್‌ನ ಅಗತ್ಯತೆಗಳು,பெசிலிடேட்டர்களரின் தேவைகள்,ફેસિલિટેટરની આવશ્યકતાઓ,سہولت کار کی ضروریات
CENTER_SESSION,,PREREQUISITES,Prepare,पूर्व-आवश्यकता,पूर्व-आवश्यकताएँ,ପୂର୍ବ ଆବଶ୍ୟକତା,ముందస్తు అవసరాలు,ಪ್ರಿಪೆರ ,முன்நிபந்தனைகள்,પૂર્વજરૂરીયાતો,تیار کریں
CENTER_SESSION,,POST_REQUISITES,Practice,नंतरची-आवश्यकता,पश्च-आवश्यकताएँ,ପରବର୍ତ୍ତୀ ଆବଶ୍ୟକତା,పోస్ట్-అవసరాలు,ಪ್ರಾಕ್ಟೀಸ್ ,பின்நிபந்தனைகள்,પોસ્ટ-જરૂરીયાતો,مشق
CENTER_SESSION,,CANT_SELECT_AS_EVENT_PASSED_LIVE,Can not select topic and subtopic as event is already passed or live.,विषय और उपविषय निवडू शकत नाही कारण कार्यक्रम आधीच समाप्त झाला आहे किंवा लाइव्ह आहे..,विषय और उपविषय का चयन नहीं कर सकते क्योंकि कार्यक्रम पहले ही समाप्त हो चुका है या लाइव है।,ବିଷୟ ଏବଂ ଉପ-ବିଷୟଗୁଡିକ ଚୟନ କରିପାରିବ ନାହିଁ କାରଣ ପ୍ରୋଗ୍ରାମଟି ଶେଷ ହୋଇସାରିଛି କିମ୍ବା ଲାଇଭ୍ ଅଛି |,ఈవెంట్ ఇప్పటికే పూర్తయినందున లేదా లైవ్‌లో ఉన్నందున అంశం మరియు ఉప-అంశాన్ని ఎంచుకోలేరు,ಈವೆಂಟ್ ಈಗಾಗಲೇ ಮುಗಿದಿರುವುದರಿಂದ ಅಥವಾ ಲೈವ್ ಆಗಿರುವುದರಿಂದ ವಿಷಯ ಮತ್ತು ಉಪವಿಷಯವನ್ನು ಆಯ್ಕೆ ಮಾಡಲು ಸಾಧ್ಯವಿಲ್ಲ.,நிகழ்வு ஏற்கனவே கடந்துவிட்டதால் அல்லது நேரலையில் இருப்பதால் தலைப்பு மற்றும் துணைத் தலைப்பைத் தேர்ந்தெடுக்க முடியவில்லை.,વિષય અને સબટોપિક પસંદ કરી શકતા નથી કારણ કે ઇવેન્ટ પહેલેથી જ પસાર થઈ ગઈ છે અથવા લાઈવ છે.,موضوع اور ذیلی عنوان کو منتخب نہیں کیا جا سکتا کیونکہ ایونٹ پہلے ہی گزر چکا ہے یا لائیو ہے۔
CENTER_SESSION,,COURSE_TYPE,Course Type,कोर्स  प्रकार,पाठ्यक्रम प्रकार,ପାଠ୍ୟକ୍ରମ ପ୍ରକାର,కోర్సు రకం,ಕೋರ್ಸ್ ಪ್ರಕಾರ,பாட வகை,અભ્યાસક્રમનો પ્રકાર,کورس کی قسم
CENTER_SESSION,,BOARD_MEDIUM_GRADE_NOT_ASSIGNED,"Board, Medium, Grade not assigned to Center.","केंद्राला बोर्ड, माध्यम, श्रेणी नियुक्त केलेली नाही.","केंद्र को बोर्ड, माध्यम, कक्षा असाइन नहीं की गई है।","ବୋର୍ଡ, ମଧ୍ୟମ, ଗ୍ରେଡ୍ କେନ୍ଦ୍ରକୁ ନ୍ୟସ୍ତ ହୋଇନାହିଁ |","బోర్డు, మీడియం, గ్రేడ్ సెంటర్‌కు కేటాయించబడలేదు","ಬೋರ್ಡ್, ಮಧ್ಯಮ, ಗ್ರೇಡ್ ನ್ನು ಕೇಂದ್ರಕ್ಕೆ ನಿಯೋಜಿಸಲಾಗಿಲ್ಲ.","போர்டு, மீடியம், வகுப்பு மையத்திற்கு ஒதுக்கப்படவில்லை.","બોર્ડ, મધ્યમ, ગ્રેડ સેન્ટર ને  સોંપવામાં આવ્યા નથી.",بورڈ، میڈیم، گریڈ مرکز کو تفویض نہیں کیا گیا ہے۔
CENTER_SESSION,,START_TIME_ERROR,Start time cannot be later than end time.,सुरुवातीचा  वेळ समाप्ती वेळेपेक्षा उशीरा ( नंतरचा ) असू शकत नाही.,प्रारंभ समय समाप्ति समय से बाद का नहीं हो सकता।,ଆରମ୍ଭ ସମୟ ଶେଷ ସମୟଠାରୁ ବିଳମ୍ବ ହୋଇପାରିବ ନାହିଁ |,ప్రారంభ సమయం ముగింపు సమయం కంటే తరువాత ఉండకూడదు.,ಆರಂಭದ ಸಮಯವು ಅಂತ್ಯದ ಸಮಯಕ್ಕಿಂತ ನಂತರ ಇರುವಂತಿಲ್ಲ.,தொடக்க நேரம் முடிவு நேரத்தை விடப் பிற்பட்டதாக இருக்கக்கூடாது.,પ્રારંભ સમય સમાપ્તિ સમય કરતાં પાછળનો ન હોઈ શકે.,آغاز کا وقت اختتامی وقت کے بعد کا نہیں ہو سکتا۔
CENTER_SESSION,,END_TIME_ERROR,End time cannot be earlier than start time.,सुरुवातीचा  वेळ समाप्ती वेळेपेक्षा आधीचा  असू शकत नाही.,समाप्ति समय प्रारंभ समय से पहले का नहीं हो सकता,ଶେଷ ସମୟ ଆରମ୍ଭ ସମୟଠାରୁ ପୂର୍ବରୁ ହୋଇପାରିବ ନାହିଁ |,ముగింపు సమయం ప్రారంభ సమయం కంటే ముందు ఉండకూడదు,ಅಂತ್ಯ ಸಮಯವು ಪ್ರಾರಂಭ ಸಮಯಕ್ಕಿಂತ ಮುಂಚಿತವಾಗಿರಬಾರದು.,முடிவு நேரம் தொடக்க நேரத்தை விட முன்னதாக இருக்க முடியாது,સમાપ્તિ સમય પ્રારંભ સમય કરતાં વહેલો ન હોઈ શકે,اختتامی وقت آغاز کے وقت سے پہلے کا نہیں ہو سکتا۔
CENTER_SESSION,,START_DATE_ERROR,Start date cannot be later than end date.,सुरुवातीची तारीख समाप्ती च्या तारखेनंतर असू शकत नाही.,प्रारंभ तिथि समाप्ति तिथि से बाद की नहीं हो सकती,ଆରମ୍ଭ ତାରିଖ ଶେଷ ତାରିଖ ଠାରୁ ବିଳମ୍ବ ହୋଇପାରିବ ନାହିଁ |,ప్రారంభ తేదీ ముగింపు తేదీ కంటే తరువాత ఉండకూడదు,ಆರಂಭದ ದಿನಾಂಕವು ಅಂತಿಮ ದಿನಾಂಕಕ್ಕಿಂತ ನಂತರ ಇರಬಾರದು.,தொடக்கத் தேதி இறுதித் தேதிக்கு பிந்தியதாக இருக்கக்கூடாது,પ્રારંભ તારીખ સમાપ્તિ તારીખ કરતાં પાછળની ન હોઈ શકે,آغاز کی تاریخ اختتامی تاریخ سے بعد کی نہیں ہو سکتی۔
CENTER_SESSION,,END_DATE_ERROR,End date cannot be earlier than start date.,समाप्तीची  तारीख सुरुवातीच्या तारखेपेक्षा आधी असू शकत नाही.,समाप्ति तिथि प्रारंभ तिथि से पहले की नहीं हो सकती,ଶେଷ ତାରିଖ ଆରମ୍ଭ ତାରିଖ ଠାରୁ ପୂର୍ବରୁ ହୋଇପାରିବ ନାହିଁ |,ముగింపు తేదీ ప్రారంభ తేదీ కంటే ముందు ఉండకూడదు,ಅಂತಿಮ ದಿನಾಂಕವು ಪ್ರಾರಂಭ ದಿನಾಂಕಕ್ಕಿಂತ ಮೊದಲು ಇರಬಾರದು.,இறுதித் தேதி தொடக்கத் தேதிக்கு முந்தையதாக இருக்கக்கூடாது,સમાપ્તિ તારીખ પ્રારંભ તારીખ કરતા પહેલાની ન હોઈ શકે,اختتامی تاریخ تاریخ آغاز سے پہلے کی نہیں ہو سکتی۔
CENTER_SESSION,,IDENTIFIER_NOT_FOUND,Identifier not found! Cannot Open Content!,ओळखकर्ता सापडला नाही! सामग्री उघडू शकत नाही!,पहचानकर्ता नहीं मिला! सामग्री नहीं खोल सकते!,ପରିଚୟ ସଂକେତ ମିଳିଲା ନାହିଁ । ବିଷୟବସ୍ତୁ ଖୋଲିପାରିବ ନାହିଁ।,ఐడెంటిఫైయర్ కనుగొనబడలేదు! కంటెంట్‌ను తెరవలేము!,ಗುರುತಿಸುವಿಕೆ ಕಂಡುಬಂದಿಲ್ಲ! ವಿಷಯವನ್ನು ತೆರೆಯಲು ಸಾಧ್ಯವಿಲ್ಲ!,அடையாளங்காட்டி கிடைக்கவில்லை! உள்ளடக்கத்தைத் திறக்க முடியவில்லை!,ઓળખકર્તા મળ્યો નથી! સામગ્રી ખોલી શકાતી નથી!,شناخت کنندہ نہیں ملا! مواد نہیں کھول سکتا!
CENTER_SESSION,,SELECT_SESSION,Please select type of session,कृपया सत्राचा प्रकार निवडा,कृपया सत्र का प्रकार चुनें,ଦୟାକରି ଅଧିବେଶନର ପ୍ରକାର ଚୟନ କରନ୍ତୁ l,దయచేసి సెషన్ రకాన్ని ఎంచుకోండి,ದಯವಿಟ್ಟು ಸೆಷನ್ ಪ್ರಕಾರವನ್ನು ಆಯ್ಕೆಮಾಡಿ.,அமர்வு வகையைத் தேர்ந்தெடு.,કૃપા કરીને સત્રનો પ્રકાર પસંદ કરો,براہ کرم سیشن کی قسم منتخب کریں۔
CENTER_SESSION,,MEETING_LINK_REQUIRED,Please Enter Meeting Link!,कृपया मीटिंग लिंक प्रविष्ट करा!,कृपया बैठक लिंक दर्ज करें!,ଦୟାକରି ମିଟିଙ୍ଗ ଲିଙ୍କ ପ୍ରବେଶ କରନ୍ତୁ,దయచేసి మీటింగ్ లింక్‌ను నమోదు చేయండి,ದಯವಿಟ್ಟು ಮೀಟಿಂಗ್ ಲಿಂಕ್ ನಮೂದಿಸಿ!,தயவுசெய்து மீட்டிங் இணைப்பை உள்ளிடு,કૃપા કરીને મીટિંગ લિંક દાખલ કરો!,براہ کرم میٹنگ کا لنک درج کریں!
CENTER_SESSION,,WEEKDAY_ERROR,Please select at least one weekday for the recurring event.,कृपया आवर्ती कार्यक्रमासाठी किमान एक आठवड्याचा दिवस निवडा.,कृपया आवर्ती कार्यक्रम के लिए कम से कम एक सप्ताह का दिन चुनें।,ପୁନରାବୃତ୍ତି ଘଟଣା ପାଇଁ ଦୟାକରି ଅତି କମରେ  ଗୋଟିଏ ସପ୍ତାହର ଦିନ ଚୟନ କରନ୍ତୁ।,పునరావృత ఈవెంట్ కోసం దయచేసి కనీసం ఒక వారాన్ని ఎంచుకోండి.,ಪುನರಾವರ್ತಿತ ಕಾರ್ಯಕ್ರಮಕ್ಕಾಗಿ ದಯವಿಟ್ಟು ಕನಿಷ್ಠ ಒಂದು ವಾರದ ದಿನವನ್ನು ಆಯ್ಕೆಮಾಡಿ.,தொடர் நிகழ்வுக்கு குறைந்தது ஒரு வார நாளையாவது தேர்ந்தெடு.,પુનરાવર્તિત ઇવેન્ટ માટે કૃપા કરીને ઓછામાં ઓછો એક અઠવાડિયાનો દિવસ પસંદ કરો.,براہ کرم بار بار ہونے والے ایونٹ کے لیے کم از کم ایک ہفتے کا دن منتخب کریں۔
CENTER_SESSION,,MULTIDAY_EVENT_ERROR,Recurring events cannot span multiple days.,आवर्ती कार्यक्रम एकापेक्षा अधिक दिवसांवर पसरू शकत नाहीत.,आवर्ती कार्यक्रम एक से अधिक दिनों में नहीं हो सकते।,ବାରମ୍ବାର ଘଟୁଥିବା ଘଟଣା ଏକାଧିକ ଦିନ ବିସ୍ତାର କରିପାରିବ ନାହିଁ,పునరావృత ఈవెంట్‌లు బహుళ రోజులకు విస్తరించలేవు.,ಪುನರಾವರ್ತಿತ ಘಟನೆಗಳು ಬಹು ದಿನಗಳವರೆಗೆ ಇರಬಾರದು.,தொடர்ச்சியான நிகழ்வுகள் பல நாட்கள் நீடிக்கக்கூடாது.,પુનરાવર્તિત ઇવેન્ટ્સ વધુ દિવસો સુધી વિસ્તરી શકે નહીં.,اعادی واقعات ایک سے زیادہ دنوں پر محیط نہیں ہو سکتے۔
CENTER_SESSION,,EXTRA_SESSION_DATE_TIME_REQUIRED_ERROR,Start and end times are required for extra sessions.,अतिरिक्त सत्रांसाठी सुरुवात आणि समाप्तीचे वेळ आवश्यक आहेत.,अतिरिक्त सत्रों के लिए प्रारंभ और समाप्ति समय आवश्यक है।,ଅତିରିକ୍ତ ଅଧିବେଶନ( କ୍ଲାସ) ପାଇଁ ଆରମ୍ଭ ଓ ଶେଷ ସମୟ ଆବଶ୍ୟକ l,అదనపు సెషన్‌లకు ప్రారంభ మరియు ముగింపు సమయాలు అవసరం.,ಹೆಚ್ಚುವರಿ ಸೆಷನ್ ಗೆ  ಪ್ರಾರಂಭ ಮತ್ತು ಅಂತ್ಯದ ಸಮಯಗಳು ಅಗತ್ಯವಿದೆ.,கூடுதல் அமர்வுகளுக்கு தொடக்க மற்றும் முடிவு நேரங்கள் தேவை.,"વધારાના સત્રો (સેસન્સ) માટે શરૂઆત અને સમાપ્તિનો સમય ફરજિયાત છે.
",اضافی سیشنز کے لیے شروع اور اختتامی اوقات درکار ہیں۔
CENTER_SESSION,,PLANNED_SESSION_DATE_TIME_REQUIRED_ERROR,Both start and end date/time are required for planned sessions.,नियोजित सत्रांसाठी दोन्ही सुरुवात आणि समाप्तीची तारीख/वेळ आवश्यक आहेत.,नियोजित सत्रों के लिए प्रारंभ और समाप्ति की तिथि/समय आवश्यक है।,ଯୋଜନାବଦ୍ଧ ଅଧିବେଶନ ବା କ୍ଲାସ ନିମନ୍ତେ ଉଭୟ ଆରମ୍ଭ ଏବଂ ଶେଷ ତାରିଖ / ସମୟ ଆବଶ୍ୟକ,ప్రణాళికాబద్ధమైన సెషన్‌ల కోసం ప్రారంభ మరియు ముగింపు తేదీ/సమయం రెండూ అవసరం.,ಯೋಜಿತ ಸೆಷನ್  ಪ್ರಾರಂಭ ಮತ್ತು ಅಂತ್ಯ ದಿನಾಂಕ/ಸಮಯ ಎರಡೂ ಅಗತ್ಯವಿದೆ.,திட்டமிடப்பட்ட அமர்வுகளுக்கு தொடக்க மற்றும் முடிவு தேதி/நேரம் இரண்டும் தேவை.,આયોજિત સત્રો માટે પ્રારંભ અને સમાપ્તિ તારીખ/સમય બંને જરૂરી છે.,منصوبہ بند سیشنز کے لیے آغاز اور اختتامی تاریخ/وقت دونوں درکار ہیں۔
CENTER_SESSION,,EXTRA_SESSION_VALID_DATE_TIME_REQUIRED_ERROR,Please provide a valid start time for the extra session.,कृपया अतिरिक्त सत्रासाठी वैध सुरुवातीची वेळ द्या.,कृपया अतिरिक्त सत्र के लिए एक मान्य प्रारंभ समय प्रदान करें।,ଅତିରିକ୍ତ ଅଧିବେଶନ ନିମନ୍ତେ ଦୟାକରି ଉପଯୁକ୍ତ ଆରମ୍ଭ ସମୟ ପ୍ରଦାନ କରନ୍ତୁ,దయచేసి అదనపు సెషన్ కోసం చెల్లుబాటు అయ్యే ప్రారంభ సమయాన్ని అందించండి.,ದಯವಿಟ್ಟು ಹೆಚ್ಚುವರಿ ಸೆಷನ್ ಗೆ ಮಾನ್ಯವಾದ ಪ್ರಾರಂಭ ಸಮಯವನ್ನು ಒದಗಿಸಿ.,கூடுதல் அமர்வுக்கான சரியான தொடக்க நேரத்தை வழங்கவும்.,કૃપા કરીને વધારાના સત્ર માટે માન્ય પ્રારંભ સમય આપો.,براہ کرم اضافی سیشن کے لیے ایک درست آغاز کا وقت فراہم کریں۔
CENTER_SESSION,,PLANNED_SESSION_START_DATE_TIME_REQUIRED_ERROR,Please provide a valid start date/time for the planned session.,कृपया नियोजित सत्रासाठी वैध सुरुवातीची तारीख/वेळ द्या.,कृपया नियोजित सत्र के लिए एक मान्य प्रारंभ तिथि/समय प्रदान करें।,ଯୋଜନାବଦ୍ଧ ଅଧିବେଶନ ନିମନ୍ତେ ଦୟାକରି ଉପଯୁକ୍ତ ଆରମ୍ଭ ତାରିଖ / ସମୟ ପ୍ରଦାନ କରନ୍ତୁ,దయచేసి ప్రణాళికాబద్ధమైన సెషన్ కోసం చెల్లుబాటు అయ్యే ప్రారంభ తేదీ/సమయాన్ని అందించండి.,ದಯವಿಟ್ಟು ಯೋಜಿತ ಸೆಷನ್  ಮಾನ್ಯವಾದ ಪ್ರಾರಂಭ ದಿನಾಂಕ/ಸಮಯವನ್ನು ಒದಗಿಸಿ.,திட்டமிடப்பட்ட அமர்வுக்கான சரியான தொடக்க தேதி/நேரத்தை வழங்கவும்.,AnswerSheet Component is Rendering,براہ کرم منصوبہ بند سیشن کے لیے ایک درست آغاز کی تاریخ/وقت فراہم کریں۔
CENTER_SESSION,,EXTRA_SESSION_END_DATE_TIME_REQUIRED_ERROR,Please provide a valid end time for the extra session.,कृपया अतिरिक्त सत्रासाठी वैध समाप्तीची वेळ द्या.,कृपया अतिरिक्त सत्र के लिए एक मान्य समाप्ति समय प्रदान करें।,ଅତିରିକ୍ତ ଅଧିବେଶନ ନିମନ୍ତେ ଦୟାକରି ଉପଯୁକ୍ତ ଶେଷ ସମୟ ପ୍ରଦାନ କରନ୍ତୁ,దయచేసి అదనపు సెషన్ కోసం చెల్లుబాటు అయ్యే ముగింపు సమయాన్ని అందించండి.,ದಯವಿಟ್ಟು ಹೆಚ್ಚುವರಿ ಸೆಷನ್ ಗೆ  ಮಾನ್ಯವಾದ ಅಂತಿಮ ಸಮಯವನ್ನು ಒದಗಿಸಿ.,கூடுதல் அமர்வுக்கான சரியான முடிவு நேரத்தை வழங்கவும்.,"કૃપા કરીને વધારાના સત્ર (સેસન) માટે યોગ્ય શરૂઆતનો સમય દાખલ કરો.
",براہ کرم اضافی سیشن کے لیے ایک درست اختتامی وقت فراہم کریں۔
CENTER_SESSION,,PLANNED_SESSION_END_DATE_TIME_REQUIRED_ERROR,Please provide a valid end time for the planned session.,कृपया नियोजित सत्रासाठी वैध समाप्तीची वेळ द्या.,कृपया नियोजित सत्र के लिए एक मान्य समाप्ति समय प्रदान करें।,ଯୋଜନାବଦ୍ଧ ଅଧିବେଶନ ନିମନ୍ତେ ଦୟାକରି ଉପଯୁକ୍ତ ଶେଷ ସମୟ ପ୍ରଦାନ କରନ୍ତୁ,దయచేసి ప్రణాళికాబద్ధమైన సెషన్ కోసం చెల్లుబాటు అయ్యే ముగింపు సమయాన్ని అందించండి.,ದಯವಿಟ್ಟು ಯೋಜಿಸಲಾದ ಸೆಷನ್ ಗೆ  ಮಾನ್ಯವಾದ ಅಂತಿಮ ಸಮಯವನ್ನು ಒದಗಿಸಿ。,திட்டமிடப்பட்ட அமர்வுக்கு சரியான முடிவு நேரத்தை வழங்கவும்.,કૃપા કરીને આયોજિત સત્ર માટે માન્ય સમાપ્તિ સમય પ્રદાન કરો.,براہ کرم منصوبہ بند سیشن کے لیے ایک درست اختتامی وقت فراہم کریں۔
CENTER_SESSION,,INVALID_DATE,Invalid Date,अवैध तारीख.,अमान्य तिथि।,ତାରିଖ ବୈଧ୍ୟ ନୁହେଁ,చెల్లని తేదీ,ಅಮಾನ್ಯ ದಿನಾಂಕ,தவறான தேதி,અમાન્ય તારીખ,غلط تاریخ
CENTER_SESSION,,INVALID_EVENT_CONFIGURATION,Invalid event configuration. Please check your inputs.,अवैध कार्यक्रम संरचना. कृपया आपले इनपुट तपासा.,अमान्य कार्यक्रम विन्यास। कृपया अपनी इनपुट जांचें।,ଘଟଣାର ବିନ୍ୟାସ ଅବୈଧ। ଦୟାକରି ଆପଣଙ୍କର ଇନପୁଟ୍‌ଗୁଡିକୁ ଯାଞ୍ଚ କରନ୍ତୁ।”,చెల్లని ఈవెంట్ కాన్ఫిగరేషన్. దయచేసి మీ ఇన్‌పుట్‌లను తనిఖీ చేయండి.,ಅಮಾನ್ಯವಾದ ಈವೆಂಟ್ ಕಾನ್ಫಿಗರೇಶನ್. ದಯವಿಟ್ಟು ನಿಮ್ಮ ಇನ್‌ಪುಟ್‌ಗಳನ್ನು ಪರಿಶೀಲಿಸಿ.,தவறான நிகழ்வு உள்ளமைவு. உங்கள் உள்ளீடுகளைச் சரிபார்.,અમાન્ય ઇવેન્ટ ગોઠવણી. કૃપા કરીને તમારા ઇનપુટ્સ તપાસો.,ایونٹ کی غلط ترتیب۔ براہ کرم اپنے ان پٹ چیک کریں۔
CENTER_SESSION,,MEETING_URL_ERROR,Please provide a valid meeting URL.,कृपया वैध मीटिंग URL द्या.,कृपया एक मान्य बैठक URL प्रदान करें।,ଦୟାକରି ଏକ ମିଟିଙ୍ଗର  ସଠିକ URL ପ୍ରଦାନ କରନ୍ତୁ l,దయచేసి చెల్లుబాటు అయ్యే మీటింగ్ URLను అందించండి,ದಯವಿಟ್ಟು ಮಾನ್ಯವಾದ ಮೀಟಿಂಗ್  URL ಅನ್ನು ಒದಗಿಸಿ.,தயவுசெய்து ஒரு சரியான மீட்டிங் URL ஐ வழங்கவும்.,કૃપા કરીને એક માન્ય મીટિંગ URL પ્રદાન કરો.,براہ کرم میٹنگ کا ایک درست URL فراہم کریں۔
CENTER_SESSION,,COMPLETED,Completed,पूर्ण झालेले,पूरा हुआ,ସମ୍ପୂର୍ଣ୍ଣ,పూర్తయింది,ಪೂರ್ಣಗೊಂಡಿದೆ,முடிக்கப்பட்டது,પૂર્ણ,مکمل
CENTER_SESSION,,INPROGRESS,In Progress,प्रगतीपथावर,प्रगति पर है, ପ୍ରୋଗ୍ରେସ ହେଉଛି ,పురోగతిలో ఉంది,ಪ್ರಗತಿಯಲ್ಲಿದೆ,செயல்பாட்டில் உள்ளது,પ્રગતિમાં,جاری ہے۔
CENTER_SESSION,,NOTSTARTED,Not Started,सुरू न झालेले,शुरू नहीं हुआ,ଆରମ୍ଭ ହୋଇନାହିଁ,ప్రారంభించబడలేదు,ಪ್ರಾರಂಭಿಸಲಾಗಿಲ್ಲ,தொடங்கப்படவில்லை,શરૂ નથી,شروع نہیں ہوا۔
CENTER_SESSION,,START_DATE_MUST_BE_TODAY_OR_FUTURE_DATE,Start date must be today or future date,प्रारंभ तारीख आज किंवा त्यानंतरची असावी,प्रारंभ तिथि आज या भविष्य की होनी चाहिए,ଆରମ୍ଭ ତାରିଖ ଆଜି କିମ୍ବା ଭବିଷ୍ୟତ ତାରିଖ ହେବା ଉଚିତ,ప్రారంభ తేదీ తప్పనిసరిగా నేటి లేదా భవిష్యత్తు తేదీ అయి ఉండాలి,ಪ್ರಾರಂಭ ದಿನಾಂಕವು ಇಂದಿನ ಅಥವಾ ಭವಿಷ್ಯದ ದಿನಾಂಕವಾಗಿರಬೇಕು,தொடக்க தேதி இன்று அல்லது எதிர்கால தேதியாக இருக்க வேண்டும்,પ્રારંભ તારીખ આજે અથવા ભવિષ્યની તારીખ હોવી જોઈએ,تاریخ آغاز آج یا مستقبل کی تاریخ ہونی چاہیے۔
CENTER_SESSION,,DATE_MUST_BE_TODAY_OR_FUTURE_DATE,Date must be today or future date,तारीख आज किंवा पुढची असावी,तिथि आज या भविष्य की होनी चाहिए,ତାରିଖ ଆଜି କିମ୍ବା ଭବିଷ୍ୟତ ତାରିଖ ହେବା ଉଚିତ,తేదీ తప్పనిసరిగా నేటి లేదా భవిష్యత్తు తేదీ అయి ఉండాలి,ದಿನಾಂಕವು ಇಂದಿನ ಅಥವಾ ಭವಿಷ್ಯದ ದಿನಾಂಕವಾಗಿರಬೇಕು,தேதி இன்று அல்லது எதிர்கால தேதியாக இருக்க வேண்டும்,તારીખ આજે અથવા ભવિષ્યની તારીખ હોવી જોઈએ,تاریخ آج  كی یا مستقبل کی  ہونی چاہیے۔
MANAGE_USERS,,CENTERS_REQUESTED_SUCCESSFULLY,Center requested successfully,केंद्राने यशस्वीरित्या विनंती केली,केंद्र ने सफलतापूर्वक अनुरोध किया,କେନ୍ଦ୍ର ଅନୁରୋଧ ସଫଳତାର ସହିତ,సెంటర్ విజయవంతంగా అభ్యర్థించబడింది,ಕೇಂದ್ರವು ಯಶಸ್ವಿಯಾಗಿ ವಿನಂತಿಸಿದೆ,மையம் வெற்றிகரமாக கோரப்பட்டது,સેન્ટર એ સફળતાપૂર્વક વિનંતી કરી,مرکز نے کامیابی سے درخواست کی۔
MANAGE_USERS,,CENTERS_REASSIGNED_SUCCESSFULLY,Center reassigned successfully,केंद्र यशस्वीरीत्या पुनर्नियुक्त केले गेले आहे.,केंद्र को सफलतापूर्वक पुनः आवंटित किया गया है।,କେନ୍ଦ୍ର ସଫଳତାର ସହିତ ପୁନଃ ନିଯୁକ୍ତ,సెంటర్ విజయవంతంగా తిరిగి కేటాయించబడింది,ಕೇಂದ್ರವನ್ನು ಯಶಸ್ವಿಯಾಗಿ ಮರು ನಿಯೋಜಿಸಲಾಗಿದೆ,மையம் வெற்றிகரமாக மறுஒதுக்கீடு செய்யப்பட்டது.,સેન્ટર સફળતાપૂર્વક ફરીથી સોંપવામાં આવ્યું,مرکز کامیابی کے ساتھ دوبارہ تفویض کر دیا گیا۔
MANAGE_USERS,,CENTERS_REQUEST_FAILED,Center Request Failed,केंद्र विनंती अयशस्वी झाली.,केंद्र अनुरोध विफल रहा,କେନ୍ଦ୍ର ଅନୁରୋଧ ବିଫଳ ହେଲା |,సెంటర్ అభ్యర్థన విఫలమైంది,ಕೇಂದ್ರ ವಿನಂತಿ ವಿಫಲವಾಗಿದೆ,மையக் கோரிக்கை தோல்வியடைந்தது,સેન્ટર ની વિનંતી નિષ્ફળ,مرکز کی درخواست ناکام ہو گئی۔
FORM,,FULL_NAME,Full Name,पूर्ण नाव,पूरा नाम,ପୂର୍ଣ ନାମ,పూర్తి పేరు,ಪೂರ್ಣ ಹೆಸರು,முழு பெயர்,પૂરું નામ,پورا نام
FORM,,ENTER_FULL_NAME,Enter FUll Name,पूर्ण नाव प्रविष्ट करा,पूरा नाम दर्ज करें,ପୂର୍ଣ୍ଣ ନାମ ଦାଖଲ କରନ୍ତୁ,పూర్తి పేరును నమోదు చేయండి,ಪೂರ್ಣ ಹೆಸರನ್ನು ನಮೂದಿಸಿ,முழுப் பெயரை உள்ளிடு,પૂરું નામ એન્ટર કરો,پورا نام درج کریں۔
FORM,,CONTACT_NUMBER,Contact Number,संपर्क क्रमांक,संपर्क नंबर,ଯୋଗାଯୋଗ  ନମ୍ବର,సంప్రదింపు సంఖ్య,ಸಂಪರ್ಕ ಸಂಖ್ಯೆ,தொடர்பு எண்,કોન્ટેક્ટ નંબર,رابطہ نمبر
FORM,,ENTER_CONTACT_NUMBER,Enter Contact Number,संपर्क क्रमांक प्रविष्ट करा,संपर्क नंबर दर्ज करें,ଯୋଗାଯୋଗ ନମ୍ବର  ଦାଖଲ କରନ୍ତୁ,సంప్రదింపు సంఖ్యను నమోదు చేయండి,ಸಂಪರ್ಕ ಸಂಖ್ಯೆಯನ್ನು ನಮೂದಿಸಿ,தொடர்பு எண்ணை உள்ளிடு,કોન્ટેક્ટનંબર એન્ટર કરો,رابطہ نمبر درج کریں۔
FORM,,HOW_WAS_LEARNER_MOBILISED,How Was the Learner Mobilised?,शिकणाऱ्याची चळवळ कशी करण्यात आली?,शिकणाऱ्य को कैसे मोबिलाइज किया गया?,ଶିକ୍ଷାର୍ଥୀ କିପରି ମୋବିଳାଇଜ ହେଲେ ?,అభ్యాసకుడు ఎలా సమీకరించబడ్డాడు?,ಕಲಿಯುವವರನ್ನು ಹೇಗೆ ಸಜ್ಜುಗೊಳಿಸಲಾಯಿತು?,மாணவர் எவ்வாறு அணிதிரட்டப்பட்டார்?,લર્નર ને કેવી રીતે મોબિલાઈઝ કરવામાં આવ્યો?,سیکھنے والے کو کیسے متحرک کیا گیا؟
FORM,,SECOND_CHANCE_ALUMNI,Second Chance Alumni,दुसऱ्या संधीचे माजी विद्यार्थी,सेकंड चांस के पूर्व छात्र,ସେକେଣ୍ଡ ଚାନ୍ସ ଆଲୁମିନୀ,సెకండ్ ఛాన్స్ పూర్వ విద్యార్థి,ಸೆಕಂಡ್ ಚಾನ್ಸ್ ಹಳೆಯ ವಿದ್ಯಾರ್ಥಿಗಳು,செகண்ட் சான்ஸ் முன்னாள் மாணவர்கள்,સેકન્ડ ચાન્સ ના ભૂતપૂર્વ વિદ્યાર્થીઓ,سیکنڈ چانس سابق طالب علم
FORM,,PRATHAM_TEAM_MEMBER,Pratham Team Member,प्रथम टीम सदस्य,प्रथम टीम सदस्य,ପ୍ରଥମ ଟିମ୍ ସଦସ୍ୟ,ప్రథమ్ టీమ్ సభ్యుడు,ಪ್ರಥಮ್ ತಂಡದ ಸದಸ್ಯರು,பிரதம் குழு உறுப்பினர்,પ્રથમ ટીમ મેમ્બર,پرتھم ٹیم ممبر
FORM,,OTHER,Other,इतर,अन्य,ଅନ୍ୟ,ఇతర,ಇತರೆ,வேறு,બીજું,دیگر
FORM,,MALE,Male,पुरुष,पुरुष,ପୁରୁଷ,పురుషుడు,ಗಂಡು,ஆண்,પુરુષ,مرد
FORM,,FEMALE,Female,महिला,महिला,ମହିଳା,స్త్రీ,ಹೆಣ್ಣು,பெண்,સ્ત્રી,خاتون
FORM,,LEARNERS_PRIMARY_WORK,Learner's Primary Work,शिकणाऱ्याचे प्राथमिक काम,शिकणाऱ्य का प्राथमिक कार्य,ଶିକ୍ଷାର୍ଥୀଙ୍କର ପ୍ରାଥମିକ କାମ,అభ్యాసకుని ప్రాథమిక పని,ಕಲಿಯುವವರ ಪ್ರಾಥಮಿಕ ಕೆಲಸ,மாணவரின் முதன்மைப் பணி,લર્નર નું પ્રાથમિક કાર્ય,سیکھنے والوں کا بنیادی کام
FORM,,ENROLLED_IN_EDUCATIONAL_INSTITUTE,Enrolled in educational institute,शैक्षणिक संस्थेत नोंदणीकृत,शैक्षिक संस्थान में नामांकित,ଶିକ୍ଷା ସଂସ୍ଥାରେ ଭର୍ତ୍ତୀ,విద్యా సంస్థలో నమోదు చేయబడింది,ಶಿಕ್ಷಣ ಸಂಸ್ಥೆಯಲ್ಲಿ ದಾಖಲಾಗಿದ್ದಾರೆ,கல்வி நிறுவனத்தில் சேர்ந்தவர்கள்,શૈક્ષણિક સંસ્થામાં પ્રવેશ મેળવ્યો,تعلیمی ادارے میں داخلہ لیا۔
FORM,,OWN_FARMING,Own farming,स्वतःचे शेती,स्वयं की खेती,ସ୍ୱୟଂ କୃଷି,సొంత వ్యవసాయం,ಸ್ವಂತ ಕೃಷಿ,சொந்த விவசாயம்,પોતાની ખેતી,اپنی کاشتکاری
FORM,,AGRICULTURAL_FARM_LABORER,Agricultural farm laborer,कृषी फार्म कामगार,कृषि खेत श्रमिक,କୃଷି ଶ୍ରମିକ,వ్యవసాయ కూలీ,ಕೃಷಿ ಕಾರ್ಮಿಕ,விவசாய கூலி,ખેતમજૂર,زرعی کھیت مزدور
FORM,,NON_AGRICULTURAL_LABORER,Non-agricultural laborer,कृषी न करता कामगार,गैर-कृषि श्रमिक,ଅଣକୃଷି ଶ୍ରମିକ,వ్యవసాయేతర కూలీ,ಕೃಷಿಯೇತರ ಕಾರ್ಮಿಕ,விவசாயம் அல்லாத கூலி,બિનખેતી મજૂર,غیر زرعی مزدور
FORM,,SALARIED_WORK,Salaried work,पगाराचे काम,सैलरी वाली नौकरी,ବେତନଭୋଗୀ କାମ,జీతభత్యాల పని,ಸಂಬಳದ ಕೆಲಸ,சம்பள வேலை,પગારદાર કામ,تنخواہ دار کام
FORM,,SELF_EMPLOYMENT,Self-employment,स्व-रोजगार,स्व-रोज़गार,ସ୍ୱୟଂ-ନିୟୋଜନ,స్వయం ఉపాధి,ಸ್ವ-ಉದ್ಯೋಗ,சுய வேலைவாய்ப்பு,સ્વ-રોજગાર,خود روزگار
FORM,,UNEMPLOYED,Unemployed,बेरोजगार,बेरोज़गार,ବେକାରୀ,నిరుద్యోగి,ನಿರುದ್ಯೋಗಿ,வேலையில்லாதவர்,બેરોજગાર,بے روزگار
FORM,,INVOLVED_IN_DOMESTIC_WORK,Involved in domestic work,घरगुती कामांमध्ये सामील,घरेलू काम में संलग्न,ଘରୋଇ କାମରେ ଜଡିତ,గృహ సంబంధిత పనులలో నిమగ్నమై ఉన్నారు,ಮನೆಕೆಲಸದಲ್ಲಿ ತೊಡಗಿಸಿಕೊಂಡಿದ್ದಾರೆ,வீட்டு வேலைகளில் ஈடுபடுபவர்,ઘરેલું કામમાં સામેલ,گھریلو کاموں میں مشغول
FORM,,ENTER_YOUR_FATHER_NAME,Enter Your Father Name,आपल्या वडिलांचे नाव प्रविष्ट करा,अपने पिता का नाम दर्ज करें,ଆପଣଙ୍କର ପିତାଙ୍କର ନାମ ଦାଖଲ କରନ୍ତୁ,మీ తండ్రి పేరు నమోదు చేయండి,ನಿಮ್ಮ ತಂದೆಯ ಹೆಸರನ್ನು ನಮೂದಿಸಿ,உங்கள் தந்தை பெயரை உள்ளிடவும்,તમારા પિતાનું નામ દાખલ કરો,اپنے والد کا نام درج کریں۔
FORM,,CLASS_OR_LAST_PASSED_GRADE,Class (Last passed grade),वर्ग (शेवटचा उत्तीर्ण ग्रेड),कक्षा (अंतिम पास की गई कक्षा),କ୍ଲାସ୍ (ଶେଷ  ଗ୍ରେଡ୍),తరగతి (చివరిగా ఉత్తీర్ణత పొందిన గ్రేడ్),ತರಗತಿ (ಕೊನೆಯದಾಗಿ ಉತ್ತೀರ್ಣರಾದ ತರಗತಿ ),வகுப்பு (கடைசியாக தேர்ச்சி பெற்ற வகுப்பு),વર્ગ (છેલ્લે પાસ કરેલ ગ્રેડ),کلاس (آخری پاس شدہ گریڈ)
FORM,,NO_SCHOOLING,No Schooling,शालेय शिक्षण नाही,कोई स्कूलिंग नहीं,ଶିକ୍ଷା ନାହିଁ,విద్య లేదు,ಶಾಲಾ ಶಿಕ್ಷಣವಿಲ್ಲ,பள்ளிப்படிப்பு இல்லை,નો સ્કૂલિંગ,کوئی سکولنگ نہیں۔
FORM,,REASON_FOR_DROPOUT_FROM_SCHOOL,Reason for dropout from school,शाळा सोडण्याचे कारण,स्कूल से ड्रॉपआउट का कारण,ସ୍କୁଲରୁ ବାହାର ଯିବାର କାରଣ,బడి మానేయడానికి గల కారణం,ಶಾಲೆಯಿಂದ ಹೊರಗುಳಿಯಲು ಕಾರಣ,பள்ளியில் இருந்து டிராப்-அவுட் ஆனதற்கான காரணம்,શાળા છોડવાનું કારણ,اسکول چھوڑنے کی وجہ
FORM,,SCHOOL_INACCESSIBLE,School inaccessible,शाळा अनुपलब्ध,स्कूल पहुँचना मुश्किल,ସ୍କୁଲ ଅଗମ୍ୟ,పాఠశాల అందుబాటులో లేదు,ಶಾಲೆಗೆ ಪ್ರವೇಶವಿಲ್ಲ,பள்ளியை அணுக முடியாத நிலை,શાળા અપ્રાપ્ય,اسکول ناقابل رسائی
FORM,,FINANCIAL_CONSTRAINTS,Financial Constraints,आर्थिक अडथळे,आर्थिक बाधाएँ,ଆର୍ଥିକ ଅବସ୍ଥା,ఆర్థిక ఇబ్బందులు,ಆರ್ಥಿಕ ನಿರ್ಬಂಧಗಳು,பண சிக்கல்கள்,નાણાકીય અવરોધો,مالی رکاوٹیں
FORM,,LACK_OF_INTEREST,Lack of Interest,रसाची कमी,रुचि की कमी,ଆଗ୍ରହର ଅଭାବ,ఆసక్తి లేకపోవడం,ಆಸಕ್ತಿಯ ಕೊರತೆ,ஆர்வமின்மை,રસનો અભાવ,دلچسپی کی کمی
FORM,,FAMILY_RESPONSIBILITIES,Family responsibilities,कुटुंबीय जबाबदा-या,परिवार की जिम्मेदारियाँ,ପାରିବାରିକ ଦାୟିତ୍ୱ,కుటుంబ బాధ్యతలు,ಕುಟುಂಬದ ಜವಾಬ್ದಾರಿಗಳು,குடும்பப் பொறுப்புகள்,પારિવારિક જવાબદારી,خاندانی ذمہ داریاں
FORM,,FAILED,Failed,अपयशी,फेल,ବିଫଳ,ఫెయిల్ అయ్యారు,ವಿಫಲವಾಗಿದೆ,தோல்வியுற்றது,નિષ્ફળ,ناکام
FORM,,ILLNESS,Illness,आजार,बीमारी,ଅସୁସ୍ଥ,అనారోగ్యం,ಅನಾರೋಗ್ಯ,உடல்நலக்குறைவு,બિમારી,بیماری
FORM,,MARRIAGE,Marriage,विवाह,विवाह,ବିବାହ,వివాహం,ಮದುವೆ,திருமணம்,લગ્ન,شادی
FORM,,MIGRATION,Migration,स्थलांतर,स्थानांतरण,ପ୍ରବାସୀ,వలస,ವಲಸೆ,இடம்பெயர்வு,સ્થળાંતર,ہجرت
FORM,,STARTED_VOCATIONAL_COURSE,Started vocational course,व्यावसायिक अभ्यासक्रम सुरू केला,व्यावसायिक पाठ्यक्रम शुरू किया,ଧନ୍ଦାମୂଳକ  ଶିକ୍ଷା ଆରମ୍ଭ ହେଲା,వృత్తిపరమైన కోర్సును ప్రారంభించారు,ವೃತ್ತಿಪರ ಕೋರ್ಸ್ ಪ್ರಾರಂಭಿಸಿದರು,தொழிற்கல்வி படிப்பை தொடங்கினார்,વ્યાવસાયિક અભ્યાસક્રમ શરૂ કર્યો,ووکیشنل کورس شروع کیا۔
FORM,,STARTED_A_JOB,Started a job,नोकरी सुरू केली,नौकरी शुरू की,ଏକ କାମ ଆରମ୍ଭ ହେଲା,ఉద్యోగం ప్రారంభించారు,ಕೆಲಸ ಪ್ರಾರಂಭಿಸಿದೆ,ஒரு வேலையைத் தொடங்கினார்,નોકરી શરૂ કરી,نوکری شروع کی۔
FORM,,SCHOOL_CLOSURE_DUE_TO_COVID,School closure due to covid,कोविडमुळे शाळा बंद,कोविड के कारण स्कूल बंद,କୋଭିଡ୍ ଦ୍ୱାରା ସ୍କୁଲ ବନ୍ଦ,కోవిడ్ కారణంగా పాఠశాల మూసివేత,ಕೋವಿಡ್ ನಿಂದಾಗಿ ಶಾಲೆ ಮುಚ್ಚಲಾಗಿದೆ.,கொரோனா காரணமாக பள்ளிகள் மூடல்,કોવિડને કારણે શાળા બંધ,کوویڈ کی وجہ سے اسکول بند
FORM,,UNMARRIED,Unmarried,अविवाहित,अविवाहित,ବିବାହିତ ନୁହେଁ,అవివాహితులు,ಅವಿವಾಹಿತ,திருமணமாகாதவர்,અપરિણીત,غیر شادی شدہ
FORM,,MARRIED,Married,विवाहित,विवाहित,ବିବାହିତ,విడాకులు తీసుకున్నారు,ವಿವಾಹಿತರು,திருமணமானவர்,પરિણીત,شادی شدہ
FORM,,DIVORCED,Divorced,घटस्फोटित,तलाकशुदा,ତଲାକ ହୋଇଛି,విడాకులు తీసుకున్న/విధవ,ವಿಚ್ಛೇದನ ಪಡೆದರು,விவாகரத்து பெற்றவர்,છૂટાછેડા લીધા,طلاق ہو گئی۔
FORM,,SMARTPHONE,Smartphone,स्मार्टफोन,स्मार्टफोन,ସ୍ମାର୍ଟଫୋନ୍,స్మార్ట్‌ఫోన్,ಸ್ಮಾರ್ಟ್ ಫೋನ್,ஸ்மார்ட்போன்,સ્માર્ટફોન,اسمارٹ فون
FORM,,KEYPAD,Keypad,कीपॅड,कीपैड फोन,କୀପ୍ୟାଡ୍,కీప్యాడ్,ಕೀಪ್ಯಾಡ ,கீபேட்,કીપેડ,کی پیڈ
FORM,,NO_PHONE,No Phone,फोन नाही,कोई फोन नहीं,ଫୋନ୍ ନାହିଁ,ఫోన్ లేదు,ಫೋನ್ ಇಲ್ಲ,தொலைபேசி இல்லை,ફોન નથી,کوئی فون نہیں۔
FORM,,IS_IT_YOUR_OWN_PHONE,Is it your own phone?,हा तुमचा फोन आहे का?,क्या यह आपका अपना फोन है?,ଏହା ଆପଣଙ୍କର ନିଜ ଫୋନ୍ କି?,ఇది మీ సొంత ఫోనా?,ಇದು ನಿಮ್ಮ ಸ್ವಂತ ಫೋನ್ನಾ?,இது உங்கள் சொந்த தொலைபேசியா?,શું તે તમારો પોતાનો ફોન છે?,کیا یہ آپ کا اپنا فون ہے؟
FORM,,YES,Yes,होय,हाँ,ହଁ,అవును,ಹೌದು,ஆம்,હા,جی ہاں
FORM,,NO,No,नाही,नहीं,ନାହିଁ,కాదు,ಇಲ್ಲ,இல்லை,ના,نہیں
FORM,,TYPE_OF_PHONE_AVAILABLE,Type of Phone Available,उपलब्ध फोनचा प्रकार,उपलब्ध फोन का प्रकार,ଉପଲବ୍ଧ ଫୋନ୍ ପ୍ରକାର,అందుబాటులో ఉన్న ఫోన్ రకం,ಲಭ್ಯವಿರುವ ಫೋನ್ ಪ್ರಕಾರ,கிடைக்கும் தொலைபேசி வகை,ફોનનો પ્રકાર ઉપલબ્ધ છે,دستیاب فون کی قسم
FORM,,REASON_FOR_DROP_OUT_FROM_SCHOOL,Reason for drop out from School,शाळा सोडण्याचे कारण,स्कूल से ड्रॉपआउट का कारण,ବିଦ୍ୟାଳୟରୁ ଡ୍ରପଆଉଟ ହେବାର  କାରଣ,బడి మానేయడానికి గల కారణం,ಶಾಲೆಯಿಂದ ಹೊರಗುಳಿಯಲು ಕಾರಣ,பள்ளியில் இருந்து டிராப்-அவுட் ஆனதற்கான காரணம்,શાળા છોડવાનું કારણ,اسکول چھوڑنے کی وجہ
FORM,,EMAIL,Email,ई-मेल,ईमेल,ଇମେଲ୍,ఈమెయిల్,ಇಮೇಲ್,மின்னஞ்சல்,ઈમેલ,ای میل
FORM,,DESIGNATION,Designation,पदनाम,पद,ପଦବୀ,హోదా,ಹುದ್ದೆ ,பதவி,હોદો,عہدہ
FORM,,NUMBER_OF_CLUSTERS_I_TEACH,Number of Clusters I Teach,मी शिकवत असलेल्या क्लस्टर्सची संख्या,क्लस्टर की संख्या जो मैं पढ़ाता हूँ,ମୁଁ ପଢାଉଥିବା କ୍ଲଷ୍ଟର ସଂଖ୍ୟା,నేను బోధించే క్లస్టర్‌ల సంఖ్య,ನಾನು ಕಲಿಸಲು ಹೋಗುವ  ಕ್ಲಸ್ಟರ್‌ಗಳ ಸಂಖ್ಯೆ,நான் கற்பிக்கும் கிளஸ்டர்களின் எண்ணிக்கை,મારા દ્વારા શિખવેલ ક્લસ્ટરોની સંખ્યા,کلسٹرز کی تعداد جو میں پڑھاتا ہوں۔
FORM,,YEAR_OF_JOINING_SCP,Year of joining SCP,SCPमध्ये सामील होण्याचा वर्ष,SCP में शामिल होने का वर्ष,SCP ରେ ଯୋଗଦାନ ବର୍ଷ,SCPలో చేరిన సంవత్సరం,SCP ಗೆ ಸೇರಿದ ವರ್ಷ,SCP-யில் சேர்ந்த ஆண்டு,SCP માં જોડાવાનું વર્ષ,SCP میں شمولیت کا سال
FORM,,MY_MAIN_SUBJECTS,My Main Subjects,माझे  मुख्य विषय,मेरे मुख्य विषय,ମୋ ମୁଖ୍ୟ  ବିଷୟଗୁଡିକ,నా ప్రధాన విషయాలు,ನನ್ನ ಮುಖ್ಯ ವಿಷಯಗಳು,என் முக்கிய பாடங்கள்,મારા મુખ્ય વિષયો,اہم مضامین
FORM,,SUBJECTS_I_TEACH,Subjects I Teach,मी शिकवतो ते विषय,मैं जिन विषयों को पढ़ाता हूं,ମୁଁ ଶିକ୍ଷା ଦେଉଥିବା ବିଷୟଗୁଡ଼ିକ |,నేను బోధించే విషయాలు,ನಾನು ಕಲಿಸುವ ವಿಷಯಗಳು,நான் கற்பிக்கும் பாடங்கள்,મારા દ્વારા શીખવવામાં આવેલ વિષયો,مضمون جو میں پڑھاتا ہوں۔
FORM,,GENDER,Gender,लिंग,लिंग,ଲିଙ୍ଗ,లింగం,ಲಿಂಗ,பாலினம்,જાતિ,جنس
FORM,,UNIT_NAME,Unit Name,युनिट नाव,यूनिट का नाम,ୟୁନିଟ ନାମ,యూనిట్ పేరు,ಯುನಿಟ್  ಹೆಸರು,யூனிட் பெயர்,યુનિટ નું નામ,یونٹ کا نام
FORM,,UNIT_CODE,Unit Code,युनिट कोड,यूनिट कोड,ୟୁନିଟ କୋଡ,యూనిట్ కోడ్,ಯುನಿಟ್  ಕೋಡ್,யூனிட் குறியீடு,યુનિટ કોડ,یونٹ کوڈ
FORM,,ENROLLMENT_NUMBER,Enrollment Number,नोंदणी क्रमांक,नामांकन संख्या,ପଞ୍ଜୀକରଣ ସଂଖ୍ୟା |,వినియోగదారు పేరు,ನೋಂದಣಿ ಸಂಖ್ಯೆ,சேர்க்கை எண்,એનરોલમેન્ટ નંબર,اندراج نمبر
FORM,,BLOCK_NAME,Block Name,ब्लॉक नाव,ब्लॉक का नाम,ବ୍ଲକ୍ ନାମ,బ్లాక్ పేరు,ಬ್ಲಾಕ್ ಹೆಸರು,வட்டத்தின் பெயர்,બ્લોક નું નામ,بلاک کا نام
FORM,,STUDENT_TYPE,Type of Learner,शिकणाऱ्याचा प्रकार,शिक learner का प्रकार,ଶିକ୍ଷାର୍ଥୀ ପ୍ରକାର,అభ్యాసకుని రకం,ಲರ್ನರ್ ಟೈಪ್ ,மாணவரின் வகை,લર્નર ના પ્રકાર,سیکھنے والے کی قسم
FORM,,STATE_NAME,State Name,राज्याचे नाव,राज्य का नाम,ରାଜ୍ୟ ନାମ,రాష్ట్రం పేరు,ರಾಜ್ಯದ ಹೆಸರು,மாநிலம்,રાજ્ય નું નામ,ریاست کا نام
FORM,,SUPPORT_NEEDED,Support needed,समर्थन आवश्यक आहे,आवश्यक समर्थन,ସହାୟତା ଆବଶ୍ୟକ,మద్దతు అవసరం,ಬೆಂಬಲದ ಅಗತ್ಯವಿದೆ,ஆதரவு தேவை,જરૂરી સપોર્ટ,سپورٹ کی ضرورت ہے۔
FORM,,CLASS,Class (Last passed grade),वर्ग (शेवटचा उत्तीर्ण ग्रेड),कक्षा (अंतिम पास की गई कक्षा),ଶ୍ରେଣୀ,తరగతి,ತರಗತಿ,வகுப்பு,ક્લાસ,کلاس (آخری پاس شدہ گریڈ)
FORM,,FATHER_NAME,Father’s Name,वडिलांचे नाव,पिता का नाम,ପିତାଙ୍କ ନାମ,తండ్రి పేరు,ತಂದೆಯ ಹೆಸರು,தந்தையின் பெயர்,પિતા નું નામ,والد کا نام
FORM,,MARITAL_STATUS,Marital Status,वैवाहिक स्थिती,वैवाहिक स्थिति,ବୈବାହିକ ସ୍ଥିତି,వైవాహిక స్థితి,ವೈವಾಹಿಕ ಸ್ಥಿತಿ,திருமண நிலை,વૈવાહિક સ્થિતિ,ازدواجی حیثیت
FORM,,OWN_PHONE_CHECK,Does the Learner Own the Phone?,शिकणाऱ्याचा फोन आहे का?,क्या शिक learner के पास फोन है?,ଶିକ୍ଷାର୍ଥୀଙ୍କ ଫୋନ ଆଛି କି?,అభ్యాసకునికి ఫోన్ ఉందా?,ಕಲಿಯುವವರು ಫೋನ್ ಹೊಂದಿದ್ದಾರೆಯೇ?,மாணவர் தொலைபேசியை சொந்தமாக வைத்திருக்கிறாரா?,શું લર્નર પાસે ફોન છે?,کیا سیکھنے والا فون کا مالک ہے؟
FORM,,PHONE_TYPE_AVAILABLE,Type of Phone Available,उपलब्ध फोनचा प्रकार,उपलब्ध फोन का प्रकार,ଉପଲବ୍ଧ ଫୋନ୍ ପ୍ରକାର,అందుబాటులో ఉన్న ఫోన్ రకం,ಲಭ್ಯವಿರುವ ಫೋನ್ ಪ್ರಕಾರ,தொலைபேசி வகை,અવેલેબલ ફોન નો પ્રકાર,دستیاب فون کی قسم
FORM,,DISTRICT_NAME,District Name,जिल्ह्याचे नाव,जिला का नाम,ଜିଲ୍ଲା ନାମ,జిల్లా పేరు,ಜಿಲ್ಲೆಯ ಹೆಸರು,மாவட்டத்தின் பெயர்,જીલ્લા નું નામ,ضلع کا نام
FORM,,AGE,Age,वय,उम्र,ବୟସ,వయస్సు,ವಯಸ್ಸು,வயது,ઉમર,عمر
FORM,,REGULAR,Regular,नियमित,नियमित,ସାଧାରଣ,రెగ్యులర్,ರೆಗ್ಯುಲರ್  ,ரெகுலர்,નિયમિત,باقاعدہ
FORM,,REMOTE,Remote,दूरस्थ,दूरस्थ,ଦୂରସ୍ଥ,రిమోట్,ರಿಮೋಟ್,ரிமோட்,રીમોટ,ریموٹ
FORM,,PRIMARY_WORK,Learner's Primary Work,शिकणाऱ्याचे प्राथमिक काम,शिक learner का प्राथमिक काम,ଶିକ୍ଷାର୍ଥୀଙ୍କ ପ୍ରାଥମିକ କାମ,అభ్యాసకుని ప్రాథమిక పని,ಕಲಿಯುವವರ ಪ್ರಾಥಮಿಕ ಕೆಲಸ,மாணவரின் முதன்மைப் பணி,લર્નર નું પ્રાથમિક કામ,سیکھنے والوں کا بنیادی کام
FORM,,MOBILISATION_METHOD,How Was the Learner Mobilized?,शिकणाऱ्याची चळवळ कशी करण्यात आली?,शिक learner को कैसे मोबिलाइज किया गया?,ଶିକ୍ଷାର୍ଥୀଙ୍କୁ କିପରି ମୋବିଲାଇଜ୍  କରାଯାଇଥିଲା?,అభ్యాసకుడు ఎలా సమీకరించబడ్డాడు?,ಕಲಿಯುವವರನ್ನು ಹೇಗೆ ಸಜ್ಜುಗೊಳಿಸಲಾಯಿತು?,மாணவர் எவ்வாறு அணிதிரட்டப்பட்டார்?,લર્નર ને કેવી રીતે મોબીલાઈઝ કરવામાં આવ્યા?,سیکھنے والے کو کیسے متحرک کیا گیا؟
FORM,,MONTH_MOBILISATION,Month of Mobilisation,चळवळीसाठीचा महिना,मोबिलाइजेशन का महीना,ମୋବିଲାଇଜ ମାସ,సమీకరించబడిన నెల,ಸಜ್ಜುಗೊಳಿಸಿದ ತಿಂಗಳು,அணிதிரட்டல் மாதம்,મોબીલાઈઝેશન નો મહિનો,متحرک ہونے کا مہینہ
FORM,,DROP_OUT_REASON,Reason for Drop Out From School,शाळा सोडण्याचे कारण,स्कूल से ड्रॉपआउट का कारण,ବିଦ୍ୟାଳୟ ଛଡିବା କାରଣ,పాఠశాల నుండి మానేయడానికి గల కారణం,ಶಾಲೆಯಿಂದ ಹೊರಗುಳಿಯಲು ಕಾರಣ,பள்ளியில் இருந்து டிராப்-அவுட் ஆனதற்கான காரணம்,સ્કૂલ માંથી ડ્રોપઆઉટ થવાનું કારણ,سکول چھوڑنے کی وجہ
FORM,,ASSIGN_CENTERS,Assign Centers,केंद्रे नियुक्त करा,केंद्र असाइन करें,କେନ୍ଦ୍ର ନିୟୋଗ କରନ୍ତୁ,కేంద్రాలను కేటాయించండి,ಕೇಂದ್ರಗಳನ್ನು ನಿಯೋಜಿಸಿ,மையங்களை ஒதுக்குங்கள்,સેન્ટર્સ સોંપો,مراکز تفویض کریں۔
FORM,,TYPE_OF_COHORT,Center type,कोहोर्टचा प्रकार,कोहोर्ट का प्रकार,ସେଣ୍ଟର  ପ୍ରକାର,కేంద్రం రకం,ಸೆಂಟರ್  ಪ್ರಕಾರ,மையத்தின் வகை,સમૂહનો પ્રકાર,مرکز کی قسم
FORM,,NOTE_THIS_WILL_BE_CENTER_NAME,Note: This will be the Center name,लक्षात ठेवा हे केंद्राचे नाव असेल,नोट: यह केंद्र का नाम होगा,"ନୋଟ୍ କରନ୍ତୁ, ଏହା କେନ୍ଦ୍ରର ନାମ ହେବ",గమనిక: ఇది కేంద్రం పేరు అవుతుంది,ಗಮನಿಸಿ: ಇದು ಕೇಂದ್ರದ ಹೆಸರಾಗಿರುತ್ತದೆ。,குறிப்பு: இது மையத்தின் பெயராக இருக்கும்,નોંધ: આ સેન્ટર નું નામ હશે,نوٹ: یہ مرکز کا نام ہوگا۔
FORM,,ENGLISH,English,अंग्रेज़ी,अंग्रेज़ी,ଇଂରାଜୀ,ఇంగ్లీష్,ಇಂಗ್ಲಿಷ್,ஆங்கிலம்,ઈંગ્લીશ,Urdu
FORM,,HOME_SCIENCE,Home Science,गृह विज्ञान,गृह विज्ञान,ଗୃହ ବିଜ୍ଞାନ,హోమ్ సైన్స్,ಗೃಹ ವಿಜ್ಞಾನ,ஹோம் சயின்ஸ்,હોમ સાયન્સ,ہوم سائنس
FORM,,MATH,Math,गणित,गणित,ଗଣିତ,మ్యాథ్,ಗಣಿತ,கணக்கு,ગણિત,ریاضی
FORM,,LANGUAGE,Language,भाषा,भाषा,ଭାଷା,భాష,ಭಾಷೆ,மொழி,ભાષા,زبان
FORM,,SCIENCE,Science,विज्ञान,विज्ञान,ବିଜ୍ଞାନ,సైన్స్,ವಿಜ್ಞಾನ,அறிவியல்,વિજ્ઞાન,سائنس
FORM,,SOCIAL_SCIENCE,Social Science,सामाजिक विज्ञान,सामाजिक विज्ञान,ସାମାଜିକ ବିଜ୍ଞାନ,సాంఘిక శాస్త్రం,ಸಮಾಜ ವಿಜ್ಞಾನ,சமூக அறிவியல்,સામાજિક વિજ્ઞાન,سوشل سائنس
FORM,,LIFE_SKILLS,Life Skills,जीवन कौशल्ये,जीवन कौशल,ଜୀବନ କୌଶଳ,జీవన నైపుణ్యాలు,ಜೀವನ ಕೌಶಲ್ಯಗಳು,வாழ்க்கைத் திறன்கள்,લાઈફ સ્કીલ્સ,زندگی کی مہارتیں
FORM,,PREFERRED_LANGUAGE,Preferred Language,प्राधान्य भाषेची निवड,पसंदीदा भाषा,ପସନ୍ଦଯୋଗ୍ୟ ଭାଷା,ప్రాధాన్యత ఉన్న భాష,ಆದ್ಯತೆಯ ಭಾಷೆ,விருப்பமான மொழி,પસંદીદા ભાષા,ترجیحی زبان
FORM,,FIRST_NAME,First Name,पहिले नाव,पहला नाम,ପ୍ରଥମ ନାମ,మొదటి పేరు,ಮೊದಲ ಹೆಸರು,முதல் பெயர்,પ્રથમ નામ,پہلا نام
FORM,,MIDDLE_NAME_OR_FATHER_NAME,Middle Name or Father Name,मधले नाव किंवा वडिलांचे नाव,मध्य नाम या पिता का नाम,ମଧ୍ୟମ ନାମ କିମ୍ବା ପିତାଙ୍କ ନାମ,మధ్య పేరు లేదా తండ్రి పేరు,ಮಧ್ಯದ ಹೆಸರು ಅಥವಾ ತಂದೆಯ ಹೆಸರು,இடைப்பெயர் அல்லது தந்தையின் பெயர்,મધ્ય નામ અથવા પિતાનું નામ,درمیانی نام یا والد کا نام
FORM,,LAST_NAME,Last Name,आडनाव,अंतिम नाम,ଶେଷ ନାମ,చివరి పేరు,ಕೊನೆಯ ಹೆಸರು,கடைசி பெயர்,અટક,آخری نام
FORM,,USERNAME,Username,वापरकर्ता नाव,उपयोगकर्ता नाम,ଉପଯୋଗକର୍ତା ନାମ,యూజర్‌నేమ్,ಯೂಸರ್  ಹೆಸರು,பயனர் பெயர்,વપરાશકર્તા નામ,صارف نام
FORM,,MOTHER_NAME,Mother Name,आईचे नाव,माता का नाम,ମାତାଙ୍କ ନାମ,తల్లి పేరు,ತಾಯಿಯ ಹೆಸರು,தாயின் பெயர்,માતાનું નામ,ماں کا نام
FORM,,DATE_OF_BIRTH,Date of Birth,जन्मतारीख,जन्म तिथि,ଜନ୍ମ ତାରିଖ,పుట్టిన తేదీ,ಜನ್ಮ ದಿನಾಂಕ,பிறந்த தேதி,જન્મ તારીખ,تاریخ پیدائش
FORM,,NAME_OF_GUARDIAN,Name of Guardian,पालकाचे नाव,अभिभावक का नाम,ଅଭିଭାବକଙ୍କ ନାମ,సంరక్షకుని పేరు,ಪಾಲಕರ ಹೆಸರು,பாதுகாவலரின் பெயர்,વાલીનું નામ,سرپرست کا نام
FORM,,RELATION_WITH_GUARDIAN,Relation with Guardian,पालकाशी नाते,अभिभावक से संबंध,ଅଭିଭାବକଙ୍କ ସହ ସମ୍ପର୍କ,సంరక్షకునితో సంబంధం,ಪಾಲಕರೊಂದಿಗಿನ ಸಂಬಂಧ,பாதுகாவலருடனான உறவு,વાલી સાથેનો સંબંધ,سرپرست کے ساتھ تعلق
FORM,,PHONE_NUMBER,Phone Number,फोन नंबर,फ़ोन नंबर,ଫୋନ ନମ୍ବର,ఫోన్ నంబర్,ಫೋನ್ ಸಂಖ್ಯೆ,தொலைபேசி எண்,ફોન નંબર,فون نمبر
FORM,,DOES_THIS_PHONE_BELONG_TO_YOU,Does This Phone Belong to You?,हा फोन तुमचाच आहे का?,क्या यह फ़ोन नंबर आपका है?,ଏହି ଫୋନ କ’ଣ ଆପଣଙ୍କର?,ఈ ఫోన్ మీదేనా?,ಈ ಫೋನ್ ನಿಮ್ಮದೇ?,இந்த தொலைபேசி உங்களுடையதா?,શું આ ફોન તમારો છે?,کیا یہ فون آپ کا ہے؟
FORM,,HIGHEST_EDCATIONAL_QUALIFICATION_OR_LAST_PASSED_GRADE,Highest Educational Qualification or Last Passed Grade,सर्वोच्च शैक्षणिक पात्रता किंवा उत्तीर्ण इयत्ता,अधिकतम शैक्षणिक योग्यता या अंतिम उत्तीर्ण कक्षा,ସର୍ବାଧିକ ଶିକ୍ଷାଗତ ଯୋଗ୍ୟତା କିମ୍ବା ଶେଷ ହୋଇଥିବା ଶ୍ରେଣୀ,అత్యధిక విద్యా అర్హత లేదా చివరిగా ఉత్తీర్ణత పొందిన గ్రేడ్,ಉನ್ನತ ಶೈಕ್ಷಣಿಕ ಅರ್ಹತೆ ಅಥವಾ ಕೊನೆಯದಾಗಿ ಉತ್ತೀರ್ಣಗೊಂಡ ಗ್ರೇಡ್,உயர்ந்த கல்வித் தகுதி அல்லது கடைசியாக தேர்ச்சி பெற்ற வகுப்பு,ઉચ્ચતમ શૈક્ષણિક યોગ્યતા અથવા છેલ્લું પાસ થયેલ ગ્રેડ,اعلیٰ ترین تعلیمی قابلیت یا آخری پاس شدہ گریڈ
FORM,,WHAT_IS_YOUR_PREFERRED_MODE_OF_LEARNING,What is Your Preferred Mode of Learning?,आपली प्राधान्य लर्निंग मोड कोणती आहे?,आपकी पसंदीदा शिक्षण विधि क्या है?,ଆପଣଙ୍କ ପସନ୍ଦର ଶିକ୍ଷା ଧାରା କଣ?,మీకు ఇష్టమైన అభ్యాస విధానం ఏమిటి?,ನಿಮ್ಮ ಆದ್ಯತೆಯ ಕಲಿಕೆಯ ವಿಧಾನ ಯಾವುದು?,உங்களுக்கு விருப்பமான கற்றல் முறை என்ன?,તમારું પસંદીદા શિક્ષણ મોડ શું છે?,آپ کا پسندیدہ مطالعہ کا طریقہ کیا ہے؟
FORM,,ARE_YOU_CURRENTLY_WORKING_IF_YES_CHOOSE_THE_DOMAIN,"Are You Currently Working? If Yes, Choose the Domain","आपण सध्या कार्यरत आहात का? असल्यास, क्षेत्र निवडा","क्या आप वर्तमान में कार्यरत हैं? यदि हाँ, तो क्षेत्र चुनें","ଆପଣ ବର୍ତ୍ତମାନ କାମ କରୁଛନ୍ତି କି? ଯଦି ହଁ, ତେବେ କ୍ଷେତ୍ର  ଚୟନ କରନ୍ତୁ","మీరు ప్రస్తుతం పని చేస్తున్నారా? అవును అయితే, డొమైన్‌ను ఎంచుకోండి","ನೀವು ಪ್ರಸ್ತುತ ಕೆಲಸ ಮಾಡುತ್ತಿದ್ದೀರಾ? ಹೌದಾದರೆ, ಡೊಮೇನ್ ಆಯ್ಕೆಮಾಡಿ","நீங்கள் தற்போது வேலை செய்கிறீர்களா? ஆம் எனில், டொமைனைத் தேர்ந்தெடு","શું તમે હાલમાં કામ કરી રહ્યા છો? જો હા, તો ડોમેન પસંદ કરો",کیا آپ فی الحال کام کر رہے ہیں؟ اگر ہاں، تو ڈومین کا انتخاب کریں۔
FORM,,HAVE_YOU_RECEIVE_ANY_PRIOR_TRAINING,Have You Received Any Prior Training?,आपण यापूर्वी कोणतेही प्रशिक्षण घेतले आहे का?,क्या आपने पहले कोई प्रशिक्षण प्राप्त किया है?,ଆପଣ କୌଣସି ପୂର୍ବ ତାଲିମ ପାଇଛନ୍ତି କି?,మీరు ఇంతకు ముందు ఏదైనా శిక్షణ పొందారా?,ನೀವು ಯಾವುದೇ ಹಿಂದಿನ ತರಬೇತಿಯನ್ನು ಪಡೆದಿದ್ದೀರಾ?,நீங்கள் முன்பு ஏதேனும் பயிற்சி பெற்றிருக்கிறீர்களா?,શું તમને કોઈ પૂર્વ તાલીમ પ્રાપ્ત થઈ છે?,کیا آپ نے کوئی پیشگی تربیت حاصل کی ہے؟
FORM,,WHAT_DO_YOU_WANT_TO_BECOME,What do you want to become?,आपण काय बनू इच्छिता?,आप क्या बनना चाहते हैं?,ଆପଣ କ’ଣ ହେବାକୁ ଚାହୁଁଛନ୍ତି?,మీరు ఏమవ్వాలనుకుంటున్నారు?,ನೀವು ಏನಾಗಲು ಬಯಸುತ್ತೀರಿ?,நீங்கள் என்ன ஆக விரும்புகிறீர்கள்?,તમે શું બનવા માંગો છો?,آپ کیا بننا چاہتے ہیں؟
FORM,,EDUCATIONAL_INSTITUTE,Educational Institute,शैक्षणिक संस्था,शैक्षणिक संस्थान,ଶୈକ୍ଷିକ ଅନୁଷ୍ଠାନ,విద్యా సంస్థ,ಶೈಕ್ಷಣಿಕ ಸಂಸ್ಥೆ,கல்வி நிறுவனம்,શૈક્ષણિક સંસ્થા,تعلیمی ادارہ
FORM,,UNEMPLOYED_OR_DOMESTIC_WORK,Unemployed or Domestic Work,बेरोजगार किंवा घरगुती काम,बेरोज़गार या घरेलू कार्य,ବେକାର କିମ୍ବା ଘରୋଇ କାର୍ଯ୍ୟ,నిరుద్యోగి లేదా గృహ సంబంధిత పని,ನಿರುದ್ಯೋಗಿ ಅಥವಾ ಗೃಹ ಕೆಲಸ,வேலையில்லாதவர் அல்லது வீட்டு வேலை,બેરોજગાર અથવા ઘરેલું કામ,بے روزگار یا گھریلو کام
FORM,,SELF_PLACED,Self Placed,स्वयंनियुक्त,स्वयं द्वारा नियोजित,ସ୍ୱୟଂ ନିଯୁକ୍ତ,సొంతంగా ఉంచబడింది,ಸ್ವಯಂ-ನಿಯೋಜಿತ,சுய வேலை,સ્વ-નિયોજિત,خود ملازم
FORM,,TRANSGENDER,Other,इतर,अन्य,ଅନ୍ୟ,ఇతర,ಇತರ,மற்றவை,અન્ય,دیگر
FORM,,HINDI,Hindi,हिंदी,हिंदी,ହିନ୍ଦୀ,హిందీ,ಹಿಂದಿ,இந்தி,હિન્દી,ہندی
FORM,,MARATHI,Marathi,मराठी,मराठी,ମରାଠୀ,మరాఠీ,ಮರಾಠಿ,மராத்தி,મરાઠી,مراٹھی
FORM,,URDU,Urdu,उर्दू,उर्दू,ଉର୍ଦ୍ଦୁ,ఉర్దూ,ಉರ್ದು,உருது,ઉર્દૂ,اردو
FORM,,DIVORCED/WIDOW,Divorced/Widow,घटस्फोटित / विधवा,तलाकशुदा/विधवा,ବିବାହ ବିଚ୍ଛେଦ/ବିଧବା,విడాకులు తీసుకున్న/విధవ,ವಿಚ್ಛೇದಿತ/ವಿಧವೆ,விவாகரத்து/விதவை,છૂટાછેડા/વિધવા,طلاق یافتہ/ بیوہ
FORM,,AVAILABLE_SUGGESTIONS,Available suggestions:,उपलब्ध सूचना:,उपलब्ध सुझाव:,ଉପଲବ୍ଧ ପରାମର୍ଶ:,అందుబాటులో ఉన్న సూచనలు:,ಲಭ್ಯವಿರುವ ಸಲಹೆಗಳು:,கிடைக்கும் பரிந்துரைகள்:,ઉપલબ્ધ સૂચનો:,دستیاب تجاویز:
FORM,,USERNAME_ALREADY_EXIST,This username already exists,हा वापरकर्तानाव आधीच अस्तित्वात आहे,यह यूज़रनेम पहले से मौजूद है,ଏହି ୟୁଜରନେମ୍‌ ଆଗରୁ ଅଛି।,ఈ వినియోగదారు పేరు ఇప్పటికే ఉంది,ಈ ಯೂಸರ್ ಹೆಸರು ಈಗಾಗಲೇ ಇದೆ,இந்த பயனர் பெயர் ஏற்கனவே உள்ளது,આ વપરાશકર્તા નામ પહેલેથી અસ્તિત્વમાં છે,یہ صارف نام پہلے سے موجود ہے۔
FORM,,GRADUATE,Graduate,पदवीधर,स्नातक,ସ୍ନାତକ,గ్రాడ్యుయేట్,ಪದವೀಧರರು ,பட்டதாரி,સ્નાતક,گریجویٹ
FORM,,POST_GRADUATE,Post Graduate,पदव्युत्तर,स्नातकोत्तर,ସ୍ନାତକୋତ୍ତର,పోస్ట్ గ్రాడ్యుయేట్,ಸ್ನಾತಕೋತ್ತರ,முதுகலை,સ્નાતકોત્તર,پوسٹ گریجویٹ
FORM_ERROR_MESSAGES,,INVALID_INPUT,Invalid Input.,अमान्य इनपुट.,अवैध इनपुट।,ଅବୈଧ ଇନପୁଟ୍,చెల్లని ఇన్పుట్,ಇನ್ ವ್ಯಾಲಿಡ್ ಇನ್‌ಪುಟ್.,தவறான உள்ளீடு.,અમાન્ય ઇનપુટ.,غلط ان پٹ۔
FORM_ERROR_MESSAGES,,FIELD_REQUIRED,{{field}} is required,आवश्यक आहे,{{field}} आवश्यक है,{{field}} ଆବଶ୍ୟକ,{{field}} అవసరం,{{ಫೀಲ್ಡ್}} ಅಗತ್ಯವಿದೆ,{{field}} தேவை,{{ફિલ્ડ}} જરૂરી છે,{{field}} درکار ہے۔
FORM_ERROR_MESSAGES,,THIS_IS_REQUIRED_FIELD,This is required field,हे आवश्यक क्षेत्र आहे,यह आवश्यक फील्ड है,ଏହା ଆବଶ୍ୟକ କ୍ଷେତ୍ର,ఇది తప్పనిసరి ఫీల్డ్,ಇದು ಅಗತ್ಯವಿರುವ ಫೀಲ್ಡ್ ವಾಗಿದೆ,இது தேவையான களம்,આ જરૂરી ક્ષેત્ર છે,یہ ضروری فیلڈ ہے۔
FORM_ERROR_MESSAGES,,ENTER_ONLY_DIGITS,Please enter only digits,कृपया फक्त अंके प्रविष्ट करा,कृपया केवल अंकों में दर्ज करें,ଦୟାକରି  କେବଳ ସଂଖ୍ୟା ଦାଖଲ କରନ୍ତୁ,దయచేసి అంకెలను మాత్రమే నమోదు చేయండి,ದಯವಿಟ್ಟು ಅಂಕೆಗಳನ್ನು ಮಾತ್ರ ನಮೂದಿಸಿ.,தயவுசெய்து இலக்கங்களை மட்டும் உள்ளிடவும்,કૃપા કરીને માત્ર અંકો દાખલ કરો,براہ کرم صرف ہندسے درج کریں۔
FORM_ERROR_MESSAGES,,MIN_LENGTH_DIGITS_ERROR,Minimum {{minLength}} Digits required,किमान {{minLength}} अंक आवश्यक आहेत,न्यूनतम {{minLength}} अंक आवश्यक हैं,ସର୍ବନିମ୍ନ {{minLength}} ସଂଖ୍ୟା ଆବଶ୍ୟକ,కనీసం {{minLength}} అంకెలు అవసరం,ಕನಿಷ್ಠ {{minLength}} ಅಂಕೆಗಳು ಅಗತ್ಯವಿದೆ,குறைந்தபட்சம் {{minLength}} இலக்கங்கள் தேவை,ન્યૂનતમ {{minLength}} અંકો જરૂરી છે,کم از کم {{minLength}} ہندسے درکار ہیں۔
FORM_ERROR_MESSAGES,,MAX_LENGTH_DIGITS_ERROR,Maximum {{maxLength}} Digits allowed,अंक स्वीकारले जातात,अधिकतम {{maxLength}} अंक अनुमत हैं,ସର୍ବାଧିକ {{maxLength}} ସଂଖ୍ୟା ଅନୁମତି,గరిష్టంగా {{maxLength}} అంకెలు అనుమతించబడతాయి,ಗರಿಷ್ಠ {{maxLength}} ಅಂಕೆಗಳು ಅನುಮತಿಸಲಾಗಿದೆ,அதிகபட்சம் {{maxLength}} இலக்கங்கள் மட்டுமே அனுமதிக்கப்படும்,મહત્તમ {{maxLength}} અંકોની મંજૂરી છે,زیادہ سے زیادہ {{maxLength}} ہندسوں کی اجازت ہے۔
FORM_ERROR_MESSAGES,,MIN_LENGTH_CHARACTERS_ERROR,Minimum {{minLength}} characters required,किमान {{minLength}} वर्ण आवश्यक आहेत,न्यूनतम {{minLength}} वर्ण आवश्यक हैं,ସର୍ବନିମ୍ନ {{minLength}} ଅକ୍ଷର ଆବଶ୍ୟକ,కనీసం {{minLength}} అక్షరాలు అవసరం,ಕನಿಷ್ಠ {{minLength}} ಅಕ್ಷರಗಳು ಅಗತ್ಯವಿದೆ,குறைந்தபட்ச {{minLength}} எழுத்துக்கள் தேவை,ન્યૂનતમ {{minLength}} અક્ષરો જરૂરી છે,کم از کم {{minLength}} حروف درکار ہیں۔
FORM_ERROR_MESSAGES,,MAX_LENGTH_CHARACTERS_ERROR,Maximum {{maxLength}} characters allowed,जास्तीत जास्त {{maxLength}} वर्ण स्वीकारले जातात,अधिकतम {{maxLength}} वर्ण अनुमत हैं,ସର୍ବାଧିକ {{maxLength}} ଅକ୍ଷର ଅନୁମତି,గరిష్టంగా {{maxLength}} అక్షరాలు అనుమతించబడతాయి,ಗರಿಷ್ಠ {{maxLength}} ಅಕ್ಷರಗಳನ್ನು ಅನುಮತಿಸಲಾಗಿದೆ,அதிகபட்சம் {{maxLength}} எழுத்துக்குறிகள் அனுமதிக்கப்படுகின்றன,મહત્તમ {{maxLength}} અક્ષરોની મંજૂરી છે,زیادہ سے زیادہ {{maxLength}} حروف کی اجازت ہے۔
FORM_ERROR_MESSAGES,,NUMBER_AND_SPECIAL_CHARACTERS_NOT_ALLOWED,Numbers and special characters are not allowed,अंक आणि विशेष वर्ण स्वीकारले जात नाहीत,संख्याएँ और विशेष वर्ण अनुमति नहीं हैं,ସଂଖ୍ୟା ଏବଂ ବିଶେଷ ଚରିତ୍ରଗୁଡିକ ଅନୁମତି ନୁହେଁ।,సంఖ్యలు మరియు ప్రత్యేక అక్షరాలు అనుమతించబడవు,ಸಂಖ್ಯೆಗಳು ಮತ್ತು ವಿಶೇಷ ಅಕ್ಷರಗಳನ್ನು ಅನುಮತಿಸಲಾಗುವುದಿಲ್ಲ.,எண்கள் மற்றும் சிறப்பு எழுத்துக்குறிகள் அனுமதிக்கப்படாது,સંખ્યાઓ અને વિશિષ્ટ અક્ષરોની મંજૂરી નથી,نمبرز اور خصوصی حروف کی اجازت نہیں ہے۔
FORM_ERROR_MESSAGES,,ENTER_VALID_MOBILE_NUMBER,Enter Valid mobile number,वैध मोबाइल नंबर प्रविष्ट करा.,वैध मोबाइल नंबर दर्ज करें,ଉପଯୁକ୍ତ ମୋବାଇଲ୍ ନମ୍ବର ପ୍ରବେଶ କରନ୍ତୁ |,చెల్లుబాటు అయ్యే మొబైల్ నంబర్‌ను నమోదు చేయండి,ಮಾನ್ಯ ಮೊಬೈಲ್ ಸಂಖ್ಯೆಯನ್ನು ನಮೂದಿಸಿ,சரியான மொபைல் எண்ணை உள்ளிடவும்,માન્ય મોબાઇલ નંબર દાખલ કરો,درست موبائل نمبر درج کریں۔
FORM_ERROR_MESSAGES,,ENTER_VALID_EMAIL,Enter valid Email,वैध ईमेल प्रविष्ट करा.,वैध ईमेल दर्ज करें,ଉପଯୁକ୍ତ ଇମେଲ୍ ପ୍ରବେଶ କରନ୍ତୁ |,చెల్లుబాటు అయ్యే ఈమెయిల్‌ను నమోదు చేయండి,ಮಾನ್ಯ ಇಮೇಲ್ ನಮೂದಿಸಿ,சரியான மின்னஞ்சலை உள்ளிடவும்,માન્ય ઇમેઇલ દાખલ કરો,درست ای میل درج کریں۔
FORM_ERROR_MESSAGES,,ENTER_VALID_YEAR,Enter valid Year,वैध वर्ष प्रविष्ट करा.,वैध वर्ष दर्ज करें,ଉପଯୁକ୍ତ ବର୍ଷ ପ୍ରବେଶ କରନ୍ତୁ |,చెల్లుబాటు అయ్యే సంవత్సరాన్ని నమోదు చేయండి,ಮಾನ್ಯ ವರ್ಷವನ್ನು ನಮೂದಿಸಿ,செல்லத்தக்க ஆண்டை உள்ளிடவும்,માન્ય વર્ષ દાખલ કરો,درست سال درج کریں۔
FORM_ERROR_MESSAGES,,MUST_BE_LESS_THAN,{{fieldname}} must be less than {{maxLength}},{{fieldname}} {{maxLength}} पेक्षा कमी असले पाहिजे.,{{fieldname}} {{maxLength}} से कम होना चाहिए,{{fieldname}} {{maxLength}} ଠାରୁ କମ୍ ହେବା ଜରୁରୀ |,{{fieldname}} {{maxLength}} కంటే తక్కువగా ఉండాలి,{{fieldname}} {{maxLength}} ಕ್ಕಿಂತ ಕಡಿಮೆ ಇರಬೇಕು.,{{fieldname}} {{maxLength}} ஐ விடக் குறைவாக இருக்க வேண்டும்,{{fieldname}} {{maxLength}} કરતાં ઓછું હોવું આવશ્યક છે,{{فیلڈ کا نام}}سے کم ہونا چاہیے {{ زیاده سے زیاده لمبائی}} 
FORM_ERROR_MESSAGES,,MUST_BE_GREATER_THAN,{{fieldname}} must be greater than {{minLength}},{{fieldname}} {{minLength}} पेक्षा जास्त असले पाहिजे.,{{fieldname}} {{minLength}} से अधिक होना चाहिए,{{fieldname}} {{minLength}} ଠାରୁ ଅଧିକ ହେବା ଜରୁରୀ |,{{fieldname}} {{minLength}} కంటే ఎక్కువగా ఉండాలి,{{fieldname}} {{minLength}} ಕ್ಕಿಂತ ಹೆಚ್ಚಾಗಿರಬೇಕು.,{{fieldname}} கண்டிப்பாக {{minLength}} ஐ விட அதிகமாக இருக்க வேண்டும்,{{fieldname}} {{minLength}} કરતાં મોટી હોવી જોઈએ,{فیلڈ کا نام}}سے بڑا ہونا چاہیے {{ کم از کم}} 
FORM_ERROR_MESSAGES,,ENTER_VALID_CENTER_NAME,Enter valid center name,वैध केंद्राचे नाव प्रविष्ट करा.,वैध केंद्र नाम दर्ज करें,ଉପଯୁକ୍ତ କେନ୍ଦ୍ର ନାମ ପ୍ରବେଶ କରନ୍ତୁ,చెల్లుబాటు అయ్యే కేంద్రం పేరును నమోదు చేయండి,ವ್ಯಾಲಿಡ್ ಕೇಂದ್ರದ ಹೆಸರನ್ನು ನಮೂದಿಸಿ,சரியான மையத்தின் பெயரை உள்ளிடவும்,માન્ય સેન્ટર નામ દાખલ કરો,درست مرکز کا نام درج کریں۔
FORM_ERROR_MESSAGES,,SPACE_AND_SPECIAL_CHARACTERS_NOT_ALLOWED,Space and special characters are not allowed,स्पेस आणि विशेष चिन्हे अनुमत नाहीत,स्पेस और विशेष वर्णों की अनुमति नहीं है,ଖାଲି ସ୍ଥାନ ଏବଂ ବିଶେଷ ଅକ୍ଷରଗୁଡ଼ିକୁ ଅନୁମତି ଦିଆଯାଇ ନାହିଁ,ఖాళీ మరియు ప్రత్యేక అక్షరాలు అనుమతించబడవు,ಖಾಲಿ ಜಾಗ ಮತ್ತು ವಿಶೇಷ ಅಕ್ಷರಗಳಿಗೆ ಅನುಮತಿಯಿಲ್ಲ,வெற்றிடங்கள் மற்றும் சிறப்பு எழுத்துக்கள் அனுமதிக்கப்படவில்லை,ખાલી જગ્યા અને વિશેષ અક્ષરોની મંજૂરી નથી,جگہ اور خصوصی حروف کی اجازت نہیں ہے۔
FORM_ERROR_MESSAGES,,DATE_MUST_BE_ON_OR_BEFORE,Date must be on or before {{date}},तारीख {{date}} पूर्वीची असावी,तारीख {{date}} या उससे पहले होनी चाहिए,ତାରିଖ {{date}} ରେ କିମ୍ବା ତା’ପୂର୍ବରୁ ହେବା ଉଚିତ,తేదీ {{date}} నాటికి లేదా అంతకు ముందు ఉండాలి,ದಿನಾಂಕವು {{date}} ರಂದು ಅಥವಾ ಅದಕ್ಕಿಂತ ಮೊದಲು ಇರಬೇಕು,தேதி {{date}} அல்லது அதற்கு முன்பு இருக்க வேண்டும்,તારીખ {{date}} ના રોજ અથવા તે પહેલાં હોવી જોઈએ,تاریخ {{date}} کو یا اس سے پہلے ہونی چاہیے
FORM_ERROR_MESSAGES,,DATE_MUST_BE_ON_OR_AFTER,Date must be on or after {{date}},तारीख {{date}} नंतरची असावी,तारीख {{date}} या उसके बाद होनी चाहिए,ତାରିଖ {{date}} ରେ କିମ୍ବା ତା’ପରେ ହେବା ଉଚିତ,తేదీ {{date}} నాటికి లేదా ఆ తర్వాత ఉండాలి,ದಿನಾಂಕವು {{date}} ರಂದು ಅಥವಾ ಅದಕ್ಕಿಂತ ನಂತರ ಇರಬೇಕು,தேதி {{date}} அல்லது அதற்குப் பிறகு இருக்க வேண்டும்,તારીખ {{date}} ના રોજ અથવા તે પછી હોવી જોઈએ,تاریخ {{date}} کو یا اس کے بعد ہونی چاہیے
COURSE_PLANNER,,COURSE_PLANNER,Curriculum Plan,कोर्स योजना,कोर्स योजना,ପାଠ୍ୟକ୍ରମ ଯୋଜନା,పాఠ్య ప్రణాళిక,ಪಾಠ್ಯಕ್ರಮ ಯೋಜನೆ,பாடத்திட்டம்,પાઠ્યક્રમ યોજના,نصابی منصوبہ
COURSE_PLANNER,,FOUNDATION_COURSE,Foundation Course,फाउंडेशन कोर्स,फाउंडेशन कोर्स,ମୂଳ ପାଠ୍ୟକ୍ରମ,ఫౌండేషన్ కోర్సు,ಫೌಂಡೇಶನ್ ಕೋರ್ಸ್,பவுண்டேஷன் கோர்ஸ்,ફાઉન્ડેશન કોર્ષ,فاؤنڈیشن کورس
COURSE_PLANNER,,MAIN_COURSE,Main Course,मुख्य कोर्स,मुख्य कोर्स,ମୁଖ୍ୟ ପାଠ୍ୟକ୍ରମ,ప్రధాన కోర్సు,ಮೇನ್ ಕೋರ್ಸ್,மெயின் கோர்ஸ்,મેન કોર્ષ,مین کورس
COURSE_PLANNER,,COLLAPSE_ALL,Collapse All,सर्व संकुचित करा,सभी को संकुचित करें,ସମସ୍ତଙ୍କୁ ସଂକ୍ଷିପ୍ତ କରନ୍ତୁ,అన్నీ కుదించు,ಎಲ್ಲವನ್ನೂ ಸಂಕುಚಿತಗೊಳಿಸಿ,அனைத்தையும் சுருக்கு,બધાને સંકુચિત કરો,سبھی کو سکیڑیں۔
COURSE_PLANNER,,EXPAND_ALL,Expand All,सर्व विस्तारित करा,सभी को विस्तारित करें,ସମସ୍ତଙ୍କୁ ବିସ୍ତାର କରନ୍ତୁ,అన్నీ విస్తరించు,ಎಲ್ಲವನ್ನೂ ವಿಸ್ತರಿಸಿ,அனைத்தையும் விரிவாக்கு,બધાને વિસ્તૃત કરો,سبھی کو پھیلائیں۔
COURSE_PLANNER,,RESOURCES,Resources,साधने,संसाधन,ଉତ୍ସଗୁଡ଼ିକ,వనరులు,ಸಂಪನ್ಮೂಲಗಳು,வளங்கள்,સંસાધનો,وسائل
COURSE_PLANNER,,MARK_AS_COMPLETED,Mark As Complete,पूर्ण म्हणून चिन्हांकित करा,पूर्ण के रूप में चिह्नित करें,ସମ୍ପୁର୍ଣ୍ଣ ଭାବରେ ଚିହ୍ନିତ କରନ୍ତୁ,పూర్తయినట్లు గుర్తించు,ಪೂರ್ಣಗೊಂಡಿದೆ ಎಂದು ಗುರುತಿಸಿ,முடிந்ததாகக் குறி,પૂર્ણ તરીકે ચિહ્નિત કરો,مکمل کے بطور نشان زد کریں۔
COURSE_PLANNER,,COURSE_TYPE,Course Type,कोर्स प्रकार,कोर्स प्रकार,ପାଠ୍ୟକ୍ରମ ପ୍ରକାର,కోర్సు రకం,ಕೋರ್ಸ್ ಪ್ರಕಾರ,பாட வகை,અભ્યાસક્રમનો પ્રકાર,کورس کی قسم
COURSE_PLANNER,,SUBTOPICS_SELECTED,subtopics selected,उपविषय निवडलेले आहेत,उपविषयों का चयन किया गया,ଉପବିଷୟଗୁଡିକ ଚୟନ କରାଗଲା,ఎంచుకున్న ఉప-విషయాలు,ಆಯ್ಕೆಮಾಡಿದ ಉಪವಿಷಯಗಳು,தேர்ந்தெடுக்கப்பட்ட துணைத் தலைப்புகள்,પસંદ કરેલ ઉપવિષયો,ذیلی عنوانات کا انتخاب کیا گیا۔
COURSE_PLANNER,,NO_RESOURCES_FOUND,No resources found,कोणतीही साधने सापडली नाही,कोई संसाधन नहीं मिला,କୌଣସି ସମ୍ବଳ ମିଳିଲା ନାହିଁ,వనరులు ఏమీ కనుగొనబడలేదు,ಯಾವುದೇ ಸಂಪನ್ಮೂಲಗಳು ಕಂಡುಬಂದಿಲ್ಲ,எந்த வளங்களும் கிடைக்கவில்லை,કોઈ સંસાધનો મળ્યા નથી,کوئی وسائل نہیں ملے
COURSE_PLANNER,,INVALID_RESOURCE,Invalid Resource,अवैध संसाधन,अमान्य संसाधन,ଇନ ଭେଲିଡ ରିସୋର୍ସ ,చెల్లని వనరు,ಅಮಾನ್ಯ ಸಂಪನ್ಮೂಲ,செல்லாத வளங்கள்,અમાન્ય સંસાધન,غلط وسائل
BOARD_ENROLMENT,,BOARD_ENROLLMENT,Board Enrollment,बोर्ड नोंदणी,बोर्ड नामांकन,ବୋର୍ଡ ନାମାଙ୍କନ,బోర్డు నమోదు,ಬೋರ್ಡ್ ದಾಖಲಾತಿ,போர்டு பதிவு,બોર્ડ નોંધણી,بورڈ اندراج
BOARD_ENROLMENT,,BOARD_SELECTION,Board Selection,बोर्ड निवड,बोर्ड चयन,ବୋର୍ଡ ଚୟନ,బోర్డు ఎంపిక,ಬೋರ್ಡ್ ಆಯ್ಕೆ,போர்டு தேர்வு,બોર્ડની પસંદગી,بورڈ کا انتخاب
BOARD_ENROLMENT,,SUBJECTS_SELECTION,Subjects Selection,विषय निवड,विषय चयन,ବିଷୟ ଚୟନ,సబ్జెక్టుల ఎంపిక,ವಿಷಯಗಳ ಆಯ್ಕೆ,பாடங்கள் தேர்வு,વિષયોની પસંદગી,مضامین کا انتخاب
BOARD_ENROLMENT,,DROPPED_OUT,Dropped Out,ड्रॉपआउट झाले.,ड्रॉपआउट हुआ,ଡ୍ରପଆଉଟ ହୋଇଛନ୍ତି,డ్రాప్ ఔట్ అయినారు,ಡ್ರಾಪ್ ಔಟ್,டிராப்-அவுட் ஆனவர்,ડ્રોપ આઉટ,ڈراپ آؤٹ
BOARD_ENROLMENT,,FEE_PAYMENT,Fee Payment,शुल्क भरले,शुल्क भुगतान,ଶୁଳ୍କ ଦେବା,ఫీజు చెల్లింపు,ಶುಲ್ಕ ಪಾವತಿ,கட்டணம் செலுத்துதல்,ફી ચુકવણી,فیس کی ادائیگی
BOARD_ENROLMENT,,BOARD_ENROLLMENT_NUMBER,Board Enrollment Number,बोर्ड नोंदणी क्रमांक,बोर्ड पंजीकरण संख्या,ବୋର୍ଡ ପଞ୍ଜୀକରଣ ସଂଖ୍ୟା |,బోర్డు నమోదు సంఖ్య,ಬೋರ್ಡ್ ದಾಖಲಾತಿ ಸಂಖ್ಯೆ,போர்டு சேர்க்கை எண்,બોર્ડ નોંધણી નંબર,بورڈ انرولمنٹ نمبر
BOARD_ENROLMENT,,EXAM_FEES_PAID,Exam Fees Paid?,परीक्षा शुल्क भरले आहे का ?(वैकल्पिक),परीक्षा शुल्क का भुगतान किया? (वैकल्पिक),ପରୀକ୍ଷା ଦେୟ ପ୍ରଦାନ କରାଯାଇଛି? (ବିକଳ୍ପ),పరీక్ష ఫీజు చెల్లించారా?,ಪರೀಕ್ಷಾ ಶುಲ್ಕ ಪಾವತಿಸಲಾಗಿದೆಯೇ? (ಐಚ್ಛಿಕ),போர்டு கட்டணம் செலுத்தப்பட்டதா?,પરીક્ષા ફી ચૂકવી છે? (વૈકલ્પિક),امتحان کی فیس ادا کی؟
BOARD_ENROLMENT,,SAVE_AND_NEXT,Save and Next,जतन करा ( साठवा )आणि पुढे जा,सहेजें और आगे बढ़ें,ସେଭ୍ ଏବଂ ପରବର୍ତ୍ତୀ,సేవ్ చేసి తదుపరి,ಉಳಿಸಿ ಮತ್ತು ಮುಂದೆ,சேமி மற்றும் அடுத்து,સાચવો અને આગળ,محفوظ کریں اور اگلا
BOARD_ENROLMENT,,TO_SAVE_YOUR_PROGRESS,“Save & Next” to save your progress. You can come back and change it anytime.,तुमची प्रगती जतन करण्यासाठी “जतन करा आणि पुढे जा”यावर  क्लिक करा. तुम्ही कधीही परत येऊन बदल करू शकता.,“सहेजें और आगे बढ़ें” पर क्लिक करके अपनी प्रगति सहेजें। आप इसे कभी भी बदल सकते हैं।,“ସେଭ୍ ଏବଂ ଅଗ୍ରଗତି” କ୍ଲିକ୍ କରି ତୁମର ଅଗ୍ରଗତି ସଞ୍ଚୟ କର | ଆପଣ ଏହାକୁ ଯେକୌଣସି ସମୟରେ ପରିବର୍ତ୍ତନ କରିପାରିବେ |,మీరు ఎప్పుడైనా తిరిగి వచ్చి దానిని మార్చవచ్చు.,ನಿಮ್ಮ ಪ್ರಗತಿಯನ್ನು ಉಳಿಸಲು “ಉಳಿಸಿ ಮತ್ತು ಮುಂದೆ”. ನೀವು ಹಿಂತಿರುಗಿ ಮತ್ತು ಅದನ್ನು ಯಾವಾಗ ಬೇಕಾದರೂ ಬದಲಾಯಿಸಬಹುದು.,"உங்கள் முன்னேற்றத்தைச் சேமிக்க ""சேமி & அடுத்து"". நீங்கள் எப்போது வேண்டுமானாலும் திரும்பி வந்து மாற்றலாம்.","તમારી પ્રગતિ બચાવવા માટે ""સાચવો અને આગળ"" તમે પાછા આવી શકો છો અને તેને ગમે ત્યારે બદલી શકો છો.","اپنی پیشرفت کو بچانے کے لیے ""محفوظ کریں اور اگلا""۔ آپ کسی بھی وقت واپس آ سکتے ہیں اور اسے تبدیل کر سکتے ہیں۔"
BOARD_ENROLMENT,,MANDATORY,"Mandatory for {{FeesStepBoards}} only. For other Boards, this step is automatically marked completed. Please click on Save to submit the data.","{{FeesStepBoards}} साठी केवळ अनिवार्य. इतर बोर्डांसाठी, हा टप्पा आपोआप पूर्ण चिन्हांकित केला जातो. कृपया डेटा सबमिट करण्यासाठी जतन क्लिक करा.","{{FeesStepBoards}} के लिए अनिवार्य। अन्य बोर्डों के लिए, यह चरण स्वचालित रूप से पूर्ण हो जाता है। कृपया डेटा सबमिट करने के लिए सहेजें पर क्लिक करें।","{{FeesStepBoards}} ପାଇଁ ବାଧ୍ୟତାମୂଳକ | ଅନ୍ୟ ବୋର୍ଡଗୁଡ଼ିକ ପାଇଁ, ଏହି ପଦକ୍ଷେପ ସ୍ୱୟଂଚାଳିତ ଭାବରେ ସମାପ୍ତ ହୋଇଥାଏ | ତଥ୍ୟ ଦାଖଲ କରିବାକୁ ଦୟାକରି ସେଭ୍ କ୍ଲିକ୍ କରନ୍ତୁ |","ఇది {{FeesStepBoards}}కు మాత్రమే తప్పనిసరి. ఇతర బోర్డులకు, ఈ దశ స్వయంచాలకంగా పూర్తయినట్లు గుర్తించబడుతుంది. డేటాను సమర్పించడానికి దయచేసి సేవ్ పై క్లిక్ చేయండి.","{{FeesStepBoards}} ಗೆ ಮಾತ್ರ ಕಡ್ಡಾಯವಾಗಿದೆ. ಇತರ ಬೋರ್ಡ್‌ಗಳಿಗೆ, ಈ ಹಂತವನ್ನು ಸ್ವಯಂಚಾಲಿತವಾಗಿ ಪೂರ್ಣಗೊಂಡಿದೆ ಎಂದು ಗುರುತಿಸಲಾಗುತ್ತದೆ. ಡೇಟಾವನ್ನು ಸಲ್ಲಿಸಲು ದಯವಿಟ್ಟು ಉಳಿಸಿ ಮೇಲೆ ಕ್ಲಿಕ್ ಮಾಡಿ。",இது {{FeesStepBoards}} போர்டுகளுக்கு மட்டுமே கட்டாயம். மற்ற போர்டுகளுக்கு இந்த படி தானாகவே முடிந்ததாகக் குறிக்கப்படும். தரவைச் சமர்ப்பிக்க Save என்பதை அழுத்தவும்.,"માત્ર {{FeesStepBoards}} માટે ફરજિયાત. અન્ય બોર્ડ માટે, આ પગલું આપોઆપ પૂર્ણ થયું તરીકે ચિહ્નિત થયેલ છે. ડેટા સબમિટ કરવા માટે કૃપા કરીને સેવ પર ક્લિક કરો.",صرف {{فیس سٹیپ بورڈز}} کے لیے لازمی۔ دوسرے بورڈز کے لیے، یہ مرحلہ خود بخود مکمل کے طور پر نشان زد ہو جاتا ہے۔ براہ کرم ڈیٹا جمع کرنے کے لیے محفوظ کریں پر کلک کریں۔
BOARD_ENROLMENT,,COMPLETED,Completed,पूर्ण,पूर्ण,ସମ୍ପୂର୍ଣ୍ଣ,పూర్తయింది,ಪೂರ್ಣಗೊಂಡಿದೆ,முடிக்கப்பட்டது,પૂર્ણ,مکمل
BOARD_ENROLMENT,,MARK_AS_COMPLETE,Mark as Complete,समाप्त म्हणून चिन्हांकित करा,समाप्त के रूप में चिह्नित करें,ସମ୍ପୁର୍ଣ୍ଣ ଭାବରେ ଚିହ୍ନିତ କରନ୍ତୁ,పూర్తయినట్లు గుర్తించు,ಪೂರ್ಣಗೊಂಡಿದೆ ಎಂದು ಗುರುತಿಸಿ,முடிந்ததாகக் குறிக்கவும்,પૂર્ણ તરીકે ચિહ્નિત કરો,مکمل کے بطور نشان زد کریں۔
BOARD_ENROLMENT,,FILTER_BY_CURRENT_STAGES,Filter by Current Stages,सध्याच्या स्थितीनुसार निवडून योग्य गोष्टी ठेवा,वर्तमान स्थिति के अनुसार चुनकर सही चीजें रखें,ବର୍ତ୍ତମାନର ପର୍ଯ୍ୟାୟ ଅନୁସାରେ ଫିଲ୍ଟର୍ କରନ୍ତୁ,మీరు సాధించిన పురోగతి కోల్పోవచ్చు.,ಪ್ರಸ್ತುತ ಹಂತಗಳ ಮೂಲಕ ಫಿಲ್ಟರ್ ಮಾಡಿ,தற்போதைய நிலைகளின்படி வடிகட்டவும்,વર્તમાન તબક્કાઓ દ્વારા ફિલ્ટર કરો,موجودہ مراحل کے لحاظ سے فلٹر کریں۔
BOARD_ENROLMENT,,REGISTRATION_NUMBER,Registration Number,नोंदणी क्रमांक,पंजीकरण संख्या,ପଂଜୀକରଣ ନମ୍ବର,నమోదు సంఖ్య,ನೋಂದಣಿ ಸಂಖ್ಯೆ,பதிவு எண்,નોંધણી નંબર,رجسٹریشن نمبر
BOARD_ENROLMENT,,TOTAL_LEARNERS,Total Learners,एकूण विद्यार्थी,कुल छात्र,ସମୁଦାୟ ଶିକ୍ଷାର୍ଥୀ,మొత్తం అభ్యాసకులు,ಒಟ್ಟು ಕಲಿಯುವವರು,மொத்த மாணவர்கள்,કુલ લર્નર્સ,{{total}} لرنرس میں سے {{count}}
BOARD_ENROLMENT,,BOARD,Board,परीक्षा बोर्ड,परीक्षा बोर्ड,ବୋର୍ଡ,బోర్డు,ಬೋರ್ಡ್,போர்டு,બોર્ડ,بورڈ
BOARD_ENROLMENT,,CHOOSE_BOARD,Choose which Board the Learner is going to be enrolled in,विद्यार्थी कोणत्या बोर्डमध्ये नोंदणी करणार आहे ते निवडा.,चुनें कि विद्यार्थी किस बोर्ड में नामांकित होने वाला है।,କେଉଁ ବୋର୍ଡରେ ଶିକ୍ଷାର୍ଥୀ ନାମ ଲେଖାଇବାକୁ ଯାଉଛନ୍ତି ତାହା ବାଛନ୍ତୁ,అభ్యాసకుడు ఏ బోర్డులో నమోదు చేసుకోబోతున్నారో ఎంచుకోండి,ಕಲಿಯುವವರು ಯಾವ ಬೋರ್ಡ್ ಗೆ  ದಾಖಲಾಗಬೇಕೆಂದು ಆರಿಸಿ.,மாணவர் எந்த போர்டு -இல் சேரப் போகிறார் என்பதைத் தேர்வுசெய்,લર્નર કયા બોર્ડમાં દાખલ થવા જઈ રહ્યો છે તે પસંદ કરો,منتخب کریں کہ سیکھنے والا کس بورڈ میں داخلہ لینے والا ہے۔
BOARD_ENROLMENT,,CHOOSE_SUBJECT,Choose which subjects the learner is enrolling for,"विद्यार्थ्याने कोणते विशिष्ट विषय निवडले आहेत, ते निवडा","छात्र ने कौन से विशिष्ट विषय चुने हैं, यह चुनें।",କେଉଁ ବିଷୟଗୁଡିକ ନାମଲେଖା ପାଇଁ ଶିକ୍ଷାର୍ଥୀ ନାମ ଲେଖାଇଛନ୍ତି ତାହା ବାଛନ୍ତୁ,అభ్యాసకుడు నమోదు చేసుకునే సబ్జెక్టులను ఎంచుకోండి,ಕಲಿಯುವವರು ಯಾವ ವಿಷಯಗಳಿಗೆ ದಾಖಲಾಗುತ್ತಿದ್ದಾರೆ ಎಂಬುದನ್ನು ಆರಿಸಿ,மாணவர் எந்தப் பாடங்களுக்குச் சேருகிறார் என்பதைத் தேர்வுசெய்.,લર્નર કયા વિષયો માટે નોંધણી કરી રહ્યો છે તે પસંદ કરો,منتخب کریں کہ طالب علم کن مضامین میں داخلہ لے رہا ہے۔
BOARD_ENROLMENT,,SUBJECTS_ENROLLED,Subjects Enrolled,नोंदणीकृत विषय,पंजीकृत विषय,ଏନରୋଲଡ  ହୋଇଥିବା ବିଷୟଗୁଡିକ,నమోదు చేసుకున్న విషయాలు,ದಾಖಲಾದ ವಿಷಯಗಳು,சேர்க்கப்பட்ட பாடங்கள்,નોંધાયેલ વિષયો,مضامین کا اندراج
BOARD_ENROLMENT,,EXAM_REGISTRATION_FEES_PAID,Exam Registration Fees Paid?,परीक्षा नोंदणी शुल्क भरले आहे का?,क्या परीक्षा पंजीकरण शुल्क का भुगतान किया गया है?,ପରୀକ୍ଷା ପଂଜୀକରଣ ଦେୟ ପ୍ରଦାନ କରାଯାଇଛି ?,పరీక్ష నమోదు ఫీజు చెల్లించారా?,ಪರೀಕ್ಷಾ ನೋಂದಣಿ ಶುಲ್ಕ ಪಾವತಿಸಲಾಗಿದೆಯೇ?,தேர்வுப் பதிவுக் கட்டணம் செலுத்தப்பட்டதா?,પરીક્ષા નોંધણી ફી ચૂકવી છે?,امتحان کی رجسٹریشن فیس ادا کی گئی؟
BOARD_ENROLMENT,,EDIT,Edit,संपादित करा,संपादित करें,ସମ୍ପାଦନା କରନ୍ତୁ,సవరించు,ಎಡಿಟ್ ,எடிட்,સંપાદિત કરો,ترمیم کریں۔
BOARD_ENROLMENT,,SURE_GO_BACK,Are you sure you want to go back? Your progress might be lost.,तुम्हाला खरंच परत जायचे आहे का? तुमची प्रगती गमावली जाऊ शकते.,क्या आप वापस जाना चाहते हैं? आपकी प्रगति खो सकती है।,ଆପଣ ନିଶ୍ଚିତ କି ଆପଣ ଫେରିବାକୁ ଚାହୁଁଛନ୍ତି ? ତୁମର ପ୍ରଗତି ସ୍ଥାନାନ୍ତରିତ,మీరు వెనక్కి వెళ్లాలనుకుంటున్నారా?,ನೀವು ಹಿಂತಿರುಗಲು ಖಚಿತವಾಗಿ ಬಯಸುವಿರಾ? ನಿಮ್ಮ ಪ್ರಗತಿ ಕಳೆದುಹೋಗಬಹುದು。,நீங்கள் திரும்பிச் செல்ல விரும்புகிறீர்களா? உங்கள் தகவல்களை இழக்கப்படலாம்.,શું તમે ખરેખર પાછા જવા માંગો છો? તમારી પ્રગતિ ખોવાઈ શકે છે.,کیا آپ واقعی واپس جانا چاہتے ہیں؟ آپ کی ترقی ضائع ہو سکتی ہے۔
OBSERVATION,,OBSERVATION_START,Start Survey,सर्वेक्षण सुरू करा,सर्वेक्षण शुरू करें,ସର୍ଭେ ଆରମ୍ଭ କରନ୍ତୁ,ప్రస్తుత దశల ద్వారా ఫిల్టర్ చేయండి,ಸರ್ವೇ  ಪ್ರಾರಂಭಿಸಿ,சர்வே தொடங்கவும்,અવલોકન શરૂ કરો,سروے شروع کریں۔
OBSERVATION,,OBSERVATION_DETAILS,Survey Details,सर्वेक्षण तपशील,सर्वेक्षण के बारे में जानकारी,ସର୍ଭେର  ବିବରଣୀ,సర్వే వివరాలు,ಸರ್ವೇ ವಿವರಗಳು,சர்வே விவரங்கள்,અવલોકન વિગતો,سروے کی تفصیلات
OBSERVATION,,ADD_ENTITY,Add {{entityType}} in Survey list,सर्वेक्षण यादीत {{entityType}} जोडा,सर्वेक्षण सूची में {{entityType}} जोड़ें।,ଯୋଡନ୍ତୁ {{entityType}} ସର୍ଭେ  ତାଲିକାରେ,సర్వే జాబితాలో {{entityType}}ను జోడించండి,ಸರ್ವೇ ಪಟ್ಟಿಯಲ್ಲಿ {{entityType}} ಸೇರಿಸಿ,கண்காணிப்புப் பட்டியலில் {{entityType}}ஐச் சேர்க்கவும்,અવલોકન સૂચિમાં {{entityType}} ઉમેરો,سروے کی فہرست میں {{entityType}} شامل کریں۔
OBSERVATION,,SEARCH_ENTITY,Search {{entityType}} name,{{entityType}} नाव शोधा,{entityType}} का नाम खोजें।,ଖୋଜ {{entityType}} ନାମ ଲେଖ,{{entityType}} పేరును శోధించండి,{{entityType}} ಹೆಸರನ್ನು ಹುಡುಕಿ,{{entityType}} பெயரைத் தேடவும்,{{entityType}} નામ શોધો,{{ہستی کی قسم}} نام تلاش کریں۔
OBSERVATION,,OBSERVATIONS,{{name}} Survey,{{name}} सर्वेक्षणे,{{name}} सर्वेक्षण,{{name}} ସର୍ଭେ,{{name}} సర్వే,{{name}} ಸರ್ವೇ,{{name}} சர்வே,{{name}} અવલોકનો,{{name}} سروے
OBSERVATION,,SEARCH_OBSERVATIONS,Search Surveys,सर्वेक्षणे शोधा,सर्वेक्षण खोजें,ସର୍ଭେଗୁଡିକୁ ଖୋଜ,సర్వేలను శోధించండి,ಸರ್ವೇ ಹುಡುಕಿ ,சர்வேவை தேடு,અવલોકનો શોધો,سروے تلا ش کریں
OBSERVATION,,CONTINUE,Continue,"चालू ठेवा किंवा ""थांबवू नका.",जारी रखें या मत रोकें।,ଜାରୀ ରଖ,కొనసాగించు,ಮುಂದುವರಿಸಿ,தொடரவும்,ચાલુ રાખો,جاری رکھیں
OBSERVATION,,SUBMITTED,Submitted,सादर केले गेले किंवा पाठवला,प्रस्तुत किया गया,ଦାଖଲ,సమర్పించబడింది,ಸಲ್ಲಿಸಲಾಗಿದೆ,சமர்ப்பிக்கப்பட்டது,સબમિટ કર્યું,جمع کرایا
OBSERVATION,,FORM_SAVED_SUCCESSFULLY,Form changes saved successfully,फॉर्ममध्ये केलेले सुधार सुरक्षितरित्या संग्रहीत केले गेले आहेत,फॉर्म में किए गए सुधार सुरक्षित रूप से सहेजे गए हैं,ଫର୍ମ ପରିବର୍ତ୍ତନ ସଫଳତାର ସହିତ ସଂଚୟ ହେଲା,ఫారమ్ మార్పులు విజయవంతంగా సేవ్ చేయబడ్డాయి,ಫಾರ್ಮ್ ಬದಲಾವಣೆಗಳನ್ನು ಯಶಸ್ವಿಯಾಗಿ ಉಳಿಸಲಾಗಿದೆ,படிவ மாற்றங்கள் வெற்றிகரமாகச் சேமிக்கப்பட்டன,ફોર્મ ફેરફારો સફળતાપૂર્વક સાચવવામાં આવ્યા,فارم کی تبدیلیاں کامیابی سے محفوظ ہو گئیں۔
OBSERVATION,,FORM_SUBMIT_SUCCESSFULLY,Form submitted successfully,फॉर्म यशस्वीपणे पाठवला,फॉर्म सफलतापूर्वक सादर किया गया.,ଫର୍ମ ସଫଳତାର ସହ ଦାଖଲ ହେଲା,ఫారమ్ విజయవంతంగా సమర్పించబడింది,ಫಾರ್ಮ್ ಅನ್ನು ಯಶಸ್ವಿಯಾಗಿ ಸಲ್ಲಿಸಲಾಗಿದೆ,படிவம் வெற்றிகரமாக சமர்ப்பிக்கப்பட்டது,ફોર્મ સફળતાપૂર્વક સબમિટ કર્યું,فارم کامیابی سے جمع ہو گیا۔
OBSERVATION,,NOT_STARTED,Not Started,सुरू केलेले नाही,शुरू नहीं किया गया,ଆରମ୍ଭ ହୋଇନାହିଁ |,ప్రారంభించబడలేదు,ಪ್ರಾರಂಭಿಸಲಾಗಿಲ್ಲ,தொடங்கப்படவில்லை,શરૂ થયું નથી,شروع نہیں ہوا۔
OBSERVATION,,COMPLETED,Completed,पूर्ण झाले,पूरा हो गया,ସମ୍ପୂର୍ଣ୍ଣ,పూర్తయింది,ಪೂರ್ಣಗೊಂಡಿದೆ,முடிக்கப்பட்டது,પૂર્ણ,مکمل
OBSERVATION,,INPROGRESS,In-Progress,प्रगतीत आहे,प्रगति पर है,ପ୍ରଗତିରେ,పురోగతిలో ఉంది,ಪ್ರಗತಿಯಲ್ಲಿದೆ,செயல்பாட்டில் உள்ளது,પ્રગતિમાં,جاری ہے۔
OBSERVATION,,NO_DATA_FOUND,No {{entity}} found,{{entity}} सापडले नाही,कोई {{entity}} नहीं मिला।,କୌଣସି ତଥ୍ୟ ମିଳିଲା ନାହି,డేటా కనుగొనబడలేదు,ಯಾವುದೇ ಡೇಟಾ ಕಂಡುಬಂದಿಲ್ಲ,தகவல் எதுவும் கிடைக்கவில்லை,કોઈ ડેટા મળ્યો નથી,کوئی ڈیٹا موجود نہیں ہے
OBSERVATION,,NO_RESULT_FOUND,No Survey found for {{entity}},{{entity}} साठी कोणतेही सर्वेक्षण सापडले नाही,{{entity}} के लिए कोई सर्वेक्षण नहीं है,କୌଣସି ସର୍ଭେ  ମିଳିଲା ନାହିଁ {{entity}},{{entity}} కోసం సర్వే ఏమీ కనుగొనబడలేదు,{{entity}} ಗೆ ಯಾವುದೇ ಸರ್ವೇ ಕಂಡುಬಂದಿಲ್ಲ.,{{entity}}க்கான சர்வே எதுவும் இல்லை,{{entity}} માટે કોઈ અવલોકન મળ્યું નથી,{{entity}} کے لیے کوئی سروے نہیں ملا
OBSERVATION,,NO_OBSERVATION_EXPIRED,No Survey expired for {{entity}},{{entity}} साठी कोणतेही सर्वेक्षण मुदतबाह्य झाले नाही,{{entity}} ऐसी किसी भी सर्वेक्षण की अवधि समाप्त नहीं हुई है,କୌଣସି ସର୍ଭେର  ସମୟ ସମାପ୍ତ ହୋଇନାହିଁ {{entity}},{{entity}} కోసం గడువు ముగిసిన సర్వే ఏమీ లేదు,{{entity}} ಗೆ ಯಾವುದೇ ಸರ್ವೇ ಅವಧಿ ಮುಗಿದಿಲ್ಲ.,{{entity}}க்கு சர்வே காலாவதியாகவில்லை,{{entity}} માટે કોઈ અવલોકન સમાપ્ત થયું નથી,{{entity}} کے لیے کسی سروے کی میعاد ختم نہیں ہوئی
OBSERVATION,,DAYS_LEFT,Days left,उरलेले दिवस,कितने दिन बाकी हैं,ବାକି ଥିବା ଦିନ,మిగిలిన రోజులు,ಉಳಿದಿರುವ ದಿನಗಳು,மீதமுள்ள நாட்கள்,દિવસો બાકી,دن رہ گئے۔
OBSERVATION,,THIS_OBSERVATION_EXPIRED,This Survey is expired,हे सर्वेक्षण मुदतबाह्य झाले आहे,यह सर्वेक्षण पूरा हो चुका है,ଏହି ସର୍ଭେର  ସମୟ ସମାପ୍ତ ହୋଇଛି,ఈ సర్వే గడువు ముగిసింది,ಈ ಸರ್ವೇ ಅವಧಿ ಮೀರಿದೆ。,இந்த சர்வே காலாவதியானது,આ અવલોકન સમાપ્ત થઈ ગયું છે,اس سروے کی میعاد ختم ہو چکی ہے۔
OBSERVATION,,DUE_DATE,Due date,मुदत तारीख,निर्धारित तारीख,ଧାର୍ଯ୍ୟ ତାରିଖ,గడువు తేదీ,ಅಂತಿಮ ದಿನಾಂಕ,நிலுவைத் தேதி,નિયત તારીખ,مقررہ تاریخ
OBSERVATION,,SURVEY_FORMS,Survey Forms,सर्वेक्षण फॉर्म,सर्वेक्षण फॉर्म,ସର୍ଭେ ଫର୍ମଗୁଡିକ,సర్వే ఫారమ్‌లు,ಸರ್ವೇ ನಮೂನೆಗಳು,சர்வே படிவங்கள்,સર્વે ફોર્મ,سروے فارم
OBSERVATION,,OBSERVATION_STATUS,Survey Status,सर्वेक्षण स्थिती,निरीक्षण की वर्तमान स्थिति,ସର୍ଭେ  ସ୍ଥିତି,సర్వే స్థితి,ಸರ್ವೇ ಸ್ಥಿತಿ,சர்வே நிலை,અવલોકન સ્થિતિ,سروے کی حیثیت
OBSERVATION,,OBSERVATION_NOT_STARTED_YET,Survey not started yet,सर्वेक्षण अद्याप सुरू झालेले नाही.,सर्वेक्षण अभी शुरू नहीं हुआ है।,ସର୍ଭେ ଏ ପର୍ଯ୍ୟନ୍ତ ଆରମ୍ଭ ହୋଇନାହିଁ,సర్వే ఇంకా ప్రారంభించబడలేదు,ಸರ್ವೇ ಇನ್ನೂ ಪ್ರಾರಂಭವಾಗಿಲ್ಲ.,சர்வே இன்னும் தொடங்கவில்லை.,હજુ સર્વે શરૂ થયો નથી,ابھی سروے شروع نہیں ہوا۔
OBSERVATION,,EXPIRED,Expired,कालबाह्य झाले.,समाप्त हो गया।,ସମୟ  ଶେଷ  ହୋଇଗଲା,గడువు ముగిసింది,ಅವಧಿ ಮೀರಿದೆ,காலாவதியானது,સમાપ્ત,میعاد ختم
OBSERVATION,,ARE_YOU_SURE_YOU_TO_SUBMIT_FORM,Are you sure to submit form?,आपण नक्की फॉर्म सबमिट करू इच्छिता?,क्या आप फ़ॉर्म सबमिट करना चाहते हैं?,ଆପଣ ପ୍ରକୃତରେ ଫର୍ମ ଦାଖଲ କରିବାକୁ ଚାହୁଁଛନ୍ତି କି?,మీరు ఫారమ్‌ను సమర్పించడం ఖాయమేనా?,ನೀವು ನಿಜವಾಗಿಯೂ ಫಾರ್ಮ್ ಸಲ್ಲಿಸಲು ಬಯಸುವಿರಾ?,நீங்கள் உண்மையில் படிவத்தை சமர்ப்பிக்க விரும்புகிறீர்களா?,શું તમે ખરેખર ફોર્મ સબમિટ કરવા માંગો છો?,کیا آپ واقعی فارم جمع کروانا چاہتے ہیں؟
YOUTHNET_SURVEY,,SURVEY,Surveys,सर्वेक्षण,सर्वेक्षण,ସର୍ଭେ,సర్వేలు,ಸರ್ವೇ,சர்வே,સર્વેક્ષણ,
YOUTHNET_SURVEY,,NEW_SURVEY,New Survey,नवीन सर्वेक्षण,नया सर्वेक्षण,ନୂତନ ସର୍ଭେ,కొత్త సర్వే,ಹೊಸ ಸರ್ವೇ,புதிய சர்வே,નવો સર્વે,نیا سروے
YOUTHNET_SURVEY,,ASSIGN_VOLUNTEERS_NOW,Assign Volunteers Now,स्वयंसेवक आता असाइन करा,स्वयंसेवकों को अभी असाइन करें,ଏବେ ସ୍ୱେଚ୍ଛାସେବକଙ୍କୁ ନିଯୁକ୍ତ କରନ୍ତୁ,ఇప్పుడు వాలంటీర్లను కేటాయించండి,ಈಗ ಸ್ವಯಂಸೇವಕರನ್ನು ನಿಯೋಜಿಸಿ,இப்போது தன்னார்வலர்களை நியமிக்கவும்,હમણાં સ્વયંસેવકો સોંપો,ابھی رضاکاروں کو تفویض کریں۔
YOUTHNET_SURVEY,,REMIND_ME_LATER,Remind Me Later,मला नंतर आठवण करा,मुझे बाद में याद दिलाएं,ପରେ ମୋତେ ମନେ ପକାଇଦିଅନ୍ତୁ,నాకు తర్వాత గుర్తు చేయండి,ನಂತರ ನನಗೆ ನೆನಪಿಸಿ,பின்னர் எனக்கு நினைவூட்டு,મને પછી યાદ કરાવો,مجھے بعد میں یاد دلائیں۔
YOUTHNET_SURVEY,,NEW_SURVEY_HAS_BEEN_ADDED,A new survey '{{surveyName}}' has been added and has been assigned to {{villageCount}} villages,नवीन सर्वेक्षण '{{surveyName}}' जोडले गेले आहे आणि {{villageCount}} गावांना असाइन केले आहे,एक नया सर्वेक्षण '{{surveyName}}' जोड़ा गया है और {{villageCount}} गांवों को असाइन किया गया है,ଏକ ନୂତନ ସର୍ଭେ '{{surveyName}}' ଯୋଡାଯାଇଛି ଏବଂ {{villageCount}} ଗ୍ରାମକୁ ନିଯୁକ୍ତ କରାଯାଇଛି,{{surveyName}}' అనే కొత్త సర్వే జోడించబడింది మరియు '{{villageCount}}' గ్రామాలకు కేటాయించబడింది,{{surveyName}}' ಎಂಬ ಹೊಸ ಸರ್ವೇ ಯನ್ನು ಸೇರಿಸಲಾಗಿದೆ ಮತ್ತು ಅದನ್ನು {{villageCount}} ಗ್ರಾಮಗಳಿಗೆ ನಿಯೋಜಿಸಲಾಗಿದೆ ,ஒரு புதிய கணக்கெடுப்பு '{{surveyName}}' சேர்க்கப்பட்டுள்ளது மற்றும் {{villageCount}} கிராமங்களுக்கு ஒதுக்கப்பட்டுள்ளது,એક નવો સર્વે '{{surveyName}}' ઉમેરવામાં આવ્યો છે અને {{villageCount}} ગામોને સોંપવામાં આવ્યો છે,ایک نیا سروے '{{surveyName}}' شامل کیا گیا ہے اور اسے {{villageCount}} گاؤں کو تفویض کیا گیا ہے۔
YOUTHNET_SURVEY,,ASSIGN_VOLUNTEERS_TO_ENSURE,Assign Volunteers to ensure they can access the survey,स्वयंसेवकांना असाइन करा जेणेकरून ते सर्वेक्षण प्रवेश करू शकतील,यह सुनिश्चित करने के लिए स्वयंसेवकों को असाइन करें कि वे सर्वेक्षण तक पहुंच सकें,ସର୍ଭେରେ ପହଞ୍ଚିବା ନିଶ୍ଚିତ କରିବା ପାଇଁ ସ୍ଵେଚ୍ଛାସେବକଙ୍କୁ ନିଯୁକ୍ତ କରନ୍ତୁ,సర్వేను యాక్సెస్ చేయగలరని నిర్ధారించుకోవడానికి వాలంటీర్లను కేటాయించండి,ಸರ್ವೇಯನ್ನು ಪ್ರವೇಶಿಸಲು ಸ್ವಯಂಸೇವಕರನ್ನು ನಿಯೋಜಿಸಿ,கருத்துக்கணிப்பைச் செயல்படுத்த தன்னார்வலர்களை நியமிக்கவும்,સ્વયંસેવકોને સોંપો જેથી તેઓ સર્વેક્ષણનો લાભ લઈ શકે,رضاکاروں کو اس بات کو یقینی بنانے کے لیے تفویض کریں کہ وہ سروے تک رسائی حاصل کر سکیں
YOUTHNET_SURVEY,,SURVEY_ASSIGNED_VILLAGE_COUNT,Assigned to {{villageCount}} Villages,{{villageCount}} गावांना नियुक्त,{{villageCount}} गांवों को असाइन किया गया,{{villageCount}} ଟି ଗ୍ରାମକୁ ନ୍ୟସ୍ତ କରାଯାଇଛି,{{villageCount}} గ్రామాలకు కేటాయించబడింది,{{villageCount}}  ಗ್ರಾಮಗಳಿಗೆ ನಿಯೋಜಿಸಲಾಗಿದೆ,{{villageCount}} கிராமங்களுக்கு ஒதுக்கப்பட்டது,{{villageCount}}  ગામ અસાઇન થયા ,{{villageCount}} گاؤں کو تفویض کیا گیا۔
YOUTHNET_DASHBOARD,,VILLAGES_MANAGED_BY_YOU,Villages Managed by you : {{totalVillageCount}},तुमच्याकडून व्यवस्थापित गावे: {{totalVillageCount}},आपके द्वारा प्रबंधित गाँव: {{totalVillageCount}},ଆପଣଙ୍କ ଦ୍ୱାରା ପରିଚାଳିତ ଗ୍ରାମ: {{totalVillageCount}},మీరు నిర్వహించే గ్రామాలు: '{{totalVillageCount}}' గ్రామాలు,ನೀವು ನಿರ್ವಹಿಸುವ ಗ್ರಾಮಗಳು : {{totalVillageCount}},உங்களால் நிர்வகிக்கப்படும் கிராமங்கள்: {{totalVillageCount}},તમારા દ્વારા સંચાલિત ગામો: {{totalVillageCount}},آپ کے زیر انتظام گاؤں : {{totalVillageCount}}
YOUTHNET_DASHBOARD,,VILLAGE_MANAGED_BY_YOU,Village Managed by you : {{totalVillageCount}},तुमच्याकडून व्यवस्थापित गावे : {{totalVillageCount}},आप द्वारा प्रबंधित गांव : {{totalVillageCount}},ଆପଣଙ୍କ ଦ୍ୱାରା ପରିଚାଳିତ ଗ୍ରାମ : {{totalVillageCount}},మీరు నిర్వహించే గ్రామం : {{totalVillageCount}},ನೀವು ನಿರ್ವಹಿಸುತ್ತಿರುವ ಗ್ರಾಮಗಳು : {{totalVillageCount}},உங்களால் நிர்வகிக்கப்படும் கிராமம் : {{totalVillageCount}},તમારા દ્વારા સંચાલિત ગામ: {{totalVillageCount}},آپ کے زیر انتظام گاؤں : {{totalVillageCount}}
YOUTHNET_DASHBOARD,,VILLAGE,Village,गाव,गांव,ଗାଁ,గ్రామం,ಗ್ರಾಮ,கிராமம்,ગામ,گاؤں
YOUTHNET_DASHBOARD,,MANAGES,Manages,व्यवस्थापित करतो,प्रबंधित करता है,ପରିଚାଳନା କରନ୍ତି,నిర్వహిస్తుంది,ನಿರ್ವಹಿಸುತ್ತದೆ,நிர்வகிக்கிறது,સંચાલન કરે છે,انتظام کرتا ہے۔
YOUTHNET_DASHBOARD,,VILLAGES,Villages,गावे,गांव,ଗାଁ,గ్రామాలు,ಗ್ರಾಮಗಳು,கிராமங்கள்,ગામો,گاؤں
YOUTHNET_DASHBOARD,,MONTHLY_REGISTRATIONS_OVERVIEW,Registrations Overview,मासिक नोंदणीचे अवलोकन,मासिक पंजीकरण अवलोकन,ମାସିକ ପଞ୍ଜିକରଣ ସାରାଂଶ,నెలవారీ నమోదుల స్థూలదృష్టి,ಮಾಸಿಕ ನೋಂದಣಿಗಳ ಅವಲೋಕನ,மாதாந்திர பதிவுகள் கண்ணோட்டம்,માસિક નોંધણીઓનો ઝાંખી,رجسٹریشن کا جائزہ
YOUTHNET_DASHBOARD,,CLOSED_ON,Closes on,बंद केले,बंद किया गया,ବନ୍ଦ,దీనిపై మూసివేయబడింది,ಮುಗಿದ ದಿನಾಂಕ,மூடப்பட்டது,બંધ,پر بند ہوتا ہے۔
YOUTHNET_DASHBOARD,,ABOVE_18,Over 18 Registrations,18 वर्षांवरील नोंदणी,18 वर्ष से अधिक पंजीकरण,18 ରୁ ଉପରେ,18 ఏళ్లు పైబడిన నమోదులు,18 ವರ್ಷ ಮೇಲ್ಪಟ್ಟವರ ನೋಂದಣಿಗಳು,18 வயதுக்கு மேற்பட்ட பதிவுகள்,18 વર્ષથી ઉપરની નોંધણી,18 سال سے زیادہ کی رجسٹریشن
YOUTHNET_DASHBOARD,,BELOW_18,Under 18 Registrations,१८ वर्षांखालील नोंदणी,18 वर्ष से कम आयु के पंजीकरण,18 ରୁ ତଳେ,18 ఏళ్ల లోపు నమోదులు,18 ವರ್ಷದೊಳಗಿನವರ ನೋಂದಣಿಗಳು,18 வயதுக்கு குறைவான பதிவுகள்,18 વર્ષથી નીચે ની નોંધણી,18 سال سے کم عمر کی رجسٹریشن
YOUTHNET_DASHBOARD,,VLLAGE_18,Today's New Registrations,आजच्या नवीन नोंदणी,आज के नए पंजीकरण,ଗାଁ (୧୮+ ବୟସ),గ్రామం (18+),ಇಂದಿನ ಹೊಸ ನೋಂದಣಿಗಳು,இன்றைய புதிய பதிவுகள்,ગામ (18+),آج کی نئی رجسٹریشن
YOUTHNET_DASHBOARD,,TODAYS_NEW_REGISTRATION,{{totalCount}} New Registrations Today,{{totalCount}} आजच्या नवीन नोंदणी,{{totalCount}} आज के नए पंजीकरण,ଆଜି {{totalCount}} ନୂତନ ପଞ୍ଜୀକରଣ,ఈరోజు {{totalCount}} కొత్త రిజిస్ట్రేషన్లు,ಇಂದು {{totalCount}} ಹೊಸ ನೋಂದಣಿಗಳು,{{totalCount}} இன்றைய புதிய பதிவுகள்,આજે {{totalCount}} નવી નોંધણીઓ,{{totalCount}} آج نئی رجسٹریشنز
YOUTHNET_DASHBOARD,,YOUTH_VOLUNTEER_COUNT,{{count}} Youth & Volunteer,{{count}} युवक आणि स्वयंसेवक,{{count}} युवा और स्वयंसेवक,{{ଗଣନା}} ଯୁବ ଏବଂ ସ୍ଵେଚ୍ଛାସେବକ,{{count}} యువత & వాలంటీర్,{{count}} ಯೂತ್  ಮತ್ತು ಸ್ವಯಂಸೇವಕರು,{{count}} இளைஞர்கள் மற்றும் தன்னார்வலர்கள்,{{count}} યુવા અને સ્વયંસેવક,{{count}} نوجوان اور رضاکار
YOUTHNET_DASHBOARD,,THIS_MONTH,This month {{dateDetails}},या महिन्यात {{dateDetails}},इस महीने {{dateDetails}},ଏହି ମାସ {{dateDetails}},ఈ నెల {{dateDetails}},ಈ ತಿಂಗಳು {{dateDetails}},இந்த மாதம் {{dateDetails}},આ મહિને {{dateDetails}},اس ماہ {{dateDetails}}
YOUTHNET_DASHBOARD,,LAST_SIX_MONTH,Last 6 months,गेल्या ६ महिन्यात,पिछले 6 महीने,ଗତ 6 ମାସ,గత 6 నెలలు,ಕಳೆದ 6 ತಿಂಗಳುಗಳು,கடந்த 6 மாதங்கள்,છેલ્લા 6 મહિના,پچھلے 6 ماہ
YOUTHNET_DASHBOARD,,LAST_TWL_MONTH,Last 12 months,गेल्या १२ महिन्यात,पिछले 12 महीने,ଗତ 12 ମାସ,గత 12 నెలలు,ಕಳೆದ 12 ತಿಂಗಳುಗಳು,கடந்த 12 மாதங்கள்,છેલ્લા ૧૨ મહિના,پچھلے 12 مہینے
YOUTHNET_DASHBOARD,,TOTAL_YOUTH,Total Youth and Volunteer,एकूण युवक आणि स्वयंसेवक,कुल युवा और स्वयंसेवक,ମୋଟ ଯୁବ ଏବଂ ସ୍ଵେଚ୍ଛାସେବକ,మొత్తం యువత మరియు వాలంటీర్,ಒಟ್ಟು ಯೂತ್ ಮತ್ತು ಸ್ವಯಂಸೇವಕರು,மொத்த இளைஞர்கள் மற்றும் தன்னார்வலர்கள்,કુલ યુવા અને સ્વયંસેવક,کل نوجوان اور رضاکار
YOUTHNET_DASHBOARD,,YOUTH_AND_VOLUNTEER,"{{youthCount}} Youth , {{volunteerCount}} Volunteer","{{youthCount}} युवक , {{volunteerCount}} स्वयंसेवक","{{youthCount}} युवा , {{volunteerCount}} स्वयंसेवक","{{ଯୁବକାଉଣ୍ଟ}} ଯୁବକ, {{ସ୍ୱେଚ୍ଛାସେବକକାଉଣ୍ଟ}} ସ୍ଵେଚ୍ଛାସେବକ","{{youthCount}} యువత , {{volunteerCount}} స్వచ్ఛంద సేవకుడు","{{youthCount}} ಯೂತ್, {{volunteerCount}} ಸ್ವಯಂಸೇವಕರು","{{youthCount}} இளைஞர்கள் , {{volunteerCount}} தன்னார்வலர்","{{youthCount}} યુવાનો, {{volunteerCount}} સ્વયંસેવક",{{youthCount}} نوجوان، {{volunteerCount}} رضاکار
YOUTHNET_DASHBOARD,,TOTAL_YOUTH_COUNT,Total Count of Youth,एकूण युवकांची संख्या,कुल युवा की संख्या,ମୋଟ ଯୁବକଙ୍କ ସଂଖ୍ୟା,యువత మొత్తం సంఖ్య,ಒಟ್ಟು ಯೂತ್ ಸಂಖ್ಯೆ,இளைஞர்களின் மொத்த எண்ணிக்கை,યુવાનોની કુલ સંખ્યા,نوجوانوں کی کل تعداد
YOUTHNET_DASHBOARD,,AS_OF_TODAY,As of today,आजपर्यंत,आज की तारीख तक,ଆଜି ଅନୁସାରେ,ఈ రోజు నాటికి,ಇಂದಿನಿಂದ,இன்று வரை,આજથી,آج تک
YOUTHNET_DASHBOARD,,AS_OF_LAST_SIX_MONTH,As of last month,गेल्या महिन्यापर्यंत,पिछले महीने तक,ପୂର୍ବ ଛ ମାସ ଅନୁସାରେ,గత ఆరు నెలల నాటికి,ಕಳೆದ ಆರು ತಿಂಗಳಿಂದ,கடந்த 6 மாதங்கள் வரை,છેલ્લા છ મહિનાથી, پچھلے مہینے تک
YOUTHNET_DASHBOARD,,AS_OF_LAST_YEAR,As of last year,गेल्या वर्षापर्यंत,पिछले वर्ष तक,ଗତ ବର୍ଷ ଠାରୁ,గత సంవత్సరం నాటికి,ಕಳೆದ ವರ್ಷದಂತೆ,கடந்த ஆண்டு நிலவரப்படி,ગયા વર્ષ મુજબ,پچھلے سال تک
YOUTHNET_DASHBOARD,,VILLAGE_NAME,Village Name,गावाचे नाव,गांव का नाम,ଗାଁର ନାମ,గ్రామ పేరు,ಗ್ರಾಮದ ಹೆಸರು,கிராமத்தின் பெயர்,ગામનું નામ,گاؤں کا نام
YOUTHNET_DASHBOARD,,TOTAL_COUNT_NEW_REGISTRATION,Total Count (+ New Registrations today),एकूण संख्या (+ आजची नवीन नोंदणी),कुल संख्या (+ आज के नए पंजीकरण),ମୋଟ ସଂଖ୍ୟା (+ ଆଜି ନୂତନ ପଞ୍ଜୀକରଣ),మొత్తం సంఖ్య (+ ఈరోజు కొత్త రిజిస్ట్రేషన్లు),ಒಟ್ಟು ಸಂಖ್ಯೆ ((+ New Registrations today),மொத்த எண்ணிக்கை (+ இன்றைய புதிய பதிவுகள்),કુલ સંખ્યા (+ આજે નવી નોંધણીઓ),کل گنتی (+ آج کی نئی رجسٹریشنز )
YOUTHNET_DASHBOARD,,NEW_REGISTRATION,New Registrations Today,आजची नवीन नोंदणी,आज के नए पंजीकरण,ଆଜି ନୂତନ ପଞ୍ଜୀକରଣ,ఈరోజు కొత్త రిజిస్ట్రేషన్లు,ಇಂದು ಹೊಸ ನೋಂದಣಿಗಳು,இன்றைய புதிய பதிவுகள்,આજે નવી નોંધણીઓ, آج کی نئی رجسٹریشنز
YOUTHNET_DASHBOARD,,YOUTH_JOINERS,Youth joiners,नवीन युवक,नए जुड़ने वाले युवा,ଯୁବ ଯୋଗଦାନକାରୀ,యువత చేరేవారు,ಯೂತ್ ಸೇರ್ಪಡೆಗಳು,இளைஞர்கள்,યુવા જોડાઓ,شامل ہونے والے نوجوان
YOUTHNET_DASHBOARD,,OLD_JOINER_FIRST,Old joiners first,जुने युवक आधी,पुराने पहले,ପ୍ରଥମେ ପୁରୁଣା ଯୋଇନର୍,పాత వడ్రంగిలు మొదట,ಹಳೆಯ ಸೇರ್ಪಡೆಗಳು ಮೊದಲು,பழைய உறுப்பினர்கள் முதலில்,જૂના જોડાયેલા પહેલા ,پرانے شامل ہونے والے پہلے
YOUTHNET_DASHBOARD,,NEW_JOINER_FIRST,New joiners first,नवीन युवक आधी,नए पहले,ପ୍ରଥମେ ନୂଆ ଯୋଗଦାନକାରୀ,కొత్తగా చేరినవారు మొదట,ಹೊಸದಾಗಿ ಸೇರ್ಪಡೆಗೊಳ್ಳುವವರು ಮೊದಲು,புதியவர்களுக்கு முன்னுரிமை,નવા જોડાનારા પહેલા,پہلے نئے شامل ہونے والے
YOUTHNET_DASHBOARD,,TOTAL_COUNT_YOUTH,Total Count of Youth,एकूण युवकांची संख्या,कुल युवा की संख्या,ମୋଟ ଯୁବକଙ୍କ ସଂଖ୍ୟା,యువత మొత్తం సంఖ్య,ಒಟ್ಟು ಯೂತ್ ಸಂಖ್ಯೆ,இளைஞர்களின் மொத்த எண்ணிக்கை,યુવાનોની કુલ સંખ્યા,نوجوانوں کی کل تعداد
YOUTHNET_DASHBOARD,,MARK_AS_VOLUNTEER_SUCCESSFULLY,Successfully mark youth as a volunteer,युवकास स्वयंसेवक म्हणून यशस्वीरित्या मार्क केले,युवाओं को स्वयंसेवक के रूप में चिह्नित करना सफल हुआ,ଯୁବକମାନଙ୍କୁ ସ୍ୱେଚ୍ଛାସେବୀ ଭାବରେ ସଫଳତାର ସହ ଚିହ୍ନଟ କରନ୍ତୁ,యువతను వాలంటీర్‌గా విజయవంతంగా గుర్తించండి,ಯೂತ್ ನ್ನು ಸ್ವಯಂಸೇವಕರಾಗಿ ಯಶಸ್ವಿಯಾಗಿ ಗುರುತಿಸಿ,இளைஞரைத் தன்னார்வலராக வெற்றிகரமாகக் குறிக்கவும்,યુવાનોને સ્વયંસેવક તરીકે સફળતાપૂર્વક ચિહ્નિત કરો.,نوجوانوں کو رضاکار کے طور پر کامیابی سے نشان زد کریں۔
YOUTHNET_DASHBOARD,,MARK_AS_VOLUNTEER_FAILED,Failed to mark youth as a volunteer,युवकास स्वयंसेवक म्हणून मार्क करण्यात अयशस्वी,युवाओं को स्वयंसेवक के रूप में चिह्नित करना असफल हुआ,ଯୁବକଙ୍କୁ ସ୍ୱେଚ୍ଛାସେବକ ଭାବରେ ଚିହ୍ନିତ କରିବାରେ ବିଫଳ ହୋଇଛି,యువతను స్వచ్ఛంద సేవకుడిగా గుర్తించడంలో విఫలమయ్యారు,ಯುವಕ/ಯುವತಿ ಯನ್ನು ಸ್ವಯಂಸೇವಕರಾಗಿ ಗುರುತಿಸಲು ಸಾಧ್ಯವಾಗುತ್ತಿಲ್ಲ,இளைஞரைத் தன்னார்வலராகக் குறிக்கத் தவறியது,યુવાનોને સ્વયંસેવક તરીકે ચિહ્નિત કરવામાં નિષ્ફળ ગયા,نوجوانوں کو رضاکار کے طور پر نشان زد کرنے میں ناکام
YOUTHNET_DASHBOARD,,ABOVE_18_YO,Above 18 y/o,१८ वर्षांवरील,18 वर्ष से अधिक आयु के,18 ବର୍ଷରୁ ଅଧିକ,18 ఏళ్లు పైబడిన,18 ವರ್ಷ ಮೇಲ್ಪಟ್ಟವರು,18 வயதுக்கு மேற்பட்டவர்கள்,૧૮ વર્ષથી ઉપર,18 سال سے زیادہ عمر کے
YOUTHNET_DASHBOARD,,BELOW_18_YO,Below 18 y/o,१८ वर्षांखालील,18 वर्ष से कम आयु के,18 ବର୍ଷ ବୟସରୁ କମ୍,18 సంవత్సరాల కంటే తక్కువ వయస్సు,18 ವರ್ಷಕ್ಕಿಂತ ಕಡಿಮೆ ವಯಸ್ಸಿನವರು,18 வயதுக்குக் கீழ்,૧૮ વર્ષથી ઓછી ઉંમર,18 سال سے کم عمر کے
YOUTHNET_DASHBOARD,,FROM,From,पासून,से,ଠାରୁ,నుండి,ಇಂದ,இருந்து,પ્રતિ,سے
YOUTHNET_DASHBOARD,,UNMARK_AS_VOLUNTEER,Unmark as Volunteer,स्वयंसेवक म्हणून चिन्हांकित करा रद्द करा,स्वयंसेवक के रूप में चिह्नित न करें,ସ୍ଵେଚ୍ଛାସେବକ ଭାବରେ ଅଚିହ୍ନଟ କରନ୍ତୁ,వాలంటీర్‌గా గుర్తించవద్దు,ಸ್ವಯಂಸೇವಕನಾಗಿ ಗುರುತನ್ನು ತೆಗೆದುಹಾಕಿ,தன்னார்வலர் குறியை நீக்கு,સ્વયંસેવક તરીકેની અચિહ્નિત,والنٹیر کے طور پر نشان زد نہ کریں۔
YOUTHNET_DASHBOARD,,DO_YOU_WANT_TO_UNMARK_AS_VOLUNTEER,Do you want to unmark as a volunteer,तुम्हाला स्वयंसेवक म्हणून चिन्हांकित करायचे नाही का?,क्या आप स्वयंसेवक के रूप में अपना नाम हटाना चाहते हैं?,ଆପଣ କ’ଣ ଜଣେ ସ୍ୱେଚ୍ଛାସେବକ ଭାବରେ ଅଚିହ୍ନଟ କରିବାକୁ ଚାହୁଁଛନ୍ତି?,మీరు వాలంటీర్‌గా గుర్తింపును తొలగించాలనుకుంటున్నారా?,ನೀವು ಸ್ವಯಂಸೇವಕನಾಗಿ ಗುರುತನ್ನು ತೆಗೆದುಹಾಕಲು ಬಯಸುತ್ತೀರಾ?,தன்னார்வலர் குறியை நீக்க விரும்புகிறீர்களா?,શું તમે સ્વયંસેવક તરીકે ચિહ્નિત કરવાનું રદ કરવા માંગો છો?,کیا آپ اپنا نام بطور والنٹیر  ہٹانا چاہتے ہیں؟
YOUTHNET_DASHBOARD,,UNMARK_AS_VOLUNTEER_SUCCESSFULLY,Unmarked as volunteer successfully,स्वयंसेवक म्हणून यशस्वीरित्या चिन्हांकित केले नाही.,स्वयंसेवक के रूप में सफलतापूर्वक अचिह्नित,ସ୍ଵେଚ୍ଛାସେବକ ଭାବରେ ସଫଳତାର ସହ ଅଚିହ୍ନଟ କରାଯାଇଛି,వాలంటీర్‌గా విజయవంతంగా గుర్తించబడలేదు,ಸ್ವಯಂಸೇವಕನಾಗಿ ಗುರುತನ್ನು ಯಶಸ್ವಿಯಾಗಿ ತೆಗೆಯಲಾಗಿದೆ,தன்னார்வலர் குறி வெற்றிகரமாக நீக்கப்பட்டது,સ્વયંસેવક તરીકેની સફળતાપૂર્વક અચિહ્નિત  કરાયા ,والنٹیر کے طور پر کامیابی سے نام ہٹا دیا گیا۔
YOUTHNET_DASHBOARD,,UNMARK_AS_VOLUNTEER_FAILED,Failed to unmark as volunteer,स्वयंसेवक म्हणून चिन्हांकित करणे अयशस्वी झाले,स्वयंसेवक के रूप में चिह्नित हटाने में विफल,ସ୍ୱେଚ୍ଛାସେବକ ଭାବରେ ଅଚିହ୍ନଟ କରିବାରେ ବିଫଳ ହୋଇଛି,వాలంటీర్‌గా గుర్తించడాన్ని తొలగించడంలో విఫలమయ్యారు,ಸ್ವಯಂಸೇವಕ ಗುರುತನ್ನು ತೆಗೆದುಹಾಕಲು ಸಾಧ್ಯವಾಗುತ್ತಿಲ್ಲ,தன்னார்வலர் குறியை நீக்க முடியவில்லை,સ્વયંસેવક તરીકેની અચિહ્નિત  કરવામાં અસમર્થ  ,والنٹیر کے طور پر نام ہٹانے میں ناکام
YOUTHNET_VOLUNTEERLIST,,ENTRIES,Entries,नोंदी,प्रविष्टियाँ,ପ୍ରବେଶଗୁଡ଼ିକ,ఎంట్రీలు,ನಮೂದುಗಳು,பதிவுகள்,એન્ટ્રી,اندراجات
YOUTHNET_VOLUNTEERLIST,,VOLUNTEERS_ASSIGNED,Volunteers assigned,स्वयंसेवक नियुक्त,स्वयंसेवक सौंपे गए,ସ୍ୱେଚ୍ଛାସେବକଙ୍କୁ ନିଯୁକ୍ତ କରନ୍ତୁ,కేటాయించిన వాలంటీర్లు,ಸ್ವಯಂಸೇವಕರನ್ನು ನಿಯೋಜಿಸಲಾಗಿದೆ,தன்னார்வலர்கள் ஒதுக்கப்பட்டுள்ளனர்,સ્વયંસેવકો સોંપવામાં આવ્યા,رضاکاروں کو تفویض کیا گیا۔
YOUTHNET_PROFILE,,MY_PROFILE,My Profile,माझा प्रोफाईल,मेरी प्रोफ़ाइल,ମୋ ପ୍ରୋଫାଇଲ,నా ప్రొఫైల్,ನನ್ನ ಪ್ರೊಫೈಲ್,எனது சுயவிவரம்,મારું પ્રોફાઈલ,میرا پروفائل
YOUTHNET_PROFILE,,ACTIVITIES_CONDUCTED,Activities conducted,घडवलेली कार्ये,किए गए गतिविधियाँ,ଆୟୋଜିତ କାର୍ଯ୍ୟକ୍ରମ,నిర్వహించిన కార్యకలాపాలు,ನಡೆಸಲಾದ ಚಟುವಟಿಕೆಗಳು,நடத்தப்பட்ட செயல்பாடுகள்,આયોજિત પ્રવૃત્તિઓ,کی گئیں سرگرمیاں ۔
YOUTHNET_PROFILE,,PROFILE_DETAILS,Profile Details,प्रोफाईल तपशील,प्रोफ़ाइल विवरण,ପ୍ରୋଫାଇଲ ବିବରଣୀ,ప్రొఫైల్ వివరాలు,ಪ್ರೊಫೈಲ್ ವಿವರಗಳು,சுயவிவர விவரங்கள்,પ્રોફાઇલ વિગતો,پروفائل کی تفصیلات
YOUTHNET_PROFILE,,FULL_NAME,Full Name,पूर्ण नाव,पूरा नाम,ପୂର୍ଣ ନାମ,పూర్తి పేరు,ಪೂರ್ಣ ಹೆಸರು,முழு பெயர்,પૂરું નામ,پورا نام
YOUTHNET_PROFILE,,EMAIL_ID,Email ID,ईमेल आयडी,ईमेल आईडी,ଇମେଲ ଆଇ.ଡି.,ఇమెయిల్ ID,ಇಮೇಲ್ ಐಡಿ,மின்னஞ்சல் ஐடி,ઈમેઈલ આઈડી,ای میل آئی ڈی
YOUTHNET_PROFILE,,STATE_DISTRICT_BLOCK,State District Block,ब्लॉक जिल्हा राज्य,ब्लॉक जिला राज्य,ରାଜ୍ୟ ଜିଲ୍ଲା ବ୍ଲକ,రాష్ట్ర జిల్లా బ్లాక్,ರಾಜ್ಯ ಜಿಲ್ಲೆ ಬ್ಲಾಕ್,மாநிலம் மாவட்டம் வட்டம்,રાજ્ય જિલ્લો બ્લોક,ریاستی ضلع بلاک
YOUTHNET_PROFILE,,STATE_DISTRICT,State District,जिल्हा राज्य,जिला राज्य,ରାଜ୍ୟ ଜିଲ୍ଲା,రాష్ట్ర జిల్లా,ರಾಜ್ಯ ಜಿಲ್ಲೆ,"மாநிலம், மாவட்டம்",રાજ્ય જિલ્લો,ریاستی ضلع
YOUTHNET_PROFILE,,STATE,State,राज्य,राज्य,ରାଜ୍ୟ,రాష్ట్రం,ರಾಜ್ಯ,மாநிலம்,રાજ્ય,ریاست
YOUTHNET_PROFILE,,DISTRICT,District,जिल्हा,जिला,ଜିଲ୍ଲା,జిల్లా,ಜಿಲ್ಲೆ,மாவட்டம்,જિલ્લો,ضلع
YOUTHNET_PROFILE,,BLOCK,Block,ब्लॉक,ब्लॉक,ବ୍ଲକ,బ్లాక్,ಬ್ಲಾಕ್,வட்டம்,બ્લોક,بلاک
YOUTHNET_PROFILE,,VILLAGE,Village,गाव,गाँव,ଗାଁ,గ్రామం,ಗ್ರಾಮ,கிராமம்,ગામ,گاؤں
YOUTHNET_PROFILE,,STATES,States,राज्ये,राज्य अमेरिका,ଯୁକ୍ତରାଷ୍ଟ୍ର,"
రాష్ట్రాలు",ರಾಜ್ಯಗಳು,மாநிலங்கள்,રાજ્યો,ریاستیں
YOUTHNET_PROFILE,,DISTRICTS,Districts,जिल्हे,जिलों,ଜିଲ୍ଲାଗୁଡ଼ିକ,జిల్లాలు,ಜಿಲ್ಲೆಗಳು,மாவட்டங்கள்,જિલ્લાઓ,اضلاع
YOUTHNET_PROFILE,,BLOCKS,Blocks,ब्लॉक्स,ब्लाकों,ବ୍ଲକ୍‌ଗୁଡ଼ିକ,బ్లాక్‌లు,ಬ್ಲಾಕ್‌ಗಳು,வட்டங்கள்,બ્લોક્સ,بلاکس
YOUTHNET_PROFILE,,VILLAGES,Villages,गावे,गाँव,ଗାଁ,గ్రామాలు,ಗ್ರಾಮಗಳು,கிராமங்கள்,ગામો,گاؤں
YOUTHNET_PROFILE,,STATE_DISTRICT_BLOCK_VILLAGE,State District Block Village,गाव ब्लॉक जिल्हा राज्य,गांव ब्लॉक जिला राज्य,ଗାଁ ବ୍ଲକ ଜିଲ୍ଲା ରାଜ୍ୟ,గ్రామ బ్లాక్ జిల్లా రాష్ట్రం,ಗ್ರಾಮ ಬ್ಲಾಕ್ ಜಿಲ್ಲೆ ರಾಜ್ಯ,கிராமம் தொகுதி வட்டங்கள் மாநிலம்,ગામ બ્લોક જિલ્લો રાજ્ય,ریاستی ضلع بلاک گاؤں
YOUTHNET_PROFILE,,DESIGNATION,Designation,हुद्दा,पदनाम,ପଦବୀ,హోదా,ಹುದ್ದೆ ,பதவி,હોદો,عہدہ
YOUTHNET_PROFILE,,JOINED_ON,Joined on,सदस्यता घेतलेली तारीख,शामिल होने की तिथि,ଯୋଗଦାନ ତାରିଖ,చేరిన తేదీ,ಸೇರಿದ ದಿನಾಂಕ,இணைந்த தேதி,જોડાયાની તારીખ,شامل ہونے کی تاریخ
YOUTHNET_PROFILE,,PHONE_NUMBER,Phone Number,फोन नंबर,फ़ोन नंबर,ଫୋନ ନମ୍ବର,ఫోన్ నంబర్,ಫೋನ್ ಸಂಖ್ಯೆ,தொலைபேசி எண்,ફોન નંબર,فون نمبر
YOUTHNET_PROFILE,,MENTOR_ID,Mentor ID,मेंटॉर आयडी,मेंटोर आईडी,ମେଣ୍ଟର ଆଇଡି,మెంటర్ ID,ಮಾರ್ಗದರ್ಶಕ ಐಡಿ,வழிகாட்டி ஐடி,મેન્ટર આઈડી,مینٹر ID
YOUTHNET_PROFILE,,GENDER,Gender,लिंग,लिंग,ଲିଙ୍ଗ,లింగం,ಲಿಂಗ,பாலினம்,જાતિ,جنس
YOUTHNET_PROFILE,,AGE,Age,वय,आयु,ବୟସ,వయస్సు,ವಯಸ್ಸು,வயது,ઉમર,عمر
YOUTHNET_PROFILE,,VOLUNTEERING_DETAILS,Volunteering details,स्वयंसेवा तपशील,स्वयंसेवा का विवरण,ସ୍ୱେଚ୍ଛାସେବା ବିବରଣୀ,స్వచ్ఛంద వివరాలు,ಸ್ವಯಂಸೇವಾ ವಿವರಗಳು,தன்னார்வ விவரங்கள்,સ્વયંસેવા વિગતો,رضاکارانہ تفصیلات
YOUTHNET_PROFILE,,MARK_AS_VOLUNTEER,Mark as Volunteer,स्वयंसेवक म्हणून मार्क करा,स्वयंसेवक के रूप में चिह्नित करें,ସ୍ୱେଚ୍ଛାସେବୀ ଭାବେ ଚିହ୍ନିତ କରନ୍ତୁ,వాలంటీర్‌గా గుర్తించు,ಸ್ವಯಂಸೇವಕನಾಗಿ ಗುರುತಿಸಿ,தன்னார்வலராக குறிக்கவும்,સ્વયંસેવક તરીકે ચિહ્નિત કરો,رضاکار کے طور پر نشان زد کریں۔
YOUTHNET_PROFILE,,DOB,Date of Birth,जन्मतारीख,जन्म तिथि,ଜନ୍ମ ତାରିଖ,పుట్టిన తేదీ,ಜನ್ಮ ದಿನಾಂಕ,பிறந்த தேதி,જન્મ તારીખ,تاریخ پیدائش
YOUTHNET_PROFILE,,FIRST_NAME,First Name,पहिले नाव,पहला नाम,ପ୍ରଥମ ନାମ,మొదటి పేరు,ಮೊದಲ ಹೆಸರು,முதல் பெயர்,પ્રથમ નામ,پہلا نام
YOUTHNET_PROFILE,,MIDDLE_NAME,Middle Name,मधले नाव,मध्य नाम,ମଧ୍ୟମ ନାମ,మధ్య పేరు,ಮಧ್ಯದ ಹೆಸರು,இடைப்பெயர் ,મધ્ય નામ,درمیانی نام
YOUTHNET_PROFILE,,LAST_NAME,Last Name,आडनाव,अंतिम नाम,ଶେଷ ନାମ,చివరి పేరు,ಕೊನೆಯ ಹೆಸರು,கடைசி பெயர்,અટક,آخری نام
YOUTHNET_PROFILE,,USERNAME,Username,वापरकर्तानाव,यूज़रनेम,ଉପଯୋଗକର୍ତା ନାମ,యూజర్‌నేమ్,ಯೂಸರ್  ಹೆಸರು,பயனர் பெயர்,વપરાશકર્તા નામ,صارف نام
YOUTHNET_PROFILE,,UPDATE_PROFILE,Update Profile,प्रोफाइल अपडेट करा,प्रोफ़ाइल अपडेट करें,ପ୍ରୋଫାଇଲ୍ ଅପଡେଟ୍ କରନ୍ତୁ,ప్రొఫైల్‌ను నవీకరించండి,ಪ್ರೊಫೈಲ್ ಅಪ್‌ಡೇಟ್,சுயவிவரத்தைப் புதுப்பிக்கவும்,પ્રોફાઇલ અપડેટ કરો,پروفائل کو اپ ڈیٹ کریں۔
YOUTHNET_PROFILE,,WORKING_VILLAGES,Working Villages,कार्यरत गावे,कार्यशील गाँव,କାର୍ଯ୍ୟରତ ଗ୍ରାମ,వర్కింగ్ విలేజెస్,ಕೆಲಸ ಮಾಡುವ ಗ್ರಾಮಗಳು,வேலை செய்யும் கிராமங்கள்,કાર્યરત ગામ ,ورکنگ ویلج
YOUTHNET_USERS_AND_VILLAGES,,MENTORS,Mentors,मेंटॉर्स,मेंटोर्स,ମେଣ୍ଟର,మెంటర్లు,ಮೆಂಟರ್‌ಗಳು,வழிகாட்டிகள்,મેન્ટર્સ,مینٹرس
YOUTHNET_USERS_AND_VILLAGES,,CSV,CSV,CSV,CSV,CSV,CSV,CSV,சிஎஸ்வி,સીએસવી,CSV
YOUTHNET_USERS_AND_VILLAGES,,SEARCH_MENTORS,Search Mentors...,मेंटॉर शोधा...,मेंटोर खोजें...,ମେଣ୍ଟର ଖୋଜନ୍ତୁ...,మెంటర్ల కోసం శోధించండి...,ಮೆಂಟರ್‌ಗಳನ್ನು ಹುಡುಕಿ...,வழிகாட்டிகளைத் தேடு...,મેન્ટર્સ શોધો...,مینٹرس تلاش کریں
YOUTHNET_USERS_AND_VILLAGES,,MARK_AS_VOLUNTEER,Mark as Volunteer,स्वयंसेवक म्हणून मार्क करा,स्वयंसेवक के रूप में चिह्नित करें,ସ୍ୱେଚ୍ଛାସେବୀ ଭାବେ ଚିହ୍ନିତ କରନ୍ତୁ,వాలంటీర్‌గా గుర్తించు,ಸ್ವಯಂಸೇವಕನಾಗಿ ಗುರುತಿಸಿ,தன்னார்வலராக குறிக்கவும்,સ્વયંસેવક તરીકે ચિહ્નિત કરો,رضاکار کے طور پر نشان زد کریں۔
YOUTHNET_USERS_AND_VILLAGES,,ADD_OR_REASSIGN_VILLAGES,Add or Re-assign Villages,गावे जोडा किंवा पुनःनियुक्त करा,गांव जोड़ें या पुनः असाइन करें,ଗାଁ ଯୋଗ କରନ୍ତୁ କିମ୍ବା ପୁନଃ ଆସାଇନ  କରନ୍ତୁ,గ్రామాలను జోడించండి లేదా తిరిగి కేటాయించండి,ಗ್ರಾಮಗಳನ್ನು ಸೇರಿಸಿ ಅಥವಾ ಮರುನಿಯೋಜಿಸಿ,கிராமங்களைச் சேர்க்கவும் அல்லது மறு ஒதுக்கீடு செய்யவும்,ગામો ઉમેરો અથવા પુનઃનિયુક્ત કરો,گاؤں شامل کریں یا دوبارہ تفویض کریں۔
YOUTHNET_USERS_AND_VILLAGES,,REQUEST_TO_REASSIGN_DISTRICT,Request to Re-assign District,जिल्हा पुनःनियुक्त करण्याची विनंती,जिले को पुनः असाइन करने का अनुरोध करें,ଜିଲ୍ଲା ପୁନଃ ଆସାଇନ  ପାଇଁ ଅନୁରୋଧ,జిల్లాను తిరిగి కేటాయించమని అభ్యర్థన,ಜಿಲ್ಲೆಯನ್ನು ಮರುನಿಯೋಜಿಸಲು ಕೋರಿಕೆ,மாவட்டத்தை மறு ஒதுக்கீடு செய்ய கோரிக்கை,જિલ્લો પુનઃનિયુક્ત કરવાની વિનંતી,ضلع کو دوبارہ تفویض کرنے کی درخواست
YOUTHNET_USERS_AND_VILLAGES,,DELETE_USER_PERMANENTLY,Delete User Permanently,वापरकर्ता कायमचा हटवा,यूज़र को स्थायी रूप से हटाएं,ଉପଭୋକ୍ତାଙ୍କୁ ସ୍ଥାୟୀ ଭାବେ ହଟାନ୍ତୁ,వినియోగదారుని శాశ్వతంగా తొలగించండి,ಯೂಸರ್ ನ್ನು ಶಾಶ್ವತವಾಗಿ ಅಳಿಸಿ,பயனரை நிரந்தரமாக நீக்கு,વપરાશકર્તાને કાયમી ધોરણે ડિલીટ કરો,صارف کو مستقل طور پر حذف کریں۔
YOUTHNET_USERS_AND_VILLAGES,,REQUEST_USER_TO_DIFFERENT_MENTOR,Re-assign user to a different Center Head,वापरकर्त्याला दुसऱ्या मेंटॉर लीडरकडे पुनःनियुक्त करा,यूज़र को किसी अन्य मेंटोर लीडर को पुनः असाइन करें,ଉପଭୋକ୍ତାଙ୍କୁ ଅନ୍ୟ ମେଣ୍ଟର ଲିଡରଙ୍କୁ ପୁନଃଆସାଇନ  କରନ୍ତୁ,వినియోగదారుని వేరే మెంటర్ లీడర్‌కి తిరిగి కేటాయించండి,ಯೂಸರ್ ನ್ನು ಬೇರೆ ಮಾರ್ಗದರ್ಶಕ ನಾಯಕನಿಗೆ ಮರುನಿಯೋಜಿಸಲು ಕೋರಿಕೆ,பயனரை மற்றொரு வழிகாட்டி தலைவருக்கு மறு ஒதுக்கீடு செய்யவும்,વપરાશકર્તાને અન્ય મેન્ટર લીડરને પુનઃનિયુક્ત કરો,صارف کو ایک مختلف سینٹر ہیڈ کو دوبارہ تفویض کریں۔
YOUTHNET_USERS_AND_VILLAGES,,SAVE_PROGRESS,Save progress,प्रगती जतन करा,प्रगति सहेजें,ପ୍ରଗତି ସେଭ୍ କରନ୍ତୁ,పురోగతిని సేవ్ చేయండి,ಪ್ರಗತಿಯನ್ನು ಉಳಿಸಿ,முன்னேற்றத்தை சேமி,પ્રગતિ સેવ કરો,پیشرفت کو محفوظ کریں۔
YOUTHNET_USERS_AND_VILLAGES,,FINISH_ASSIGN,Finish & Assign,पूर्ण करा आणि नियुक्त करा,पूरा करें और असाइन करें,ସମାପ୍ତ କରନ୍ତୁ ଏବଂ ନିୟୁକ୍ତ କରନ୍ତୁ,ముగించు & కేటాయించు,ಮುಗಿಸಿ ಮತ್ತು ನಿಯೋಜಿಸಿ,முடித்து ஒதுக்கவும்,સમાપ્ત કરો અને નિયુક્ત કરો,ختم کریں اور تفویض کریں۔
YOUTHNET_USERS_AND_VILLAGES,,SEND_REQUEST_TO_ADMIN_TEXT,You are sending a request to the State Admin to re-assign this user to another district,आपण राज्य प्रशासनाकडे या वापरकर्त्याला दुसऱ्या जिल्ह्यात पुनःनियुक्त करण्याची विनंती पाठवत आहात,आप राज्य एडमिन को इस यूज़र को किसी अन्य जिले में पुनः असाइन करने का अनुरोध भेज रहे हैं,ଆପଣ ଏହି ଉପଭୋକ୍ତାଙ୍କୁ ଅନ୍ୟ ଜିଲ୍ଲାକୁ ପୁନଃଆସାଇନ  କରିବା ପାଇଁ ରାଜ୍ୟ ପ୍ରଶାସକଙ୍କୁ ଅନୁରୋଧ ପଠାଉଛନ୍ତି,ఈ వినియోగదారుని మరొక జిల్లాకు తిరిగి కేటాయించమని మీరు రాష్ట్ర అడ్మిన్‌కు అభ్యర్థన పంపుతున్నారు,ನೀವು ಈ ಯೂಸರ್ ನ್ನು ಬೇರೆ ಜಿಲ್ಲೆಗೆ ಮರುನಿಯೋಜಿಸಲು ರಾಜ್ಯ ಆಡಳಿತಗಾರರಿಗೆ ಕೋರಿಕೆ ಕಳುಹಿಸುತ್ತಿದ್ದೀರಿ,நீங்கள் இந்த பயனரை மற்றொரு மாவட்டத்திற்கு மறு ஒதுக்கீடு செய்ய மாநில நிர்வாகிக்கு கோரிக்கை அனுப்புகிறீர்கள்,તમે આ વપરાશકર્તાને અન્ય જિલ્લામાં પુનઃનિયુક્ત કરવા માટે રાજ્ય સંચાલકને વિનંતી મોકલી રહ્યા છો,آپ اسٹیٹ ایڈمن کو ایک درخواست بھیج رہے ہیں کہ وہ اس صارف کو دوسرے ضلع میں دوبارہ تفویض کرے۔
YOUTHNET_USERS_AND_VILLAGES,,SELECT_STATE,Select State,राज्य निवडा,राज्य चुनें,ରାଜ୍ୟ ଚୟନ କରନ୍ତୁ,రాష్ట్రాన్ని ఎంచుకోండి,ರಾಜ್ಯವನ್ನು ಆಯ್ಕೆಮಾಡಿ,மாநிலத்தைத் தேர்ந்தெடு,રાજ્ય પસંદ કરો,ریاست منتخب کریں۔
YOUTHNET_USERS_AND_VILLAGES,,SELECT_DISTRICT,Select District,जिल्हा निवडा,जिला चुनें,ଜିଲ୍ଲା ଚୟନ କରନ୍ତୁ,జిల్లాను ఎంచుకోండి,ಜಿಲ್ಲೆಯನ್ನು ಆಯ್ಕೆಮಾಡಿ,மாவட்டத்தைத் தேர்ந்தெடு,જિલ્લો પસંદ કરો,ضلع منتخب کریں۔
YOUTHNET_USERS_AND_VILLAGES,,SELECT,Select,निवडा,चयन करें,ଚୟନ କରନ୍ତୁ,ఎంచుకోండి,ಆಯ್ಕೆಮಾಡಿ,தேர்ந்தெடு,પસંદ કરો,منتخب کریں۔
YOUTHNET_USERS_AND_VILLAGES,,ASSIGN_VILLAGES_FROM_BLOCK,Assign Villages from Block,ब्लॉकमधून गावे नियुक्त करा,ब्लॉक से गांव असाइन करें,ବ୍ଲକରୁ ଗାଁ ଆସାଇନ  କରନ୍ତୁ,బ్లాక్ నుండి గ్రామాలను కేటాయించండి,ಬ್ಲಾಕ್‌ನಿಂದ ಗ್ರಾಮಗಳನ್ನು ನಿಯೋಜಿಸಿ,வட்டத்திலிருந்து கிராமங்களை ஒதுக்கவும்,બ્લોકમાંથી ગામો નિયુક્ત કરો,بلاک سے دیہات تفویض کریں۔
YOUTHNET_USERS_AND_VILLAGES,,ASSIGN_VILLAGES_FROM_BLOCK_INFO,"You can complete this later at your own pace. However, the villages will only be assigned once you click on ‘Finish.’","आपण हे नंतर आपल्या वेळेनुसार पूर्ण करू शकता. मात्र, ‘पूर्ण करा’ क्लिक केल्यानंतरच गावे नियुक्त केली जातील","आप इसे अपनी सुविधा अनुसार बाद में पूरा कर सकते हैं। हालांकि, गांव तब तक असाइन नहीं होंगे जब तक आप ‘पूरा करें’ पर क्लिक नहीं करते।","ଆପଣ ଏହାକୁ ପରେ ଆପଣଙ୍କ ସୁବିଧା ଅନୁଯାୟୀ ସମ୍ପୂର୍ଣ୍ଣ କରିପାରିବେ। ତଥାପି, ଗାଁଗୁଡ଼ିକ କେବଳ 'ସମାପ୍ତ' ଉପରେ କ୍ଲିକ କଲେ ନିୟୁକ୍ତ ହେବ।","మీరు మీ స్వంత వేగంతో దీనిని తర్వాత పూర్తి చేయవచ్చు. అయితే, మీరు ముగించు పై క్లిక్ చేసిన తర్వాత మాత్రమే గ్రామాలు కేటాయించబడతాయి","ನೀವು ಇದನ್ನು ನಂತರ ನಿಮ್ಮ ಅನುಕೂಲಕ್ಕೆ ತಕ್ಕಂತೆ ಪೂರ್ಣಗೊಳಿಸಬಹುದು. ಆದರೆ, ಗ್ರಾಮಗಳನ್ನು 'ಮುಗಿಸಿ' ಕ್ಲಿಕ್ ಮಾಡಿದಾಗ ಮಾತ್ರ ನಿಯೋಜಿಸಲಾಗುತ್ತದೆ।","நீங்கள் இதை பின்னர் உங்கள் வசதிக்கேற்ப முடிக்கலாம். இருப்பினும், 'முடி' என்பதைக் கிளிக் செய்யும்போது மட்டுமே கிராமங்கள் ஒதுக்கப்படும்.","તમે આ પછીથી તમારી અનુકૂળતા મુજબ પૂર્ણ કરી શકો છો. જો કે, જ્યાં સુધી તમે ‘પૂર્ણ કરો’ (Finish) પર ક્લિક નહીં કરો ત્યાં સુધી ગામો ફાળવવામાં આવશે નહીં.
",آپ اسے بعد میں اپنی سہولت کے مطابق مکمل کر سکتے ہیں۔ تاہم، گاؤں کو اس وقت تک تفویض نہیں کیا جائے گا جب تک کہ آپ 'مکمل کریں' پر کلک نہیں کرتے۔
YOUTHNET_USERS_AND_VILLAGES,,NO_DATA_FOUND,No data found,कोणताही डेटा सापडला नाही,कोई डेटा नहीं मिला,କୌଣସି ତଥ୍ୟ ମିଳିଲା ନାହି,డేటా కనుగొనబడలేదు,ಯಾವುದೇ ಡೇಟಾ ಕಂಡುಬಂದಿಲ್ಲ,தகவல் எதுவும் கிடைக்கவில்லை,કોઈ ડેટા મળ્યો નથી,کوئی ڈیٹا موجود نہیں ہے
YOUTHNET_USERS_AND_VILLAGES,,VILLAGE,Village,गाव,गांव,ଗାଁ,గ్రామం,ಗ್ರಾಮ,கிராமம்,ગામ,گاؤں
YOUTHNET_USERS_AND_VILLAGES,,BLOCK,Block,ब्लॉक,ब्लॉक,ବ୍ଲକ,బ్లాక్,ಬ್ಲಾಕ್,வட்டம்,બ્લોક,بلاک
YOUTHNET_USERS_AND_VILLAGES,,VILLAGES,Villages,गावे,गांव,ଗାଁ,గ్రామాలు,ಗ್ರಾಮಗಳು,கிராமங்கள்,ગામો,گاؤں
YOUTHNET_USERS_AND_VILLAGES,,BLOCKS,Blocks,ब्लॉक्स,ब्लॉक,ବ୍ଲକ୍‌ଗୁଡ଼ିକ,బ్లాక్‌లు,ಬ್ಲಾಕ್‌ಗಳು,வட்டங்கள்,બ્લોક્સ,بلاکس
YOUTHNET_USERS_AND_VILLAGES,,DISTRICT,District,जिल्हा,जिला,ଜିଲ୍ଲା,జిల్లా,ಜಿಲ್ಲೆ,மாவட்டம்,જિલ્લો,ضلع
YOUTHNET_USERS_AND_VILLAGES,,DISTRICTS,Districts,जिल्हे,जिले,ଜିଲ୍ଲାଗୁଡ଼ିକ,జిల్లాలు,ಜಿಲ್ಲೆಗಳು,மாவட்டங்கள்,જિલ્લાઓ,اضلاع
YOUTHNET_USERS_AND_VILLAGES,,STATE,State,राज्य,राज्य,ରାଜ୍ୟ,రాష్ట్రం,ರಾಜ್ಯ,மாநிலம்,રાજ્ય,ریاست
YOUTHNET_USERS_AND_VILLAGES,,PLEASE_GO_BACK_MSG,Please go back after selection to proceed further,निवडीनंतर पुढे जाण्यासाठी कृपया मागे जा.,चयन करने के बाद आगे बढ़ने के लिए कृपया वापस जाएं।,ଆଗକୁ ବଢ଼ିବା ପାଇଁ ଦୟାକରି ଚୟନ ପରେ ପଛକୁ ଫେରନ୍ତୁ।,ఎంపిక తర్వాత తదుపరి కొనసాగడానికి దయచేసి వెనక్కి వెళ్లండి,ಆಯ್ಕೆಯ ನಂತರ ಮುಂದುವರಿಯಲು ದಯವಿಟ್ಟು ಹಿಂತಿರುಗಿ.,தேர்வு செய்த பிறகு திரும்பி செல்லவும்,આગળ વધવા માટે કૃપા કરીને પસંદગી પછી પાછા જાઓ.,مزید آگے بڑھنے کے لیے براہ کرم انتخاب کے بعد واپس جائیں۔
YOUTHNET_CAMP_DETAILS,,SUBMISSION,Submission,सबमिशन,जमा करना,ଦାଖଲ,సమర్పణలు,ಸಲ್ಲಿಕೆ,சமர்ப்பிப்பு,સબમિશન,سبمیشنس
YOUTHNET_CAMP_DETAILS,,SUMMARY,Summary,सारांश,सारांश,ସାରାଂଶ,సారాంశం,ಸಾರಾಂಶ,சுருக்கம்,સારાંશ,خلاصہ
SURVEYS,,SURVEYS,Surveys,सर्वेक्षण,सर्वेक्षण,ସର୍ଭେ,సర్వేలు,ಸರ್ವೇಗಳು ,சர்வேக்கள்,સર્વેક્ષણ,سروے
SURVEYS,,ACTIVE_SURVEYS,Active Surveys,सक्रिय सर्वेक्षण,सक्रिय सर्वेक्षण,ସକ୍ରିୟ ସର୍ଭେ,క్రియాశీల సర్వేలు,ಸಕ್ರಿಯ ಸರ್ವೇಗಳು ,செயலில் உள்ள சர்வேக்கள்,સક્રિય સર્વેક્ષણ,فعال سروے
SURVEYS,,PREVIOUS_SURVEYS,Previous Surveys,मागील सर्वेक्षण,पिछले सर्वेक्षण,ପୂର୍ବବର୍ତ୍ତୀ ସର୍ଭେ,మునుపటి సర్వేలు,ಹಿಂದಿನ ಸರ್ವೇಗಳು ,முந்தைய சர்வேக்கள்,પાછલા સર્વેક્ષણ,پچھلے سروے
SURVEYS,,VILLAGES,Villages,गावे,गांव,ଗାଁ,గ్రామాలు,ಗ್ರಾಮಗಳು,கிராமங்கள்,ગામો,گاؤں
SURVEYS,,SUBMISSION,Submissions,सबमिशन्स,सबमिशन,ଦାଖଲ,సమర్పణలు,ಸಲ್ಲಿಕೆ,சமர்ப்பிப்பு,સબમિશન,سبمیشنس
SURVEYS,,SUMMARY,Summary,सारांश,सारांश,ସାରାଂଶ,సారాంశం,ಸಾರಾಂಶ,சுருக்கம்,સારાંશ,خلاصہ
MENTOR,,MENTOR_CREATED_SUCCESSFULLY,"The mentor account has been created successfully, and the credentials have been sent",मेंटॉर खाते यशस्वीरित्या तयार झाले आहे आणि क्रेडेन्शियल्स पाठवण्यात आले आहेत,मेंटोर खाता सफलतापूर्वक बनाया गया है और क्रेडेंशियल भेजे गए हैं,"ପରାମର୍ଶଦାତା ଆକାଉଣ୍ଟ ସଫଳତାର ସହ ତିଆରି କରାଯାଇଛି, ଏବଂ ପ୍ରମାଣପତ୍ର ପଠାଯାଇଛି।",మెంటర్ విజయవంతంగా సృష్టించబడింది!,ಮೆಂಟರ್ ಯಶಸ್ವಿಯಾಗಿ ರಚಿಸಲಾಗಿದೆ!,வழிகாட்டி வெற்றிகரமாக உருவாக்கப்பட்டது!,માર્ગદર્શક સફળતાપૂર્વક બનાવવામાં આવ્યો છે!,سرپرست اکاؤنٹ کامیابی کے ساتھ بنایا گیا ہے، اور اسناد بھیج دی گئی ہیں۔
MENTOR,,MENTOR_CREATED,The mentor account has been created successfully,मेंटॉर खाते यशस्वीरित्या तयार झाले,मेंटोर खाता सफलतापूर्वक बनाया गया है,ପରାମର୍ଶଦାତା ଆକାଉଣ୍ଟ ସଫଳତାର ସହ ତିଆରି କରାଯାଇଛି।,మెంటర్ ఖాతా విజయవంతంగా సృష్టించబడింది,ಮೆಂಟರ್ ಖಾತೆ ಯಶಸ್ವಿಯಾಗಿ ರಚಿಸಲಾಗಿದೆ,வழிகாட்டி கணக்கு வெற்றிகரமாக உருவாக்கப்பட்டது,માર્ગદર્શક ખાતું સફળતાપૂર્વક બનાવવામાં આવ્યું છે.,مینٹر کا اکاؤنٹ کامیابی کے ساتھ بنا دیا گیا ہے۔
MENTOR,,MENTOR_CREATED_FAILED,Failed to create mentor account,मेंटॉर खाते तयार करण्यात अयशस्वी,मेंटोर खाता बनाने में विफल,ପରାମର୍ଶଦାତା ଆକାଉଣ୍ଟ ତିଆରି କରିବାରେ ବିଫଳ ହେଲା,మెంటర్ ఖాతాను సృష్టించడంలో విఫలమయ్యారు,ಮೆಂಟರ್ ಖಾತೆ ರಚಿಸಲು ಸಾಧ್ಯವಾಗುತ್ತಿಲ್ಲ,வழிகாட்டி கணக்கை உருவாக்க முடியவில்லை,માર્ગદર્શક ખાતું બનાવવામાં નિષ્ફળ ગયા,مینٹر کا اکاؤنٹ بنانے میں ناکام
MENTOR,,FINISH_ASSIGN,Finish & Assign,पूर्ण करा आणि नियुक्त करा,पूरा करें और असाइन करें,ସମାପ୍ତ କରନ୍ତୁ ଏବଂ ନିୟୁକ୍ତ କରନ୍ତୁ,ముగించు & కేటాయించు,ಮುಗಿಸಿ ಮತ್ತು ನಿಯೋಜಿಸಿ,முடித்து ஒதுக்கவும்,સમાપ્ત કરો અને નિયુક્ત કરો,ختم کریں اور تفویض کریں۔
MENTOR,,VILLAGES_SELECTED,villages selected,निवडलेली गावे,गांव चुने गए,ଚୟନ କରାଯାଇଥିବା ଗ୍ରାମଗୁଡ଼ିକ,ఎంపిక చేయబడిన గ్రామాలు,ಆಯ್ಕೆಯಾದ ಗ್ರಾಮಗಳು,தேர்ந்தெடுக்கப்பட்ட கிராமங்கள்,પસંદ કરાયેલા ગામો,گاؤں کا انتخاب
MENTOR,,DISTRICTS,Districts,जिल्हे,जिले,ଜିଲ୍ଲାଗୁଡ଼ିକ,జిల్లాలు,ಜಿಲ್ಲೆಗಳು,மாவட்டங்கள்,જિલ્લાઓ,اضلاع
MENTOR,,ASSIGN_VILLAGES_FINISH,"You can complete this later at your own pace. However, the villages will only be assigned once you click on ‘Finish.’","आपण हे नंतर आपल्या वेळेनुसार पूर्ण करू शकता. मात्र, ‘पूर्ण करा’ क्लिक केल्यानंतरच गावे नियुक्त केली जातील","आप इसे अपनी सुविधा अनुसार बाद में पूरा कर सकते हैं। हालांकि, गांव तब तक असाइन नहीं होंगे जब तक आप 'पूरा करें' पर क्लिक नहीं करते।","ଆପଣ ଏହାକୁ ପରେ ନିଜ ଗତିରେ ସମାପ୍ତ କରିପାରିବେ। ତଥାପି, 'ସମାପ୍ତ' ଉପରେ କ୍ଲିକ୍ କରିବା ପରେ ହିଁ ଗ୍ରାମଗୁଡ଼ିକୁ ନ୍ୟସ୍ତ କରାଯିବ।","మీరు దీన్ని తర్వాత మీకు అనుకూలమైన వేగంతో పూర్తి చేసుకోవచ్చు. అయితే, మీరు ‘ముగించు’పై క్లిక్ చేసిన తర్వాత మాత్రమే గ్రామాలు కేటాయించబడతాయి.","ನೀವು ಇದನ್ನು ನಂತರ ನಿಮ್ಮ ಸ್ವಂತ ವೇಗದಲ್ಲಿ ಪೂರ್ಣಗೊಳಿಸಬಹುದು. ಆದಾಗ್ಯೂ, ನೀವು 'ಮುಕ್ತಾಯ' ಕ್ಲಿಕ್ ಮಾಡಿದ ನಂತರವೇ ಗ್ರಾಮಗಳನ್ನು ನಿಯೋಜಿಸಲಾಗುತ್ತದೆ.","நீங்கள் இதை பின்னர் உங்கள் வசதிக்கேற்ப முடிக்கலாம். இருப்பினும், நீங்கள் ‘முடிக்கவும்’ என்பதைக் கிளிக் செய்த பின்னரே கிராமங்கள் ஒதுக்கப்படும்.",તમે આ પછી તમારા સમયે પૂર્ણ કરી શકો છો. પરંતુ ‘Finish’ પર ક્લિક કર્યા પછી જ ગામો ફાળવવામાં આવશે,آپ اسے بعد میں اپنی سہولت کے مطابق مکمل کر سکتے ہیں۔ تاہم، گاؤں کو اس وقت تک تفویض نہیں کیا جائے گا جب تک کہ آپ 'مکمل کریں' پر کلک نہیں کرتے۔
MENTOR,,ASSIGN_VILLAGES_FROM_BLOCKS,Assign Villages from Blocks,ब्लॉक्समधून गावे नियुक्त करा,ब्लॉकों से गांव असाइन करें,ବ୍ଲକଗୁଡ଼ିକରୁ ଗ୍ରାମ ନ୍ୟସ୍ତ କରନ୍ତୁ,బ్లాక్‌ల నుండి గ్రామాలను కేటాయించండి,ಬ್ಲಾಕ್‌ಗಳಿಂದ ಗ್ರಾಮಗಳನ್ನು ನಿಯೋಜಿಸಿ,வட்டங்களிலிருந்து கிராமங்களை ஒதுக்கவும்,બ્લોકમાથી ગામડા અસાઇન કરો ,بلاکس سے گاؤں تفویض کریں۔
MENTOR,,BACK_TO_FORM,Back to form,फॉर्मवर परत जा,फॉर्म पर वापस जाएं,ଫର୍ମକୁ ଫେରନ୍ତୁ,ఫారమ్‌కు తిరిగి వెళ్లండి,ಫಾರ್ಮ್‌ಗೆ ಹಿಂತಿರುಗಿ,படிவத்திற்கு திரும்பு,ફોર્મ પર પાછા જાઓ,فارم پر واپس جائیں۔
MENTOR,,SELECTED_VILLAGE_COUNT,Selected village count : {{totalVillageCount}},निवडलेली गावे : {{totalVillageCount}},चयनित गांवों की संख्या: {{totalVillageCount}},ଚୟନିତ ଗ୍ରାମ ସଂଖ୍ୟା : {{totalVillageCount}},ఎంచుకున్న గ్రామాల సంఖ్య : {{totalVillageCount}},ಆಯ್ಕೆ ಮಾಡಲಾದ ಹಳ್ಳಿಗಳ ಸಂಖ್ಯೆ: {{totalVillageCount}},தேர்ந்தெடுக்கப்பட்ட கிராமங்களின் எண்ணிக்கை : {{totalVillageCount}},પસંદ કરેલા ગામોની સંખ્યા : {{totalVillageCount}},منتخب گاؤں کی تعداد : {{totalVillageCount}}
MENTOR,,RE_ASSIGN_VILLAGES,Re-assign Villages,गावे पुन्हा नियुक्त करा,गांवों को पुनः आवंटित करें,ଗ୍ରାମଗୁଡ଼ିକୁ ପୁନଃନିଯୁକ୍ତ କରନ୍ତୁ,గ్రామాలను తిరిగి కేటాయించండి,ಗ್ರಾಮಗಳನ್ನು ಮರು ನಿಯೋಜಿಸಿ,கிராமங்களை மறு ஒதுக்கீடு செய்யவும்,ગામ ફરીથી અસાઇન કરો,گاؤں دوبارہ تفویض کریں۔
MENTORS,,NEW_MENTOR,New Mentor,नवीन मार्गदर्शक,नया मेंटर,ନୂତନ ପରାମର୍ଶଦାତା,కొత్త గురువు,ಹೊಸ ಮೆಂಟರ್,புதிய வழிகாட்டி,નવા માર્ગદર્શક,نیا مینٹر
MENTORS,,FIRST_SELECT_REQUIRED_FIELDS,First select required fields,प्रथम आवश्यक फील्ड निवडा,सबसे पहले आवश्यक फ़ील्ड चुनें,ପ୍ରଥମେ ଆବଶ୍ୟକୀୟ କ୍ଷେତ୍ରଗୁଡ଼ିକୁ ଚୟନ କରନ୍ତୁ,ముందుగా అవసరమైన ఫీల్డ్‌లను ఎంచుకోండి,ಮೊದಲು ಅಗತ್ಯ ಫೀಲ್ಡ್‌ಗಳನ್ನು ಆಯ್ಕೆ ಮಾಡಿ,முதலில் தேவையான விவரங்களை தேர்வு செய்யவும்,પહેલા જરૂરી ક્ષેત્રો પસંદ કરો,پہلے مطلوبہ فیلڈز منتخب کریں۔
MENTORS,,MENTOR_CREATED_SUCCESSFULLY,Mentor has been successfully created!,मेंटर यशस्वीरित्या तयार झाला आहे!,मेंटर सफलतापूर्वक बनाया गया है!,ମେଣ୍ଟର ସଫଳତାର ସହ ସୃଷ୍ଟି ହୋଇଛି!,మెంటర్ విజయవంతంగా సృష్టించబడింది!,ಮೆಂಟರ್ ಯಶಸ್ವಿಯಾಗಿ ರಚಿಸಲಾಗಿದೆ!,வழிகாட்டி வெற்றிகரமாக உருவாக்கப்பட்டது!,માર્ગદર્શક સફળતાપૂર્વક બનાવવામાં આવ્યો છે!,مینٹر کامیابی کے ساتھ بنایا گیا ہے!
MENTORS,,USER_CREDENTIALS_WILL_BE_SEND_SOON,"Mentor is created, credentials will be sent soon",वापरकर्त्याचे क्रेडेन्शियल्स लवकरच पाठवले जातील,उपयोगकर्ता को क्रेडेंशियल्स जल्द ही भेजे जाएंगे,ଉପଯୋଗକାରୀ ଆଇଡି ଶୀଘ୍ର ମେଳିବ,వినియోగదారు ఆధారాలు త్వరలో పంపబడతాయి,ಯೂಸರ್ ಮಾನ್ಯತೆಗಳನ್ನು ಶೀಘ್ರದಲ್ಲೇ ಕಳುಹಿಸಲಾಗುತ್ತದೆ,பயனர் உள்நுழைவு விவரங்கள் விரைவில் அனுப்பப்படும்,વપરાશકર્તાના ઓળખની વિગતો ટૂંક સમયમાં મોકલવામાં આવશે,مینٹر بنا دیا گیا ہے، اسناد جلد بھیج دی جائیں گی۔
MENTORS,,MENTOR_UPDATED_SUCCESSFULLY,Mentor has been successfully updated!,मेंटर यशस्वीरित्या अपडेट केले गेले आहे!,मेंटर सफलतापूर्वक अपडेट हो गया है!,ମେଣ୍ଟରଙ୍କୁ ସଫଳତାର ସହ ଅପଡେଟ୍ କରାଯାଇଛି!,మెంటర్ విజయవంతంగా అప్‌డేట్ చేయబడింది!,ಮೆಂಟರ್ ಯಶಸ್ವಿಯಾಗಿ ರಚಿಸಲಾಗಿದೆ!,வழிகாட்டி வெற்றிகரமாகப் புதுப்பிக்கப்பட்டார்!,માર્ગદર્શક સફળતાપૂર્વક અપડેટ કરવામાં આવ્યા ,مینٹر کو کامیابی کے ساتھ اپ ڈیٹ کر دیا گیا ہے!
MENTORS,,EDIT_MENTOR,Edit Mentor,मार्गदर्शक संपादित करा,मेंटर संपादित करें,ପରାମର୍ଶଦାତା ସମ୍ପାଦନ କରନ୍ତୁ,ఎడిట్ మెంటర్,ಎಡಿಟ್ ಮೆಂಟರ್,திருத்து வழிகாட்டி,માર્ગદર્શક ઉમેરો ,مینٹر میں ترمیم کریں۔
MENTORS,,NOT_ABLE_UPDATE_MENTOR,Not able to update mentor,मार्गदर्शक अपडेट करू शकत नाही.,मेंटर को अपडेट करने में असमर्थ,ପରାମର୍ଶଦାତାଙ୍କୁ ଅପଡେଟ୍ କରିପାରିଲେ ନାହିଁ,మెంటర్‌ను అప్‌డేట్ చేయలేకపోతున్నాను,ಮೆಂಟರ್ ಅಪ್‌ಡೇಟ್ ಮಾಡಲು ಆಗುತ್ತಿಲ್ಲ,வழிகாட்டியைப் புதுப்பிக்க முடியவில்லை,માર્ગદર્શકને અપડેટ કરી શક્યા નથી,مینٹر کو اپ ڈیٹ کرنے سے قاصر
MENTORS,,NOT_ABLE_CREATE_MENTOR,Not able to create mentor,मार्गदर्शक तयार करण्यास सक्षम नाही.,मेंटर बनाने में असमर्थ,ପରାମର୍ଶଦାତା ସୃଷ୍ଟି କରିପାରିଲେ ନାହିଁ,మెంటర్‌ను సృష్టించలేకపోతున్నాను,ಮೆಂಟರ್ ಖಾತೆ ರಚಿಸಲು ಆಗುತ್ತಿಲ್ಲ,வழிகாட்டியை உருவாக்க முடியவில்லை,માર્ગદર્શક બનાવવામાં અસમર્થ,سرپرست بنانے  سے قاصر
MENTORS,,UPDATE_MENTOR,Update Mentor,मार्गदर्शक अद्यतनित करा,मेंटर को अपडेट करें,ପରାମର୍ଶଦାତାଙ୍କୁ ଅପଡେଟ୍ କରନ୍ତୁ,మెంటర్‌ను అప్‌డేట్ చేయండి,ಅಪ್‌ಡೇಟ್ ಮೆಂಟರ್ ,புதுப்பிப்பு வழிகாட்டி,માર્ગદર્શક અપડેટ કરો ,مینٹر کو اپ ڈیٹ کریں۔
MENTORS,,RE_ASSIGN_MENTOR,Re-assign Mentor,मेंटर पुन्हा नियुक्त करा,मेंटर को पुनः नियुक्त करें,ମେଣ୍ଟରଙ୍କୁ ପୁନଃନିଯୁକ୍ତ କରନ୍ତୁ,మెంటర్‌ను తిరిగి నియమించండి,ಮೆಂಟರ್ ಪುನಃ ನಿಯೋಜಿಸಿ,வழிகாட்டியை மீண்டும் நியமிக்கவும்,માર્ગદર્શકને ફરીથી સોંપો,مینٹر کو دوبارہ تفویض کریں
MENTORS,,MENTOR_DELETED_SUCCESSFULLY,Mentor deleted successfully,मेंटर यशस्वीरित्या हटवला गेला,मेंटर सफलतापूर्वक हटा दिया गया,ମେଣ୍ଟରକୁ ସଫଳତାର ସହ ଡିଲିଟ୍ କରାଯାଇଛି,మెంటర్ విజయవంతంగా తొలగించబడింది,ಮೆಂಟರ್ ಯಶಸ್ವಿಯಾಗಿ ಡಿಲೀಟ್ ಮಾಡಲಾಗಿದೆ,வழிகாட்டி வெற்றிகரமாக நீக்கப்பட்டார்,માર્ગદર્શક સફળતાપૂર્વક કાઢી નાખ્યો,مینٹر کو کامیابی سے ہٹا دیا گیا۔
MENTORS,,MENTOR_DELETE_FAIL,Failed to delete mentor,मार्गदर्शक हटवता आला नाही,मेंटर को हटाने में विफल,ପରାମର୍ଶଦାତାଙ୍କୁ ଡିଲିଟ୍ କରିବାରେ ବିଫଳ ହୋଇଛି,మెంటర్‌ను తొలగించడంలో విఫలమయ్యాను,ಮೆಂಟರ್ ಡಿಲೀಟ್ ಮಾಡಲು ಸಾಧ್ಯವಾಗುತ್ತಿಲ್ಲ,வழிகாட்டியை நீக்க முடியவில்லை,માર્ગદર્શક ડિલીટ કરવામાં નિષ્ફળ ,مینٹر کو ہٹانے  میں ناکام
AI,,ASSESSMENT_DETAILS,Assessment Details,मूल्यमापन तपशील,मूल्यांकन विवरण,ମୂଲ୍ୟାଙ୍କନ ବିବରଣୀ,మూల్యాంకన వివరాలు,ಮೌಲ್ಯಮಾಪನ ವಿವರಗಳು,மதிப்பீட்டு விவரங்கள்,મૂલ્યાંકન વિગતો,تشخیص کی تفصیلات
AI,,SAMPLE_QUESTION_AND_ANSWER_PAPER,Sample Answer Sheet,नमुना प्रश्न आणि उत्तरपत्रिका,नमूना प्रश्न और उत्तर पत्र,ନମୁନା ପ୍ରଶ୍ନ ଏବଂ ଉତ୍ତର ପତ୍ର,నమూనా ప్రశ్న మరియు సమాధాన పత్రం,ಮಾದರಿ ಪ್ರಶ್ನೆ ಮತ್ತು ಉತ್ತರ ಪತ್ರಿಕೆ,மாதிரி கேள்வி மற்றும் பதில் தாள்,નમૂના પ્રશ્ન અને જવાબ પત્ર,نمونہ جوابی شیٹ
AI,,DOWNLOAD_QUESTION_PAPER,Download Question Paper,प्रश्नपत्रिका डाउनलोड करा,प्रश्न पत्र डाउनलोड करें,ପ୍ରଶ୍ନପତ୍ର ଡାଉନଲୋଡ୍ କରନ୍ତୁ,ప్రశ్నపత్రాన్ని డౌన్‌లోడ్ చేసుకోండి,ಪ್ರಶ್ನೆ ಪತ್ರಿಕೆ ಡೌನ್‌ಲೋಡ್ ಮಾಡಿ,வினாத்தாளைப் பதிவிறக்கவும்,પ્રશ્નપત્ર ડાઉનલોડ કરો,سوالیہ پرچہ ڈاؤن لوڈ کریں۔
AI,,SEARCH_LEARNER,Search Learner..,शिकणारा शोधा..,शिक्षार्थी खोजें..,ଶିକ୍ଷାର୍ଥୀକୁ ଖୋଜନ୍ତୁ..,విద్యార్థిని శోధించండి..,ಲರ್ನರ್  ಹುಡುಕಿ..,மாணவரை தேடுங்கள்..,શીખનાર શોધો..,لرنر کو تلاش کریں..
AI,,TOTAL_LEARNERS,{{count}} of {{total}} Learners,एकूण विद्यार्थी,कुल लर्नर,ସମୁଦାୟ ଶିକ୍ଷାର୍ଥୀ,మొత్తం అభ్యాసకులు,ಒಟ್ಟು ಕಲಿಯುವವರು,மொத்த மாணவர்கள்,કુલ લર્નર્સ,{{total}} لرنرس میں سے {{count}}
AI,,SORT_AND_FILTER_LEARNERS,Sort & Filter Learners,शिकणारे क्रमबद्ध करा आणि फिल्टर करा,शिक्षार्थियों को क्रमबद्ध और फ़िल्टर करें,ଶିକ୍ଷାର୍ଥୀଙ୍କୁ ବିଭାଜନ ଏବଂ ଫିଲ୍ଟର କରନ୍ତୁ,విద్యార్థులను క్రమబద్ధీకరించి ఫిల్టర్ చేయండి,ಲರ್ನರ್ ವಿಂಗಡಿಸಿ ಮತ್ತು ಫಿಲ್ಟರ್ ಮಾಡಿ,மாணவர்களை வரிசைப்படுத்தி வடிகட்டு,શીખનારને ગોઠવો અને ફિલ્ટર કરો,لرنرس کو ترتیب دیں اور فلٹر کریں۔
AI,,FILTER_BY_STATUS,Filter by Status,स्थितीनुसार फिल्टर करा,स्थिति के अनुसार फ़िल्टर करें,ସ୍ଥିତି ଅନୁସାରେ ଫିଲ୍ଟର,స్థితి ప్రకారం ఫిల్టర్ చేయండి,ಸ್ಥಿತಿಯ ಪ್ರಕಾರ ಫಿಲ್ಟರ್ ಮಾಡಿ,நிலையைப் பொறுத்து வடிகட்டு,સ્થિતિ પ્રમાણે ફિલ્ટર કરો,اسٹیٹس کے لحاظ سے فلٹر کریں۔
AI,,ALL_LEARNERS,All Learners,सर्व शिकणारे,सभी शिक्षार्थी,ସମସ୍ତ ଶିକ୍ଷାର୍ଥୀ,అన్ని విద్యార్థులు,ಎಲ್ಲಾ ಲರ್ನರ್ ಗಳು ,அனைத்து மாணவர்கள்,બધા શીખનાર,تمام لیرنر
AI,,SORT_BY_NAME,Sort by Name,नावानुसार क्रमबद्ध करा,नाम के अनुसार क्रमबद्ध करें,ନାମ ଅନୁସାରେ ବିଭାଜନ,పేరు ప్రకారం క్రమబద్ధీకరించండి,ಹೆಸರಿನ ಪ್ರಕಾರ ವಿಂಗಡಿಸಿ,பெயரின்படி வரிசைப்படுத்து,નામ પ્રમાણે ગોઠવો,نام سے ترتیب دیں۔
AI,,SORT_BY_SCORE,Sort by Score,गुणांनुसार क्रमबद्ध करा,अंक के अनुसार क्रमबद्ध करें,ଅଂକ ଅନୁସାରେ ବିଭାଜନ,స్కోర్ ప్రకారం క్రమబద్ధీకరించండి,ಅಂಕಗಳ ಪ್ರಕಾರ ವಿಂಗಡಿಸಿ,மதிப்பெணின்படி வரிசைப்படுத்து,સ્કોર પ્રમાણે ગોઠવો,اسکور کے لحاظ سے ترتیب دیں۔
AI,,NAME_A_TO_Z,Name (A to Z),नाव (A ते Z),नाम (A से Z),ନାମ (A ରୁ Z),పేరు (A నుండి Z వరకు),ಹೆಸರು (A ರಿಂದ Z),பெயர் (A முதல் Z வரை),નામ (A થી Z),نام (A سے Z)
AI,,NAME_Z_TO_A,Name (Z to A),नाव (Z ते A),नाम (Z से A),ନାମ (Z ରୁ A),పేరు (Z నుండి A వరకు),ಹೆಸರು (Z ರಿಂದ A),பெயர் (Z முதல் A வரை),નામ (Z થી A),نام (Z سے A)
AI,,SCORE_HIGH_TO_LOW,Score (High to Low),गुण (जास्त ते कमी),अंक (उच्च से निम्न),ଅଂକ (ଉଚ୍ଚରୁ ନିମ୍ନ),స్కోర్ (అధిక నుండి తక్కువ వరకు),ಅಂಕಗಳು (ಹೆಚ್ಚಿನಿಂದ ಕಡಿಮೆ),மதிப்பெண் (உயர்ந்தது முதல் குறைந்தது வரை),સ્કોર (ઉંચાથી નીચું),اسکور (زیادہ سے کم)
AI,,SCORE_LOW_TO_HIGH,Score (Low to High),गुण (कमी ते जास्त),अंक (निम्न से उच्च),ଅଂକ (ନିମ୍ନରୁ ଉଚ୍ଚ),స్కోర్ (తక్కువ నుండి అధిక వరకు),ಅಂಕಗಳು (ಕಡಿಮೆಯಿಂದ ಹೆಚ್ಚು),மதிப்பெண் (குறைந்தது முதல் உயர்ந்தது வரை),સ્કોર (નીચાથી ઉંચું),اسکور (کم سے زیادہ)
AI,,NAME_A_TO_Z_DETAILED,Name (A to Z),नाव (A ते Z),नाम (A से Z),ନାମ (A ରୁ Z),పేరు (A నుండి Z వరకు),ಹೆಸರು (A ರಿಂದ Z),பெயர் (A முதல் Z வரை),નામ (A થી Z),نام (A سے Z)
AI,,NAME_Z_TO_A_DETAILED,Name (Z to A),नाव (Z ते A),नाम (Z से A),ନାମ (Z ରୁ A),పేరు (Z నుండి A వరకు),ಹೆಸರು (Z ರಿಂದ A),பெயர் (Z முதல் A வரை),નામ (Z થી A),نام (Z سے A)
AI,,SCORE_HIGH_TO_LOW_DETAILED,Score (High to Low),गुण (जास्त ते कमी),अंक (उच्च से निम्न),ଅଂକ (ଉଚ୍ଚରୁ ନିମ୍ନ),స్కోర్ (అధిక నుండి తక్కువ వరకు),ಅಂಕಗಳು (ಹೆಚ್ಚಿನಿಂದ ಕಡಿಮೆ),மதிப்பெண் (உயர்ந்தது முதல் குறைந்தது வரை),સ્કોર (ઉંચાથી નીચું),اسکور (زیادہ سے کم)
AI,,SCORE_LOW_TO_HIGH_DETAILED,Score (Low to High),गुण (कमी ते जास्त),अंक (निम्न से उच्च),ଅଂକ (ନିମ୍ନରୁ ଉଚ୍ଚ),స్కోర్ (తక్కువ నుండి అధిక వరకు),ಅಂಕಗಳು (ಕಡಿಮೆಯಿಂದ ಹೆಚ್ಚು),மதிப்பெண் (குறைந்தது முதல் உயர்ந்தது வரை),સ્કોર (નીચાથી ઉંચું),اسکور (کم سے زیادہ)
AI,,CANCEL,Cancel,रद्द करा,कैंसिल करें,ରଦ୍ଦ କରନ୍ତୁ,రద్దు చేయి,ರದ್ದುಮಾಡಿ,ரத்துசெய்,રદ કરો,منسوخ کریں۔
AI,,APPLY,Apply,लागू करा,अप्लाई करें,ପ୍ରୟୋଗ,దరఖాస్తు చేయండి / వర్తింపజేయండి,ಅನ್ವಯಿಸು,விண்ணப்பி,અરજી કરો,لاگو کریں
AI,,NOT_SUBMITTED,Not Submitted,सादर केले नाही,प्रस्तुत नहीं किया गया,ଦାଖଲ ହୋଇନି,సమర్పించబడలేదు,ಸಲ್ಲಿಸಲಾಗಿಲ್ಲ,சமர்ப்பிக்கப்படவில்லை,સબમિટ નથી કરેલું,AI کےتحت  جانچ
AI,,UNDER_AI_EVALUATION,Under AI Evaluation,एआय मूल्यांकन चालू आहे,एआई मूल्यांकन के अंतर्गत,ଏଆଇ ମୂଲ୍ୟାଙ୍କନ ଚାଲୁଛି,AI మూల్యాంకనలో ఉంది,ಎಐ ಮೌಲ್ಯಮಾಪನದಲ್ಲಿ,AI மதிப்பீட்டில் உள்ளது,AI મૂલ્યાંકન હેઠળ,آپ کی منظوری کے منتظر۔
AI,,AWAITING_YOUR_APPROVAL,Awaiting Your Approval,तुमच्या मंजुरीची प्रतीक्षा आहे,आपकी स्वीकृति की प्रतीक्षा,ଆପଣଙ୍କ ଅନୁମୋଦନ ପାଇଁ ଅପେକ୍ଷା,మీ ఆమోదం కోసం వేచి ఉంది,ನಿಮ್ಮ ಅನುಮೋದನೆಗಾಗಿ ಕಾಯಲಾಗುತ್ತಿದೆ,உங்கள் ஒப்புதலுக்காக காத்திருக்கிறது,તમારી મંજૂરીની રાહમાં,منظور شدہ نشانات
AI,,MARKS_APPROVED,Marks Approved,गुण मंजूर,अंक स्वीकृत,ମାର୍କ ଅନୁମୋଦିତ ହୋଇଛି,మార్కులు ఆమోదించబడ్డాయి,ಅಂಕಗಳನ್ನು ಅನುಮೋದಿಸಲಾಗಿದೆ,மதிப்பெண்கள் அங்கீகரிக்கப்பட்டது,ગુણ મંજૂર,منظور شدہ نشانات: {{score}}/{{maxScore}}
AI,,MARKS_APPROVED_SCORE,Marks approved: {{score}}/{{maxScore}},मंजूर गुण: {{score}}/{{maxScore}},स्वीकृत अंक: {{score}}/{{maxScore}},ଅନୁମୋଦିତ ମାର୍କ : {{score}}/{{maxScore}},ఆమోదించబడిన మార్కులు: {{score}}/{{maxScore}},ಅನುಮೋದಿತ ಅಂಕಗಳು: {{score}}/{{maxScore}},ஒப்புதல் பெற்ற மதிப்பெண்: {{score}}/{{maxScore}},મંજૂર ગુણ: {{score}}/{{maxScore}},منظور شدہ تاریخ: {{date}}
AI,,APPROVED_ON,Approved on: {{date}},मंजूर तारीख: {{date}},स्वीकृत दिनांक: {{date}},ଅନୁମୋଦନ ତାରିଖ: {{date}},ఆమోదించబడిన తేదీ: {{date}},ಅನುಮೋದಿಸಿದ ದಿನಾಂಕ: {{date}},ஒப்புதல் பெற்ற நாள்: {{date}},મંજૂર તારીખ: {{date}},اپ لوڈ کی تاریخ: {{date}}
AI,,UPLOADED_ON,Uploaded on: {{date}},अपलोड तारीख: {{date}},अपलोड दिनांक: {{date}},ଅପଲୋଡ୍ ତାରିଖ: {{date}},అప్‌లోడ్ చేసిన తేదీ: {{date}},ಅಪ್ಲೋಡ್ ದಿನಾಂಕ: {{date}},பதிவேற்றப்பட்ட தேதி: {{date}},અપલોડ તારીખ: {{date}},آپ کی تلاش سے مماثل کوئی لیرنر  نہیں ملا۔
AI,,NO_LEARNERS_FOUND_SEARCH,No learners found matching your search.,तुमच्या शोधाशी जुळणारे शिकणारे सापडले नाहीत.,आपकी खोज से कोई शिक्षार्थी नहीं मिला।,ଆପଣଙ୍କ ସନ୍ଧାନରେ କୌଣସି ଶିକ୍ଷାର୍ଥୀ ମିଳିଲେ ନାହିଁ।,మీ శోధనకు సరిపోయే విద్యార్థులు లభించలేదు,ನಿಮ್ಮ ಹುಡುಕಾಟಕ್ಕೆ ಹೊಂದುವ ಅಧ್ಯಯನಾರ್ಥಿಗಳು ಕಂಡುಬಂದಿಲ್ಲ.,உங்கள் தேடலுக்கு பொருந்தும் மாணவர்கள் இல்லை,તમારા શોધ મુજબ કોઈ શીખનાર મળ્યો નથી., کوئی  لیرنر نہیں ملا
AI,,NO_LEARNERS_FOUND,No learners found,शिकणारे आढळले नाहीत,कोई शिक्षार्थी नहीं मिला,କୌଣସି ଶିକ୍ଷାର୍ଥୀ ମିଳିଲେ ନାହିଁ।,విద్యార్థులు లభించలేదు,ಲರ್ನರ್ ಗಳು ಕಂಡುಬಂದಿಲ್ಲ,மாணவர்கள் கிடைக்கவில்லை,કોઈ શીખનાર મળ્યો નથી,ڈاؤن لوڈ ہو رہا ہے...
AI,,DOWNLOADING,Downloading...,डाउनलोड करत आहे...,डाउनलोड हो रहा है...,ଡାଉନଲୋଡ୍ କରାଯାଉଛି...,డౌన్‌లోడ్ అవుతోంది...,ಡೌನ್‌ಲೋಡ್ ಆಗುತ್ತಿದೆ...,பதிவிறக்கப்படுகிறது...,ડાઉનલોડ થઈ રહ્યું છે...,سوالیہ پرچہ
AI,,QUESTION_PAPER,Question Paper,प्रश्नपत्रिका,प्रश्न पत्र,ପ୍ରଶ୍ନପତ୍ର,ప్రశ్నాపత్రం,ಪ್ರಶ್ನೆ ಪತ್ರಿಕೆ,கேள்வித் தாள்,પ્રશ્ન પત્ર,تشخیص
AI,,ASSESSMENT,Assessment,मूल्यमापन,मूल्यांकन,ମୂଲ୍ୟାଙ୍କନ,మూల్యాంకన,ಮೌಲ್ಯಮಾಪನ,மதிப்பீடு,મૂલ્યાંકન,تشخیص کی تفصیل
AI,,ASSESSMENT_DESCRIPTION,Assessment Description,मूल्यमापन वर्णन,मूल्यांकन विवरण,ମୂଲ୍ୟାଙ୍କନ ବର୍ଣ୍ଣନା,మూల్యాంకన వివరణ,ಮೌಲ್ಯಮಾಪನ ವಿವರಣೆ,மதிப்பீட்டு விளக்கம்,મૂલ્યાંકન વર્ણન,عام طور پر
AI,,GENERAL,General,सामान्य,सामान्य,ସାଧାରଣ,సాధారణ,ಸಾಮಾನ್ಯ,பொது,સામાન્ય,متعین نہیں ہے۔
AI,,NOT_SPECIFIED,Not specified,निर्दिष्ट नाही,निर्दिष्ट नहीं,ଉଲ୍ଲେଖ ହୋଇନି,ప్రస్తావించబడలేదు,ನಿರ್ದಿಷ್ಟಪಡಿಸಲಾಗಿಲ್ಲ,குறிப்பிடப்படவில்லை,નિર્ધારિત નથી,نامعلوم لیرنر
AI,,UNKNOWN_LEARNER,Unknown Learner,अज्ञात शिकणारा,अज्ञात शिक्षार्थी,ଅଜଣା ଶିକ୍ଷାର୍ଥୀ,తెలియని విద్యార్థి,ಅಜ್ಞಾತ ಅಧ್ಯಯನಾರ್ಥಿ,அறியப்படாத மாணவர்,અજાણ્યો શીખનાર,سٹیٹس کے مطابق ترتیب
AI,,SORT_BY_STATUS,Sort by Status,स्थितीनुसार क्रमबद्ध करा,स्थिति के अनुसार क्रमबद्ध करें,ସ୍ଥିତି ଅନୁସାରେ ବିଭାଜନ,స్థితి ప్రకారం క్రమబద్ధీకరించండి,ಸ್ಥಿತಿಯ ಪ್ರಕಾರ ವಿಂಗಡಿಸಿ,நிலையைப் பொறுத்து வரிசைப்படுத்து,સ્થિતિ પ્રમાણે ગોઠવો,{{total}} میں سے {{count}} طلبہ
AI,,LEARNERS_COUNT,{{count}} of {{total}} Learners,{{count}} पैकी {{total}} शिकणारे,{{count}} में से {{total}} शिक्षार्थी,{{count}} / {{total}} ଶିକ୍ଷାର୍ଥୀ,{{count}} / {{total}} విద్యార్థులు,{{count}} / {{total}} ಅಧ್ಯಯನಾರ್ಥಿಗಳು,{{count}} / {{total}} மாணவர்கள்,{{count}} માંથી {{total}} શીખનાર,آپ کی تلاش سے مماثل کوئی لیرنر  نہیں ملا۔
AI,,NO_LEARNERS_FOUND_MATCHING_SEARCH,No learners found matching your search.,तुमच्या शोधाशी जुळणारे शिकणारे सापडले नाहीत.,आपकी खोज से कोई शिक्षार्थी नहीं मिला।,ଆପଣଙ୍କ ସନ୍ଧାନରେ କୌଣସି ଶିକ୍ଷାର୍ଥୀ ମିଳିଲେ ନାହିଁ।,మీ శోధనకు సరిపోయే విద్యార్థులు లభించలేదు,ನಿಮ್ಮ ಹುಡುಕಾಟಕ್ಕೆ ಹೊಂದುವ ಲರ್ನರ್ ಗಳು ಕಂಡುಬಂದಿಲ್ಲ.,உங்கள் தேடலுக்கு பொருந்தும் மாணவர்கள் இல்லை,તમારા શોધ મુજબ કોઈ શીખનાર મળ્યો નથી.,آف لائن  تشخیص
AI,,OFFLINE_ASSESSMENT,Offline Assessment,ऑफलाइन मूल्यमापन,ऑफ़लाइन मूल्यांकन,ଅଫଲାଇନ୍ ମୂଲ୍ୟାଙ୍କନ,ఆఫ్‌లైన్ మూల్యాంకన,ಆಫ್‌ಲೈನ್ ಮೌಲ್ಯಮಾಪನ,ஆஃப்லைன் மதிப்பீடு,ઓફલાઇન મૂલ્યાંકન,اس جائزے میں طویل/مختصر جوابی سوالات شامل ہیں۔ کیا آپ آف لائن سوالیہ پرچہ ڈاؤن لوڈ کرنا چاہیں گے؟
AI,,DOWNLOAD_ASSESSMENT_MESSAGE,This assessment contains Long/Short Answer questions. Would you like to download the offline question paper?,या मूल्यमापनात लांब/लहान उत्तर प्रश्न आहेत. तुम्हाला ऑफलाइन प्रश्नपत्रिका डाउनलोड करायची आहे का?,इस मूल्यांकन में लंबे/संक्षिप्त उत्तर वाले प्रश्न हैं। क्या आप ऑफ़लाइन प्रश्न पत्र डाउनलोड करना चाहेंगे?,ଏହି ମୂଲ୍ୟାଙ୍କନରେ ଲମ୍ବା/ଛୋଟ ଉତ୍ତର ପ୍ରଶ୍ନ ଅଛି। ଆପଣ କି ଅଫଲାଇନ୍ ପ୍ରଶ୍ନପତ୍ର ଡାଉନଲୋଡ୍ କରିବାକୁ ଚାହୁଁଛନ୍ତି?,ఈ మూల్యాంకనలో పొడవైన/చిన్న సమాధాన ప్రశ్నలు ఉన్నాయి. మీరు ఆఫ్‌లైన్ ప్రశ్నాపత్రాన్ని డౌన్‌లోడ్ చేయాలనుకుంటున్నారా?,ಈ ಮೌಲ್ಯಮಾಪನದಲ್ಲಿ ಉದ್ದ/ಸಣ್ಣ ಉತ್ತರದ ಪ್ರಶ್ನೆಗಳಿವೆ. ನೀವು ಆಫ್‌ಲೈನ್ ಪ್ರಶ್ನೆ ಪತ್ರಿಕೆಯನ್ನು ಡೌನ್‌ಲೋಡ್ ಮಾಡಬೇಕೆಂದು ಬಯಸುವಿರಾ?,இந்த மதிப்பீட்டில் நீளமான/குறுகிய பதில் கேள்விகள் உள்ளன. நீங்கள் ஆஃப்லைன் கேள்வித்தாளை பதிவிறக்க விரும்புகிறீர்களா?,આ મૂલ્યાંકનમાં લાંબા/ટૂંકા જવાબના પ્રશ્નો છે. શું તમે ઓફલાઇન પ્રશ્નપત્ર ડાઉનલોડ કરવા માંગો છો?,اندراج کی ID
AI,,ENROLLMENT_ID,Enrollment ID,नोंदणी आयडी,नामांकन आईडी,ନିଭନ୍ଦନ ID,నమోదు ఐడి,ನೋಂದಣಿ ಐಡಿ,சேர்க்கை அடையாள எண்,નોંધણી આઈડી,پ لوڈ کریں۔
AI,,UPLOAD,Upload,अपलोड करा,अपलोड,ଅପଲୋଡ୍,అప్‌లోడ్,ಅಪ್ಲೋಡ್,பதிவேற்று,અપલોડ,ابھی تک کوئی تصویر اپ لوڈ نہیں ہوئی۔
AI,,NO_IMAGES_UPLOADED_YET,No images uploaded yet,अद्याप कोणतीही चित्रे अपलोड केलेली नाहीत,अभी तक कोई चित्र अपलोड नहीं किया गया,ଏପର୍ଯ୍ୟନ୍ତ କୌଣସି ଚିତ୍ର ଅପଲୋଡ୍ କରାଯାଇନାହିଁ।,ఇంకా చిత్రాలు అప్‌లోడ్ చేయబడలేదు,ಇನ್ನೂ ಯಾವುದೇ ಚಿತ್ರಗಳನ್ನು ಅಪ್ಲೋಡ್ ಮಾಡಿಲ್ಲ,இன்னும் படங்கள் பதிவேற்றப்படவில்லை,હજી સુધી કોઈ છબી અપલોડ કરાઈ નથી,براہ کرم شروع کرنے کے لیے تشخیصی تصاویر اپ لوڈ کریں۔
AI,,PLEASE_UPLOAD_ASSESSMENT_IMAGES,Please upload assessment images to begin,कृपया मूल्यमापन चित्रे अपलोड करा,कृपया प्रारंभ करने के लिए मूल्यांकन चित्र अपलोड करें,ଦୟାକରି ମୂଲ୍ୟାଙ୍କନ ଛବିଗୁଡିକ ଅପଲୋଡ୍ କରନ୍ତୁ,దయచేసి మూల్యాంకన చిత్రాలను అప్‌లోడ్ చేయండి,ಮೌಲ್ಯಮಾಪನ ಚಿತ್ರಗಳನ್ನು ಅಪ್ಲೋಡ್ ಮಾಡಿ ಪ್ರಾರಂಭಿಸಿ,தயவுசெய்து மதிப்பீட்டு படங்களை பதிவேற்றவும்,મૂલ્યાંકન છબીઓ અપલોડ કરો જેથી શરૂ કરી શકો,تشخیصی شیٹس
AI,,ASSESSMENT_SHEETS,Assessment Sheets,मूल्यमापन पत्रके,मूल्यांकन शीट्स,ମୂଲ୍ୟାଙ୍କନ ପତ୍ର,మూల్యాంకన షీట్లు,ಮೌಲ್ಯಮಾಪನ ಶೀಟುಗಳು,மதிப்பீட்டு தாள்கள்,મૂલ્યાંકન શીટ્સ,* فارمیٹ: jpg، jpeg. سائز: 5 ایم بی 4 تصاویر تک
AI,,FORMAT_JPG_SIZE_5MB_UP_TO_4_IMAGES,"* Format: jpg, jpeg. Size: 5 MB Up to 4 images","* स्वरूप: jpg, आकार: 5 MB, जास्तीत जास्त 4 चित्रे","* प्रारूप: jpg, आकार: 5 MB अधिकतम 4 चित्र","ଫର୍ମାଟ୍: jpg, jpeg | ଆକାର: ସର୍ବାଧିକ ୫ MB | ସର୍ବାଧିକ ୪ଟି ଚିତ୍ର","* ఫార్మాట్: jpg, పరిమాణం: 5 MB, గరిష్టంగా 4 చిత్రాలు","* ಫಾರ್ಮ್ಯಾಟ್: jpg, ಗಾತ್ರ: 5 MB ಗರಿಷ್ಠ 4 ಚಿತ್ರಗಳು","* வடிவம்: jpg, அளவு: 5 MB, அதிகபட்சம் 4 படங்கள்","* ફોર્મેટ: jpg, કદ: 5 MB સુધી 4 છબીઓ",
AI,,PLACE_PAPER_ON_FLAT_CLEAN_SURFACE,"• Place the piece of paper on a flat, clean surface",• कागद सपाट आणि स्वच्छ पृष्ठभागावर ठेवा,• कागज को समतल और साफ सतह पर रखें,କାଗଜଟିକୁ ଏକ ସମତଳ ଓ ସଫା ସ୍ଥାନରେ ରଖନ୍ତୁ।,"• పేపర్‌ను సమతలమైన, శుభ్రమైన ఉపరితలంపై ఉంచండి",• ಕಾಗದವನ್ನು ಸಮತಟ್ಟಾದ ಸ್ವಚ್ಛ ಮೇಲ್ಮೈ ಮೇಲೆ ಇಡಿ,• தாளை சமமான மற்றும் சுத்தமான மேற்பரப்பில் வைக்கவும்,• કાગળને સમતલ અને સ્વચ્છ સપાટી પર મૂકો,• کاغذ کے ٹکڑے کو چپٹی، صاف سطح پر رکھیں
AI,,HOLD_PHONE_STRAIGHT_ABOVE_PAPER,• Hold the phone straight above the piece of paper,• फोन कागदाच्या थेट वर धरा,• फ़ोन को कागज के ठीक ऊपर सीधा पकड़ें,ଫୋନ୍‌ଟିକୁ କାଗଜର ଉପରେ ସିଧା ରଖି ଧରନ୍ତୁ।,• పేపర్ పైన ఫోన్‌ను నేరుగా పట్టుకోండి,• ಕಾಗದದ ಮೇಲ್ಭಾಗದಲ್ಲಿ ಫೋನ್ ನೇರವಾಗಿ ಹಿಡಿದುಕೊಳ್ಳಿ,• தொலைபேசியை தாளின் மேல் பிடிக்கவும்,• ફોનને કાગળના સીધા ઉપર પકડો,• فون کو کاغذ کے ٹکڑے کے اوپر سیدھا پکڑیں۔
AI,,ENSURE_GOOD_LIGHTING_AVOID_SHADOWS,• Ensure good lighting and avoid shadows or glare,• चांगला प्रकाश मिळवा आणि सावल्या टाळा,• अच्छी रोशनी सुनिश्चित करें और छाया या चमक से बचें,ଭଲ ଆଲୋକ ଥିବା ସୁନିଶ୍ଚିତ କରନ୍ତୁ ଏବଂ ଛାୟା କିମ୍ବା ଅତ୍ୟଧିକ ଆଲୋକର ଚମକରୁ ଦୂରେ ରୁହନ୍ତୁ।,• మంచి లైటింగ్ ఉండేలా చూసి నీడలు లేదా ప్రతిబింబాలను నివారించండి,• ಉತ್ತಮ ಬೆಳಕು ಇರಲಿ ಮತ್ತು ನೆರಳು ಅಥವಾ ಹೊಳಪು ತಪ್ಪಿಸಿ,• நல்ல ஒளியை உறுதி செய்து நிழல்களைத் தவிர்க்கவும்,• સારી લાઇટિંગ રાખો અને છાયા અથવા ચમક ટાળો,• اچھی روشنی کو یقینی بنائیں اور سائے یا چکاچوند سے بچیں۔
AI,,ENSURE_ALL_TEXT_CLEAR_VISIBLE,• Ensure all text is clear and fully visible,• सर्व मजकूर स्पष्ट दिसेल याची खात्री करा,• सुनिश्चित करें कि सभी पाठ स्पष्ट और पूरी तरह दिखाई दे,ସମସ୍ତ ଲେଖା ସ୍ପଷ୍ଟ ଏବଂ ସମ୍ପୂର୍ଣ୍ଣ ଭାବେ ଦୃଶ୍ୟମାନ ଥିବା ସୁନିଶ୍ଚିତ କରନ୍ତୁ,• మొత్తం టెక్స్ట్ స్పష్టంగా కనిపించేలా చూసుకోండి,• ಎಲ್ಲಾ ಪಠ್ಯವು ಸ್ಪಷ್ಟವಾಗಿ ಕಾಣುವಂತೆ ಮಾಡಿ,• அனைத்து எழுத்தும் தெளிவாக காணப்படுவதை உறுதி செய்யவும்,• તમામ લખાણ સ્પષ્ટ અને સંપૂર્ણ રીતે દેખાય તે સુનિશ્ચિત કરો,اس بات کو یقینی بنائیں کہ تمام متن واضح اور مکمل طور پر دکھائی دے رہا ہے۔
AI,,CLICK_IMAGE_AND_UPLOAD_TO_PORTAL,• Click an image and upload to the portal,• प्रतिमा काढा आणि पोर्टलवर अपलोड करा,• चित्र लें और पोर्टल पर अपलोड करें,ଏକ ଫଟୋ ନିଅନ୍ତୁ ଏବଂ ତାହାକୁ ପୋର୍ଟାଲରେ ଅପଲୋଡ୍ କରନ୍ତୁ,• చిత్రాన్ని తీసి పోర్టల్‌లో అప్‌లోడ్ చేయండి,• ಚಿತ್ರವನ್ನು ತೆಗೆದು ಪೋರ್ಟಲ್‌ಗೆ ಅಪ್ಲೋಡ್ ಮಾಡಿ,• படத்தை எடுத்துப் போர்ட்டலில் பதிவேற்றவும்,• ફોટો લો અને પોર્ટલ પર અપલોડ કરો,• تصویر پر کلک کریں اور پورٹل پر اپ لوڈ کریں۔
AI,,IF_ANSWER_SHEET_MULTIPLE_PAGES,"• If the answer sheet has multiple pages, take a picture of each page separately and upload","• उत्तरपत्रिकेत अनेक पाने असल्यास, प्रत्येक पान स्वतंत्रपणे काढा आणि अपलोड करा","• यदि उत्तर शीट में कई पृष्ठ हैं, तो प्रत्येक पृष्ठ का अलग से फोटो लें और अपलोड करें","ଯଦି ଉତ୍ତରପତ୍ରରେ ଏକାଧିକ ପୃଷ୍ଠା ଥାଏ, ତେବେ ପ୍ରତ୍ୟେକ ପୃଷ୍ଠାର ଅଲଗା ଅଲଗା ଫଟୋ ନିଅନ୍ତୁ ଏବଂ ଅପଲୋଡ୍ କରନ୍ତୁ।","• సమాధాన షీట్‌లో బహుళ పేజీలు ఉంటే, ప్రతి పేజీని విడిగా చిత్రీకరించి అప్‌లోడ్ చేయండి","• ಉತ್ತರ ಶೀಟಿನಲ್ಲಿ ಅನೇಕ ಪುಟಗಳಿದ್ದರೆ, ಪ್ರತಿ ಪುಟವನ್ನು ಪ್ರತ್ಯೇಕವಾಗಿ ಫೋಟೋ ತೆಗೆದು ಅಪ್ಲೋಡ್ ಮಾಡಿ","• பதில் தாளில் பல பக்கங்கள் இருந்தால், ஒவ்வொரு பக்கத்தையும் தனியாக எடுத்து பதிவேற்றவும்","• જો ઉત્તરવહી (જવાબ વહી) માં એક કરતાં વધુ પાના હોય, તો દરેક પાનાનો અલગ ફોટો પાડીને અપલોડ કરો.
",• اگر جوابی شیٹ میں متعدد صفحات ہیں، تو ہر صفحے کی الگ تصویر لیں اور اپ لوڈ کریں۔
AI,,READ_LESS,Read Less,कमी वाचा,कम पढ़ें,କମ୍ ପଢନ୍ତୁ,తక్కువగా చదవండి,ಕಡಿಮೆ ಓದಿ,குறைவாக படிக்கவும்,ઓછું વાંચો,کم پڑھیں
AI,,READ_MORE,Read More,अधिक वाचा,अधिक पढ़ें,ଅଧିକ ପଢନ୍ତୁ,మరింత చదవండి,ಇನ್ನಷ್ಟು ಓದಿ,மேலும் படிக்கவும்,વધુ વાંચો,مزید پڑھیں
ASSESSMENTS,,ASSESSMENTS,Assessments,मूल्यांकन,मूल्यांकन,ମୂଲ୍ୟାଙ୍କନ,మదింపులు (అసెస్మెంట్లు),ಮೌಲ್ಯಮಾಪನಗಳು,மதிப்பீடுகள்,અસેસમેન્ટસ,تشخیصات
ASSESSMENTS,,AI_ASSESSMENT,AI Assessment,एआय मूल्यांकन,एआई मूल्यांकन,AI ମୂଲ୍ୟାଙ୍କନ,AI మదింపు,ಎಐ ಮೌಲ್ಯಮಾಪನ,AI மதிப்பீடு,એઆઈ આકારણી,AI تشخیص
ASSESSMENTS,,ASSESSMENT_LIST,Assessment List,मूल्यांकन यादी,मूल्यांकन सूची,ମୂଲ୍ୟାଙ୍କନ ତାଲିକା,అంచనా జాబితా,ಮೌಲ್ಯಮಾಪನ ಪಟ್ಟಿ,மதிப்பீட்டுப் பட்டியல்,મૂલ્યાંકન યાદી,تشخیص کی فہرست
ASSESSMENTS,,AI_ASSESSMENT_LIST,AI Assessment List,एआय मूल्यांकन यादी,एआई मूल्यांकन सूची,AI ମୂଲ୍ୟାଙ୍କନ ତାଲିକା,AI అంచనా జాబితా,ಎಐ ಮೌಲ್ಯಮಾಪನ ಪಟ್ಟಿ,AI மதிப்பீட்டுப் பட்டியல்,AI મૂલ્યાંકન યાદી,AI تشخیص کی فہرست
ASSESSMENTS,,CENTER,Center,केंद्र,केंद्र,ସେଣ୍ଟର,సెంటర్,ಸೆಂಟರ್,மையம்,સેન્ટર,مرکز
ASSESSMENTS,,ASSESSMENT_TYPE,Assessment Type,मूल्यांकन प्रकार,मूल्यांकन प्रकार,ମୂଲ୍ୟାଙ୍କନ ପ୍ରକାର,మదింపు రకం (అసెస్మెంట్ రకం),ಮೌಲ್ಯಮಾಪನ ಪ್ರಕಾರ,மதிப்பீட்டு வகை,અસેસમેન્ટ ના પ્રકાર,تشخیص کی قسم
ASSESSMENTS,,COMPLETED_THE_ASSESSMENT,completed the assessment,मूल्यांकन पूर्ण झाले आहे.,मूल्यांकन पूरा कर लिया है,ମୂଲ୍ୟାଙ୍କନ ସମାପ୍ତ କରିଛନ୍ତି,అప్పగించిన మదింపులన్నీ అభ్యాసకులు పూర్తి చేశారు,ಮೌಲ್ಯಮಾಪನವನ್ನು ಪೂರ್ಣಗೊಳಿಸಿದೆ,மதிப்பீட்டை நிறைவு செய்தல்,અસેસમેન્ટ પૂર્ણ કરી,تشخیص مکمل کیا
ASSESSMENTS,,SUBMITTED_ON,Submitted On,सादर केले,जमा किया गया,ଦାଖଲ  କରାଯାଇଛି,నాడు సమర్పించబడింది,ಸಲ್ಲಿಸಲಾಗಿದೆ,அன்று சமர்ப்பிக்கப்பட்டது,પર સબમિટ કર્યું,پر جمع کرایا
ASSESSMENTS,,CORRECT_ANSWER,correct answers,योग्य उत्तरे,सही उत्तर,ସଠିକ୍ ଉତ୍ତର,సరైన సమాధానాలు,ಸರಿಯಾದ ಉತ್ತರಗಳು,சரியான விடைகள்,સાચા જવાબો,درست جوابات
ASSESSMENTS,,NO_DATA_FOUND,No data found,कोणतीही माहिती सापडली नाही,कोई डेटा नहीं मिला,କୌଣସି ତଥ୍ୟ ମିଳିଲା ନାହି,డేటా కనుగొనబడలేదు,ಯಾವುದೇ ಡೇಟಾ ಕಂಡುಬಂದಿಲ್ಲ,தகவல் எதுவும் கிடைக்கவில்லை,કોઈ ડેટા મળ્યો નથી,کوئی ڈیٹا موجود نہیں ہے
ASSESSMENTS,,SEARCH_STUDENT,Search student,विद्यार्थी शोधा,छात्र खोजें,ଶିକ୍ଷାର୍ଥୀକୁ   ଖୋଜ,అభ్యాసకుడిని వెతకండి,ಕಲಿಯುವವರನ್ನು ಹುಡುಕಿ,மாணவரைத் தேடு,લર્નર શોધો,طالب علم تلاش کریں۔
ASSESSMENTS,,NO_ASSESSMENTS_FOUND,No assessments found,कोणतेही मूल्यांकन सापडले नाही.,कोई मूल्यांकन नहीं मिला,କିଛି ମୂଲ୍ୟାୟନ ମିଳିଲା ନାହିଁ |,మదింపులు ఏమీ కనుగొనబడలేదు,ಯಾವುದೇ ಮೌಲ್ಯಮಾಪನಗಳು ಕಂಡುಬಂದಿಲ್ಲ.,மதிப்பீடுகள் எதுவும் காணப்படவில்லை.,કોઈ મૂલ્યાંકન મળ્યાં નથી,کوئی تشخیص نہیں ملا
ASSESSMENTS,,ASSESSMENTS_FOUND,{{count}} assessment found,{{count}} मूल्यांकन आढळले,{{count}} मूल्यांकन में पाया गया,{{count}} ମୂଲ୍ୟାଙ୍କନ ମିଳିଲା,{{count}} అంచనా కనుగొనబడింది,{{count}} ಮೌಲ್ಯಮಾಪನ ಕಂಡುಬಂದಿದೆ,{{count}} மதிப்பீடு கண்டறியப்பட்டது,{{count}} મૂલ્યાંકન મળ્યું,{{count}} تشخیص ملا
ASSESSMENTS,,ASSESSMENT_STATUS,Assessment Status,मूल्यांकन स्थिती,मूल्यांकन स्थिति,ମୂଲ୍ୟାଙ୍କନ ସ୍ଥିତି,మదింపు స్థితి (అసెస్మెంట్ స్థితి),ಮೌಲ್ಯಮಾಪನ ಸ್ಥಿತಿ,மதிப்பீட்டு நிலை,અસેસમેન્ટ સ્થિતિ,تشخیص کی حیثیت
ASSESSMENTS,,NOT_STARTED,Not Started,सुरू झाले नाही,शुरू नहीं हुआ,ଆରମ୍ଭ ହୋଇନାହିଁ |,ప్రారంభించబడలేదు,ಪ್ರಾರಂಭಿಸಲಾಗಿಲ್ಲ,தொடங்கப்படவில்லை,શરૂ થયું નથી,شروع نہیں ہوا۔
ASSESSMENTS,,IN_PROGRESS,In Progress,प्रगतीपथावर आहे.,प्रगति पर है,ପ୍ରଗତି ଚାଲିଛି |,పురోగతిలో ఉంది,ಪ್ರಗತಿಯಲ್ಲಿದೆ,முன்னேற்றத்தில் உள்ளது,પ્રગતિમાં છે,جاری ہے۔
ASSESSMENTS,,COMPLETED,Completed,पूर्ण झाले,पूर्ण हुआ,ସମ୍ପୂର୍ଣ୍ଣ,పూర్తయింది,ಪೂರ್ಣಗೊಂಡಿದೆ,முடிக்கப்பட்டது,પૂર્ણ,مکمل
ASSESSMENTS,,MARKS_OBTAINED,Marks Obtained,प्राप्त गुण,प्राप्त अंक,ମାର୍କ ପ୍ରାପ୍ତ,పొందిన మార్కులు,ಪಡೆದ ಅಂಕಗಳು,பெற்ற மதிப்பெண்கள்,ગુણ મેળવ્યા,حاصل کردہ نشانات
ASSESSMENTS,,OVERALL_SCORE,Overall Score,एकूण गुण,कुल स्कोर,ମୋଟ ସ୍କୋର,మొత్తం స్కోరు,ಒಟ್ಟಾರೆ ಅಂಕ,ஒட்டுமொத்த மதிப்பெண்,ઓવરઓલ સ્કોર,مجموعی اسکور
ASSESSMENTS,,ASSESSMENT_NOT_STARTED_YET,Assessment not started yet,मूल्यांकन अद्याप सुरू झाले नाही,मूल्यांकन अभी शुरू नहीं हुआ,ମୂଲ୍ୟାଙ୍କନ ଏପର୍ଯ୍ୟନ୍ତ ଆରମ୍ଭ ହୋଇନାହିଁ |,మదింపు ఇంకా ప్రారంభించబడలేదు,ಮೌಲ್ಯಮಾಪನ ಇನ್ನೂ ಪ್ರಾರಂಭವಾಗಿಲ್ಲ.,மதிப்பீடு இன்னும் தொடங்கப்படவில்லை,હજુ સુધી મૂલ્યાંકન શરૂ થયું નથી,تشخیص ابھی شروع نہیں ہوا۔
ASSESSMENTS,,NUMBER_OUT_OF_COMPLETED,{{completedCount}} out of {{totalCount}} completed,{{completedCount}} पैकी {{totalCount}} पूर्ण झाले,{{completedCount}} में से {{totalCount}} पूरा हुआ,{{totalCount}} ମଧ୍ୟରୁ {{completedCount}} ଟି ସମ୍ପୂର୍ଣ୍ଣ ହୋଇଛି,{{totalCount}}' లో '{{completedCount}}' పూర్తయింది,{{completedCount}} ರಲ್ಲಿ {{totalCount}} ಪೂರ್ಣಗೊಂಡಿದೆ,{{completeCount}} இல் {{totalCount}} நிறைவடைந்தது,{{totalCount}} માંથી {{completedCount}} પૂર્ણ, {{ مکمل گنیں}}میں سے {{جمله گنیں}} مکمل ہو گئے۔
ASSESSMENTS,,NO_SUBTOPIC_SELECTED,No Subtopic selected,कोणताही उपविषय निवडलेला नाही,कोई उपविषय चयनित नहीं किया गया,କିଛି ଉପ-ବିଷୟ ଚୟନ ହୋଇନାହିଁ |,ఉప-విషయం ఏమీ ఎంచుకోబడలేదు,ಯಾವುದೇ ಉಪವಿಷಯವನ್ನು ಆಯ್ಕೆ ಮಾಡಲಾಗಿಲ್ಲ.,துணை தலைப்பு எதுவும் தேர்ந்தெடுக்கப்படவில்லை,કોઈ સબટોપિક પસંદ કરેલ નથી,کوئی ذیلی موضوع منتخب نہیں کیا گیا۔
ASSESSMENTS,,NO_SUBJECT_FOUND,No Subject found,कोणताही विषय सापडला नाही,कोई विषय नहीं मिला,କିଛି ବିଷୟ ମିଳିଲା ନାହିଁ |,సబ్జెక్టు ఏమీ కనుగొనబడలేదు,ಯಾವುದೇ ವಿಷಯ ಕಂಡುಬಂದಿಲ್ಲ,பாடம் எதுவும் இல்லை,કોઈ વિષય મળ્યો નથી,کوئی موضوع نہیں ملا
ASSESSMENTS,,NO_ASSIGNED,No assigned,नियुक्त नाही,कोई असाइन नहीं किया गया,କିଛି ନ୍ୟସ୍ତ ହୋଇନାହିଁ |,కేటాయించబడలేదు,ನಿಯೋಜಿಸಲಾಗಿಲ್ಲ,ஒதுக்கப்படவில்லை,કોઈ સોંપેલ નથી,کوئی تفویض نہیں کیا گیا۔
ASSESSMENTS,,OUT_OF,Out of,एकूण,कुल में से,ରୁ,మొత్తం (ఉదా: 100 కి),ರಿಂದ,இல் இருந்து,માંથી,کل میں سے
ASSESSMENTS,,ASSESSMENT_DETAILS,Assessment Details,मूल्यमापन तपशील,मूल्यांकन विवरण,ମୂଲ୍ୟାଙ୍କନ ବିବରଣୀ,మూల్యాంకన వివరాలు,ಮೌಲ್ಯಮಾಪನ ವಿವರಗಳು,மதிப்பீட்டு விவரங்கள்,મૂલ્યાંકન વિગતો,تشخیص کی تفصیلات
ASSESSMENTS,,MID_TERM_EXAM,Mid Term Exam,मध्यावधी परीक्षा,अर्धवार्षिक परीक्षायें,ମଧ୍ୟମା ପରୀକ୍ଷା,మధ్యంతర పరీక్ష,ಮಿಡ್ ಟರ್ಮ್ ಎಕ್ಸಾಮ್,இடைப்பருவத் தேர்வு,અર્ધવાર્ષિક પરીક્ષા ,مڈ ٹرم امتحان
ASSESSMENTS,,MATHEMATICS_ASSESSMENT,Mathematics Assessment - Algebra & Geometry,गणित मूल्यांकन - बीजगणित आणि भूमिती,गणित मूल्यांकन - बीजगणित और ज्यामिति,ଗଣିତ ମୂଲ୍ୟାଙ୍କନ - ବୀଜଗଣିତ ଏବଂ ଜ୍ୟାମିତି,గణిత మూల్యాంకనం - బీజగణితం & జ్యామితి,ಗಣಿತ ಅಸೆಸ್ಸ್‌ಮೆಂಟ್ – ಬೀಜಗಣಿತ & ಜ್ಯಾಮಿತಿ,கணித மதிப்பீடு - இயற்கணிதம் மற்றும் வடிவியல்,ગણિત મૂલ્યાંકન - બીજગણિત અને ભૂમિતિ,ریاضی کی تشخیص - الجبرا اور جیومیٹری
ASSESSMENTS,,SEARCH_LEARNER,Search Learner..,शिकणारा शोधा..,शिक्षार्थी खोजें..,ଶିକ୍ଷାର୍ଥୀକୁ ଖୋଜନ୍ତୁ..,విద్యార్థిని శోధించండి..,ಲರ್ನರ್ ಹುಡುಕಿ..,மாணவரை தேடுங்கள்..,શીખનાર શોધો..,لرنر کو تلاش کریں..
ASSESSMENTS,,QUESTIONS,Questions,प्रश्न,प्रश्न,ପ୍ରଶ୍ନଗୁଡ଼ିକ,ప్రశ్నలు,ಪ್ರಶ್ನೆಗಳು,கேள்விகள்,પ્રશ્નો,سوالات
ASSESSMENTS,,MINUTES,minutes,मिनिटे,मिनट,ମିନିଟ୍,నిమిషాలు,ನಿಮಿಷಗಳು,நிமிடங்கள்,મિનિટ,منٹ
ASSESSMENTS,,MINS,mins,मिनिटे,मिनट,ମିନିଟ୍,నిమిషాలు,ನಿಮಿಷಗಳು,நிமிடங்கள்,મિનિટ,منٹ
ASSESSMENTS,,MATHEMATICS,Mathematics,गणित,अंक शास्त्र,ଗଣିତ,గణితం,ಗಣಿತ,கணிதம்,ગણિત,ریاضی
ASSESSMENTS,,GRADE_10,10th Grade,दहावी इयत्ता,10 वीं कक्षा,ଦଶମ ଶ୍ରେଣୀ,10వ తరగతి,10 ನೇ ತರಗತಿ,10 ஆம் வகுப்பு,૧૦મું ધોરણ,دسویں جماعت
ASSESSMENTS,,OFFLINE_ASSESSMENT,Offline Assessment,ऑफलाइन मूल्यमापन,ऑफ़लाइन मूल्यांकन,ଅଫଲାଇନ୍ ମୂଲ୍ୟାଙ୍କନ,ఆఫ్‌లైన్ మూల్యాంకన,ಆಫ್‌ಲೈನ್ ಮೌಲ್ಯಮಾಪನ,ஆஃப்லைன் மதிப்பீடு,ઓફલાઇન મૂલ્યાંકન,آف لائن تشخیص
ASSESSMENTS,,DOWNLOAD_ASSESSMENT_MESSAGE,This assessment contains Long/Short Answer questions. Would you like to download the offline question paper?,या मूल्यमापनात लांब/लहान उत्तर प्रश्न आहेत. तुम्हाला ऑफलाइन प्रश्नपत्रिका डाउनलोड करायची आहे का?,इस मूल्यांकन में लंबे/संक्षिप्त उत्तर वाले प्रश्न हैं। क्या आप ऑफ़लाइन प्रश्न पत्र डाउनलोड करना चाहेंगे?,ଏହି ମୂଲ୍ୟାଙ୍କନରେ ଲମ୍ବା/ଛୋଟ ଉତ୍ତର ପ୍ରଶ୍ନ ଅଛି। ଆପଣ କି ଅଫଲାଇନ୍ ପ୍ରଶ୍ନପତ୍ର ଡାଉନଲୋଡ୍ କରିବାକୁ ଚାହୁଁଛନ୍ତି?,ఈ మూల్యాంకనలో పొడవైన/చిన్న సమాధాన ప్రశ్నలు ఉన్నాయి. మీరు ఆఫ్‌లైన్ ప్రశ్నాపత్రాన్ని డౌన్‌లోడ్ చేయాలనుకుంటున్నారా?,ಈ ಮೌಲ್ಯಮಾಪನದಲ್ಲಿ ಉದ್ದ/ಸಣ್ಣ ಉತ್ತರದ ಪ್ರಶ್ನೆಗಳಿವೆ. ನೀವು ಆಫ್‌ಲೈನ್ ಪ್ರಶ್ನೆ ಪತ್ರಿಕೆಯನ್ನು ಡೌನ್‌ಲೋಡ್ ಮಾಡಬೇಕೆಂದು ಬಯಸುವಿರಾ?,இந்த மதிப்பீட்டில் நீளமான/குறுகிய பதில் கேள்விகள் உள்ளன. நீங்கள் ஆஃப்லைன் கேள்வித்தாளை பதிவிறக்க விரும்புகிறீர்களா?,આ મૂલ્યાંકનમાં લાંબા/ટૂંકા જવાબના પ્રશ્નો છે. શું તમે ઓફલાઇન પ્રશ્નપત્ર ડાઉનલોડ કરવા માંગો છો?,اس تشخیص میں طویل/مختصر جوابات کے سوالات شامل ہیں۔ کیا آپ آف لائن سوالیہ پرچہ ڈاؤن لوڈ کرنا چاہیں گے؟
ASSESSMENTS,,DOWNLOAD,Download,डाउनलोड करा,डाउनलोड करना,ଡାଉନଲୋଡ୍ କରନ୍ତୁ,డౌన్‌లోడ్,ಡೌನ್‌ಲೋಡ್,பதிவிறக்கம்,ડાઉનલોડ કરો,ڈاؤن لوڈ کریں۔
ASSESSMENTS,,DOWNLOAD_SUCCESS,Question paper downloaded successfully,प्रश्नपत्रिका यशस्वीरित्या डाउनलोड केली.,प्रश्न पत्र सफलतापूर्वक डाउनलोड हो गया।,ପ୍ରଶ୍ନପତ୍ର ସଫଳତାର ସହ ଡାଉନଲୋଡ୍ ହୋଇଛି,ప్రశ్నపత్రం విజయవంతంగా డౌన్‌లోడ్ చేయబడింది,ಪ್ರಶ್ನೆ ಪತ್ರಿಕೆಯನ್ನು ಯಶಸ್ವಿಯಾಗಿ ಡೌನ್‌ಲೋಡ್ ಮಾಡಲಾಗಿದೆ.,வினாத்தாள் வெற்றிகரமாக பதிவிறக்கம் செய்யப்பட்டது.,પ્રશ્નપત્ર સફળતાપૂર્વક ડાઉનલોડ થયું,سوالیہ پرچہ کامیابی کے ساتھ ڈاؤن لوڈ ہو گیا۔
ASSESSMENTS,,CANCEL,Cancel,रद्द करा,कैंसिल करें,ରଦ୍ଦ କରନ୍ତୁ,రద్దు చేయి,ರದ್ದುಮಾಡಿ,ரத்துசெய்,રદ કરો,منسوخ کریں۔
ASSESSMENTS,,MARKS_APPROVED_SCORE,Marks approved: {{score}}/{{maxScore}},मंजूर गुण: {{score}}/{{maxScore}},स्वीकृत अंक: {{score}}/{{maxScore}},ଅନୁମୋଦିତ ଅଂକ: {{score}}/{{maxScore}},ఆమోదించబడిన మార్కులు: {{score}}/{{maxScore}},ಅನುಮೋದಿತ ಅಂಕಗಳು: {{score}}/{{maxScore}},ஒப்புதல் பெற்ற மதிப்பெண்: {{score}}/{{maxScore}},મંજૂર ગુણ: {{score}}/{{maxScore}},منظور شدہ نشانات: {{score}}/{{maxScore}}
ASSESSMENTS,,UNDER_AI_EVALUATION,Under AI Evaluation,एआय मूल्यांकन चालू आहे,एआई मूल्यांकन के अंतर्गत,ଏଆଇ ମୂଲ୍ୟାଙ୍କନ ଚାଲୁଛି,AI మూల్యాంకనలో ఉంది,ಎಐ ಮೌಲ್ಯಮಾಪನದಲ್ಲಿ,AI மதிப்பீட்டில் உள்ளது,AI મૂલ્યાંકન હેઠળ,AI تشخیص کے تحت
ASSESSMENTS,,AWAITING_YOUR_APPROVAL,Awaiting Your Approval,तुमच्या मंजुरीची प्रतीक्षा आहे,आपकी स्वीकृति की प्रतीक्षा,ଆପଣଙ୍କ ଅନୁମୋଦନ ପାଇଁ ଅପେକ୍ଷା,మీ ఆమోదం కోసం వేచి ఉంది,ನಿಮ್ಮ ಅನುಮೋದನೆಗಾಗಿ ಕಾಯಲಾಗುತ್ತಿದೆ,உங்கள் ஒப்புதலைக் காத்திருக்கிறது,તમારી મંજૂરીની રાહમાં,آپ کی منظوری کا انتظار ہے۔
ASSESSMENTS,,NOT_SUBMITTED,Not Submitted,सादर केले नाही,प्रस्तुत नहीं किया गया,ଦାଖଲ ହୋଇନି,సమర్పించబడలేదు,ಸಲ್ಲಿಸಲಾಗಿಲ್ಲ,சமர்ப்பிக்கப்படவில்லை,સબમિટ નથી કરેલું,جمع نہیں کیا گیا۔
ASSESSMENTS,,APPROVED_ON,Approved on: {{date}},मंजूर तारीख: {{date}},स्वीकृत दिनांक: {{date}},ଅନୁମୋଦନ ତାରିଖ: {{date}},ఆమోదించబడిన తేదీ: {{date}},ಅನುಮೋದಿಸಿದ ದಿನಾಂಕ: {{date}},ஒப்புதல் பெற்ற நாள்: {{date}},મંજૂર તારીખ: {{date}},منظور شدہ تاریخ: {{date}}
ASSESSMENTS,,UPLOADED_ON,Uploaded on: {{date}},अपलोड तारीख: {{date}},अपलोड दिनांक: {{date}},ଅପଲୋଡ୍ ତାରିଖ: {{date}},అప్‌లోడ్ చేసిన తేదీ: {{date}},ಅಪ್ಲೋಡ್ ದಿನಾಂಕ: {{date}},பதிவேற்றப்பட்ட தேதி: {{date}},અપલોડ તારીખ: {{date}},اپ لوڈ کی تاریخ: {{date}}
ASSESSMENTS,,SORT_BY_STATUS,Sort by Status,स्थितीनुसार क्रमबद्ध करा,स्थिति के अनुसार क्रमबद्ध करें,ସ୍ଥିତି ଅନୁସାରେ ବିଭାଜନ,స్థితి ప్రకారం క్రమబద్ధీకరించండి,ಸ್ಥಿತಿಯ ಪ್ರಕಾರ ವಿಂಗಡಿಸಿ,நிலையைப் பொறுத்து வரிசைப்படுத்து,સ્થિતિ પ્રમાણે ગોઠવો,سٹیٹس کے لحاظ سے ترتیب دیں۔
ASSESSMENTS,,LEARNERS_COUNT,{{count}} of {{total}} Learners,{{count}} पैकी {{total}} शिकणारे,{{count}} में से {{total}} शिक्षार्थी,{{count}} / {{total}} ଶିକ୍ଷାର୍ଥୀ,{{count}} / {{total}} విద్యార్థులు,{{count}} / {{total}} ಲರ್ನರ್ ಗಳು,{{count}} / {{total}} மாணவர்கள்,{{count}} માંથી {{total}} શીખનાર,{{total}}  لرنر میں سے {{count}}
ASSESSMENTS,,NO_LEARNERS_FOUND,No learners found matching your search.,शिकणारे आढळले नाहीत,कोई शिक्षार्थी नहीं मिला,କ in matching missing?,విద్యార్థులు లభించలేదు,ಲರ್ನರ್ ಗಳು ಕಂಡುಬಂದಿಲ್ಲ,மாணவர்கள் கிடைக்கவில்லை,કોઈ લર્નર મળ્યા  નથી,آپ کی تلاش سے مماثل کوئی  لرنر نہیں ملا۔
ASSESSMENTS,,MANUAL_ASSESSMENT,Manual Assessment,मॅन्युअल मूल्यांकन,मैनुअल मूल्यांकन,ମାନୁଆଲ୍ ମୂଲ୍ୟାଙ୍କନ,మాన్యువల్ అసెస్‌మెంట్,ಮ್ಯಾನುಯಲ್ ಮೌಲ್ಯಮಾಪನ,கைமுறை மதிப்பீடு,મેન્યુઅલ મૂલ્યાંકન,دستی تشخیص
ASSESSMENTS,,MANUAL_ASSESSMENT_LIST,Manual Assessment List,मॅन्युअल मूल्यांकन यादी,मैनुअल मूल्यांकन सूची,ମାନୁଆଲ୍ ମୂଲ୍ୟାଙ୍କନ ତାଲିକା,మాన్యువల్ అసెస్‌మెంట్ జాబితా,ಮ್ಯಾನುಯಲ್ ಮೌಲ್ಯಮಾಪನ ಪಟ್ಟಿ,கைமுறை மதிப்பீட்டு பட்டியல்,મેન્યુઅલ મૂલ્યાંકન યાદી,دستی تشخیص کی فہرست
ASSESSMENTS,,UNDER_EVALUATION,Under Evaluation,मूल्यांकनाधीन,मूल्यांकन के अधीन,ମୂଲ୍ୟାଙ୍କନ ଅଧୀନରେ ଅଛି,మూల్యాంకనంలో ఉంది,ಮೌಲ್ಯಮಾಪನದ ಅಡಿಯಲ್ಲಿ,மதிப்பீட்டின் கீழ்,મૂલ્યાંકન આધીન ,تشخیص کے تحت
ASSESSMENTS,,UPDATE_MARKS,Update Marks,अपडेट मार्क्स,अंक अपडेट करें,ଚିହ୍ନଗୁଡ଼ିକୁ ଅପଡେଟ୍ କରନ୍ତୁ,మార్కులను నవీకరించండి,ಮಾರ್ಕ್‌ಗಳನ್ನು ಅಪ್‌ಡೇಟ್ ಮಾಡಿ,மதிப்பெண்களை புதுப்பிக்கவும்,અપડેટ માર્ક્સ,مارکس کو اپ ڈیٹ کریں۔
ASSESSMENTS,,SUBMIT_MARKS,Submit Marks,गुण सबमिट करा,अंक जमा करें,ମାର୍କ ଦାଖଲ କରନ୍ତୁ,మార్కులను సమర్పించండి,ಮಾರ್ಕ್ಸ್ ಸಲ್ಲಿಸಿ,மதிப்பெண்களைச் சமர்ப்பிக்கவும்,ગુણ સબમિટ કરો,مارکس جمع کروائیں۔
ASSESSMENTS,,ASSESSMENTS_FOUND_PLURAL,{{count}} assessments found,{{count}} मूल्यांकने आढळली,{{count}} आकलन पाए गए,{{count}} ମୂଲ୍ୟାଙ୍କନ ମିଳିଲା,{{count}} అంచనాలు కనుగొనబడ్డాయి,{{count}} ಮೌಲ್ಯಮಾಪನಗಳು ಕಂಡುಬಂದಿವೆ,{{count}} மதிப்பீடுகள் கண்டறியப்பட்டன,{{count}} મૂલ્યાંકન મળ્યાં,{{count}} تشخیص ملے
ASSESSMENTS,,NO_ASSESSMENT_TYPE_FOUND,No Assessment Type Found,मूल्यांकनाचा प्रकार आढळला नाही.,कोई मूल्यांकन प्रकार नहीं मिला,କୌଣସି ମୂଲ୍ୟାଙ୍କନ ପ୍ରକାର ମିଳିଲା ନାହିଁ,ఏ మదింపు రకం కనుగొనబడలేదు,ಮೌಲ್ಯಮಾಪನ ಪ್ರಕಾರ ಲಭ್ಯವಿಲ್ಲ,மதிப்பீட்டு வகை எதுவும் காணப்படவில்லை,કોઈ મૂલ્યાંકન પ્રકાર મળ્યા નથી ,تشخیص کی کوئی قسم نہیں ملی
ASSESSMENTS,,IMAGE_UPLOADED,Image Uploaded,प्रतिमा अपलोड केली,छवि अपलोड की गई,ପ୍ରତିଛବି ଅପଲୋଡ୍ କରାଯାଇଛି,చిత్రం అప్‌లోడ్ చేయబడింది,ಚಿತ್ರ ಅಪ್‌ಲೋಡ್‌ ಆಗಿದೆ,படம் பதிவேற்றப்பட்டது,ઇમેજ અપલોડ કરો ,تصویر اپ لوڈ ہو گئی۔
ASSESSMENTS,,VIEW,View,पहा,देखना,ଦର୍ଶନ,వీక్షణ,ವೀಕ್ಷಿಸಿ,பார்,જુઓ,دیکھیں
ASSESSMENTS,,REUPLOAD,Reupload,पुन्हा अपलोड करा,पुन: अपलोड,ପୁଣି ଅପଲୋଡ୍ କରନ୍ତୁ,తిరిగి అప్‌లోడ్ చేయండి,ಮರು ಅಪ್‌ಲೋಡ್ ಮಾಡಿ,மீண்டும் பதிவேற்றம்,ફરીથી અપલોડ કરો,دوبارہ اپ لوڈ کریں۔
ASSESSMENTS,,FORMAT_JPG_SIZE_MB_UP_TO_IMAGES,"* Format: jpg, jpeg. Size: {{mb}} MB Up to {{count}} images","* स्वरूप: jpg, jpeg. आकार: {{mb}} MB {{count}} पर्यंत प्रतिमा","* फॉर्मेट: jpg, jpeg. साइज़: {{mb}} MB तक {{count}} इमेज","• ଫର୍ମାଟ୍: jpg, jpeg । ଆକାର: ସର୍ବାଧିକ {{mb}} MB । ସର୍ବାଧିକ {{count}}ଟି ଚିତ୍ର ଅପଲୋଡ୍ କରିପାରିବେ।","* ఫార్మాట్: jpg, jpeg. పరిమాణం: {{mb}} MB. గరిష్టంగా {{count}} చిత్రాలు.","* ಸ್ವರೂಪ: jpg, jpeg. ಗಾತ್ರ: {{mb}} MB {{count}} ಚಿತ್ರಗಳವರೆಗೆ","வடிவம்: jpg, jpeg. அளவு: {{mb}} MB, {{count}} படங்கள் வரை.","* ફોર્મેટ: jpg, jpeg. કદ: {{mb}} MB {{count}} ઇમેજ સુધી",* فارمیٹ: jpg، jpeg. سائز: {{mb}} MB تک {{count}} تصاویر
MOBILIZER,,MOBILIZER,Mentor,मार्गदर्शक,उपदेशक,ପରାମର୍ଶଦାତା,గురువు,ಮೆಂಟರ್,வழிகாட்டி,માર્ગદર્શક,مینٹور
MOBILIZER,,ACTIVATE_USER_SUCCESS,User has been successfully activated,वापरकर्ता यशस्वीरित्या सक्रिय झाला आहे.,उपयोगकर्ता सफलतापूर्वक सक्रिय हो गया है।,ୟୁଜରଙ୍କୁ  ସଫଳତାର ସହ ସକ୍ରିୟ କରାଯାଇଛି।,వినియోగదారు విజయవంతంగా యాక్టివేట్ చేయబడ్డారు,ಯೂಸರ್ ನ್ನು ಯಶಸ್ವಿಯಾಗಿ ಸಕ್ರಿಯಗೊಳಿಸಲಾಗಿದೆ.,பயனர் வெற்றிகரமாக செயலில் கொண்டு வரப்பட்டார்,વપરાશકર્તા સફળતાપૂર્વક સક્રિય થયો છે.,صارف کو کامیابی سے چالو کر دیا گیا ہے۔
MOBILIZER,,MOBILIZER_UPDATED_SUCCESSFULLY,Mentor has been successfully updated!,मेंटर यशस्वीरित्या अपडेट केले गेले आहे!,मेंटर सफलतापूर्वक अपडेट हो गया है!,ମେଣ୍ଟରଙ୍କୁ ସଫଳତାର ସହ ଅପଡେଟ୍ କରାଯାଇଛି!,మెంటర్ విజయవంతంగా అప్‌డేట్ చేయబడింది!,ಮೆಂಟರ್ ಅನ್ನು ಯಶಸ್ವಿಯಾಗಿ ನವೀಕರಿಸಲಾಗಿದೆ!,வழிகாட்டி வெற்றிகரமாகப் புதுப்பிக்கப்பட்டார்!,માર્ગદર્શક સફળતાપૂર્વક અપડેટ કરવામાં આવ્યું છે!,مینٹر کو کامیابی کے ساتھ اپ ڈیٹ کر دیا گیا ہے!
MOBILIZER,,NOT_ABLE_UPDATE_MOBILIZER,Not able to update Mentor,मेंटर अपडेट करू शकत नाही.,मेंटर को अपडेट करने में असमर्थ,ମେଣ୍ଟରକୁ ଅପଡେଟ୍ କରିପାରିଲି ନାହିଁ,మెంటర్‌ను అప్‌డేట్ చేయలేకపోతున్నాను,ಮೆಂಟರ್ ಅನ್ನು ಅಪ್‌ಡೇಟ್ ಮಾಡಲು ಸಾಧ್ಯವಾಗುತ್ತಿಲ್ಲ,வழிகாட்டியைப் புதுப்பிக்க முடியவில்லை,માર્ગદર્શક અપડેટ કરવામાં અસમર્થ ,مینٹر کو اپ ڈیٹ کرنے کے قابل نہیں ہے۔
MOBILIZER,,MOBILIZER_CREATED_SUCCESSFULLY,Mentor has been successfully created!,मेंटर यशस्वीरित्या तयार झाला आहे!,मेंटर सफलतापूर्वक बनाया गया है!,ମେଣ୍ଟର ସଫଳତାର ସହ ସୃଷ୍ଟି ହୋଇଛି!,మెంటర్ విజయవంతంగా సృష్టించబడింది!,ಮೆಂಟರ್ ಅನ್ನು ಯಶಸ್ವಿಯಾಗಿ ರಚಿಸಲಾಗಿದೆ!,வழிகாட்டி வெற்றிகரமாக உருவாக்கப்பட்டார்!,માર્ગદર્શક સફળતાપૂર્વક બનાવવામાં આવ્યો છે!,مینٹر کامیابی کے ساتھ بنایا گیا ہے!
MOBILIZER,,NOT_ABLE_CREATE_MOBILIZER,Not able to create Mentor,मेंटर तयार करू शकत नाही.,मेंटर बनाने में असमर्थ,ମେଣ୍ଟର ତିଆରି କରିପାରିଲେ ନାହିଁ,మెంటర్‌ను సృష్టించలేకపోతున్నాను,ಮೆಂಟರ್ ಅನ್ನು ರಚಿಸಲು ಸಾಧ್ಯವಾಗುತ್ತಿಲ್ಲ,வழிகாட்டியை உருவாக்க முடியவில்லை,માર્ગદર્શક બનાવી શક્યા નથી,مینٹور بنانے کے قابل نہیں۔
MOBILIZER,,USER_CREDENTIALS_WILL_BE_SEND_SOON,"Mentor is created, credentials will be sent soon",वापरकर्त्याचे क्रेडेन्शियल्स लवकरच पाठवले जातील,उपयोगकर्ता को क्रेडेंशियल्स जल्द ही भेजे जाएंगे,ୟୁଜରଙ୍କୁ  ଆଇଡି ଶୀଘ୍ର ମେଳିବ,వినియోగదారు ఆధారాలు త్వరలో పంపబడతాయి,ಯೂಸರ್  ಮಾನ್ಯತೆಗಳನ್ನು ಶೀಘ್ರದಲ್ಲೇ ಕಳುಹಿಸಲಾಗುತ್ತದೆ,"வழிகாட்டி உருவாக்கப்பட்டார், உள்நுழைவு விவரங்கள் விரைவில் அனுப்பப்படும்",વપરાશકર્તાના ઓળખની વિગતો ટૂંક સમયમાં મોકલવામાં આવશે,مینٹر بنا دیا گیا ہے، اسناد جلد بھیج دی جائیں گی۔
MOBILIZER,,MAP_USER_AS_LEAD,Map User as Lead,लीड म्हणून नकाशा वापरकर्ता,उपयोगकर्ता को मुख्य उपयोगकर्ता के रूप में मैप करें,ଲିଡ୍ ଭାବରେ ମ୍ୟାପ୍ ବ୍ୟବହାରକାରୀ,మ్యాప్ యూజర్‌ను లీడ్‌గా,ಯೂಸರ್ ನ್ನು ಲೀಡ್ ಆಗಿ ಮ್ಯಾಪ್ ಮಾಡಿ,பயனரை தலைவராக ஒதுக்கு,લીડ તરીકે મેપ કરો ,صارف کو بطور لیڈ میپ کریں۔
MOBILIZER,,MAP_USER_AS_MOBILIZER,Map User as Mentor,मार्गदर्शक म्हणून नकाशा वापरकर्ता,उपयोगकर्ता को मार्गदर्शक के रूप में मैप करें,ପରାମର୍ଶଦାତା ଭାବରେ ମାନଚିତ୍ର ବ୍ୟବହାରକାରୀ,మ్యాప్ యూజర్‌ను మెంటర్‌గా,ಯೂಸರ್ ನ್ನು ಮೆಂಟರ್ ಆಗಿ ಸೇರಿಸಿ,பயனரை வழிகாட்டியாக ஒதுக்கு,માર્ગદર્શક તરીકે મેપ  કરો ,صارف کا بطور سرپرست نقشہ بنائیں
MOBILIZER,,PLEASE_SEARCH_AND_SELECT_USER,Please search and select a user,कृपया वापरकर्ता शोधा आणि निवडा.,कृपया उपयोगकर्ता खोजें और चुनें,ଦୟାକରି ସନ୍ଧାନ କରନ୍ତୁ ଏବଂ ଜଣେ ଉପଯୋଗକର୍ତ୍ତା ଚୟନ କରନ୍ତୁ।,దయచేసి వినియోగదారుని వెతికి ఎంచుకోండి,ದಯವಿಟ್ಟು ಹುಡುಕಿ ಮತ್ತು ಯೂಸರ್ ನ್ನು ಆಯ್ಕೆ ಮಾಡಿ.,பயனரை தேடி தேர்வு செய்யவும்,કૃપા કરીને વપરાશકર્તા શોધો અને પસંદ કરો.,براہ کرم تلاش کریں اور صارف کو منتخب کریں۔
MOBILIZER,,UNKNOWN_STATE,Unknown State,अज्ञात स्थिती,अज्ञात राज्य,ଅଜଣା ରାଜ୍ୟ,తెలియని స్థితి,ಅಪರಿಚಿತ  ರಾಜ್ಯ,அறியப்படாத மாநிலம்,અજાણ્યું રાજ્ય,نامعلوم ریاست
MOBILIZER,,UNKNOWN_DISTRICT,Unknown District,अज्ञात जिल्हा,अज्ञात जिला,ଅଜଣା ଜିଲ୍ଲା,తెలియని జిల్లా,ಅಪರಿಚಿತ ಜಿಲ್ಲಾ,அறியப்படாத மாவட்டம்,અજાણ્યો જિલ્લો,نامعلوم ضلع
MOBILIZER,,UNKNOWN_BLOCK,Unknown Block,अज्ञात ब्लॉक,अज्ञात ब्लॉक,ଅଜଣା ବ୍ଲକ,తెలియని బ్లాక్,ಅಪರಿಚಿತ ಬ್ಲಾಕ್,தெரியாத வட்டம்,અજાણ્યો બ્લોક,نامعلوم بلاک
MOBILIZER,,WORKING_LOCATION_REQUIRED,Working location is required. Please select villages for all blocks.,कामाचे ठिकाण आवश्यक आहे. कृपया सर्व ब्लॉकसाठी गावे निवडा.,कार्यस्थल का उल्लेख आवश्यक है। कृपया सभी ब्लॉकों के लिए गांवों का चयन करें।,କାର୍ଯ୍ୟସ୍ଥଳ ଆବଶ୍ୟକ। ଦୟାକରି ସମସ୍ତ ବ୍ଲକ ପାଇଁ ଗ୍ରାମ ଚୟନ କରନ୍ତୁ।,పనిచేసే ప్రదేశం అవసరం. దయచేసి అన్ని బ్లాక్‌ల కోసం గ్రామాలను ఎంచుకోండి.,ಕೆಲಸದ ಸ್ಥಳದ ಅಗತ್ಯವಿದೆ. ದಯವಿಟ್ಟು ಎಲ್ಲಾ ಬ್ಲಾಕ್‌ಗಳಿಗೂ ಗ್ರಾಮಗಳನ್ನು ಆಯ್ಕೆಮಾಡಿ.,வேலை செய்யும் இடம் தேவை. அனைத்து வட்டங்களிலிருந்தும் கிராமங்களைத் தேர்ந்தெடுக்கவும்.,કાર્યસ્થળ જરૂરી છે. કૃપા કરીને બધા બ્લોક માટે ગામડાઓ પસંદ કરો.,کام کرنے کی جگہ درکار ہے۔ براہ کرم تمام بلاکس کے لیے گاؤں کا انتخاب کریں۔
MOBILIZER,,WORKING_LOCATION_REQUIRED_MISSING_VILLAGES,Working location is required. Please select villages for all blocks. Missing villages in: {{blocks}} and {{count}} more block(s).,कामाचे ठिकाण आवश्यक आहे. कृपया सर्व ब्लॉकसाठी गावे निवडा. {{blocks}} आणि {{count}} अधिक ब्लॉकमध्ये गावे गहाळ आहेत.,कार्यस्थल आवश्यक है। कृपया सभी ब्लॉकों के लिए गांवों का चयन करें। {{blocks}} और {{count}} और ब्लॉकों में गांव अनुपस्थित हैं।,କାର୍ଯ୍ୟ ସ୍ଥାନ ଆବଶ୍ୟକ। ଦୟାକରି ସମସ୍ତ ବ୍ଲକ ପାଇଁ ଗ୍ରାମ ଚୟନ କରନ୍ତୁ। {{ବ୍ଲକ}} ଏବଂ {{ଗଣନା}} ଅଧିକ ବ୍ଲକରେ ଗ୍ରାମ ନାହିଁ।,పనిచేసే ప్రదేశం అవసరం. దయచేసి అన్ని బ్లాక్‌ల కోసం గ్రామాలను ఎంచుకోండి. తప్పిపోయిన గ్రామాలు: {{blocks}} మరియు {{count}} మరిన్ని బ్లాక్(ల)లో ఉన్నాయి.,ಕೆಲಸದ ಸ್ಥಳದ ಅಗತ್ಯವಿದೆ. ದಯವಿಟ್ಟು ಎಲ್ಲಾ ಬ್ಲಾಕ್‌ಗಳಿಗೂ ಗ್ರಾಮಗಳನ್ನು ಆಯ್ಕೆಮಾಡಿ. {{ಬ್ಲಾಕ್‌ಗಳು}} ಮತ್ತು {{count}} ಹೆಚ್ಚಿನ ಬ್ಲಾಕ್‌(ಗಳು) ನಲ್ಲಿ ಕಾಣೆಯಾದ ಗ್ರಾಮಗಳು.,வேலை செய்யும் இடம் தேவை. அனைத்து வட்டங்களிலிருந்தும்  ஊர்களை தேர்வு செய்யவும். பின்வரும் வட்டங்களில் ஊர்கள் தேர்வு செய்யப்படவில்லை: {{blocks}} மற்றும் மேலும் {{count}} பிளாக்குகள்.,કાર્યસ્થળ જરૂરી છે. કૃપા કરીને બધા બ્લોક્સ માટે ગામો પસંદ કરો. નીચેના બ્લોક્સમાં ગામો ગુમ છે: {{blocks}} અને {{count}} વધુ બ્લોક(ઓ).,کام کرنے کی جگہ درکار ہے۔ براہ کرم تمام بلاکس کے لیے گاؤں کا انتخاب کریں۔ لاپتہ دیہات اس میں: {{blocks}} اور {{count}} مزید بلاکس۔
MOBILIZER,,WORKING_LOCATION_REQUIRED_MISSING_VILLAGES_SINGLE,Working location is required. Please select villages for all blocks. Missing villages in: {{blocks}}.,कामाचे ठिकाण आवश्यक आहे. कृपया सर्व ब्लॉकसाठी गावे निवडा. {{ब्लॉक्स}} मध्ये गावे गहाळ आहेत.,कार्यस्थल आवश्यक है। कृपया सभी ब्लॉकों के लिए गांवों का चयन करें। निम्नलिखित ब्लॉकों में गांव अनुपलब्ध हैं: {{ब्लॉक}}।,କାର୍ଯ୍ୟ ସ୍ଥାନ ଆବଶ୍ୟକ। ଦୟାକରି ସମସ୍ତ ବ୍ଲକ ପାଇଁ ଗ୍ରାମ ଚୟନ କରନ୍ତୁ। {{ବ୍ଲକ}} ରେ ଗ୍ରାମ ନାହିଁ।,పనిచేసే ప్రదేశం అవసరం. దయచేసి అన్ని బ్లాక్‌ల కోసం గ్రామాలను ఎంచుకోండి. తప్పిపోయిన గ్రామాలు: {{blocks}}.,ಕೆಲಸದ ಸ್ಥಳದ ಅಗತ್ಯವಿದೆ. ದಯವಿಟ್ಟು ಎಲ್ಲಾ ಬ್ಲಾಕ್‌ಗಳಿಗೂ ಗ್ರಾಮಗಳನ್ನು ಆಯ್ಕೆಮಾಡಿ. {{ಬ್ಲಾಕ್‌ಗಳು}} ನಲ್ಲಿ ಕಾಣೆಯಾದ ಗ್ರಾಮಗಳು.,வேலை செய்யும் இடம் தேவை. பின்வரும் வட்டங்களிலிருந்து ஊர்கள் தேர்வு செய்யப்படவில்லை: {{blocks}}.,કાર્યસ્થળ જરૂરી છે. કૃપા કરીને બધા બ્લોક્સ માટે ગામો પસંદ કરો. નીચેના બ્લોક્સમાં ગામો ગુમ છે: {{blocks}},کام کرنے کی جگہ درکار ہے۔ براہ کرم تمام بلاکس کے لیے گاؤں کا انتخاب کریں۔ لاپتہ دیہات میں: {{blocks}}۔
MOBILIZER,,WORKING_LOCATION_REQUIRED_AT_LEAST_ONE,Working location is required. Please select at least one village in all blocks.,कामाचे ठिकाण आवश्यक आहे. कृपया सर्व ब्लॉकमध्ये किमान एक गाव निवडा.,कार्यस्थल का उल्लेख आवश्यक है। कृपया सभी ब्लॉकों में से कम से कम एक गाँव का चयन करें।,କାର୍ଯ୍ୟସ୍ଥଳ ଆବଶ୍ୟକ। ଦୟାକରି ସମସ୍ତ ବ୍ଲକରୁ ଅତି କମରେ ଗୋଟିଏ ଗ୍ରାମ ଚୟନ କରନ୍ତୁ।,పనిచేసే ప్రదేశం తప్పనిసరి. దయచేసి అన్ని బ్లాక్‌లలో కనీసం ఒక గ్రామాన్ని ఎంచుకోండి.,ಕೆಲಸದ ಸ್ಥಳದ ಅಗತ್ಯವಿದೆ. ದಯವಿಟ್ಟು ಎಲ್ಲಾ ಬ್ಲಾಕ್‌ಗಳಲ್ಲಿ ಕನಿಷ್ಠ ಒಂದು  ಗ್ರಾಮವನ್ನು ಆಯ್ಕೆಮಾಡಿ.,வேலை செய்யும் இடம் தேவை. அனைத்து வட்டங்களிலிருந்து  குறைந்தது ஒரு ஊரை தேர்வு செய்யவும்.,કાર્યસ્થળ જરૂરી છે. કૃપા કરીને બધા બ્લોકમાંથી ઓછામાં ઓછું એક ગામ પસંદ કરો.,کام کرنے کی جگہ درکار ہے۔ براہ کرم تمام بلاکس میں کم از کم ایک گاؤں منتخب کریں۔
MOBILIZER,,MOBILIZER_NAME,Mentor Name,मार्गदर्शकाचे नाव,मेंटर का नाम,ପରାମର୍ଶଦାତାଙ୍କ ନାମ,మెంటర్ పేరు,ಮೆಂಟರ್ ಹೆಸರು,வழிகாட்டியின் பெயர்,માર્ગદર્શકનું નામ,مینٹور کا نام
MOBILIZER,,NO_MOBILIZER_FOUND,No Mentor Found,कोणताही मार्गदर्शक सापडला नाही.,कोई मार्गदर्शक नहीं मिला,କୌଣସି ପରାମର୍ଶଦାତା ମିଳିଲେ ନାହିଁ,మార్గదర్శి కనుగొనబడలేదు,"ಮೆಂಟರ್ ಲಭ್ಯವಿಲ್ಲ
",வழிகாட்டி யாரும் காணப்படவில்லை,કોઈ માર્ગદર્શક મળ્યો નથી, کوئی مینٹور نہیں
MOBILIZER,,SEARCH_MOBILIZERS,Search Mentor...,मार्गदर्शक शोधा...,मार्गदर्शक खोजें...,ପରାମର୍ଶଦାତା ଖୋଜନ୍ତୁ...,మెంటర్‌ను వెతకండి...,ಮೆಂಟರ್ ಅನ್ನು ಹುಡುಕಿ...,வழிகாட்டியைத் தேடுங்கள்...,માર્ગદર્શક શોધો...,مینٹر تلاش کریں...
,,UNIT_NAME,Unit Name,युनिटचे नाव,यूनिट नाम,ୟୁନିଟ ନାମ,యూనిట్ పేరు,ಯುನಿಟ್ ಹೆಸರು,யூனிட் பெயர்,યુનિટ નું નામ,یونٹ کا نام
,,TYPE_OF_CENTER,Type of Center,केंद्राचा प्रकार,केंद्र का प्रकार,କେନ୍ଦ୍ରର ପ୍ରକାର,కేంద్రం రకం,ಕೇಂದ್ರದ ಪ್ರಕಾರ,மையத்தின் வகை,કેન્દ્રનો પ્રકાર,مرکز کی قسم
,,GOOGLE MAP_LINK,Google Map Link,गूगल मॅप लिंक,गूगल मैप लिंक,ଗୁଗଲ୍ ମ୍ୟାପ୍ ଲିଙ୍କ୍,గూగుల్ మ్యాప్ లింక్,Google Map ಲಿಂಕ್,கூகிள் வரைபட இணைப்பு,ગુગલ મેપ લિંક,گوگل میپ لنک
,,MY_MAIN_SUBJECTS,Main subjects,मुख्य विषय,मुख्य विषय,ମୋ ମୁଖ୍ୟ  ବିଷୟଗୁଡିକ,నా ప్రధాన విషయాలు,ನನ್ನ ಮುಖ್ಯ ವಿಷಯಗಳು,என் முக்கிய பாடங்கள்,મારા મુખ્ય વિષયો,اہم مضامین
,,LIFE_SKILLS,Life Skills,जीवन कौशल्ये,जीवन कौशल,ଜୀବନ କୌଶଳ,జీవన నైపుణ్యాలు,ಜೀವನ ಕೌಶಲ್ಯಗಳು,வாழ்க்கைத் திறன்கள்,લાઈફ સ્કીલ્સ,زندگی کی مہارتیں
,,ENGLISH,English,इंग्रजी,अंग्रेजी,ଇଂରାଜୀ,ఇంగ్లీష్,ಇಂಗ್ಲಿಷ್,ஆங்கிலம்,ઈંગ્લીશ,انگلش
,,HOME_SCIENCE,Home Science,घर विज्ञान,गृह विज्ञान,ଗୃହ ବିଜ୍ଞାନ,హోమ్ సైన్స్,ಗೃಹ ವಿಜ್ಞಾನ,ஹோம் சயின்ஸ்,હોમ સાયન્સ,ہوم سائنس
,,MATH,Math,गणित,गणित,ଗଣିତ,మ్యాథ్,ಗಣಿತ,கணக்கு,ગણિત,ریاضی
,,LANGUAGE,Language,भाषा,भाषा,ଭାଷା,భాష,ಭಾಷೆ,மொழி,ભાષા,زبان
,,SCIENCE,Science,विज्ञान,विज्ञान,ବିଜ୍ଞାନ,సైన్స్,ವಿಜ್ಞಾನ,அறிவியல்,વિજ્ઞાન,سائنس
,,SOCIAL_SCIENCE,Social Science,सामाजिक विज्ञान,सामाजिक विज्ञान,ସାମାଜିକ ବିଜ୍ଞାନ,సాంఘిక శాస్త్రం,ಸಮಾಜ ವಿಜ್ಞಾನ,சமூக அறிவியல்,સામાજિક વિજ્ઞાન,سوشل سائنس
,,SUBJECTS_I_TEACH,Subject I Teach,मी शिकवतो तो विषय,मैं जो विषय पढ़ाता हूँ,ମୁଁ ଶିକ୍ଷା ଦେଉଥିବା ବିଷୟଗୁଡ଼ିକ |,నేను బోధించే విషయాలు,ನಾನು ಕಲಿಸುವ ವಿಷಯಗಳು,நான் கற்பிக்கும் பாடங்கள்,મારા દ્વારા શીખવવામાં આવેલ વિષયો,مضمون جو میں پڑھاتا ہوں۔
,,MOTHER_NAME,Mother Name,आईचे नाव,माता का नाम,ମାତାଙ୍କ ନାମ,తల్లి పేరు,ತಾಯಿಯ ಹೆಸರು,தாயின் பெயர்,માતાનું નામ,ماں کا نام
,,HIGHEST_EDCATIONAL_QUALIFICATION_OR_LAST_PASSED_GRADE,Highest Educational Qualification or Last Passed Grade,उच्च शैक्षणिक पात्रता किंवा शेवटचा उत्तीर्ण वर्ग,उच्चतम शैक्षिक योग्यता या अंतिम उत्तीर्ण कक्षा,ସର୍ବାଧିକ ଶିକ୍ଷାଗତ ଯୋଗ୍ୟତା କିମ୍ବା ଶେଷ ହୋଇଥିବା ଶ୍ରେଣୀ,అత్యధిక విద్యా అర్హత లేదా చివరిగా ఉత్తీర్ణత పొందిన గ్రేడ్,ಉನ್ನತ ಶೈಕ್ಷಣಿಕ ಅರ್ಹತೆ ಅಥವಾ ಕೊನೆಯದಾಗಿ ಉತ್ತೀರ್ಣಗೊಂಡ ಗ್ರೇಡ್,உயர்ந்த கல்வித் தகுதி அல்லது கடைசியாக தேர்ச்சி பெற்ற வகுப்பு,ઉચ્ચતમ શૈક્ષણિક યોગ્યતા અથવા છેલ્લું પાસ થયેલ ગ્રેડ,اعلیٰ ترین تعلیمی قابلیت یا آخری پاس شدہ گریڈ
,,MARITAL_STATUS,Marital Status,विवाहिक स्थिती,वैवाहिक स्थिति,ବୈବାହିକ ସ୍ଥିତି,వైవాహిక స్థితి,ವೈವಾಹಿಕ ಸ್ಥಿತಿ,திருமண நிலை,વૈવાહિક સ્થિતિ,ازدواجی حیثیت
,,TYPE_OF_PHONE_AVAILABLE,Type of Phone Available,उपलब्ध फोनचा प्रकार,उपलब्ध फोन का प्रकार,ଉପଲବ୍ଧ ଫୋନ୍ ପ୍ରକାର,అందుబాటులో ఉన్న ఫోన్ రకం,ಲಭ್ಯವಿರುವ ಫೋನ್ ಪ್ರಕಾರ,கிடைக்கும் தொலைபேசி வகை,ફોનનો પ્રકાર ઉપલબ્ધ છે,دستیاب فون کی قسم
,,SMARTPHONE,Smartphone,स्मार्टफोन,स्मार्टफोन,ସ୍ମାର୍ଟଫୋନ୍,స్మార్ట్‌ఫోన్,ಸ್ಮಾರ್ಟ್ ಫೋನ್,ஸ்மார்ட்போன்,સ્માર્ટફોન,اسمارٹ فون
,,KEYPAD,Keypad,कीपॅड,कीपैड,କୀପ୍ୟାଡ୍,కీప్యాడ్,ಕೀಪ್ಯಾಡ್ ,கீபேட்,કીપેડ,کی پیڈ
,,DOES_THIS_PHONE_BELONG_TO_YOU,Does This Phone Belong to You?,हा फोन तुमचा आहे का?,क्या यह फोन आपके पास है?,ଏହି ଫୋନ କ’ଣ ଆପଣଙ୍କର?,ఈ ఫోన్ మీదేనా?,ಈ ಫೋನ್ ನಿಮ್ಮದೇ?,இந்த தொலைபேசி உங்களுடையதா?,શું આ ફોન તમારો છે?,کیا یہ فون آپ کا ہے؟
,,YES,Yes,होय,हाँ,ହଁ,అవును,ಹೌದು,ஆம்,હા,جی ہاں
,,NO,No,नाही,नहीं,ନାହିଁ,కాదు,ಇಲ್ಲ,இல்லை,ના,نہیں
,,confirm_password,Confirm Password,पासवर्ड पुष्टी करा,पासवर्ड की पुष्टि करें,ପାସୱାର୍ଡ ନିଶ୍ଚିତ କରନ୍ତୁ,పాస్‌వర్డ్‌ను నిర్ధారించండి,ಪಾಸ್‌ವರ್ಡ್ ದೃಢೀಕರಿಸಿ,கடவுச்சொல்லை உறுதிப்படுத்தவும்,પાસવર્ડની પુષ્ટિ કરો,پاس ورڈ کی تصدیق کریں۔
,,USERNAME,Username,वापरकर्तानाव,उपयोगकर्ता नाम,ୟୁଜରଙ୍କ  ନାମ,యూజర్‌నేమ్,ಯೂಸರ್ ಹೆಸರು,பயனர் பெயர்,વપરાશકર્તા નામ,صارف نام
,,NAME_OF_GUARDIAN,Name of Guardian,पालकाचे नाव,अभिभावक का नाम,ଅଭିଭାବକଙ୍କ ନାମ,సంరక్షకుని పేరు,ಪಾಲಕರ ಹೆಸರು,பாதுகாவலரின் பெயர்,વાલીનું નામ,سرپرست کا نام
,,RELATION_WITH_GUARDIAN,Relation with Guardian,पालकाशी नाते,अभिभावक के साथ संबंध,ଅଭିଭାବକଙ୍କ ସହ ସମ୍ପର୍କ,సంరక్షకునితో సంబంధం,ಪಾಲಕರೊಂದಿಗಿನ ಸಂಬಂಧ,பாதுகாவலருடனான உறவு,વાલી સાથેનો સંબંધ,سرپرست کے ساتھ تعلق
,,PARENT_GUARDIAN_PHONE_NO,Parent/Guardian Phone No,पालक/संरक्षक फोन नंबर,अभिभावक/पालक का फोन नंबर,ପିତାମାତା/ଅଭିଭାବକଙ୍କ ଫୋନ ନମ୍ବର,తల్లిదండ్రులు/సంరక్షకుల ఫోన్ నంబర్,ಪೋಷಕ/ಪಾಲಕರ ಫೋನ್ ಸಂಖ್ಯೆ,பெற்றோர்/பாதுகாவலர் தொலைபேசி எண்,માતા-પિતા/વાલીનો ફોન નંબર,والدین/سرپرست کا فون نمبر
,,WHAT_IS_YOUR_PREFERRED_MODE_OF_LEARNING,What is Your Preferred Mode of Learning?,तुमचा शिकण्याचा प्राधान्य मोड काय आहे?,आपकी पसंदीदा अध्ययन विधि क्या है?,ଆପଣଙ୍କ ପସନ୍ଦର ଶିକ୍ଷା ଧାରା କଣ?,మీకు ఇష్టమైన అభ్యాస విధానం ఏమిటి?,ನಿಮ್ಮ ಆದ್ಯತೆಯ ಕಲಿಕೆಯ ವಿಧಾನ ಯಾವುದು?,உங்களுக்கு விருப்பமான கற்றல் முறை என்ன?,તમારું પસંદીદા શિક્ષણ મોડ શું છે?,آپ کا پسندیدہ مطالعہ کا طریقہ کیا ہے؟
,,REASON_FOR_DROP_OUT_FROM_SCHOOL,Reason for drop out from School,शाळेपासून ड्रॉपआउट होण्याचे कारण,स्कूल छोड़ने का कारण,ବିଦ୍ୟାଳୟରୁ ଡ୍ରପଆଉଟ ହେବାର  କାରଣ,బడి మానేయడానికి గల కారణం,ಶಾಲೆಯಿಂದ ಹೊರಗುಳಿಯಲು ಕಾರಣ,பள்ளியில் இருந்து டிராப்-அவுட் ஆனதற்கான காரணம்,શાળા છોડવાનું કારણ,اسکول چھوڑنے کی وجہ
,,ARE_YOU_CURRENTLY_WORKING_IF_YES_CHOOSE_THE_DOMAIN,"Are You Currently Working? If Yes, Choose the Domain","तुम्ही सध्या काम करत आहात का? होय असल्यास, क्षेत्र निवडा","क्या आप वर्तमान में काम कर रहे हैं? यदि हाँ, तो क्षेत्र चुनें","ଆପଣ ବର୍ତ୍ତମାନ କାମ କରୁଛନ୍ତି କି? ଯଦି ହଁ, ତେବେ କ୍ଷେତ୍ର  ଚୟନ କରନ୍ତୁ","మీరు ప్రస్తుతం పని చేస్తున్నారా? అవును అయితే, డొమైన్‌ను ఎంచుకోండి","ನೀವು ಪ್ರಸ್ತುತ ಕೆಲಸ ಮಾಡುತ್ತಿದ್ದೀರಾ? ಹೌದಾದರೆ, ಡೊಮೇನ್ ಆಯ್ಕೆಮಾಡಿ","நீங்கள் தற்போது வேலை செய்கிறீர்களா? ஆம் எனில், டொமைனைத் தேர்ந்தெடு","શું તમે હાલમાં કામ કરી રહ્યા છો? જો હા, તો ડોમેન પસંદ કરો",کیا آپ فی الحال کام کر رہے ہیں؟ اگر ہاں، تو ڈومین کا انتخاب کریں۔
,,WHAT_DO_YOU_WANT_TO_BECOME,What do you want to become?,तुम्ही काय बनू इच्छिता?,आप क्या बनना चाहते हैं?,ଆପଣ କ’ଣ ହେବାକୁ ଚାହୁଁଛନ୍ତି?,మీరు ఏమవ్వాలనుకుంటున్నారు?,ನೀವು ಏನಾಗಲು ಬಯಸುತ್ತೀರಿ?,நீங்கள் என்ன ஆக விரும்புகிறீர்கள்?,તમે શું બનવા માંગો છો?,آپ کیا بننا چاہتے ہیں؟
,,CENTER:,Center:,केंद्र:,केंद्र:,ସେଣ୍ଟର ,కేంద్రం:,ಸೆಂಟರ್ ,மையம்:,સેન્ટર ,سینٹر
,,District,District,जिल्हा,जिला,ଜିଲ୍ଲା,జిల్లా,ಜಿಲ್ಲೆ,மாவட்டம்,જિલ્લો,ضلع
,,State,State,राज्य,राज्य,ରାଜ୍ୟ,రాష్ట్రం,ರಾಜ್ಯ,மாநிலம்,રાજ્ય,ریاست
,,Village,Village,गाव,गांव,ଗାଁ,గ్రామం,ಗ್ರಾಮ,கிராமம்,ગામ,گاؤں
,,CENTER,Center,केंद्र:,केंद्र,ସେଣ୍ଟର,సెంటర్,ಸೆಂಟರ್,மையம்,સેન્ટર,مرکز
,,BOARD,Board,बोर्ड,बोर्ड,ବୋର୍ଡ,బోర్డు,ಬೋರ್ಡ್,போர்டு,બોર્ડ,بورڈ
,,MEDIUM,Medium,माध्यम,माध्यम,ମାଧ୍ୟମ,మీడియం (లేదా మాధ్యమం),ಮಾಧ್ಯಮ,மீடியம்,માધ્યમ,میڈیم
,,GRADE,Grade,ग्रेड,कक्षा,ଶ୍ରେଣୀ,గ్రేడ్ (లేదా తరగతి),ತರಗತಿ,வகுப்பு,ધોરણ,گریڈ
,,REGULAR,Regular,सामान्य,नियमित,ସାଧାରଣ,రెగ్యులర్,ರೆಗ್ಯುಲರ್ ,ரெகுலர்,નિયમિત,باقاعدہ
,,REMOTE,Remote,दूरदर्शन,दूरस्थ,ଦୂରସ୍ଥ,రిమోట్,ರಿಮೋಟ್,ரிமோட்,રીમોટ,ریموٹ
,,IS_VOLUNTEER,Is Volunteer,स्वयंसेवक आहे,क्या यह स्वयंसेवक है?,ସ୍ଵେଚ୍ଛାସେବକ କି?,స్వచ్ఛంద సేవకుడు,ಸ್ವಯಂಸೇವಕರಾಗಿದ್ದರೆ ,தன்னார்வத் தொண்டர்,સ્વયંસેવક છે, کیا یہ والنٹیر ہے؟
,,FIRST_NAME,First Name,प्रथम नाव,पहला नाम,ପ୍ରଥମ ନାମ,మొదటి పేరు,ಮೊದಲ ಹೆಸರು,முதல் பெயர்,પ્રથમ નામ,پہلا نام
,,middle_name,Middle Name,मधले नाव,मध्यम नाम,ମଧ୍ୟମ ନାମ,మధ్య పేరు,ಮಧ್ಯದ ಹೆಸರು,இடைப்பெயர் ,મધ્ય નામ,درمیانی نام
,,last_name,Last Name,आखिरी नाव,अंतिम नाम,ଶେଷ ନାମ,చివరి పేరు,ಕೊನೆಯ ಹೆಸರು,கடைசி பெயர்,અટક,آخری نام
,,WHATS_YOUR_GENDER,Gender,लिंग,लिंग,ଲିଙ୍ଗ,లింగం, ಲಿಂಗ,பாலினம்,લિંગ,جنس
,,WORKING_STATE,Working State,कार्यरत स्थिती,कार्यशील अवस्था,କାର୍ଯ୍ୟରତ ରାଜ୍ୟ,పని చేసే స్థితి,ಕೆಲಸ ಮಾಡುತ್ತಿರುವ ರಾಜ್ಯ,செயல்பாட்டு நிலை,કાર્યરત રાજ્ય ,کام کرنے والی  ریاست
,,MALE,Male,पुरुष,पुरुष,ପୁରୁଷ,పురుషుడు,ಗಂಡು,ஆண்,પુરુષ,مرد
,,FEMALE,Female,महिला,महिला,ମହିଳା,స్త్రీ,ಹೆಣ್ಣು,பெண்,સ્ત્રી,خاتون
,,TRANSGENDER,Transgender,ट्रांसजेंडर,ट्रांसजेंडर,ଟ୍ରାନ୍ସଜେଣ୍ଡର,ట్రాన్స్‌జెండర్,ಟ್ರಾನ್ಸ್‌ಜೆಂಡರ್,திருநங்கை,ટ્રાન્સજેન્ડર,ٹرانس جینڈر
,,phone_number,Phone Number,फोन नंबर,फोन नंबर,ଫୋନ ନମ୍ବର,ఫోన్ నంబర్,ಫೋನ್ ಸಂಖ್ಯೆ,தொலைபேசி எண்,ફોન નંબર,فون نمبر
,,first_name,First Name,पहिले नाव,पहला नाम,ପ୍ରଥମ ନାମ,మొదటి పేరు,ಮೊದಲ ಹೆಸರು,முதல் பெயர்,પ્રથમ નામ,پہلا نام
,,WORKING_LOCATION,Working Location,कामाचे ठिकाण,कार्यस्थल,କାର୍ଯ୍ୟସ୍ଥଳୀ ଲୋକେସନ୍,పనిచేసే ప్రదేశం,ಕಾರ್ಯ ಸ್ಥಳ,பணிபுரியும் இடம்,કાર્યસ્થળ,کام کرنے کی جگہ
,,CATCHMENT_AREA,Catchment Area,पाणलोट क्षेत्र,जलग्रह - क्षेत्र,କାର୍ଯ୍ୟପରିସର ଅଞ୍ଚଳ,క్యాచ్‌మెంట్ ఏరియా,ಕ್ಯಾಚ್ಮೆಂಟ್ ಏರಿಯಾ ,கேட்ச்மென்ட் பகுதி,કેચમેન્ટ એરિયા,کیچمنٹ ایریا
COMMON,,MAP_NEW,Map New,नवीन नकाशित करा,नया जोड़ें / नया मैप करें,ନୂତନ ମ୍ୟାପ୍,కొత్త మ్యాప్ ,ಹೊಸದನ್ನು ಜೋಡಿಸಿ,புதியதை மேப் செய்யவும்,નવું મેપ કરો,نیا میپ کریں
COMMON,,COPY_REGISTRATION_LINK,Copy Registration Link,नोंदणी लिंक कॉपी करा,रजिस्ट्रेशन लिंक कॉपी करें,ପଞ୍ଜିକରଣ ଲିଙ୍କ୍ କପି କରନ୍ତୁ,రిజిస్ట్రేషన్ లింక్‌ను కాపీ చేయండి,ನೋಂದಣಿ ಲಿಂಕ್ ಅನ್ನು ಕಾಪಿ ಮಾಡಿ,பதிவு லிங்கை நகலெடுக்கவும்,નોંધણી લિંક કોપી કરો,رجسٹریشن لنک کاپی کریں۔
COMMON,,LINK_COPIED,Link Copied!,लिंक कॉपी झाली आहे!,लिंक कॉपी हो गया!,ଲିଙ୍କ୍ କପି କରାଯାଇଛି!,లింక్ కాపీ చేయబడింది!,ಲಿಂಕ್ ಕಾಪಿ ಮಾಡಲುಾಗಿದೆ,லிங்க் காப்பி செய்யப்பட்டது!,લિંક કોપી થઈ ગઈ!,لنک کاپی ہو گیا!
COMMON,,SWITCH_ACCOUNT,Switch Account,खाते बदला,अकाउंट बदलें,ଆକାଉଣ୍ଟ ବଦଳାନ୍ତୁ,ఖాతాను మార్చండి,ಖಾತೆಯನ್ನು ಬದಲಾಯಿಸಿ,கணக்கை மாற்றவும்,એકાઉન્ટ સ્વિચ કરો/બદલો,اکاؤنٹ سوئچ کریں۔
COMMON,,MANAGER_DASHBOARD,Manager Dashboard,व्यवस्थापक डॅशबोर्ड,मैनेजर डैशबोर्ड,ପରିଚାଳକ ଡ୍ୟାସବୋର୍ଡ,మేనేజర్ డాష్‌బోర్డ్,ಮ್ಯಾನೇಜರ್ ಡ್ಯಾಶ್‌ಬೋರ್ಡ್,மேனேஜர் டாஷ்போர்டு,મેનેજર ડેશબોર્ડ,مینیجر ڈیش بورڈ
COMMON,,TRY_AGAIN,Try Again,पुन्हा प्रयत्न करा,फिर से कोशिश करें,ପୁଣି ଚେଷ୍ଟା କରନ୍ତୁ,మళ్ళీ ప్రయత్నించండి,ಮತ್ತೆ ಪ್ರಯತ್ನಿಸಿ,மீண்டும் முயற்சி செய்யவும்,ફરી પ્રયાસ કરો,دوبارہ کوشش کریں۔
COMMON,,DOWNLOAD,Download,डाउनलोड करा,डाउनलोड करना,ଡାଉନଲୋଡ୍ କରନ୍ତୁ,డౌన్‌లోడ్,ಡೌನ್‌ಲೋಡ್,பதிவிறக்கம்,ડાઉનલોડ કરો,ڈونلوڈ 
LOGIN_PAGE,,SET_PASSWORD,Set Password,पासवर्ड सेट करा,पासवर्ड सेट करें,ପାସୱାର୍ଡ ସେଟ୍ କରନ୍ତୁ,పాస్‌వర్డ్‌ను సెట్ చేయండి,ಪಾಸ್‌ವರ್ಡ್ ಹೊಂದಿಸಿ,பாஸ்வேர்டை அமைக்கவும்,પાસવર્ડ સેટ કરો,پاس ورڈ سیٹ کریں۔
FORM,,BELONG_TO,belongs to,संबंधित आहे,से जुड़ा है,ର ଅନ୍ତର୍ଗତ,చెందినది,ಸೇರಿದೆ,சேர்ந்துள்ளது,થી સંબંધિત,سے تعلق رکھتا ہے
FORM,,WAS_BELONG_TO,was belonging to,संबंधित होता/होती,पहले जुड़ा हुआ था,ଅନ୍ତର୍ଗତ ଥିଲା,దేనికి చెందింది ,ಸೇರಿತ್ತು,சேர்ந்திருந்தது,થી સંબંધિત હતા,سے تعلق رکھتا تھا
FORM,,DO_YOU_WANT_TO_DELETE,Do you want to delete this user?,तुम्हाला हा वापरकर्ता हटवायचा आहे का?,क्या आप इस यूज़र को हटाना चाहते हैं?,ଆପଣ ଏହି ୟୁଜରଙ୍କୁ ଡିଲିଟ୍ କରିବାକୁ ଚାହୁଁଛନ୍ତି କି?,మీరు ఈ వినియోగదారుని తొలగించాలనుకుంటున్నారా?,ನೀವು ಈ ಯೂಸರ್ ನ್ನು ಅಳಿಸಲು ಬಯಸುವಿರಾ?,இந்த பயனரை நீக்க விரும்புகிறீர்களா?,તમે આ વપરાશકર્તાને ડિલીટ કરવા માંગો છો?,کیا آپ اس یوزر کو حذف کرنا چاہتے ہیں؟
YOUTHNET_USERS_AND_VILLAGES,,NO_STATES_FOUND,No States found,राज्ये आढळली नाहीत,कोई राज्य नहीं मिला,କୌଣସି ରାଜ୍ୟ ମିଳିଲା ନାହିଁ,రాష్ట్రాలు ఏవీ కనుగొనబడలేదు,ಯಾವುದೇ ರಾಜ್ಯಗಳು ಕಂಡುಬಂದಿಲ್ಲ,மாநிலங்கள் எதுவும் இல்லை,કોઈ રાજ્ય મળ્યું નથી,کوئی ریاستیں نہیں ملی
YOUTHNET_USERS_AND_VILLAGES,,NO_DISTRICTS_FOUND,No Districts found,जिल्हे आढळले नाहीत,कोई जिला नहीं मिला,କୌଣସି ଜିଲ୍ଲା ମିଳିଲା ନାହିଁ,జిల్లాలు ఏవీ కనుగొనబడలేదు,ಯಾವುದೇ ಜಿಲ್ಲೆಗಳು ಕಂಡುಬಂದಿಲ್ಲ.,மாவட்டங்கள் எதுவும் இல்லை,કોઈ જિલ્લા મળેલ નથી,کوئی ضلع نہیں ملا
YOUTHNET_USERS_AND_VILLAGES,,NO_BLOCKS_FOUND,No Blocks found,तालुके आढळले नाहीत,कोई ब्लॉक नहीं मिला,କୌଣସି ବ୍ଲକ ମିଳିଲା ନାହିଁ,బ్లాక్‌లు ఏవీ కనుగొనబడలేదు,ಯಾವುದೇ  ತಾಲ್ಲೂಕುಗಳು ಕಂಡುಬಂದಿಲ್ಲ,வட்டங்கள் எதுவும் இல்லை,કોઈ તાલુકા મળેલ નથી,کوئی بلاکس نہیں ملے
YOUTHNET_USERS_AND_VILLAGES,,NO_VILLAGES_FOUND,No Villages found,गावे आढळली नाहीत,कोई गांव नहीं मिला,କୌଣସି ଗ୍ରାମ ମିଳିଲା ନାହିଁ,గ్రామాలు ఏవీ కనుగొనబడలేదు,ಯಾವುದೇ ಗ್ರಾಮಗಳು  ಕಂಡುಬಂದಿಲ್ಲ,கிராமங்கள் எதுவும் இல்லை,કોઈ ગામ મળેલ નથી,کوئی گاؤں نہیں ملا
MENTOR,,VILLAGES_REASSIGNED_SUCCESSFULLY,Villages re-assigned successfully,गावे यशस्वीरित्या पुनःनियुक्त करण्यात आली आहेत,गांव सफलतापूर्वक फिर से आवंटित कर दिए गए,ଗ୍ରାମଗୁଡ଼ିକୁ ସଫଳତାର ସହ ପୁନଃନିଯୁକ୍ତ କରାଯାଇଛି,గ్రామాల పునః కేటాయింపు విజయవంతంగా జరిగింది,ಗ್ರಾಮಗಳನ್ನು ಯಶಸ್ವಿಯಾಗಿ ಮರು ನಿಯೋಜಿಸಲಾಗಿದೆ.,கிராமங்கள் வெற்றிகரமாக மாற்றப்பட்டன,ગામ સફળતાપૂર્વક અસાઇન કરવામાં આવ્યા,دیہات کو کامیابی کے ساتھ دوبارہ تفویض کیا گیا۔
AI,,EXPLANATION,Explanation:,स्पष्टीकरण:,व्याख्या:,ବ୍ୟାଖ୍ୟା:,వివరణ:,ವಿವರಣೆ:,விளக்கம்:,સમજૂતી,وضاحت:
AI,,SEE_LESS,See less,कमी दाखवा,कम देखें,କମ୍ ଦେଖନ୍ତୁ,తక్కువ చూడండి,ಕಡಿಮೆ ನೋಡಿ,குறைவாக பார்க்கவும்,થોડું જુઓ,کم دیکھیں
AI,,SEE_MORE,See more,अधिक दाखवा,और देखें,ଅଧିକ ଦେଖନ୍ତୁ,మరిన్ని చూడండి,ಇನ್ನಷ್ಟು ನೋಡಿ,மேலும் பார்க்கவும்,વધુ જુઓ,مزید دیکھیں
AI,,MARKS_LABEL,Marks:,गुण:,अंक :,ଚିହ୍ନ:,మార్కులు:,ಅಂಕಗಳು:,மதிப்பெண்கள்:,માર્કસ,نشانات:
AI,,APPROVE_MARKS_NOTIFY_LEARNER,Approve Marks & Notify Learner,गुण मंजूर करा आणि शिकणाऱ्याला सूचना द्या.,अंक अप्रूव करें और लर्नर को सूचना दें,ମାର୍କ ଅନୁମୋଦନ କରନ୍ତୁ ଏବଂ ଶିକ୍ଷାର୍ଥୀଙ୍କୁ ସୂଚିତ କରନ୍ତୁ,"మార్కులను ఆమోదించి, అభ్యాసకుడికి తెలియజేయండి",ಅಂಕಗಳನ್ನು ಅನುಮೋದಿಸಿ ಮತ್ತು ಕಲಿಯುವವರಿಗೆ ಸೂಚಿಸಿ,மதிப்பெண்களை ஒப்புதல் அளித்து மாணவர்களுக்கு தகவல் அனுப்பவும்,માર્ક્સ મંજૂર કરો અને લર્નરને સૂચિત કરો,مارکس کو منظور کریں اور لرنر کو مطلع کریں۔
AI,,NO_ASSESSMENT_DATA,No assessment data available,मूल्यमापनाची कोणतीही माहिती उपलब्ध नाही,मूल्यांकन से जुड़ा कोई डेटा उपलब्ध नहीं है,କୌଣସି ମୂଲ୍ୟାଙ୍କନ ଡାଟା ଉପଲବ୍ଧ ନାହିଁ,అంచనా డేటా అందుబాటులో లేదు,ಯಾವುದೇ ಮೌಲ್ಯಮಾಪನ ಡೇಟಾ ಲಭ್ಯವಿಲ್ಲ.,மதிப்பீட்டு தரவு இல்லை,કોઈ મૂલ્યાંકન ડેટા ઉપલબ્ધ નથી,کوئی تشخیصی ڈیٹا دستیاب نہیں ہے۔
AI,,CHECK_IF_COMPLETED,Please check if the assessment has been completed and try again.,कृपया तपासा की मूल्यमापन पूर्ण झाले आहे का आणि पुन्हा प्रयत्न करा.,"कृपया जांच लें कि टेस्ट पूरा हुआ है या नहीं, फिर दोबारा कोशिश करें।",ମୂଲ୍ୟାଙ୍କନ ସମ୍ପୂର୍ଣ୍ଣ ହୋଇଛି କି ନାହିଁ ଯାଞ୍ଚ କରନ୍ତୁ ଏବଂ ପୁଣି ଚେଷ୍ଟା କରନ୍ତୁ।,"దయచేసి అసెస్‌మెంట్ పూర్తయిందో లేదో తనిఖీ చేసి, మళ్లీ ప్రయత్నించండి.",ಮೌಲ್ಯಮಾಪನ ಪೂರ್ಣಗೊಂಡಿದೆಯೇ ಎಂದು ಪರಿಶೀಲಿಸಿ ಮತ್ತು ಮತ್ತೆ ಪ್ರಯತ್ನಿಸಿ.,மதிப்பீடு முடிந்ததா என்பதை சரிபார்த்து மீண்டும் முயற்சி செய்யவும்,કૃપા કરીને તપાસો કે મૂલ્યાંકન પૂર્ણ થયું છે કે નહીં અને ફરી પ્રયાસ કરો.,براہ کرم چیک کریں کہ آیا تشخیص مکمل ہو گیا ہے اور دوبارہ کوشش کریں۔
AI,,AI_ASSESSMENT_REPORT,AI Assessment Report,एआय मूल्यमापन अहवाल,AI मूल्यांकन रिपोर्ट,AI ମୂଲ୍ୟାଙ୍କନ ରିପୋର୍ଟ,AI మదింపు నివేదిక,AI ಮೌಲ್ಯಮಾಪನ ವರದಿ,AI மதிப்பீட்டு அறிக்கை,AI મૂલ્યાંકન રિપોર્ટ,اے آئی اسسمنٹ رپورٹ
AI,,DATE_LABEL,Date,दिनांक,तारीख,ତାରିଖ,తేదీ,ದಿನಾಂಕ,தேதி,તારીખ,تاریخ
AI,,STUDENT_NAME,Student Name,विद्यार्थ्याचे नाव,छात्र का नाम,ଛାତ୍ରଙ୍କ ନାମ,విద్యార్థి పేరు,ವಿದ್ಯಾರ್ಥಿಯ ಹೆಸರು,மாணவர் பெயர்,વિધ્યાર્થીનું નામ,طالب علم کا نام
AI,,TOTAL_SCORE,Total Score,एकूण गुण,कुल अंक,ମୋଟ ସ୍କୋର୍,మొత్తం స్కోరు,ಒಟ್ಟು ಅಂಕ,மொத்த மதிப்பெண்,કુલ સ્કોર,کل سکور
AI,,PERCENTAGE,Percentage,टक्केवारी,प्रतिशत,ଶତକଡା,శాతం,ಶೇಕಡ,சதவீதம்,ટકા,فیصد
AI,,STUDENT_ANSWER,Student Answer,विद्यार्थ्याचे उत्तर,छात्र का उत्तर,ଛାତ୍ରଙ୍କ ଉତ୍ତର,విద్యార్థి సమాధానం,ವಿದ್ಯಾರ್ಥಿಯ ಉತ್ತರ,மாணவர் பதில்,વિધર્થીના જવાબ,طالب علم کا جواب
AI,,AI_EXPLANATION_LABEL,AI Explanation,एआय स्पष्टीकरण,AI द्वारा व्याख्या (रिस्पांस),AI ବ୍ୟାଖ୍ୟା,AI వివరణ,AI ವಿವರಣೆ,AI விளக்கம்,AI  સમજૂતી,AI وضاحت
AI,,GENERATED_ON,Generated on {{date}},तयार केलेले दिनांक: {{date}},{{date}} को तैयार किया गया,{{date}} ରେ ସୃଷ୍ଟି ହୋଇଛି,{{date}} న రూపొందించబడింది,{{date}} ರಂದು ರಚಿಸಲಾಗಿದೆ,உருவாக்கப்பட்ட தேதி: {{date}},{{date}} ના રોજ જનરેટ કરેલ,{{date}} کو تیار کیا گیا
AI,,PAGE_LABEL,Page {{pageNumber}} of {{totalPages}},पृष्ठ {{pageNumber}} पैकी {{totalPages}},पेज {{pageNumber}} / {{totalPages}},{{totalPages}} ମଧ୍ୟରୁ {{pageNumber}} ପୃଷ୍ଠା,{{totalPages}} లోని {{pageNumber}}వ పేజీ,ಪುಟ {{totalPages}} ದಲ್ಲಿ { pageNumber}},பக்கம் {{pageNumber}} / {{totalPages}},{{totalPages}} માંથી {{pageNumber}} પાનું,صفحہ {{pageNumber}} از {{totalPages}}
AI,,TAKE_PHOTO,Take Photo,फोटो काढा,फोटो लें,ଫଟୋ ଉଠାନ୍ତୁ,ఫోటో తీయండి,ಫೋಟೋ ತೆಗೆಯಿರಿ,புகைப்படம் எடுக்கவும்,ફોટો પાડો,تصویر لیں
AI,,LOADING_CAMERA,Loading camera...,कॅमेरा लोड होत आहे...,कैमरा लोड हो रहा है...,କ୍ୟାମେରା ଲୋଡ୍ ହେଉଛି...,కెమెరా లోడ్ అవుతోంది...,ಕ್ಯಾಮೆರಾ ಲೋಡ್ ಆಗುತ್ತಿದೆ...,கேமரா லோடாகிறது...,કૅમેરો લોડ કરી રહ્યું છે...,کیمرہ لوڈ ہو رہا ہے...
AI,,UPLOADING,Uploading...,अपलोड होत आहे...,अपलोड हो रहा है...,ଅପଲୋଡ୍ ହେଉଛି...,అప్‌లోడ్ అవుతోంది...,ಅಪ್‌ಲೋಡ್ ಮಾಡಲಾಗುತ್ತಿದೆ...,அப்லோட் ஆகிறது...,લોડ કરી રહ્યું છે...,اپ لوڈ ہو رہا ہے...
AI,,MAX_IMAGES,Max {{count}} Images,कमाल {{count}} प्रतिमा,अधिकतम {{count}} तस्वीरें,ସର୍ବାଧିକ {{count}} ପ୍ରତିଛବି,గరిష్ట {{count}} చిత్రాలు,ಲೆಕ್ಕ{{count}} ಹಾಕಿ,அதிகபட்சம் {{count}} படங்கள்,મહત્તમ {{count}} ફોટો,زیادہ سے زیادہ {{count}} تصاویر
AI,,TAKE_A_PHOTO,Take A Photo,फोटो घ्या,फोटो लें,ଗୋଟିଏ ଫଟୋ ଉଠାନ୍ତୁ,ఫోటో తీయండి,ಫೋಟೋ ತೆಗೆಯಿರಿ,புகைப்படம் எடுக்கவும்,ફોટો પાડો,ایک تصویر لیں۔
AI,,UPLOAD_A_PHOTO,Upload A Photo,फोटो अपलोड करा,फोटो अपलोड करें,ଏକ ଫଟୋ ଅପଲୋଡ୍ କରନ୍ତୁ,ఫోటోను అప్‌లోడ్ చేయండి,ಫೋಟೋ ಅಪ್‌ಲೋಡ್ ಮಾಡಿ,புகைப்படம் அப்லோட் செய்யவும்,ફોટો અપલોડ કરો,ایک تصویر اپ لوڈ کریں۔
AI,,SUBMITTING,Submitting...,सबमिट करत आहे...,सबमिट हो रहा है...,ସବମିଟ  କରାଯାଉଛି...,సమర్పిస్తోంది...,ಸಲ್ಲಿಸಲಾಗುತ್ತಿದೆ...,சமர்ப்பிக்கப்படுகிறது...,સબમિટ કરી રહ્યું છે...,جمع کر رہا ہے...
AI,,UPLOADING_FILES,Uploading Files...,फाइल्स अपलोड होत आहेत...,फाइलें अपलोड हो रही हैं...,ଫାଇଲଗୁଡ଼ିକ ଅପଲୋଡ୍ ହେଉଛି...,ఫైళ్లను అప్‌లోడ్ చేస్తోంది...,ಫೈಲ್‌ಗಳನ್ನು ಅಪ್‌ಲೋಡ್ ಮಾಡಲಾಗುತ್ತಿದೆ...,கோப்புகள் அப்லோட் ஆகின்றன...,ફાઇલો અપલોડ કરી રહ્યું છે...,فائلیں اپ لوڈ ہو رہی ہیں...
AI,,SAVE_AND_UPLOAD,Save and Upload,जतन करा आणि अपलोड करा,सेव करें और अपलोड करें,ସେଭ୍ କରି ଅପଲୋଡ୍ କରନ୍ତୁ,సేవ్ చేసి అప్‌లోడ్ చేయండి,ಸೇವ್ ಮತ್ತು ಅಪ್‌ಲೋಡ್ ಮಾಡಿ,சேமித்து அப்லோட் செய்யவும்,સેવ અને અપલોડ કરો,محفوظ کریں اور اپ لوڈ کریں۔
AI,,UPLOAD_LIMIT_EXCEEDED,You can only upload up to {{count}} images,तुम्ही फक्त {{count}} पर्यंतच फोटो अपलोड करू शकता.,आप अधिकतम {{count}} तस्वीरें ही अपलोड कर सकते हैं,ଆପଣ କେବଳ {{count}} ଟି ପର୍ଯ୍ୟନ୍ତ ଛବି ଅପଲୋଡ୍ କରିପାରିବେ।,మీరు గరిష్టంగా {{count}} చిత్రాలను మాత్రమే అప్‌లోడ్ చేయగలరు,ನೀವು (count) ಚಿತ್ರಗಳವರೆಗೆ ಮಾತ್ರ ಅಪ್‌ಲೋಡ್ ಮಾಡಬಹುದು,நீங்கள் அதிகபட்சம் {{count}} படங்கள் மட்டுமே அப்லோட் செய்யலாம்,તમે ફક્ત {{count}} ફોટો જ અપલોડ કરી શકો છો.,آپ صرف {{count}} تصاویر تک اپ لوڈ کر سکتے ہیں۔
AI,,INVALID_FILE_TYPE,"Please select valid image files (jpg, jpeg)","कृपया योग्य फोटो फाइल निवडा (jpg, jpeg).","कृपया सही इमेज फाइल (jpg, jpeg) चुनें","ଦୟାକରି ବୈଧ ଛବି ଫାଇଲ୍‌ଗୁଡ଼ିକ (jpg, jpeg) ଚୟନ କରନ୍ତୁ।","దయచేసి చెల్లుబాటు అయ్యే చిత్ర ఫైల్‌లను (jpg, jpeg) ఎంచుకోండి.","ದಯವಿಟ್ಟು ಮಾನ್ಯ ಇಮೇಜ್ ಫೈಲ್‌ಗಳನ್ನು ಆಯ್ಕೆಮಾಡಿ (jpg, jpeg)","சரியான பட கோப்புகளைத் தேர்ந்தெடுக்கவும் (jpg, jpeg)","કૃપા કરીને માન્ય ફોટો ફાઇલો (jpg, jpeg) પસંદ કરો.","براہ کرم درست تصویری فائلیں منتخب کریں (jpg, jpeg)"
AI,,FILE_SIZE_EXCEEDED,File exceeds 5MB limit. Please select a smaller file.,फाइल 5MB मर्यादेपेक्षा मोठी आहे. कृपया लहान फाइल निवडा.,फाइल 5MB से बड़ी है। कृपया छोटी फाइल चुनें।,ଫାଇଲ୍ 5MB ସୀମା ଅତିକ୍ରମ କରିଛି। ଦୟାକରି ଏକ ଛୋଟ ଫାଇଲ୍ ଚୟନ କରନ୍ତୁ।,ఫైల్ 5MB పరిమితిని మించిపోయింది. దయచేసి చిన్న ఫైల్‌ను ఎంచుకోండి.,ಫೈಲ್ 5MB ಮಿತಿಯನ್ನು ಮೀರಿದೆ. ದಯವಿಟ್ಟು ಚಿಕ್ಕ ಫೈಲ್ ಅನ್ನು ಆಯ್ಕೆಮಾಡಿ.,கோப்பு 5MB அளவை மீறுகிறது. சிறிய கோப்பைத் தேர்ந்தெடுக்கவும்,ફાઇલ 5MB ની મર્યાદા કરતાં વધુ છે. કૃપા કરીને એક નાની ફાઇલ પસંદ કરો.,فائل 5MB کی حد سے زیادہ ہے۔ براہ کرم ایک چھوٹی فائل منتخب کریں۔
AI,,IMAGES_UPLOADED_SUCCESS,Images uploaded successfully!,प्रतिमा यशस्वीरित्या अपलोड झाल्या आहेत!,तस्वीरें सफलतापूर्वक अपलोड हो गईं!,ପ୍ରତିଛବିଗୁଡିକ ସଫଳତାର ସହ ଅପଲୋଡ୍ ହୋଇଛି!,చిత్రాలు విజయవంతంగా అప్‌లోడ్ చేయబడ్డాయి!,ಚಿತ್ರಗಳನ್ನು ಯಶಸ್ವಿಯಾಗಿ ಅಪ್‌ಲೋಡ್ ಮಾಡಲಾಗಿದೆ!,படங்கள் வெற்றிகரமாக அப்லோட் செய்யப்பட்டன,ફોટો સફળતાપૂર્વક અપલોડ થઈ!,تصاویر کامیابی کے ساتھ اپ لوڈ ہو گئیں!
AI,,UPLOAD_GALLERY_FAILED,Failed to upload images from gallery. Please try again.,गॅलरीमधून प्रतिमा अपलोड करण्यात अयशस्वी. कृपया पुन्हा प्रयत्न करा.,गैलरी से तस्वीरें अपलोड नहीं हो सकीं। कृपया फिर से कोशिश करें।,ଗ୍ୟାଲେରୀରୁ ଛବିଗୁଡ଼ିକ ଅପଲୋଡ୍ କରିବାରେ ବିଫଳ ହେଲା। ଦୟାକରି ପୁଣି ଚେଷ୍ଟା କରନ୍ତୁ।,గ్యాలరీ నుండి చిత్రాలను అప్‌లోడ్ చేయడంలో విఫలమయ్యాము. దయచేసి మళ్ళీ ప్రయత్నించండి.,ಗ್ಯಾಲರಿಯಿಂದ ಚಿತ್ರಗಳನ್ನು ಅಪ್‌ಲೋಡ್ ಮಾಡಲು ವಿಫಲವಾಗಿದೆ. ದಯವಿಟ್ಟು ಮತ್ತೆ ಪ್ರಯತ್ನಿಸಿ.,கேலரியில் இருந்து படங்களை அப்லோட் செய்ய முடியவில்லை. மீண்டும் முயற்சி செய்யவும்,ગેલેરીમાંથી ફોટો અપલોડ કરવામાં નિષ્ફળ થયા. કૃપા કરીને ફરી પ્રયાસ કરો.,گیلری سے تصاویر اپ لوڈ کرنے میں ناکام۔ براہ کرم دوبارہ کوشش کریں۔
AI,,PHOTO_CAPTURED_SUCCESS,Photo captured and uploaded successfully!,फोटो काढून यशस्वीरित्या अपलोड करण्यात आला आहे!,फोटो खींचकर सफलतापूर्वक अपलोड कर दी गई है!,ଫଟୋ କ୍ୟାପଚର୍‌ ଏବଂ ସଫଳତାର ସହ ଅପଲୋଡ୍‌ କରାଯାଇଛି!,ఫోటో విజయవంతంగా తీయబడింది మరియు అప్‌లోడ్ చేయబడింది!,ಫೋಟೋ ತೆಗೆದು ಯಶಸ್ವಿಯಾಗಿ ಅಪ್‌ಲೋಡ್ ಮಾಡಲಾಗಿದೆ!,புகைப்படம் எடுத்து வெற்றிகரமாக அப்லோட் செய்யப்பட்டது,ફોટો સફળતાપૂર્વક કેપ્ચર અને અપલોડ થયો!,تصویر حاصل کی گئی اور کامیابی کے ساتھ اپ لوڈ ہو گئی!
AI,,CAMERA_UPLOAD_FAILED,Failed to upload image from camera. Please try again.,कॅमेऱ्यातून प्रतिमा अपलोड करण्यात अयशस्वी. कृपया पुन्हा प्रयत्न करा.,कैमरे से फोटो अपलोड नहीं हो सकी। कृपया फिर से कोशिश करें।,କ୍ୟାମେରାରୁ ଇମେଜ୍ ଅପଲୋଡ୍ ହୋଇପାରିଲା ନାହିଁ। ଦୟାକରି ପୁଣି ଚେଷ୍ଟା କରନ୍ତୁ।,కెమెరా నుండి చిత్రాన్ని అప్‌లోడ్ చేయడంలో విఫలమయ్యాము. దయచేసి మళ్ళీ ప్రయత్నించండి.,ಕ್ಯಾಮೆರಾದಿಂದ ಚಿತ್ರವನ್ನು ಅಪ್‌ಲೋಡ್ ಮಾಡಲು ವಿಫಲವಾಗಿದೆ. ದಯವಿಟ್ಟು ಮತ್ತೆ ಪ್ರಯತ್ನಿಸಿ.,கேமராவில் இருந்து படத்தை அப்லோட் செய்ய முடியவில்லை. மீண்டும் முயற்சி செய்யவும்,કૅમેરામાંથી ફોટો અપલોડ કરવામાં નિષ્ફળ. કૃપા કરીને ફરી પ્રયાસ કરો.,کیمرے سے تصویر اپ لوڈ کرنے میں ناکام۔ براہ کرم دوبارہ کوشش کریں۔
AI,,MISSING_REQUIRED_PARAMS,Missing required parameters. Please try again.,आवश्यक घटक उपलब्ध नाहीत. कृपया पुन्हा प्रयत्न करा.,जरूरी जानकारी पूरी नहीं है। कृपया फिर से कोशिश करें।,ଆବଶ୍ୟକୀୟ ପାରାମିଟରଗୁଡ଼ିକ ମିଳୁନାହିଁ। ଦୟାକରି ପୁଣି ଚେଷ୍ଟା କରନ୍ତୁ।,అవసరమైన పారామీటర్లు లేవు. దయచేసి మళ్ళీ ప్రయత్నించండి.,ಅಗತ್ಯವಿರುವ ಪ್ಯಾರಾಮೀಟರ್‌ಗಳು ಕಾಣೆಯಾಗಿವೆ. ದಯವಿಟ್ಟು ಮತ್ತೆ ಪ್ರಯತ್ನಿಸಿ.,தேவையான விவரங்கள் இல்லை. மீண்டும் முயற்சி செய்யவும்,જરૂરી પરિમાણો ખૂટે છે. કૃપા કરીને ફરી પ્રયાસ કરો.,مطلوبہ پیرامیٹرز غائب ہیں۔ براہ کرم دوبارہ کوشش کریں۔
AI,,UPLOAD_ONE_IMAGE_FIRST,Please upload at least one image before submitting.,कृपया सबमिट करण्यापूर्वी किमान एक प्रतिमा अपलोड करा.,सबमिट करने से पहले कम से कम एक फोटो अपलोड करें।,ସବମିଟ  କରିବା ପୂର୍ବରୁ ଦୟାକରି ଅତି କମରେ ଗୋଟିଏ ଚିତ୍ର ଅପଲୋଡ୍ କରନ୍ତୁ।,సమర్పించే ముందు కనీసం ఒక చిత్రాన్ని అప్‌లోడ్ చేయండి.,ಸಲ್ಲಿಸುವ ಮೊದಲು ಕನಿಷ್ಠ ಒಂದು ಚಿತ್ರವನ್ನು ಅಪ್‌ಲೋಡ್ ಮಾಡಿ.,சமர்ப்பிப்பதற்கு முன் குறைந்தது ஒரு படத்தை அப்லோட் செய்யவும்,સબમિટ કરતા પહેલા કૃપા કરીને ઓછામાં ઓછામાં ઓછો એક ફોટો અપલોડ કરો.,براہ کرم جمع کرانے سے پہلے کم از کم ایک تصویر اپ لوڈ کریں۔
AI,,ANSWER_SHEET_SUBMITTED,Answer sheet submitted successfully!,उत्तरपत्रिका यशस्वीरित्या सबमिट करण्यात आली आहे!,उत्तर-पुस्तिका सफलतापूर्वक जमा ( सबमिट) हो गई!,ଉତ୍ତର ପତ୍ର ସଫଳତାର ସହ ଦାଖଲ ହୋଇଛି!,జవాబు పత్రం విజయవంతంగా సమర్పించబడింది!,ಉತ್ತರ ಪತ್ರಿಕೆಯನ್ನು ಯಶಸ್ವಿಯಾಗಿ ಸಲ್ಲಿಸಲಾಗಿದೆ!,பதில் தாள் வெற்றிகரமாக சமர்ப்பிக்கப்பட்டது,આન્સર શીટ  સફળતાપૂર્વક સબમિટ થઈ.,جوابی شیٹ کامیابی کے ساتھ جمع کر دی گئی!
AI,,SUBMIT_ANSWER_SHEET_FAILED,Failed to submit answer sheet. Please try again.,उत्तरपत्रिका सादर करण्यात अयशस्वी. कृपया पुन्हा प्रयत्न करा.,उत्तर-पुस्तिका जमा  ( सबमिट) नहीं हो सकी। कृपया फिर से कोशिश करें।,ଉତ୍ତର ପତ୍ର ଦାଖଲ କରିବାରେ ବିଫଳ ହେଲା। ଦୟାକରି ପୁଣି ଚେଷ୍ଟା କରନ୍ତୁ।,జవాబు పత్రం సమర్పించడంలో విఫలమయ్యారు. దయచేసి మళ్ళీ ప్రయత్నించండి.,ಉತ್ತರ ಪತ್ರಿಕೆಯನ್ನು ಸಲ್ಲಿಸಲು ವಿಫಲವಾಗಿದೆ. ದಯವಿಟ್ಟು ಮತ್ತೆ ಪ್ರಯತ್ನಿಸಿ.,பதில் தாளை சமர்ப்பிக்க முடியவில்லை. மீண்டும் முயற்சி செய்யவும்,આન્સર શીટ સબમિટ કરવામાં નિષ્ફળ. કૃપા કરીને ફરી પ્રયાસ કરો.,جوابی پرچہ جمع کرانے میں ناکام۔ براہ کرم دوبارہ کوشش کریں۔
AI,,PAPER_LABEL,Paper:,पेपर:,पेपर:,କାଗଜ:,కాగితం:,ಪೇಪರ್,வினாத்தாள்,પેપર,پرچہ:
AI,,MAX_MARKS,Max Marks:,जास्तीत जास्त गुण:,अधिकतम अंक:,ସର୍ବାଧିକ ଚିହ୍ନ:,గరిష్ట మార్కులు:,ಗರಿಷ್ಠ ಅಂಕಗಳು:,அதிகபட்ச மதிப்பெண்:,મહત્તમ ગુણ:,زیادہ سے زیادہ نشانات:
AI,,SECTION_LABEL,Section:,विभाग:,सेक्शन:,ବିଭାଗ:,విభాగం:,ವಿಭಾಗ:,பகுதி:,વિભાગ,سیکشن:
AI,,SECTION_MAX,Section Max:,विभागातील कमाल गुण:,सेक्शन के अधिकतम अंक:,ସର୍ବାଧିକ ବିଭାଗ:,సెక్షన్ మాక్స్:,ಗರಿಷ್ಠ ವಿಭಾಗ:,பகுதி அதிகபட்ச மதிப்பெண்:,મહત્તમ વિભાગ:,سیکشن کے زیادہ سے زیادہ نشانات:
AI,,AWARDED,Awarded:,मिळालेले गुण:,दिए गए अंक:,ପୁରସ୍କୃତ:,ప్రదానం చేయబడింది:,ಪ್ರಶಸ್ತಿ ಪಡೆದವರು:,பெற்ற மதிப்பெண்:,મેળવેલ માર્કસ,دیئے گئے نشانات:
AI,,OVERALL_AWARDED,Overall Awarded:,एकूण मिळालेले गुण:,कुल दिए गए अंक:,ମୋଟ ପୁରସ୍କୃତ:,మొత్తం అవార్డు:,ಒಟ್ಟಾರೆ ಪ್ರಶಸ್ತಿ ಪಡೆದವರು:,பெற்ற மொத்த மதிப்பெண்:,કુલ મેળવેલ માર્કસ,کل دیئے گئے نشانات:
PTM_DASHBOARD,,TOTAL,Total,एकूण,कुल,ମୋଟ,మొత్తం,ಒಟ್ಟು,மொத்தம்,કુલ,کل
PTM_DASHBOARD,,PENDING_REVIEW,Pending,प्रलंबित,लंबित (पेंडिंग),ବିଚାରାଧୀନ ଅଛି,పెండింగ్‌లో ఉంది,ಬಾಕಿ ಉಳಿದಿದೆ,நிலுவையில் உள்ளது,બાકી,زیر التواء
PTM_DASHBOARD,,APPROVED,Approved,मंजूर,स्वीकृत (अप्रूव्ड),ଅନୁମୋଦିତ ହୋଇଛି,ఆమోదించబడింది,ಅನುಮೋದಿಸಲಾಗಿದೆ,அங்கீகரிக்கப்பட்டது,મંજૂર,منظور شدہ
PTM_DASHBOARD,,REJECTED,Rejected,नाकारले,अस्वीकृत (रिजेक्ट),ପ୍ରତ୍ୟାଖ୍ୟାନ କରାଗଲା,తిరస్కరించబడింది,ತಿರಸ್ಕರಿಸಲಾಗಿದೆ,நிராகரிக்கப்பட்டது,નકારેલ,مسترد
PTM_DASHBOARD,,ORGANIZATION_NAME,Organization Name,संस्थेचे नाव,संगठन (संस्था) का नाम,ସଂଗଠନର ନାମ,సంస్థ పేరు,ಸಂಸ್ಥೆಯ ಹೆಸರು,அமைப்பின் பெயர்,સંસ્થાનું નામ,تنظیم کا نام
PTM_DASHBOARD,,LOCATION,Location,स्थान,स्थान,ସ୍ଥାନ,స్థానం,ಸ್ಥಳ,இருப்பிடம்,સ્થાન,جگہ
PTM_DASHBOARD,,ORGANIZATION_TYPE,Organization Type,संस्थेचा प्रकार,संगठन  (संस्था) का प्रकार,ସଂଗଠନର ପ୍ରକାର,సంస్థ రకం,ಸಂಸ್ಥೆಯ ಪ್ರಕಾರ,அமைப்பின் வகை,સંસ્થાનો પ્રકાર,تنظیم کی قسم
PTM_DASHBOARD,,STATUS,Status,,,ଷ୍ଟାଟସ ,,,நிலை,,سٹیٹس 
PTM_DASHBOARD,,NAME,Name,,,ନାମ ,,,பெயர்,,نام 
PTM_DASHBOARD,,VIEW_DETAILS,View Details,तपशील पाहा,विवरण देखें,ବିବରଣୀ ଦେଖନ୍ତୁ,వివరాలను వీక్షించండి,ವಿವರಗಳನ್ನು ವೀಕ್ಷಿಸಿ,விவரங்களை பார்க்கவும்,વિગતો જુઓ,تفصیلات دیکھیں
PTM_DASHBOARD,,EDIT,Edit,संपादित करा,संपादित करें,ଏଡିଟ  କରନ୍ତୁ,సవరించు,ಎಡಿಟ್ ,எடிட்,સંપાદિત કરો,ترمیم کریں۔
PTM_DASHBOARD,,APPROVE,Approve,मंजूर करा,स्वीकृत (अप्रूव) करें,ଅନୁମୋଦନ କରନ୍ତୁ,ఆమోదించండి,ಅನುಮೋದಿಸಿ,அங்கீகரிக்கவும்,મંજૂર,منظور کرو
PTM_DASHBOARD,,REJECT,Reject,नकार द्या,अस्वीकार (रिजेक्ट) करें,ପ୍ରତ୍ୟାଖ୍ୟାନ କରନ୍ତୁ,తిరస్కరించు,ತಿರಸ್ಕರಿಸಿ,நிராகரிக்கவும்,નકારેલ,رد کرنا
PTM_DASHBOARD,,SELECTED,selected,निवडले आहे,चयनित (चुने),ଚୟନିତ,ఎంపిక చేయబడింది,ಆಯ್ಕೆ ಮಾಡಲಾಗಿದೆ,தேர்ந்தெடுக்கப்பட்டது,પસંદ કરેલ,منتخب
PTM_DASHBOARD,,APPROVING,Approving...,मंजुरी देत आहे...,स्वीकृत किया जा रहा है...,ଅନୁମୋଦନ କରାଯାଉଛି...,ఆమోదిస్తున్నాను...,ಅನುಮೋದಿಸಲಾಗುತ್ತಿದೆ...,அங்கீகரிக்கப்படுகிறது...,મંજૂર કરી રહ્યું છે...,منظور کر رہا ہے...
PTM_DASHBOARD,,APPROVE_ALL,Approve All,सर्व मंजूर करा,सभी को स्वीकृत करें,ସବୁ ଅନୁମୋଦନ କରନ୍ତୁ,అన్నింటినీ ఆమోదించండి,ಎಲ್ಲವನ್ನೂ ಅನುಮೋದಿಸಿ,அனைத்தையும் அங்கீகரிக்கவும்,બધાને મંજૂર કરો,سب کو منظور کریں۔
PTM_DASHBOARD,,REJECT_ALL,Reject All,सर्व नाकार करा,सभी को अस्वीकार करें,ସମସ୍ତଙ୍କୁ ପ୍ରତ୍ୟାଖ୍ୟାନ କରନ୍ତୁ,అన్నింటినీ తిరస్కరించండి,ಎಲ್ಲವನ್ನೂ ತಿರಸ್ಕರಿಸಿ,அனைத்தையும் நிராகரிக்கவும்,બધાને નકારો,سب کو مسترد کریں۔
PTM_DASHBOARD,,CONFIRM_APPROVAL,Confirm Approval,मंजुरी निश्चित करा,स्वीकृति की पुष्टि करें,ଅନୁମୋଦନ ସୁନିଶ୍ଚିତ କରନ୍ତୁ,ఆమోదాన్ని నిర్ధారించండి,ಅನುಮೋದನೆಯನ್ನು ದೃಢೀಕರಿಸಿ,அங்கீகாரம் உறுதிப்படுத்தவும்,મંજૂરીની પુષ્ટિ કરો,منظوری کی تصدیق کریں۔
PTM_DASHBOARD,,CONFIRM_BULK_APPROVAL,Confirm Bulk Approval,एकत्रित मंजुरीची पुष्टी करा,सभी की स्वीकृति की पुष्टि करें,ବଲ୍କ ଅନୁମୋଦନ ସୁନିଶ୍ଚିତ କରନ୍ତୁ,బల్క్ ఆమోదాన్ని నిర్ధారించండి,ಬೃಹತ್ ಅನುಮೋದನೆಯನ್ನು ದೃಢೀಕರಿಸಿ,பல அங்கீகாரத்தை உறுதிப்படுத்தவும்,બલ્ક મંજૂરીની પુષ્ટિ કરો,بلک منظوری کی تصدیق کریں۔
PTM_DASHBOARD,,CONFIRM_REJECTION,Confirm Rejection,नकाराची पुष्टी करा,अस्वीकृति की पुष्टि करें,ପ୍ରତ୍ୟାଖ୍ୟାନ ସୁନିଶ୍ଚିତ କରନ୍ତୁ,తిరస్కరణను నిర్ధారించండి,ತಿರಸ್ಕಾರವನ್ನು ದೃಢೀಕರಿಸಿ,நிராகரிப்பை உறுதிப்படுத்தவும்,અસ્વીકારની પુષ્ટિ કરો,مسترد ہونے کی تصدیق کریں۔
PTM_DASHBOARD,,CONFIRM_BULK_REJECTION,Confirm Bulk Rejection,एकत्रित नकाराची पुष्टी करा,सभी की अस्वीकृति की पुष्टि करें,ସମୂହ ପ୍ରତ୍ୟାଖ୍ୟାନ ସୁନିଶ୍ଚିତ କରନ୍ତୁ,బల్క్ రిజెక్షన్‌ను నిర్ధారించండి,ಬೃಹತ್ ತಿರಸ್ಕಾರವನ್ನು ದೃಢೀಕರಿಸಿ,பல நிராகரிப்பை உறுதிப்படுத்தவும்,બલ્ક મંજૂરીની પુષ્ટિ કરો,بلک مسترد ہونے کی تصدیق کریں۔
PTM_DASHBOARD,,CANCEL,Cancel,रद्द करा,कैंसिल करें, ବାତିଲ  କରନ୍ତୁ,రద్దు చేయి,ರದ್ದುಮಾಡಿ,ரத்துசெய்,રદ કરો,منسوخ کریں۔
PTM_DASHBOARD,,APPROVE_CONFIRM_SINGLE_VOLUNTEER,"Are you sure you want to approve ""{{name}}"" volunteer? This will change their role from Learner to Volunteer.","तुम्हाला खात्री आहे का की तुम्ही ""{{name}}"" यांना स्वयंसेवक म्हणून मंजुरी द्यायची आहे? यामुळे त्यांची भूमिका Learner वरून Volunteer मध्ये बदलेल.","क्या आप वाकई ""{{name}}"" को वॉलंटियर के रूप में स्वीकृत करना चाहते हैं? इससे उनकी भूमिका लर्नर से वॉलंटियर में बदल जाएगी।","ଆପଣ କ’ଣ ନିଶ୍ଚିତ ଯେ ଆପଣ ""{{name}}"" ସ୍ୱେଚ୍ଛାସେବକଙ୍କୁ ଅନୁମୋଦନ କରିବାକୁ ଚାହୁଁଛନ୍ତି? ଏହା ସେମାନଙ୍କର ଭୂମିକାକୁ ଶିକ୍ଷାର୍ଥୀରୁ ସ୍ୱେଚ୍ଛାସେବକକୁ ପରିବର୍ତ୍ତନ କରିବ।",మీరు ఖచ్చితంగా '{{name}}' వాలంటీర్‌ను ఆమోదించాలనుకుంటున్నారా? దీనివల్ల వారి పాత్ర అభ్యాసకుడి నుండి వాలంటీర్‌గా మారుతుంది.,"""{{name}}"" ಸ್ವಯಂಸೇವಕರನ್ನು ಅನುಮೋದಿಸಲು ನೀವು ಖಚಿತವಾಗಿ ಬಯಸುವಿರಾ? ಇದು ಅವರ ಪಾತ್ರವನ್ನು ಕಲಿಯುವವರಿಂದ ಸ್ವಯಂಸೇವಕರಾಗಿ ಬದಲಾಯಿಸುತ್ತದೆ.",{{name}} தன்னார்வலரை அங்கீகரிக்க விரும்புகிறீர்களா? இது அவர்களின் பங்கினை மாணவரில் இருந்து தன்னார்வலராக மாற்றும்.,"શું તમે ખરેખર ""{{name}}"" સ્વયંસેવકને મંજૂરી આપવા માંગો છો? આનાથી તેમની ભૂમિકા લર્નરથી સ્વયંસેવકમાં બદલાઈ જશે.","کیا آپ واقعی ""{{name}}"" والنٹیر کو منظور کرنا چاہتے ہیں؟ اس سے ان کا رول لرنر سے والنٹیر میں تبدیل ہو جائے گا۔"
PTM_DASHBOARD,,APPROVE_CONFIRM_BULK_VOLUNTEERS,Are you sure you want to approve {{count}} selected volunteer{{plural}}? This will change their role from Learner to Volunteer.,तुम्हाला खात्री आहे का की तुम्ही निवडलेल्या {{count}} स्वयंसेवक{{plural}} यांना मंजुरी द्यायची आहे? यामुळे त्यांची भूमिका Learner वरून Volunteer मध्ये बदलेल.,क्या आप वाकई चुने गए {{count}} वॉलंटियर को स्वीकृत करना चाहते हैं? इससे उनकी भूमिका लर्नर से वॉलंटियर में बदल जाएगी।,ଆପଣ କ’ଣ ନିଶ୍ଚିତ ଯେ ଆପଣ {{count}} ମନୋନୀତ ସ୍ୱେଚ୍ଛାସେବକଙ୍କୁ{{plural}} ଅନୁମୋଦନ କରିବାକୁ ଚାହୁଁଛନ୍ତି? ଏହା ସେମାନଙ୍କର ଭୂମିକା ଶିକ୍ଷାର୍ଥୀରୁ ସ୍ଵେଚ୍ଛାସେବକକୁ ପରିବର୍ତ୍ତନ କରିବ।,మీరు {{count}} మంది ఎంపిక చేసిన వాలంటీర్{{plural}}ను ఆమోదించాలనుకుంటున్నారా? ఇది వారి పాత్రను అభ్యాసకుడు (Learner) నుండి వాలంటీర్ (Volunteer)గా మారుస్తుంది.,ನೀವು {{count}} ಆಯ್ಕೆ ಮಾಡಿದ ಸ್ವಯಂಸೇವಕರನ್ನು{{plural}} ಅನುಮೋದಿಸಲು ಖಚಿತವಾಗಿ ಬಯಸುವಿರಾ? ಇದು ಅವರ ಪಾತ್ರವನ್ನು ಕಲಿಯುವವರಿಂದ ಸ್ವಯಂಸೇವಕರಾಗಿ ಬದಲಾಯಿಸುತ್ತದೆ.,தேர்ந்தெடுக்கப்பட்ட {{count}} தன்னார்வலர்களை அங்கீகரிக்க விரும்புகிறீர்களா? இது அவர்களின் பங்கினை மாணவரில் இருந்து தன்னார்வலராக மாற்றும்.,શું તમે ખરેખર {{count}} પસંદ કરેલા સ્વયંસેવક{{plural}} ને મંજૂરી આપવા માંગો છો? આનાથી તેમની ભૂમિકા લર્નર થી સ્વયંસેવકમાં બદલાઈ જશે.,کیا آپ واقعی {{count}} منتخب والنٹیر{{plural}} کو منظور کرنا چاہتے ہیں؟ اس سے ان کا رول لرنر سے والنٹیر میں تبدیل ہو جائے گا۔
PTM_DASHBOARD,,APPROVE_CONFIRM_SINGLE_ORG,"Are you sure you want to approve ""{{name}}"" organization? This will change their status to active.","तुम्हाला खात्री आहे का की तुम्हाला ""{{name}}"" संस्थेला मंजुरी द्यायची आहे? यामुळे त्यांची स्थिती सक्रिय (Active) होईल.","क्या आप वाकई ""{{name}}"" संगठन को स्वीकृत करना चाहते हैं? इससे उसकी स्थिति सक्रिय हो जाएगी।","ଆପଣ କ’ଣ ନିଶ୍ଚିତ ଯେ ଆପଣ ""{{name}}"" ସଂଗଠନକୁ ଅନୁମୋଦନ କରିବାକୁ ଚାହୁଁଛନ୍ତି? ଏହା ସେମାନଙ୍କର ସ୍ଥିତିକୁ ସକ୍ରିୟରେ ପରିବର୍ତ୍ତନ କରିବ।","మీరు ఖచ్చితంగా ""{{name}}"" సంస్థను ఆమోదించాలనుకుంటున్నారా? దీనివల్ల వారి స్థితి క్రియాశీలంగా మారుతుంది.","ನೀವು ""{{name}}"" ಸಂಸ್ಥೆಯನ್ನು ಅನುಮೋದಿಸಲು ಖಚಿತವಾಗಿ ಬಯಸುವಿರಾ? ಇದು ಅವರ ಸ್ಥಿತಿಯನ್ನು ಸಕ್ರಿಯ ಎಂದು ಬದಲಾಯಿಸುತ್ತದೆ.",{{name}} அமைப்பை அங்கீகரிக்க விரும்புகிறீர்களா? இது அதன் நிலையை செயலில் மாற்றும்.,"શું તમે ખરેખર ""{{name}}"" સંસ્થાને મંજૂરી આપવા માંગો છો? આ તેમની સ્થિતિને સક્રિયમાં બદલી નાખશે.","کیا آپ واقعی ""{{name}}"" تنظیم کو منظور کرنا چاہتے ہیں؟ یہ ان کی سٹیٹس کو فعال میں بدل دے گا۔"
PTM_DASHBOARD,,APPROVE_CONFIRM_BULK_ORGS,Are you sure you want to approve {{count}} selected organization{{plural}}? This will change their status to active.,तुम्हाला खात्री आहे का की तुम्ही निवडलेल्या {{count}} संस्था{{plural}} यांना मंजुरी द्यायची आहे? यामुळे त्यांची स्थिती सक्रिय (Active) होईल.,क्या आप वाकई चुने गए {{count}} संगठनों को स्वीकृत करना चाहते हैं? इससे उनकी स्थिति सक्रिय हो जाएगी।,ଆପଣ କ’ଣ ନିଶ୍ଚିତ ଯେ ଆପଣ {{count}} ମନୋନୀତ ସଂଗଠନକୁ{{plural}} ଅନୁମୋଦନ କରିବାକୁ ଚାହୁଁଛନ୍ତି? ଏହା ସେମାନଙ୍କର ସ୍ଥିତିକୁ ସକ୍ରିୟରେ ପରିବର୍ତ୍ତନ କରିବ।,మీరు {{count}} ఎంచుకున్న సంస్థను{{plural}} ఆమోదించాలనుకుంటున్నారా? ఇది వాటి స్థితిని యాక్టివ్‌గా మారుస్తుంది.,ನೀವು {{count}} ಆಯ್ಕೆ ಮಾಡಿದ ಸಂಸ್ಥೆಯನ್ನು{{plural}} ಅನುಮೋದಿಸಲು ಖಚಿತವಾಗಿ ಬಯಸುವಿರಾ? ಇದು ಅವರ ಸ್ಥಿತಿಯನ್ನು ಸಕ್ರಿಯಕ್ಕೆ ಬದಲಾಯಿಸುತ್ತದೆ.,தேர்ந்தெடுக்கப்பட்ட {{count}} அமைப்புகளை அங்கீகரிக்க விரும்புகிறீர்களா? இது அவற்றின் நிலையை செயலில் மாற்றும்.,શું તમે ખરેખર {{count}} પસંદ કરેલી સંસ્થા{{plural}} ને મંજૂરી આપવા માંગો છો? આ તેમની સ્થિતિને સક્રિયમાં બદલી દેશે.,کیا آپ واقعی {{count}} منتخب تنظیم{{plural}} کو منظور کرنا چاہتے ہیں؟ یہ ان کی سٹیٹس کو فعال میں بدل دے گا۔
PTM_DASHBOARD,,REJECT_CONFIRM_SINGLE_VOLUNTEER,"Are you sure you want to reject ""{{name}}"" volunteer?","तुम्हाला खात्री आहे का की तुम्हाला ""{{name}}"" या स्वयंसेवकाला नकार द्यायचा आहे?","क्या आप वाकई ""{{name}}"" वॉलंटियर को अस्वीकार करना चाहते हैं?","ଆପଣ କ’ଣ ନିଶ୍ଚିତ ଯେ ଆପଣ ""{{name}}"" ସ୍ୱେଚ୍ଛାସେବକଙ୍କୁ ପ୍ରତ୍ୟାଖ୍ୟାନ କରିବାକୁ ଚାହୁଁଛନ୍ତି?",మీరు నిజంగా '{{name}}' వాలంటీర్‌ను తిరస్కరించాలనుకుంటున్నారా?,"""{{name}}"" ಸ್ವಯಂಸೇವಕರನ್ನು ತಿರಸ್ಕರಿಸಲು ನೀವು ಖಚಿತವಾಗಿ ಬಯಸುವಿರಾ?",{{name}} தன்னார்வலரை நிராகரிக்க விரும்புகிறீர்களா?,"શું તમે ખરેખર ""{{name}}"" સ્વયંસેવકને નકારવા માંગો છો?","کیا آپ واقعی ""{{name}}"" رضاکار کو مسترد کرنا چاہتے ہیں؟"
PTM_DASHBOARD,,REJECT_CONFIRM_BULK_VOLUNTEERS,Are you sure you want to reject {{count}} selected volunteer{{plural}}?,तुम्हाला खात्री आहे का की तुम्ही निवडलेल्या {{count}} स्वयंसेवक{{plural}} यांना नकार द्यायचा आहे?,क्या आप वाकई चुने गए {{count}} वॉलंटियर को अस्वीकार करना चाहते हैं?,ଆପଣ ନିଶ୍ଚିତ କି ଆପଣ {{count}} ମନୋନୀତ ସ୍ୱେଚ୍ଛାସେବକଙ୍କୁ{{plural}} ପ୍ରତ୍ୟାଖ୍ୟାନ କରିବାକୁ ଚାହୁଁଛନ୍ତି?,మీరు {{count}} మంది ఎంపికైన వాలంటీర్{{plural}}ను తిరస్కరించాలనుకుంటున్నారా?,ನೀವು {{count}} ಆಯ್ಕೆ ಮಾಡಿದ ಸ್ವಯಂಸೇವಕರನ್ನು{{plural}} ತಿರಸ್ಕರಿಸಲು ಖಚಿತವಾಗಿ ಬಯಸುವಿರಾ?,தேர்ந்தெடுக்கப்பட்ட {{count}} தன்னார்வலர்களை நிராகரிக்க விரும்புகிறீர்களா?,શું તમે ખરેખર {{count}} પસંદ કરેલા સ્વયંસેવક{{plural}} ને નકારવા માંગો છો?,کیا آپ واقعی {{count}} منتخب والنٹیر{{plural}} کو مسترد کرنا چاہتے ہیں؟
PTM_DASHBOARD,,REJECT_CONFIRM_SINGLE_ORG,"Are you sure you want to reject ""{{name}}"" organization? This will change their status to inactive.","तुम्हाला खात्री आहे का की तुम्हाला ""{{name}}"" संस्थेला नकार द्यायचा आहे? यामुळे त्यांची स्थिती निष्क्रिय होईल.","क्या आप वाकई ""{{name}}"" संगठन को अस्वीकार करना चाहते हैं? इससे उसकी स्थिति निष्क्रिय हो जाएगी।","ଆପଣ କ’ଣ ନିଶ୍ଚିତ ଯେ ଆପଣ ""{{name}}"" ସଂଗଠନକୁ ପ୍ରତ୍ୟାଖ୍ୟାନ କରିବାକୁ ଚାହୁଁଛନ୍ତି? ଏହା ସେମାନଙ୍କର ସ୍ଥିତିକୁ ନିଷ୍କ୍ରିୟରେ ପରିବର୍ତ୍ତନ କରିବ।","మీరు నిజంగా ""{{name}}"" సంస్థను తిరస్కరించాలనుకుంటున్నారా? దీనివల్ల వారి స్థితి నిష్క్రియగా మారుతుంది.","ನೀವು ""{{name}}"" ಸಂಸ್ಥೆಯನ್ನು ತಿರಸ್ಕರಿಸಲು ಖಚಿತವಾಗಿ ಬಯಸುವಿರಾ? ಇದು ಅವರ ಸ್ಥಿತಿಯನ್ನು ನಿಷ್ಕ್ರಿಯಕ್ಕೆ ಬದಲಾಯಿಸುತ್ತದೆ.",{{name}} அமைப்பை நிராகரிக்க விரும்புகிறீர்களா? இது அதன் நிலையை செயலற்றதாக மாற்றும்.,"શું તમે ખરેખર ""{{name}}"" સંસ્થાને નકારવા માંગો છો? આ તેમની સ્થિતિને નિષ્ક્રિયમાં બદલી નાખશે.","کیا آپ واقعی ""{{name}}"" تنظیم کو مسترد کرنا چاہتے ہیں؟ یہ ان کی سٹیٹس کو غیر فعال میں بدل دے گا۔"
PTM_DASHBOARD,,REJECT_CONFIRM_BULK_ORGS,Are you sure you want to reject {{count}} selected organization{{plural}}? This will change their status to inactive.,तुम्हाला खात्री आहे का की तुम्ही निवडलेल्या {{count}} संस्था{{plural}} यांना नकार द्यायचा आहे? यामुळे त्यांची स्थिती निष्क्रिय होईल.,क्या आप वाकई चुने गए {{count}} संगठनों को अस्वीकार करना चाहते हैं? इससे उनकी स्थिति निष्क्रिय हो जाएगी।,ଆପଣ କ’ଣ ନିଶ୍ଚିତ ଯେ ଆପଣ {{count}} ମନୋନୀତ ସଂଗଠନକୁ{{plural}} ପ୍ରତ୍ୟାଖ୍ୟାନ କରିବାକୁ ଚାହୁଁଛନ୍ତି? ଏହା ସେମାନଙ୍କର ସ୍ଥିତିକୁ ନିଷ୍କ୍ରିୟ କରିଦେବ।,మీరు ఎంచుకున్న {{count}} సంస్థలను{{plural}} ఖచ్చితంగా తిరస్కరించాలనుకుంటున్నారా? దీనివల్ల వాటి స్థితి నిష్క్రియగా మారుతుంది.,ನೀವು {{count}} ಆಯ್ಕೆ ಮಾಡಿದ ಸಂಸ್ಥೆಯನ್ನು{{plural}} ತಿರಸ್ಕರಿಸಲು ಖಚಿತವಾಗಿ ಬಯಸುವಿರಾ? ಇದು ಅವರ ಸ್ಥಿತಿಯನ್ನು ನಿಷ್ಕ್ರಿಯಕ್ಕೆ ಬದಲಾಯಿಸುತ್ತದೆ.,தேர்ந்தெடுக்கப்பட்ட {{count}} அமைப்புகளை நிராகரிக்க விரும்புகிறீர்களா? இது அவற்றின் நிலையை செயலற்றதாக மாற்றும்.,શું તમે ખરેખર {{count}} પસંદ કરેલી સંસ્થા{{plural}} ને નકારવા માંગો છો? આ તેમની સ્થિતિને નિષ્ક્રિયમાં બદલી નાખશે.,کیا آپ واقعی {{count}} منتخب تنظیم{{plural}} کو مسترد کرنا چاہتے ہیں؟ یہ ان کی سٹیٹس کو غیر فعال میں بدل دے گا۔
PTM_DASHBOARD,,APPROVED_SUCCESS_SINGLE,{{name}} has been approved successfully!,{{name}} यांना यशस्वीरित्या मंजुरी देण्यात आली आहे!,{{name}} को सफलतापूर्वक स्वीकृत कर दिया गया है!,{{name}} ସଫଳତାର ସହ ଅନୁମୋଦନ କରାଯାଇଛି!,{{name}} విజయవంతంగా ఆమోదించబడింది!,{{name}} ಯಶಸ್ವಿಯಾಗಿ ಅನುಮೋದಿಸಲಾಗಿದೆ!,{{name}} வெற்றிகரமாக அங்கீகரிக்கப்பட்டார்!,{{name}} સફળતાપૂર્વક મંજૂર થયું છે!,{{name}} کو کامیابی سے منظور کر لیا گیا ہے!
PTM_DASHBOARD,,APPROVED_SUCCESS_BULK_VOLUNTEERS,{{count}} volunteers have been approved successfully!,{{count}} स्वयंसेवकांना यशस्वीरित्या मंजुरी देण्यात आली आहे!,{{count}} वॉलंटियर सफलतापूर्वक स्वीकृत कर दिए गए हैं!,{{count}} ଜଣ ସ୍ୱେଚ୍ଛାସେବକଙ୍କୁ ସଫଳତାର ସହ ଅନୁମୋଦନ କରାଯାଇଛି!,{{count}} మంది వాలంటీర్లు విజయవంతంగా ఆమోదించబడ్డారు!,{{count}} ಸ್ವಯಂಸೇವಕರನ್ನು ಯಶಸ್ವಿಯಾಗಿ ಅನುಮೋದಿಸಲಾಗಿದೆ!,{{count}} தன்னார்வலர்கள் வெற்றிகரமாக அங்கீகரிக்கப்பட்டனர்!,{{count}} સ્વયંસેવકોને સફળતાપૂર્વક મંજૂરી આપવામાં આવી છે!,{{count}} والنٹیرس کو کامیابی سے منظور کر لیا گیا ہے!
PTM_DASHBOARD,,APPROVED_SUCCESS_SINGLE_ORG,{{name}} organization has been approved successfully!,{{name}} संस्थेला यशस्वीरित्या मंजुरी देण्यात आली आहे!,{{name}} संगठन को सफलतापूर्वक स्वीकृत कर दिया गया है!,{{name}} ସଂଗଠନକୁ ସଫଳତାର ସହ ଅନୁମୋଦନ କରାଯାଇଛି!,{{name}} సంస్థ విజయవంతంగా ఆమోదించబడింది!,{{name}} ಸಂಸ್ಥೆಯನ್ನು ಯಶಸ್ವಿಯಾಗಿ ಅನುಮೋದಿಸಲಾಗಿದೆ!,{{name}} அமைப்பு வெற்றிகரமாக அங்கீகரிக்கப்பட்டது!,{{name}} સંસ્થા સફળતાપૂર્વક મંજૂર થઈ ગઈ છે!,{{name}} تنظیم کو کامیابی سے منظور کر لیا گیا ہے!
PTM_DASHBOARD,,APPROVED_SUCCESS_BULK_ORGS,{{count}} organizations have been approved successfully!,{{count}} संस्थांना यशस्वीरित्या मंजुरी देण्यात आली आहे!,{{count}} संगठन सफलतापूर्वक स्वीकृत कर दिए गए हैं!,{{count}} ଟି ସଂଗଠନକୁ ସଫଳତାର ସହ ଅନୁମୋଦନ କରାଯାଇଛି!,{{count}} సంస్థలు విజయవంతంగా ఆమోదించబడ్డాయి!,{{count}} ಸಂಸ್ಥೆಗಳನ್ನು ಯಶಸ್ವಿಯಾಗಿ ಅನುಮೋದಿಸಲಾಗಿದೆ!,{{count}} அமைப்புகள் வெற்றிகரமாக அங்கீகரிக்கப்பட்டன!,{{count}} સંસ્થાઓને સફળતાપૂર્વક મંજૂરી આપવામાં આવી છે!,{{count}} تنظیموں کو کامیابی سے منظور کر لیا گیا ہے!
PTM_DASHBOARD,,APPROVE_FAILED_SINGLE_VOLUNTEER,Failed to approve volunteer. Please try again.,स्वयंसेवकाला मंजुरी देण्यात अयशस्वी. कृपया पुन्हा प्रयत्न करा.,वॉलंटियर को स्वीकृत नहीं किया जा सका। कृपया फिर से कोशिश करें।,ସ୍ଵେଚ୍ଛାସେବକଙ୍କୁ ଅନୁମୋଦନ କରିବାରେ ବିଫଳ ହେଲା। ଦୟାକରି ପୁଣି ଚେଷ୍ଟା କରନ୍ତୁ।,వాలంటీర్‌ను ఆమోదించడం విఫలమైంది. దయచేసి మళ్ళీ ప్రయత్నించండి.,ಸ್ವಯಂಸೇವಕರನ್ನು ಅನುಮೋದಿಸಲು ವಿಫಲವಾಗಿದೆ. ದಯವಿಟ್ಟು ಮತ್ತೆ ಪ್ರಯತ್ನಿಸಿ.,தன்னார்வலரை அங்கீகரிக்க முடியவில்லை. மீண்டும் முயற்சி செய்யவும்.,સ્વયંસેવકને મંજૂરી આપવામાં નિષ્ફળ. કૃપા કરી ફરી પ્રયાસ કરો.,والنٹیر کو منظور کرنے میں ناکام۔ براہ کرم دوبارہ کوشش کریں۔
PTM_DASHBOARD,,APPROVE_FAILED_BULK_VOLUNTEERS,Failed to approve volunteers. Please try again.,स्वयंसेवकांना मंजुरी देण्यात अयशस्वी. कृपया पुन्हा प्रयत्न करा.,वॉलंटियर्स को स्वीकृत नहीं किया जा सका। कृपया फिर से कोशिश करें।,ସ୍ୱେଚ୍ଛାସେବକମାନଙ୍କୁ ଅନୁମୋଦନ କରିବାରେ ବିଫଳ ହେଲା। ଦୟାକରି ପୁଣି ଚେଷ୍ଟା କରନ୍ତୁ।,వాలంటీర్లను ఆమోదించడం విఫలమైంది. దయచేసి మళ్ళీ ప్రయత్నించండి.,ಸ್ವಯಂಸೇವಕರನ್ನು ಅನುಮೋದಿಸುವಲ್ಲಿ ವಿಫಲವಾಗಿದೆ. ದಯವಿಟ್ಟು ಮತ್ತೆ ಪ್ರಯತ್ನಿಸಿ.,தன்னார்வலர்களை அங்கீகரிக்க முடியவில்லை. மீண்டும் முயற்சி செய்யவும்.,સ્વયંસેવકને મંજૂરી આપવામાં નિષ્ફળ. કૃપા કરી ફરી પ્રયાસ કરો.,والنٹیرس کو منظور کرنے میں ناکام۔ براہ کرم دوبارہ کوشش کریں۔
PTM_DASHBOARD,,APPROVE_FAILED_SINGLE_ORG,Failed to approve organization. Please try again.,संस्थेला मंजुरी देण्यात अयशस्वी. कृपया पुन्हा प्रयत्न करा.,संगठन को स्वीकृत नहीं किया जा सका। कृपया फिर से कोशिश करें।,ସଂଗଠନକୁ ଅନୁମୋଦନ କରିବାରେ ବିଫଳ ହେଲା। ଦୟାକରି ପୁଣି ଚେଷ୍ଟା କରନ୍ତୁ।,సంస్థను ఆమోదించడం విఫలమైంది. దయచేసి మళ్ళీ ప్రయత్నించండి.,ಸಂಸ್ಥೆಯನ್ನು ಅನುಮೋದಿಸಲು ವಿಫಲವಾಗಿದೆ. ದಯವಿಟ್ಟು ಮತ್ತೆ ಪ್ರಯತ್ನಿಸಿ.,அமைப்பை அங்கீகரிக்க முடியவில்லை. மீண்டும் முயற்சி செய்யவும்.,સંસ્થાને મંજૂરી આપવામાં નિષ્ફળ. કૃપા કરી ફરી પ્રયાસ કરો.,تنظیم کو منظور کرنے میں ناکام۔ براہ کرم دوبارہ کوشش کریں۔
PTM_DASHBOARD,,APPROVE_FAILED_BULK_ORGS,Failed to approve organizations. Please try again.,संस्थांना मंजुरी देण्यात अयशस्वी. कृपया पुन्हा प्रयत्न करा.,संगठनों को स्वीकृत नहीं किया जा सका। कृपया फिर से कोशिश करें।,ସଂଗଠନଗୁଡ଼ିକୁ ଅନୁମୋଦନ କରିବାରେ ବିଫଳ ହୋଇଛି। ଦୟାକରି ପୁଣି ଚେଷ୍ଟା କରନ୍ତୁ।,సంస్థలను ఆమోదించడంలో విఫలమయ్యాము. దయచేసి మళ్ళీ ప్రయత్నించండి.,ಸಂಸ್ಥೆಗಳನ್ನು ಅನುಮೋದಿಸಲು ವಿಫಲವಾಗಿದೆ. ದಯವಿಟ್ಟು ಮತ್ತೆ ಪ್ರಯತ್ನಿಸಿ.,அமைப்புகளை அங்கீகரிக்க முடியவில்லை. மீண்டும் முயற்சி செய்யவும்.,સંસ્થાને મંજૂરી આપવામાં નિષ્ફળ. કૃપા કરી ફરી પ્રયાસ કરો.,تنظیموں کو منظور کرنے میں ناکام۔ براہ کرم دوبارہ کوشش کریں۔
PTM_DASHBOARD,,REJECTED_SUCCESS_SINGLE_VOLUNTEER,{{name}} volunteer has been rejected.,{{name}} या स्वयंसेवकाला नकार देण्यात आला आहे.,{{name}}  वॉलंटियर को अस्वीकार कर दिया गया है।,{{name}} ସ୍ୱେଚ୍ଛାସେବକଙ୍କୁ ପ୍ରତ୍ୟାଖ୍ୟାନ କରାଯାଇଛି।,{{name}} వాలంటీర్ తిరస్కరించబడ్డారు.,{{name}} ಸ್ವಯಂಸೇವಕರನ್ನು ತಿರಸ್ಕರಿಸಲಾಗಿದೆ.,{{name}} தன்னார்வலர் நிராகரிக்கப்பட்டார்.,{{name}} સ્વયંસેવકને નકારવામાં આવ્યો છે.,{{name}} والنٹیر کو مسترد کر دیا گیا ہے۔
PTM_DASHBOARD,,REJECTED_SUCCESS_BULK_VOLUNTEERS,{{count}} volunteers have been rejected.,{{count}} स्वयंसेवकांना नकार देण्यात आला आहे.,{{count}} वॉलंटियर्स को अस्वीकार कर दिया गया है।,{{count}} ଜଣ ସ୍ୱେଚ୍ଛାସେବକଙ୍କୁ ପ୍ରତ୍ୟାଖ୍ୟାନ କରାଯାଇଛି।,{{count}} మంది వాలంటీర్లు తిరస్కరించబడ్డారు.,{{count}} ಸ್ವಯಂಸೇವಕರನ್ನು ತಿರಸ್ಕರಿಸಲಾಗಿದೆ.,{{count}} தன்னார்வலர்கள் நிராகரிக்கப்பட்டனர்.,{{count}} સ્વયંસેવકોને નકારવામાં આવ્યા છે.,{{count}} والنٹیرس کو مسترد کر دیا گیا ہے۔
PTM_DASHBOARD,,REJECTED_SUCCESS_SINGLE_ORG,{{name}} organization has been rejected.,{{name}} संस्थेला नकार देण्यात आला आहे.,{{name}} संगठन को अस्वीकार कर दिया गया है।,{{name}} ସଂଗଠନକୁ ପ୍ରତ୍ୟାଖ୍ୟାନ କରାଯାଇଛି।,{{name}} సంస్థ తిరస్కరించబడింది.,{{name}} ಸಂಸ್ಥೆಯನ್ನು ತಿರಸ್ಕರಿಸಲಾಗಿದೆ.,{{name}} அமைப்பு நிராகரிக்கப்பட்டது.,{{name}} સંસ્થાને નકારી કાઢવામાં આવી છે.,{{name}} تنظیم کو مسترد کر دیا گیا ہے۔
PTM_DASHBOARD,,REJECTED_SUCCESS_BULK_ORGS,{{count}} organizations have been rejected.,{{count}} संस्थांना नकार देण्यात आला आहे.,{{count}} संगठनों को अस्वीकार कर दिया गया है।,{{count}} ସଂଗଠନଗୁଡ଼ିକୁ ପ୍ରତ୍ୟାଖ୍ୟାନ କରାଯାଇଛି।,{{count}} సంస్థలు తిరస్కరించబడ్డాయి.,{{count}} ಸಂಸ್ಥೆಗಳನ್ನು ತಿರಸ್ಕರಿಸಲಾಗಿದೆ.,{{count}} அமைப்புகள் நிராகரிக்கப்பட்டன.,{{count}} સંસ્થાઓને નકારી કાઢવામાં આવી છે.,{{count}} تنظیموں کو مسترد کر دیا گیا ہے۔
PTM_DASHBOARD,,REJECT_FAILED_SINGLE_VOLUNTEER,Failed to reject volunteer. Please try again.,स्वयंसेवकाला नकार देण्यात अयशस्वी. कृपया पुन्हा प्रयत्न करा.,वॉलंटियर को अस्वीकार नहीं किया जा सका। कृपया फिर से कोशिश करें।,ସ୍ଵେଚ୍ଛାସେବକଙ୍କୁ ପ୍ରତ୍ୟାଖ୍ୟାନ କରିବାରେ ବିଫଳ ହେଲା। ଦୟାକରି ପୁଣି ଚେଷ୍ଟା କରନ୍ତୁ।,వాలంటీర్‌ను తిరస్కరించడం విఫలమైంది. దయచేసి మళ్ళీ ప్రయత్నించండి.,ಸ್ವಯಂಸೇವಕರನ್ನು ತಿರಸ್ಕರಿಸುವಲ್ಲಿ ವಿಫಲವಾಗಿದೆ. ದಯವಿಟ್ಟು ಮತ್ತೆ ಪ್ರಯತ್ನಿಸಿ.,தன்னார்வலரை நிராகரிக்க முடியவில்லை. மீண்டும் முயற்சி செய்யவும்.,સ્વયંસેવકને નકારવામાં નિષ્ફળ. કૃપા કરીને ફરી પ્રયાસ કરો.,والنٹیر کو مسترد کرنے میں ناکام۔ براہ کرم دوبارہ کوشش کریں۔
PTM_DASHBOARD,,REJECT_FAILED_BULK_VOLUNTEERS,Failed to reject volunteers. Please try again.,स्वयंसेवकांना नकार देण्यात अयशस्वी. कृपया पुन्हा प्रयत्न करा.,वॉलंटियर्स को अस्वीकार नहीं किया जा सका। कृपया फिर से कोशिश करें।,ସ୍ୱେଚ୍ଛାସେବକମାନଙ୍କୁ ପ୍ରତ୍ୟାଖ୍ୟାନ କରିବାରେ ବିଫଳ ହେଲା। ଦୟାକରି ପୁଣି ଚେଷ୍ଟା କରନ୍ତୁ।,వాలంటీర్లను తిరస్కరించడంలో విఫలమయ్యాము. దయచేసి మళ్ళీ ప్రయత్నించండి.,ಸ್ವಯಂಸೇವಕರನ್ನು ತಿರಸ್ಕರಿಸುವಲ್ಲಿ ವಿಫಲವಾಗಿದೆ. ದಯವಿಟ್ಟು ಮತ್ತೆ ಪ್ರಯತ್ನಿಸಿ.,தன்னார்வலர்களை நிராகரிக்க முடியவில்லை. மீண்டும் முயற்சி செய்யவும்.,સ્વયંસેવકોને નકારવામાં નિષ્ફળ ગયા. કૃપા કરીને ફરી પ્રયાસ કરો.,والنٹیرس کو مسترد کرنے میں ناکام۔ براہ کرم دوبارہ کوشش کریں۔
PTM_DASHBOARD,,REJECT_FAILED_SINGLE_ORG,Failed to reject organization. Please try again.,संस्थेला नकार देण्यात अयशस्वी. कृपया पुन्हा प्रयत्न करा.,संगठन को अस्वीकार नहीं किया जा सका। कृपया फिर से कोशिश करें।,ସଂଗଠନକୁ ପ୍ରତ୍ୟାଖ୍ୟାନ କରିବାରେ ବିଫଳ ହେଲା। ଦୟାକରି ପୁଣି ଚେଷ୍ଟା କରନ୍ତୁ।,సంస్థను తిరస్కరించడంలో విఫలమయ్యాము. దయచేసి మళ్ళీ ప్రయత్నించండి.,ಸಂಸ್ಥೆಯನ್ನು ತಿರಸ್ಕರಿಸಲು ವಿಫಲವಾಗಿದೆ. ದಯವಿಟ್ಟು ಮತ್ತೆ ಪ್ರಯತ್ನಿಸಿ.,அமைப்பை நிராகரிக்க முடியவில்லை. மீண்டும் முயற்சி செய்யவும்.,સંસ્થાને મંજૂરી આપવામાં નિષ્ફળ. કૃપા કરી ફરી પ્રયાસ કરો.,تنظیم کو مسترد کرنے میں ناکام۔ براہ کرم دوبارہ کوشش کریں۔
PTM_DASHBOARD,,REJECT_FAILED_BULK_ORGS,Failed to reject organizations. Please try again.,संस्थांना नकार देण्यात अयशस्वी. कृपया पुन्हा प्रयत्न करा.,संगठनों को अस्वीकार नहीं किया जा सका। कृपया फिर से कोशिश करें।,ସଂଗଠନଗୁଡ଼ିକୁ ପ୍ରତ୍ୟାଖ୍ୟାନ କରିବାରେ ବିଫଳ ହେଲା। ଦୟାକରି ପୁଣି ଚେଷ୍ଟା କରନ୍ତୁ।,సంస్థలను తిరస్కరించడంలో విఫలమయ్యాము. దయచేసి మళ్ళీ ప్రయత్నించండి.,ಸಂಸ್ಥೆಗಳನ್ನು ತಿರಸ್ಕರಿಸುವಲ್ಲಿ ವಿಫಲವಾಗಿದೆ. ದಯವಿಟ್ಟು ಮತ್ತೆ ಪ್ರಯತ್ನಿಸಿ.,அமைப்புகளை நிராகரிக்க முடியவில்லை. மீண்டும் முயற்சி செய்யவும்.,સંસ્થાને મંજૂરી આપવામાં નિષ્ફળ. કૃપા કરી ફરી પ્રયાસ કરો.,تنظیموں کو مسترد کرنے میں ناکام۔ براہ کرم دوبارہ کوشش کریں۔
PTM_DASHBOARD,,NO_DATA_FOUND,No {{type}} data found,कोणतीही माहिती सापडली नाही,कोई डेटा नहीं मिला,କୌଣସି ତଥ୍ୟ ମିଳିଲା ନାହି,డేటా కనుగొనబడలేదు,ಯಾವುದೇ ಡೇಟಾ ಕಂಡುಬಂದಿಲ್ಲ,தகவல் எதுவும் கிடைக்கவில்லை,કોઈ ડેટા મળ્યો નથી,کوئی ڈیٹا موجود نہیں ہے
PTM_DASHBOARD,,APPLIED_FILTERS,Applied Filters,लागू केलेले फिल्टर्स,लगाए गए फ़िल्टर,ଲାଗୁ ହୋଇଥିବା ଫିଲ୍ଟରଗୁଡ଼ିକ,వర్తింపజేసిన ఫిల్టర్లు,ಅನ್ವಯಿಸಲಾದ ಫಿಲ್ಟರ್‌ಗಳು,பயன்படுத்தப்பட்ட ஃபில்டர்கள்,લાગુ ફિલ્ટર્સ,اپلائیڈ فلٹرز
PTM_DASHBOARD,,DISTRICTS,Districts,जिल्हे,जिलों,ଜିଲ୍ଲାଗୁଡ଼ିକ,జిల్లాలు,ಜಿಲ್ಲೆಗಳು,மாவட்டங்கள்,જિલ્લાઓ,اضلاع
PTM_DASHBOARD,,BLOCKS,Blocks,ब्लॉक्स,ब्लाकों,ବ୍ଲକ୍‌,బ్లాక్‌లు,ಬ್ಲಾಕ್‌ಗಳು,வட்டங்கள்,બ્લોક્સ,بلاکس
PTM_DASHBOARD,,ORGANIZATIONS,Organizations,संस्था,संगठन (संस्था),ସଂଗଠନଗୁଡିକ,సంస్థలు,ಸಂಸ್ಥೆಗಳು,அமைப்புகள்,સંસ્થા,تنظیمیں
PTM_DASHBOARD,,CLEAR_ALL,Clear All,सर्व काढा,सब हटाएं,ସବୁ ସଫା କର,అన్నింటినీ క్లియర్ చేయండి,ಎಲ್ಲವನ್ನೂ ತೆರವುಗೊಳಿಸಿ,அனைத்தையும் நீக்கு,બધા સાફ કરો,سب مٹا دیں
PTM_DASHBOARD,,MORE,more,अधिक,अधिक,ଅଧିକ,ఇంకా,ಹೆಚ್ಚು,மேலும்,વધુ,مزید
DYNAMIC_FILTER_BAR,,STATE,State,राज्य,राज्य,ରାଜ୍ୟ,రాష్ట్రం,ರಾಜ್ಯ,மாநிலம்,રાજ્ય,ریاست
DYNAMIC_FILTER_BAR,,DISTRICT,District,जिल्हा,जिला,ଜିଲ୍ଲା,జిల్లా,ಜಿಲ್ಲೆ,மாவட்டம்,જિલ્લો,ضلع
DYNAMIC_FILTER_BAR,,BLOCK,Block,ब्लॉक,ब्लॉक,ବ୍ଲକ,బ్లాక్,ಬ್ಲಾಕ್,வட்டம்,બ્લોક,بلاک
DYNAMIC_FILTER_BAR,,ORGANISATION_NAME,Organisation Name,,,ସଂସ୍ଥାର ନାମ ,,ಸಂಸ್ಥೆಯ ಹೆಸರು ,நிறுவனத்தின் பெயர்,,تنظیم کا نام
DYNAMIC_FILTER_BAR,,SELECT_STATE,Select State,राज्य निवडा,राज्य चुनें,ରାଜ୍ୟ ଚୟନ କରନ୍ତୁ,రాష్ట్రాన్ని ఎంచుకోండి,ರಾಜ್ಯವನ್ನು ಆಯ್ಕೆಮಾಡಿ,மாநிலத்தைத் தேர்ந்தெடு,રાજ્ય પસંદ કરો,ریاست منتخب کریں۔
DYNAMIC_FILTER_BAR,,SELECT_DISTRICT,Select District,जिल्हा निवडा,जिला चुनें,ଜିଲ୍ଲା ଚୟନ କରନ୍ତୁ,జిల్లాను ఎంచుకోండి,ಜಿಲ್ಲೆಯನ್ನು ಆಯ್ಕೆಮಾಡಿ,மாவட்டத்தைத் தேர்ந்தெடு,જિલ્લો પસંદ કરો,ضلع منتخب کریں۔
DYNAMIC_FILTER_BAR,,SELECT_BLOCK,Select Block,तालुका निवडा,ब्लॉक चुनें,ବ୍ଲକ୍ ଚୟନ କରନ୍ତୁ,బ్లాక్‌ను ఎంచుకోండి,ತಾಲ್ಲೂಕು ಆಯ್ಕೆಮಾಡಿ,வட்டத்தைத் தேர்ந்தெடுக்கவும்,તાલુકો પસંદ કરો,بلاک کو منتخب کریں۔
DYNAMIC_FILTER_BAR,,SELECT_ORGANISATION,Select Organisation Name,संस्थेचे नाव निवडा,संगठन (संस्था) का नाम चुनें,ସଂଗଠନର ନାମ ଚୟନ କରନ୍ତୁ,సంస్థ పేరును ఎంచుకోండి,ಸಂಸ್ಥೆಯ ಹೆಸರನ್ನು ಆಯ್ಕೆಮಾಡಿ,அமைப்பின் பெயரை தேர்வு செய்யவும்,સંસ્થાનું નામ પસંદ કરો,تنظیم کا نام منتخب کریں۔
PAGES,,INDIVIDUAL_VOLUNTEERS,Individual Volunteers,वैयक्तिक स्वयंसेवक,व्यक्तिगत (इंडिविजुअल ) वॉलंटियर,ବ୍ୟକ୍ତିଗତ ସ୍ୱେଚ୍ଛାସେବକମାନେ,వ్యక్తిగత వాలంటీర్లు,ಪ್ರತಿಯೊಬ್ಬ ಸ್ವಯಂಸೇವಕರು,தனிப்பட்ட தன்னார்வலர்கள்,વ્યક્તિગત સ્વયંસેવકો,انفرادی والنٹیر
PAGES,,VIA_ORGANISATION,Via Organisation,संस्थेद्वारे,संगठन (संस्था) के माध्यम से,ସଂଗଠନ ମାଧ୍ୟମରେ,సంస్థ ద్వారా,ಸಂಸ್ಥೆಯ ಮೂಲಕ,அமைப்பின் மூலம்,સંસ્થા દ્વારા,تنظیم کے ذریعے
PAGES,,ORGANISATIONS,Organisations,संस्था,संगठन (संस्था),ସଂଗଠନଗୁଡିକ,సంస్థలు,ಸಂಸ್ಥೆಗಳು,அமைப்புகள்,સંથાઓ,تنظیمیں
PAGES,,OVERVIEW_MANAGEMENT,Overview and management of registrations,नोंदणींचा आढावा आणि व्यवस्थापन,रजिस्ट्रेशन का सारांश (ओवरव्यू) और प्रबंधन,ପଞ୍ଜିକରଣର ସମୀକ୍ଷା ଏବଂ ପରିଚାଳନା,నమోదుల అవలోకనం మరియు నిర్వహణ,ನೋಂದಣಿಗಳ ಅವಲೋಕನ ಮತ್ತು ನಿರ್ವಹಣೆ,பதிவுகளின் ஒட்டுமொத்த பார்வை மற்றும் மேலாண்மை,નોંધણીઓનું અવલોકન/સમિક્ષા  અને વ્યવસ્થાપન,رجسٹریشن کا جائزہ اور انتظام
,,TEAM_LEARNING_OVERVIEW,Team Learning Overview,टीम शिकण्याचा आढावा,टीम की सीखने की स्थिति,ଦଳଗତ ଶିକ୍ଷା ସାରାଂଶ,టీమ్ లెర్నింగ్ అవలోకనం,ತಂಡದ ಕಲಿಕೆಯ ಅವಲೋಕನ,அணி கற்றல் சுருக்கம்,ટિમ લર્નિંગ સમિક્ષા,ٹیم لرننگ کا جائزہ
,,TOTAL_EMPLOYEES,Total Employees,एकूण कर्मचारी,कुल कर्मचारी,ମୋଟ କର୍ମଚାରୀ,మొత్తం ఉద్యోగులు,ಒಟ್ಟು ಉದ್ಯೋಗಿಗಳು,மொத்த பணியாளர்கள்,કુલ કર્મચારિયો,کل ملازمین
,,LOADING_COURSE_COMPLETION_DATA,Loading Course Completion Data...,कोर्स पूर्णत्व डेटा लोड होत आहे...,कोर्स पूरा होने का डेटा लोड हो रहा है...,ପାଠ୍ୟକ୍ରମ ସମାପ୍ତି ଡାଟା ଲୋଡ୍ ହେଉଛି...,కోర్సు పూర్తి చేసిన డేటా లోడ్ అవుతోంది...,ಕೋರ್ಸ್ ಪೂರ್ಣಗೊಳಿಸುವಿಕೆಯ ಡೇಟಾವನ್ನು ಲೋಡ್ ಮಾಡಲಾಗುತ್ತಿದೆ...,கோர்ஸ் முடித்தல் தகவல் ஏற்றப்படுகிறது...,કોર્ષ પૂર્ણ નો ડેટા લોડ કરી રહ્યો છે...,کورس کی تکمیل کا ڈیٹا لوڈ ہو رہا ہے...
,,LOADING_COURSE_ALLOCATION_DATA,Loading Course Allocation Data...,कोर्स वाटप डेटा लोड होत आहे...,कोर्स आवंटन का डेटा लोड हो रहा है...,କୋର୍ସ ଆବଣ୍ଟନ ଡାଟା ଲୋଡ୍ ହେଉଛି...,కోర్సు కేటాయింపు డేటా లోడ్ అవుతోంది...,ಕೋರ್ಸ್ ಹಂಚಿಕೆ ಡೇಟಾವನ್ನು ಲೋಡ್ ಮಾಡಲಾಗುತ್ತಿದೆ...,கோர்ஸ் ஒதுக்கீட்டு தகவல் ஏற்றப்படுகிறது...,કોર્સ ફાળવણી ડેટા લોડ કરી રહ્યો છે...,کورس ایلوکیشن ڈیٹا لوڈ ہو رہا ہے...
,,LOADING_EMPLOYEE,Loading Employee...,कर्मचारी लोड होत आहेत...,कर्मचारी की जानकारी लोड हो रही है...,କର୍ମଚାରୀଙ୍କୁ ଲୋଡ୍ କରାଯାଉଛି...,ఉద్యోగి లోడ్ అవుతోంది...,ಉದ್ಯೋಗಿಯನ್ನು ಲೋಡ್ ಮಾಡಲಾಗುತ್ತಿದೆ...,பணியாளர் தகவல் ஏற்றப்படுகிறது...,કર્મચારી લોડ કરી રહ્યું છે...,ملازم لوڈ ہو رہا ہے...
,,EMPLOYEE_DETAILS,Employee Details,कर्मचारी तपशील,कर्मचारी का विवरण,କର୍ମଚାରୀ ବିବରଣୀ,ఉద్యోగి వివరాలు,ಉದ್ಯೋಗಿ ವಿವರಗಳು,பணியாளர் விவரங்கள்,કર્મચારીની વિગતો,ملازمین کی تفصیلات
,,MANDATORY_COURSES,Mandatory Courses,अनिवार्य कोर्सेस,अनिवार्य कोर्स,ବାଧ୍ୟତାମୂଳକ ପାଠ୍ୟକ୍ରମ,తప్పనిసరి కోర్సులు,ಕಡ್ಡಾಯ ಕೋರ್ಸ್‌ಗಳು,கட்டாய கோர்ஸ்கள்,ફરજિયાત કોર્સ/અભ્યાસક્રમો,لازمی کورسز
,,NON_MANDATORY_COURSES,Non-mandatory Courses,अनिवार्य नसलेले कोर्सेस,गैर-अनिवार्य कोर्स,ବାଧ୍ୟତାମୂଳକ ନୁହେଁ ବୋଲି ପାଠ୍ୟକ୍ରମ,తప్పనిసరి కాని కోర్సులు,ಕಡ್ಡಾಯವಲ್ಲದ ಕೋರ್ಸ್‌ಗಳು,விருப்ப  கோர்ஸ்கள்,ફરજિયાત ન હોય તેવા કોર્સ/અભ્યાસક્રમો,غیر لازمی کورسز
,,LOADING_MANDATORY_COURSE_DETAILS,Loading Mandatory Course Details...,अनिवार्य कोर्सचे तपशील लोड होत आहेत...,अनिवार्य कोर्स की जानकारी लोड हो रही है...,ବାଧ୍ୟତାମୂଳକ ପାଠ୍ୟକ୍ରମ ବିବରଣୀ ଲୋଡ୍ ହେଉଛି...,తప్పనిసరి కోర్సు వివరాలు లోడ్ అవుతున్నాయి...,ಕಡ್ಡಾಯ ಕೋರ್ಸ್ ವಿವರಗಳನ್ನು ಲೋಡ್ ಮಾಡಲಾಗುತ್ತಿದೆ...,கட்டாய கோர்ஸ் விவரங்கள் லோடாகிறது...,ફરજિયાત કોર્સ/અભ્યાસક્રમની વિગતો લોડ કરી રહ્યું છે...,لازمی کورس کی تفصیلات لوڈ ہو رہی ہیں...
,,ONGOING_MANDATORY_COURSES,Ongoing Mandatory Courses,चालू असलेले अनिवार्य कोर्सेस,चल रहे अनिवार्य कोर्स,ଚାଲୁଥିବା ବାଧ୍ୟତାମୂଳକ ପାଠ୍ୟକ୍ରମଗୁଡ଼ିକ,కొనసాగుతున్న తప్పనిసరి కోర్సులు,ನಡೆಯುತ್ತಿರುವ ಕಡ್ಡಾಯ ಕೋರ್ಸ್‌ಗಳು,நடந்து கொண்டிருக்கும் கட்டாய கோர்ஸ்கள்,ચાલુ ફરજિયાત કોર્સ/અભ્યાસક્રમો,جاری لازمی کورسز
,,COMPLETED_MANDATORY_COURSES,Completed Mandatory Courses,पूर्ण केलेले अनिवार्य अभ्यासक्रम,पूरे किए गए अनिवार्य कोर्स,ସମ୍ପୂର୍ଣ୍ଣ ହୋଇଥିବା ବାଧ୍ୟତାମୂଳକ ପାଠ୍ୟକ୍ରମ,తప్పనిసరి కోర్సులు పూర్తి చేశారు,ಪೂರ್ಣಗೊಂಡ ಕಡ್ಡಾಯ ಕೋರ್ಸ್‌ಗಳು,முடிக்கப்பட்ட கட்டாய கோர்ஸ்கள்,ફરજિયાત કોર્સ પૂર્ણ કર્યા,لازمی کورسز مکمل کر لیے
,,LOADING_OPTIONAL_COURSE_DETAILS,Loading Optional Course Details...,ऐच्छिक अभ्यासक्रमाची माहिती लोड होत आहे...,वैकल्पिक कोर्स की जानकारी लोड हो रही है...,ଇଚ୍ଛାଧୀନ କୋର୍ସ ବିବରଣୀ ଲୋଡ୍ ହେଉଛି...,ఐచ్ఛిక కోర్సు వివరాలు లోడ్ అవుతున్నాయి...,ಐಚ್ಛಿಕ ಕೋರ್ಸ್ ವಿವರಗಳನ್ನು ಲೋಡ್ ಮಾಡಲಾಗುತ್ತಿದೆ...,விருப்ப கோர்ஸ் விவரங்கள் ஏற்றப்படுகிறது...,વૈકલ્પિક કોર્સની વિગતો લોડ કરી રહ્યું છે...,اختیاری کورس کی تفصیلات لوڈ ہو رہی ہیں...
,,ONGOING_OPTIONAL_COURSES,Ongoing Optional Courses,सुरू असलेले ऐच्छिक अभ्यासक्रम,चल रहे वैकल्पिक कोर्स,ଚାଲୁଥିବା ଇଚ୍ଛାଧୀନ ପାଠ୍ୟକ୍ରମଗୁଡ଼ିକ,కొనసాగుతున్న ఐచ్ఛిక కోర్సులు,ನಡೆಯುತ್ತಿರುವ ಐಚ್ಛಿಕ ಕೋರ್ಸ್‌ಗಳು,நடந்து கொண்டிருக்கும் விருப்ப கோர்ஸ்கள்,ચાલુ વૈકલ્પિક અભ્યાસક્રમો,جاری اختیاری کورسز
,,COMPLETED_OPTIONAL_COURSES,Completed Optional Courses,पूर्ण केलेले ऐच्छिक अभ्यासक्रम,पूरे किए गए वैकल्पिक कोर्स,ସମାପ୍ତ ଇଚ୍ଛାଧୀନ ପାଠ୍ୟକ୍ରମ,ఐచ్ఛిక కోర్సులను పూర్తి చేసారు,ಪೂರ್ಣಗೊಂಡ ಐಚ್ಛಿಕ ಕೋರ್ಸ್‌ಗಳು,முடிக்கப்பட்ட விருப்ப கோர்ஸ்கள்,વૈકલ્પિક અભ્યાસક્રમો પૂર્ણ કર્યા,مکمل اختیاری کورسز
,,LOADING_CONTACT_INFORMATION,Loading Contact Information...,संपर्क माहिती लोड होत आहे...,संपर्क जानकारी लोड हो रही है...,ଯୋଗାଯୋଗ ସୂଚନା ଲୋଡ୍ ହେଉଛି...,సంప్రదింపు సమాచారం లోడ్ అవుతోంది...,ಸಂಪರ್ಕ ಮಾಹಿತಿಯನ್ನು ಲೋಡ್ ಮಾಡಲಾಗುತ್ತಿದೆ...,தொடர்பு தகவல் ஏற்றப்படுகிறது...,સંપર્ક માહિતી લોડ કરી રહ્યું છે...,رابطے کی معلومات لوڈ ہو رہی ہے...
,,INDIVIDUAL_PROGRESS,Individual Progress,वैयक्तिक प्रगती,व्यक्तिगत प्रगति,ବ୍ୟକ୍ତିଗତ ପ୍ରଗତି,వ్యక్తిగత పురోగతి,ವೈಯಕ್ತಿಕ ಪ್ರಗತಿ,தனிநபர் முன்னேற்றம்,વ્યક્તિગત પ્રગતિ,انفرادی ترقی
,,SEARCH_EMPLOYEE,Search employee..,कर्मचारी शोधा,कर्मचारी खोजें...,କର୍ମଚାରୀ ଖୋଜନ୍ତୁ..,ఉద్యోగిని వెతకండి..,ಉದ್ಯೋಗಿಯನ್ನು ಹುಡುಕಿ..,பணியாளரை தேடவும்...,કર્મચારી શોધો..,ملازم کو تلاش کریں..
,,EMPLOYEE,Employee,कर्मचारी,कर्मचारी,କର୍ମଚାରୀ,ఉద్యోగి,ಉದ್ಯೋಗಿ,பணியாளர்,કર્મચારી,ملازم
,,NON_MANDATORY_COURSES_TABLE,Non-Mandatory Courses,अनिवार्य नसलेले अभ्यासक्रम,गैर-अनिवार्य कोर्स,ବାଧ୍ୟତାମୂଳକ ନୁହେଁ ପାଠ୍ୟକ୍ରମ,తప్పనిసరి కాని కోర్సులు,ಕಡ್ಡಾಯವಲ್ಲದ ಕೋರ್ಸ್‌ಗಳು,விருப்ப  கோர்ஸ்கள்,ફરજિયાત ન હોય તેવા અભ્યાસક્રમો,غیر لازمی کورسز
,,ACTIONS,Actions,,,,,,செயல்கள்,,
,,VIEW_EMPLOYEE_DETAILS,View Employee Details,कर्मचारी तपशील पहा,कर्मचारी का विवरण देखें,କର୍ମଚାରୀଙ୍କ ବିବରଣୀ ଦେଖନ୍ତୁ,ఉద్యోగి వివరాలను వీక్షించండి,ಉದ್ಯೋಗಿ ವಿವರಗಳನ್ನು ವೀಕ್ಷಿಸಿ,பணியாளர் விவரங்களை பார்க்கவும்,કર્મચારીની વિગતો જુઓ,ملازمین کی تفصیلات دیکھیں
,,SHOWING,Showing,दाखवत आहे,दिखा रहे हैं,ଦେଖାଉଛି,చూపిస్తోంది,ತೋರಿಸಲಾಗುತ್ತಿದೆ,காட்டப்படுகிறது,બતાવી રહ્યું છે,دکھا رہا ہے۔
,,OF,of,चा / ची / चे,में से,ର,యొక్క,ನ,இல் இருந்து,ના,کی
,,EMPLOYEES,employees,कर्मचारी,कर्मचारी,କର୍ମଚାରୀମାନେ,ఉద్యోగులు,ಉದ್ಯೋಗಿಗಳು,பணியாளர்கள்,કર્મચારીઓ,ملازمین
,,CONTACT_INFORMATION,Contact Information,संपर्क माहिती,संपर्क जानकारी,ଯୋଗାଯୋଗ  ତଥ୍ୟ,సంప్రదింపు సమాచారం,ಸಂಪರ್ಕ ಮಾಹಿತಿ,தொடர்பு தகவல்,સંપર્ક માહિતી,رابطہ کی معلومات
,,EMAIL_ADDRESS,Email Address,,,,,,மின்னஞ்சல் முகவரி,,
,,PHONE_NUMBER_LABEL,Phone Number,दूरध्वनी क्रमांक,फोन नंबर,ଫୋନ୍ ନମ୍ବର,ఫోన్ నంబర్,ದೂರವಾಣಿ ಸಂಖ್ಯೆ,தொலைபேசி எண்,ફોન નંબર,فون نمبر
,,NO_COURSES_FOUND,No courses found,कोणतेही अभ्यासक्रम आढळले नाहीत,कोई कोर्स नहीं मिला,କୌଣସି କୋର୍ସ ମିଳିଲା ନାହିଁ,కోర్సులు ఏవీ కనుగొనబడలేదు,ಯಾವುದೇ ಕೋರ್ಸ್‌ಗಳು ಕಂಡುಬಂದಿಲ್ಲ.,கோர்ஸ்கள் எதுவும் கிடைக்கவில்லை,કોઈ કોર્સ મળેલ નથી,کوئی کورس نہیں ملا
,,COURSE_ALLOCATION,Course Allocation,अभ्यासक्रम वाटप,कोर्स आवंटन,ପାଠ୍ୟକ୍ରମ ଆବଣ୍ଟନ,కోర్సు కేటాయింపు,ಕೋರ್ಸ್ ಹಂಚಿಕೆ,கோர்ஸ் ஒதுக்கீடு,કોર્સ/અભ્યાસક્રમ ફાળવણી,کورس ایلوکیشن
,,TOTAL_COURSES_ALLOCATED,Total Courses Allocated,एकूण नियुक्त केलेले अभ्यासक्रम,कुल आवंटित कोर्स,ମୋଟ ବଣ୍ଟିତ ପାଠ୍ୟକ୍ରମ,కేటాయించిన మొత్తం కోర్సులు,ಹಂಚಿಕೆಯಾದ ಒಟ್ಟು ಕೋರ್ಸ್‌ಗಳು,மொத்த ஒதுக்கப்பட்ட கோர்ஸ்கள்,ફાળવેલ કુલ કોર્સ/અભ્યાસક્રમો,کل مختص کورسز
,,MANDATORY,Mandatory,"{{FeesStepBoards}} साठी केवळ अनिवार्य. इतर बोर्डांसाठी, हा टप्पा आपोआप पूर्ण चिन्हांकित केला जातो. कृपया डेटा सबमिट करण्यासाठी जतन क्लिक करा.","{{FeesStepBoards}} के लिए अनिवार्य। अन्य बोर्डों के लिए, यह चरण स्वचालित रूप से पूर्ण हो जाता है। कृपया डेटा सबमिट करने के लिए सहेजें पर क्लिक करें।",ବାଧ୍ୟତାମୂଳକ ,"ఇది {{FeesStepBoards}}కు మాత్రమే తప్పనిసరి. ఇతర బోర్డులకు, ఈ దశ స్వయంచాలకంగా పూర్తయినట్లు గుర్తించబడుతుంది. డేటాను సమర్పించడానికి దయచేసి సేవ్ పై క్లిక్ చేయండి.","{{FeesStepBoards}} ಗೆ ಮಾತ್ರ ಕಡ್ಡಾಯವಾಗಿದೆ. ಇತರ ಬೋರ್ಡ್‌ಗಳಿಗೆ, ಈ ಹಂತವನ್ನು ಸ್ವಯಂಚಾಲಿತವಾಗಿ ಪೂರ್ಣಗೊಂಡಿದೆ ಎಂದು ಗುರುತಿಸಲಾಗುತ್ತದೆ. ಡೇಟಾವನ್ನು ಸಲ್ಲಿಸಲು ದಯವಿಟ್ಟು ಉಳಿಸು ಕ್ಲಿಕ್ ಮಾಡಿ。",கட்டாயம்,"માત્ર {{FeesStepBoards}} માટે ફરજિયાત. અન્ય બોર્ડ માટે, આ પગલું આપોઆપ પૂર્ણ થયું તરીકે ચિહ્નિત થયેલ છે. ડેટા સબમિટ કરવા માટે કૃપા કરીને સેવ પર ક્લિક કરો.",صرف {{فیس سٹیپ بورڈز}} کے لیے لازمی۔ دوسرے بورڈز کے لیے، یہ مرحلہ خود بخود مکمل کے طور پر نشان زد ہو جاتا ہے۔ براہ کرم ڈیٹا جمع کرنے کے لیے محفوظ کریں پر کلک کریں۔
,,NON_MANDATORY,Non Mandatory,अनिवार्य नाही,गैर-अनिवार्य,ବାଧ୍ୟତାମୂଳକ ନୁହେଁ,తప్పనిసరి కానిది,ಕಡ್ಡಾಯವಲ್ಲದ,கட்டாயமில்லை,ફરજિયાત નથી,غیر ضروری
,,FIVE_HIGHEST_COURSE_COMPLETING_USERS,5 Highest Course Completing Users,अभ्यासक्रम सर्वाधिक पूर्ण करणारे ५ वापरकर्ते,सबसे ज्यादा कोर्स पूरा करने वाले 5 यूज़र,5 ଜଣ ସର୍ବୋଚ୍ଚ ପାଠ୍ୟକ୍ରମ ସମାପ୍ତ କରୁଥିବା ୟୁଜର ,కోర్సును అత్యధికంగా పూర్తి చేసిన 5 మంది వినియోగదారులు,5 ಅತ್ಯಧಿಕ ಕೋರ್ಸ್ ಪೂರ್ಣಗೊಳಿಸಿದ ಯೂಸರ್ ,அதிகமாக கோர்ஸ் முடித்த முதல் 5 பயனர்கள்,5 સૌથી વધુ અભ્યાસક્રમ પૂર્ણ કરનારા વપરાશકર્તાઓ,کورس مکمل کرنے والے ٹاپ 5 یوزرس
,,NO_USERS_FOUND_FOR_CATEGORY,No users found for this category,या श्रेणीसाठी कोणतेही वापरकर्ते आढळले नाहीत,इस श्रेणी के लिए कोई उपयोगकर्ता नहीं मिला।,ଏହି ବର୍ଗ ପାଇଁ କୌଣସି ୟୁଜର  ମିଳିଲେ ନାହିଁ।,ఈ వర్గానికి వినియోగదారులు ఎవరూ కనుగొనబడలేదు,ಈ ವರ್ಗಕ್ಕೆ ಯಾವುದೇ ಯೂಸರ್ ಕಂಡುಬಂದಿಲ್ಲ.,இந்த பிரிவில் பயனர்கள் இல்லை,આ શ્રેણી માટે કોઈ વપરાશકર્તાઓ મળ્યા નથી.,اس زمرے کے لیے کوئی یوزر نہیں ملا
,,COURSE_COMPLETION,Course Completion,अभ्यासक्रम पूर्णता,कोर्स पूर्णता (कम्पलीशन),ପାଠ୍ୟକ୍ରମ ସମାପ୍ତି,కోర్సు పూర్తి,ಕೋರ್ಸ್ ಪೂರ್ಣಗೊಳಿಸುವಿಕೆ,கோர்ஸ் நிறைவு,કોર્સ/ અભ્યાસક્રમ પૂર્ણ,کورس کی تکمیل
,,COMPLETED,Completed,पूर्ण झाले,पूर्ण हुआ,ସମ୍ପୂର୍ଣ୍ଣ,పూర్తయింది,ಪೂರ್ಣಗೊಂಡಿದೆ,முடிக்கப்பட்டது,પૂર્ણ,مکمل
,,IN_PROGRESS,In Progress,प्रगतीपथावर आहे.,प्रगति पर है,ପ୍ରଗତି ହେଉଛି ,పురోగతిలో ఉంది,ಪ್ರಗತಿಯಲ್ಲಿದೆ,முன்னேற்றத்தில் உள்ளது,પ્રગતિમાં છે,جاری ہے۔
,,COURSE_ACHIEVEMENT,Course Achievement,अभ्यासक्रमातील यश,कोर्स उपलब्धि,ପାଠ୍ୟକ୍ରମ ସଫଳତା,కోర్సు సాధన,ಕೋರ್ಸ್ ಸಾಧನೆ,கோர்ஸ் சாதனை,કોર્સ/અભ્યાસક્રમ ની ઉપલબ્ધિ,کورس کی کامیابی
,,COMPLETED_100_PERCENT,100% Completed,100% पूर्ण झाले,100% पूर्ण,100% ସମ୍ପୂର୍ଣ୍ଣ ହୋଇଛି,100% పూర్తయింది,100% ಪೂರ್ಣಗೊಂಡಿದೆ,100% முடிக்கப்பட்டது,100% પૂર્ણ,100% مکمل
,,COMPLETED_70_TO_99_PERCENT,70-99% Completed,70-99% पूर्ण झाले,70–99% पूर्ण,70-99% ସମ୍ପୂର୍ଣ୍ଣ ହୋଇଛି,70-99% పూర్తయింది,70-99% ಪೂರ್ಣಗೊಂಡಿದೆ,70-99% முடிக்கப்பட்டது,70-99%પૂર્ણ,70-99% مکمل
,,COMPLETED_50_TO_69_PERCENT,50-69% Completed,50-69% पूर्ण झाले,50–69% पूर्ण,50-69% ସମ୍ପୂର୍ଣ୍ଣ ହୋଇଛି,50-69% పూర్తయింది,50-69% ಪೂರ್ಣಗೊಂಡಿದೆ,50-69% முடிக்கப்பட்டது,50-69% પૂર્ણ,50-69% مکمل
,,COMPLETED_BELOW_50_PERCENT,< 50% Completed,< 50% पूर्ण झाले,50% से कम पूर्ण,< 50% ସମ୍ପୂର୍ଣ୍ଣ ହୋଇଛି,< 50% పూర్తయింది,< 50% ಪೂರ್ಣಗೊಂಡಿದೆ,50% க்கும் குறைவாக முடிக்கப்பட்டது,< 50 % પૂર્ણ,<50% مکمل
,,ASSIGN_COURSE,Assign Course,अभ्यासक्रम नियुक्त करा,कोर्स असाइन करें,କୋର୍ସ ଦିଅନ୍ତୁ,కోర్సును కేటాయించండి,ಕೋರ್ಸ್ ನಿಯೋಜಿಸಿ,கோர்ஸ் ஒதுக்கவும்,કોર્સ અસાઇન કરો,ایک کورس تفویض کریں۔
,,ASSIGN_COURSES,Assign Courses,अभ्यासक्रम नियुक्त करा,कोर्स असाइन करें,ପାଠ୍ୟକ୍ରମଗୁଡ଼ିକ ଦିଅନ୍ତୁ,కోర్సులను కేటాయించండి,ಕೋರ್ಸ್‌ಗಳನ್ನು ನಿಯೋಜಿಸಿ,கோர்ஸ்களை ஒதுக்கவும்,કોર્સ અસાઇન કરો,کورسز تفویض کریں۔
,,SEARCH_COURSES,Search courses..,कोर्स शोधा..,कोर्स खोजें...,ପାଠ୍ୟକ୍ରମ ଖୋଜନ୍ତୁ..,కోర్సుల కోసం వెతకండి.,ಕೋರ್ಸ್‌ಗಳನ್ನು ಹುಡುಕಿ..,கோர்ஸ்களை தேடவும்...,કોર્સ શોધો,کورسز تلاش کریں..
,,TOP_PERFORMERS_TITLE,Top Performers & Attention Cohorts,उत्कृष्ट कामगिरी करणारे आणि लक्ष देण्याची गरज असलेले गट,शीर्ष प्रदर्शन करने वाले और ध्यान देने वाले समूह,ଶ୍ରେଷ୍ଠ ପ୍ରଦର୍ଶନକାରୀ ଏବଂ ଧ୍ୟାନ ଆକର୍ଷଣକାରୀ ଦଳ,అగ్రశ్రేణి ప్రదర్శకులు & శ్రద్ధ సమూహాలు,ಅತ್ಯುತ್ತಮ ಪ್ರದರ್ಶಕರು ಮತ್ತು ಗಮನ ತಂಡಗಳು,சிறந்த செயல்பாட்டாளர்கள் & கவனம் தேவைப்படும் குழுக்கள்,શ્રેષ્ઠ પ્રદર્શન અને ધ્યાન આકર્ષિત કરનારા જૂથો,سرفہرست مظاہرہ کرنے والےاور توجہ دینے والے گروہ
,,AS_OF_TODAY_DATE,"As of today, {{date}}","आजच्या तारखेपर्यंत, {{day_date}}","आज तक, {{day_date}}",ଆଜି ଅନୁସାରେ {{day_date}},"నేటి వరకు, {{day_date}}","ಇಂದಿನಿಂದ, {{ದಿನ_ದಿನಾಂಕ}}",இன்றைய நிலவரப்படி{{day_date}},"આજથી, {{day_date}}",آج سے، {{دن ۔ تاریخ}}
,,LOADING_TOP_PERFORMERS,Loading top performers...,उत्कृष्ट कामगिरी करणाऱ्यांची माहिती लोड होत आहे...,शीर्ष प्रदर्शन करने वालों का डेटा लोड हो रहा है...,ଶ୍ରେଷ୍ଠ ପ୍ରଦର୍ଶନକାରୀମାନେ ଲୋଡ୍ ହେଉଛନ୍ତି,అగ్రశ్రేణి ప్రదర్శనకారులను లోడ్ చేస్తోంది...,ಉನ್ನತ ಪ್ರದರ್ಶಕರನ್ನು ಲೋಡ್ ಮಾಡಲಾಗುತ್ತಿದೆ...,சிறந்த செயல்பாட்டாளர்கள் ஏற்றப்படுகிறது...,ટોપ પ્રદર્શક ને લોડ કરી રહ્યું છે...,سرفہرست مظاہرہ کرنے والوں کو لوڈ کیا جا رہا ہے...
,,COMPLETED_ON_DATE,● Completed on {{date}},● {{date}} रोजी पूर्ण झाले,{{date}} को पूरा किया गया,● {{date}} ରେ ସମ୍ପୂର୍ଣ୍ଣ ହୋଇଛି,● {{date}} న పూర్తయింది,● {{ದಿನಾಂಕ}} ರಂದು ಪೂರ್ಣಗೊಂಡಿದೆ,● {{date}} அன்று முடிக்கப்பட்டது,● {{date}} ના રોજ પૂર્ણ થયું,● {{date}} کو مکمل کیا گیا۔
,,TOOLTIP_COMPLETED,Completed: {{completed}} ({{percent}}%),पूर्ण झाले: {{completed}} ({{percent}}%),पूर्ण: {{completed}} ({{percent}}%),ସମାପ୍ତ: {{ସମ୍ପୂର୍ଣ୍ଣ}} ({{ପ୍ରତିଶତ}}%),పూర్తయినవి: {{completed}} ({{percent}}%),ಪೂರ್ಣಗೊಂಡಿದೆ: {{ಪೂರ್ಣಗೊಂಡಿದೆ}} ({{ಶೇಕಡಾ}}%),முடிக்கப்பட்டது: {{completed}} ({{percent}}%),પૂર્ણ: {{પૂર્ણ}} ({{ટકા}}%),مکمل: {{completed}} ({{percent}}%)
,,TOOLTIP_IN_PROGRESS,In Progress: {{inProgress}} ({{percent}}%),प्रगतीपथावर: {{inProgress}} ({{percent}}%),प्रगति में: {{inProgress}} ({{percent}}%),ପ୍ରଗତିରେ ଅଛି: {{ପ୍ରଗତିରେ ଅଛି}} ({{ପ୍ରତିଶତ}}%),ప్రగతిలో ఉంది: {{inProgress}} ({{percent}}%),ಪ್ರಗತಿಯಲ್ಲಿದೆ: {{ಪ್ರಗತಿಯಲ್ಲಿ}} ({{ಶೇಕಡಾ}}%),நடைபெற்று வருகிறது: {{inProgress}} ({{percent}}%),પ્રગતિમાં: {{inProgress}} ({{percent}}%),جاری ہے: {{inProgress}} ({{percent}}%)
,,TOOLTIP_NOT_STARTED,Not Started: {{count}} ({{percent}}%),सुरू झालेले नाही: {{count}} ({{percent}}%),शुरू नहीं हुआ: {{count}} ({{percent}}%),ଆରମ୍ଭ ହୋଇନାହିଁ: {{count}} ({{percent}}%),ప్రారంభించలేదు: {{count}} ({{percent}}%),ಪ್ರಾರಂಭಿಸಲಾಗಿಲ್ಲ: {{count}} ({{percent}}%),தொடங்கப்படவில்லை: {{count}} ({{percent}}%),શરૂ થયું નથી: {{count}} ({{percent}}%),شروع نہیں ہوا: {{count}} ({{percent}}%)
,,TOOLTIP_TOTAL,Total: {{total}} courses,एकूण: {{total}} अभ्यासक्रम,कुल: {{total}} कोर्स,ମୋଟ: {{ମୋଟ}} ପାଠ୍ୟକ୍ରମ,మొత్తం: {{total}} కోర్సులు,ಒಟ್ಟು: {{total}} ಕೋರ್ಸ್‌ಗಳು,மொத்தம்: {{total}} கோர்ஸ்கள்,કુલ: {{total}} અભ્યાસક્રમો,کل: {{total}} کورسز
,,Select_Language_For_Learning,Select the language in which you want to learn,तुम्हाला ज्या भाषेत शिकायचे आहे ती भाषा निवडा.,"आप जिस भाषा में सीखना चाहते हैं, उसे चुनें","ଆପଣ ଯେଉଁ ଭାଷାରେ ଶିଖିବାକୁ ଚାହୁଁଛନ୍ତି, ସେହି ଭାଷାକୁ ଚୟନ କରନ୍ତୁ।",మీరు ఏ భాషలో నేర్చుకోవాలనుకుంటున్నారో ఆ భాషను ఎంచుకోండి,ನೀವು ಕಲಿಯಲು ಬಯಸುವ ಭಾಷೆಯನ್ನು ಆಯ್ಕೆಮಾಡಿ.,நீங்கள் எந்த மொழியில் கற்க விரும்புகிறீர்களோ அந்த மொழியைத் தேர்ந்தெடுக்கவும்.,તમે જે ભાષામાં શીખવા માંગો છો તે ભાષા પસંદ કરો.,آپ جس زبان میں سیکھنا چاہتے ہیں، وہ زبان منتخب کریں۔
,,Learning_Language_Info,"Content, courses, and assessments will be shown in your selected language. You can change this language anytime from the Profile section","सामग्री, अभ्यासक्रम आणि मूल्यांकन तुम्ही निवडलेल्या भाषेत दाखवले जातील. तुम्ही ही भाषा कधीही प्रोफाइल विभागातून बदलू शकता.","आपकी चुनी गई भाषा में कंटेंट, कोर्स और टेस्ट दिखाए जाएंगे। आप इस भाषा को कभी भी प्रोफ़ाइल सेक्शन से बदल सकते हैं","ବିଷୟବସ୍ତୁ, କୋର୍ସ ଏବଂ ମୂଲ୍ୟାୟନଗୁଡ଼ିକ ଆପଣ ଚୟନ କରିଥିବା ଭାଷାରେ ଦେଖାଯିବ। ଆପଣ ଏହି ଭାଷାକୁ ଯେକୌଣସି ସମୟରେ ପ୍ରୋଫାଇଲ ବିଭାଗରୁ ପରିବର୍ତ୍ତନ କରିପାରିବେ","కంటెంట్, కోర్సులు మరియు అంచనాలు మీరు ఎంచుకున్న భాషలో చూపబడతాయి. ఈ భాషను మీరు ఎప్పుడైనా ప్రొఫైల్ విభాగం నుండి మార్చుకోవచ్చు.","ನೀವು ಆಯ್ಕೆ ಮಾಡಿದ ಭಾಷೆಯಲ್ಲಿ ವಿಷಯಗಳು, ಕೋರ್ಸ್‌ಗಳು ಮತ್ತು ಮೌಲ್ಯಮಾಪನಗಳು  ತೋರಿಸಲಾಗುತ್ತದೆ.ಈ ಭಾಷೆಯನ್ನು ನೀವು ಯಾವುದೇ ಸಮಯದಲ್ಲಿ ಪ್ರೊಫೈಲ್  ವಿಭಾಗದಿಂದ ಬದಲಾಯಿಸಬಹುದು.","உள்ளடக்கம், பாடப்பிரிவுகள் மற்றும் மதிப்பீடுகள் அனைத்தும்  நீங்கள் தேர்ந்தெடுத்த மொழியில் காண்பிக்கப்படும். இந்த மொழியை நீங்கள் எப்போது வேண்டுமானாலும் சுயவிவரப் பகுதியில் மாற்றலாம்.","સામગ્રી, કોર્સ અને મૂલ્યાંકન તમારી પસંદ કરેલી ભાષામાં બતાવવામાં આવશે. તમે આ ભાષાને કોઈપણ સમયે પ્રોફાઇલ વિભાગમાંથી બદલી શકો છો.","مواد، کورسز، اور اسیسمنٹس آپ کی منتخب کردہ زبان میں دکھائے جائیں گے۔ آپ اس زبان کو کسی بھی وقت پروفائل سیکشن سے تبدیل کر سکتے ہیں۔"